Checkpoint,allocate,allot,ask,assign,award,bequeath,cede,deliver,deny,dictate,explain,feed,forward,give,grant,guarantee,issue,lease,mail,offer,pass,pay,present,promise,read,refund,relay,rent,sell,show,teach,tell,trade,transfer,yield,arrive,ascend,chase,climb,crawl,cross,cycle,dash,depart,descend,drift,flee,float,fly,glide,go,hasten,hike,hurry,journey,limp,march,meander,race,ride,row,run,rush,sail,scramble,swim,taxi,travel,tumble,walk,wander
0,1.4970039667271005e-05,1.8331527624266324e-05,1.534414044120543e-05,1.5642342476404827e-05,1.586101111743004e-05,1.8688841399645234e-05,1.658224965144801e-05,1.5859583821592797e-05,1.431567989705319e-05,1.616497138456907e-05,1.5484926942367623e-05,1.5315924317793378e-05,1.6688563873961385e-05,1.5013359023379797e-05,1.5061320434196044e-05,1.471623295401514e-05,1.4988150112349969e-05,1.4389315126635079e-05,1.4900842221062963e-05,1.5366358469085146e-05,1.5603025076416088e-05,1.7636359611320325e-05,1.5934143563451166e-05,1.447179617268072e-05,1.5726451303115546e-05,1.5483368224522563e-05,1.531068543895784e-05,1.5314607897683647e-05,1.4491619009170201e-05,1.420978250896423e-05,1.559387736657906e-05,1.6731327097939076e-05,1.55818058829027e-05,1.6207014786507284e-05,1.7744104752637213e-05,1.731848926413347e-05,1.5176505557017089e-05,1.4023141540581657e-05,1.481030064047467e-05,1.64155148354439e-05,1.533594790321621e-05,1.6502566836607002e-05,1.6847466940816958e-05,1.5597384222737194e-05,1.622266963271326e-05,1.5936403224259264e-05,1.5691843484825784e-05,1.539469847955388e-05,1.5026489446144892e-05,1.4248985528617844e-05,1.5616131773080828e-05,1.5102236526824223e-05,1.536806576041272e-05,1.647177700482532e-05,1.6813353277970676e-05,1.272600630644857e-05,1.6870143016241993e-05,1.5060676105349557e-05,1.4779768295941014e-05,1.5908538136080518e-05,1.5901948639414817e-05,1.605298307710058e-05,1.4451544525736946e-05,1.588099880914465e-05,1.4242377195235653e-05,1.6426564668238696e-05,1.48249278026924e-05,1.43225594559138e-05,1.593051217696484e-05,1.619076719554655e-05,1.2747589835271356e-05
10,1.496720423765018e-05,1.8327617706543402e-05,1.534259657394917e-05,1.5640182902223805e-05,1.5857729424537922e-05,1.8685038672369308e-05,1.657859458294209e-05,1.5857072046891715e-05,1.4312273597630636e-05,1.6163087934728537e-05,1.5481792829239478e-05,1.5313441787040982e-05,1.6686869154606637e-05,1.5010407265215305e-05,1.5059021804036627e-05,1.4711262925478271e-05,1.4986392952345168e-05,1.4385785222277516e-05,1.4898114581488439e-05,1.5363638861648118e-05,1.55995943014904e-05,1.7632007987750903e-05,1.5933011776117687e-05,1.446895031828414e-05,1.572381506054034e-05,1.547959091112716e-05,1.5308815539854903e-05,1.531081094678181e-05,1.448895082991358e-05,1.4208692934311507e-05,1.5589276348085453e-05,1.6729003443917743e-05,1.5579206232219942e-05,1.6203596651605547e-05,1.774146678851846e-05,1.731749661563039e-05,1.5173985532687526e-05,1.4022708869147623e-05,1.4808641267391286e-05,1.6414838626133132e-05,1.5333224876079103e-05,1.6499423281857162e-05,1.684639109953423e-05,1.5596524271562596e-05,1.6220188392349213e-05,1.5935076128568783e-05,1.5690358471450356e-05,1.5391741015946536e-05,1.5023790700948227e-05,1.4245475705882365e-05,1.5615017988378757e-05,1.5101971560701108e-05,1.5368890581157756e-05,1.647009224941531e-05,1.6810365148808942e-05,1.2724200380696196e-05,1.686802368821709e-05,1.5057526979944669e-05,1.4778666872593425e-05,1.590527105970698e-05,1.5901510202335582e-05,1.6051623152702876e-05,1.445136242889728e-05,1.5878170800918655e-05,1.4240361451811623e-05,1.6423775803134474e-05,1.4819837978003697e-05,1.4320696968459214e-05,1.592772480307758e-05,1.6189844692777696e-05,1.274713249586057e-05
20,3.104978623014176e-05,3.131725639428219e-05,3.101752129926657e-05,3.1313422256901574e-05,3.116863375954047e-05,3.085160850397577e-05,3.1259597005461526e-05,3.1214157941433894e-05,3.107130329756072e-05,3.112456397502683e-05,3.119408238153146e-05,3.1149935833183214e-05,3.11060879484461e-05,3.0962524540496595e-05,3.121923787950757e-05,3.1060049650477595e-05,3.1239043718891304e-05,3.1256998468800505e-05,3.125036801066017e-05,3.127113297523465e-05,3.1317254755637035e-05,3.1154606501461656e-05,3.129676942383715e-05,3.1264347793088136e-05,3.120651146875591e-05,3.0887144384905695e-05,3.1237282259568135e-05,3.114167945265459e-05,3.128562046399833e-05,3.10431064903124e-05,3.120220477285329e-05,3.127009474085823e-05,3.137399121792091e-05,3.126791764157662e-05,3.1233691717918395e-05,3.135792017669051e-05,3.109029268288348e-05,3.118010995835489e-05,3.108313160419677e-05,3.149610552100057e-05,3.118374258926277e-05,3.136053237540182e-05,3.088683552050497e-05,3.111189643708425e-05,3.10956041893836e-05,3.136839241051348e-05,3.12436938832418e-05,3.1148689970450505e-05,3.1149179731387294e-05,3.097233969707634e-05,3.131658589924113e-05,3.1153176829927055e-05,3.161729255225509e-05,3.130114240849828e-05,3.131110980606975e-05,3.107127486146055e-05,3.134367255380087e-05,3.124437398582813e-05,3.151856081886864e-05,3.1144590152857394e-05,3.144089835889948e-05,3.134982103137024e-05,3.1327634840434053e-05,3.113809935376258e-05,3.107793034157819e-05,3.1193576787345944e-05,3.09640898714341e-05,3.130951443146783e-05,3.128430012111494e-05,3.120577216080875e-05,3.122145644738339e-05
30,8.016473529514278e-05,8.002512886714949e-05,7.982398286306609e-05,8.043846632622612e-05,8.018064646778299e-05,7.981657524526651e-05,8.017601630267416e-05,8.031115073975467e-05,7.983077357263787e-05,8.032729510887293e-05,8.022408633504385e-05,8.066589673814763e-05,8.014662991186152e-05,7.990835806457184e-05,8.039396138081107e-05,7.978143366926815e-05,8.054770781503369e-05,8.002819074907257e-05,8.043291070082757e-05,8.03840471780859e-05,8.017842673535387e-05,7.983058016439568e-05,8.023228409001604e-05,8.047185110626742e-05,8.026507266405379e-05,8.01884918473661e-05,8.007679747196005e-05,8.047892257915616e-05,8.024560426265988e-05,7.985581373026023e-05,8.046202953361595e-05,8.025149872992188e-05,8.072668340621301e-05,8.034383164729576e-05,8.029074928749146e-05,8.062066327901058e-05,8.031791127761703e-05,8.001267203574322e-05,8.013663607991738e-05,8.055726311795297e-05,8.010601541559965e-05,8.011688987608068e-05,8.002867980394512e-05,8.006355461762531e-05,8.032962451627674e-05,8.06487217362571e-05,8.046904194838645e-05,8.039193676268042e-05,8.027332886082024e-05,7.99118815021674e-05,8.04369661916728e-05,8.064868779911194e-05,8.125360473059118e-05,8.049095450420579e-05,8.049538230587696e-05,7.991115522930737e-05,8.047641610466344e-05,8.03116345196031e-05,8.071921244360662e-05,8.020449548404521e-05,8.01756240737935e-05,8.041591894242072e-05,8.061228005250019e-05,8.028721352168652e-05,7.971477801523481e-05,8.022243194070391e-05,7.9753537907631e-05,8.037439047550452e-05,8.032817822822835e-05,8.001355473891276e-05,8.085655645118095e-05
40,0.0005013700960065566,0.0004958194180357235,0.0004912293807137758,0.0004942426399793476,0.000496326492586515,0.0004904836574236729,0.000499208471850462,0.0004993036113149833,0.0005004875987467556,0.0004935019605909474,0.000497385948597465,0.0005001597016175487,0.0004928706506634074,0.0004984697668326341,0.0005032112743185066,0.0005035362531392215,0.0004972963465011812,0.0004953222391284012,0.0004988394804448555,0.0005008368155298133,0.000500350001339729,0.0004969334352478784,0.0004916658838434766,0.0004999468394089491,0.0004960810562359199,0.0005091867875307799,0.0004969984987720607,0.0004961512889470517,0.0004987796265221037,0.0004982076277355513,0.0005002311384305358,0.0004982360361072307,0.0005000604847177434,0.0004959626605214421,0.0005021753184135176,0.0004960096032716267,0.0004947135048017739,0.0004989882978737693,0.0004958773935802775,0.0004915931822324637,0.0004987049497356836,0.0005045790931035299,0.0004927542322548106,0.0004939355023548399,0.0004967676717665438,0.0004948336261025231,0.0004967694212131104,0.000493287682729715,0.0004971957000791384,0.0004929937448733571,0.0004947004703213819,0.0004966622752059872,0.000496768779703416,0.0004994550004734524,0.0004941758535127958,0.0005021703519477425,0.0004928563045518052,0.0004969381625414826,0.0004931412905635727,0.000495709416617711,0.0004960903994894276,0.0004969458214648229,0.0004952833308683088,0.0004957484011643206,0.0004949076424559786,0.0004992994896359983,0.0004952054025904674,0.0004979723920358435,0.0004897585495200474,0.0004961060608557167,0.0004978861688869074
50,0.000890347282669658,0.0008800883510115522,0.0008933952679702392,0.0008657242431162069,0.0008887174801570893,0.0007605453803470093,0.0008478157415670614,0.0008662140839185347,0.0008644187473692,0.0008314876140502747,0.0008914837618013499,0.000853523040043038,0.0009008914789636478,0.0008809357505842028,0.0008893501225804143,0.0008535888337064534,0.0008631719614467805,0.0008860970972565628,0.0008977517988699089,0.0008968250600931545,0.000904654329105352,0.0008763805375825281,0.0008834822600086531,0.0008735341912445922,0.0008871557859940425,0.0009293814306147397,0.0008628496589447041,0.0008525296131362362,0.0008949702831587809,0.0009181485436255893,0.000860754370999833,0.0008726185814549143,0.0009248419765544196,0.00088082579895854,0.0008583071596351349,0.0009032565773980293,0.000829903981770928,0.0009331899663348767,0.0008783347004216658,0.0008886847317626234,0.0008666798261246901,0.0009899761789711192,0.0008877098676748574,0.000833041074465176,0.0008472726361728028,0.0008737385913264006,0.0008419869978720191,0.0008334936974279117,0.0008888711542160058,0.0008357294110200283,0.0009375788952009036,0.0009043807513080537,0.000901363743469119,0.0008998104093159187,0.0008749629427068706,0.000883831716650589,0.0008512470077583065,0.0009455368999624625,0.0009001194541471907,0.000886634940532251,0.0009113844949752093,0.0009120253064314164,0.0009143685176106239,0.000849358388222754,0.0008660618138189117,0.0009026262189515612,0.00087170723210355,0.0009020975215413097,0.0008024987109820358,0.0009089379269089707,0.0008700913342181594
60,0.001856483399515619,0.0018664321913901302,0.001853936167511468,0.0018954406743152783,0.0019070240889994215,0.0017340030587677444,0.0018144464364365463,0.0018425496870323138,0.0018508858548453714,0.0018128349620383233,0.0018717902712523937,0.001805139178106067,0.0019070755542171273,0.0018467571759229581,0.0018128240727545584,0.0018008356758703787,0.0018401840421748126,0.0019006466793627301,0.0018755209499171802,0.0018608939197535315,0.0018996670161588833,0.0018903032198847672,0.0019029578162978093,0.0018340768486571808,0.0018299251798510787,0.0018106071511283517,0.0018456261210714378,0.0018452114187918294,0.0019002062446602126,0.0019340882858922405,0.0018035863774518172,0.0018416195570562894,0.0019043396616605325,0.0018728015088844438,0.0017554653911954826,0.0018789913987607829,0.0017925606792376033,0.0019407801076092503,0.001887465714959495,0.0018980583190568723,0.0018452747422765862,0.002039024926489219,0.0018384092720225454,0.0018190895391039942,0.001846601870401125,0.0019233469402284494,0.001781061775737295,0.0017988286963372957,0.0018862054536745337,0.0018155632265420122,0.0019264190207020594,0.0018149739577590178,0.0018626009812578558,0.0018659448061062365,0.0018762487452477217,0.0018298038154501808,0.0018422445482624474,0.0019056810124311596,0.001926285030397897,0.0018966804383895718,0.0019135398324579,0.0019389797097212203,0.0019310363104860127,0.001802884923243845,0.001842024024679429,0.0018799948829601144,0.0018546775016667588,0.0019462857509948194,0.0017197009292431176,0.0019300089378160338,0.0018991565681062638
70,0.0017364428227616322,0.001779700586296342,0.0018302436316541086,0.001812764284057686,0.0017900158934106556,0.001675181822585208,0.0017030766691952463,0.0017696474382069474,0.0018015986903794582,0.001743622138747014,0.0018148396601095611,0.0017996159078059147,0.0018316137773746793,0.001775969371947488,0.0017123876755838008,0.0017626154828273382,0.0017682637290341691,0.0017301287307533659,0.001763029780704528,0.0018042312981560826,0.0018234439570313462,0.0018334698855012124,0.0017631050602843364,0.0017453581133546928,0.0017465892125896755,0.0018292669672518968,0.0017630395314265643,0.0018018206562070798,0.0017919995917883866,0.001895414543293056,0.0017927933763712644,0.001801306341524021,0.0018750105809886009,0.001798344854547014,0.001783408392738137,0.0018013644626729988,0.001748275164955933,0.0019068689593537288,0.0018139308478391494,0.0018432284996379167,0.0017680297209385861,0.002061278617475182,0.0017693923320621252,0.0016643401897071225,0.0016839572412304972,0.0017889951438909131,0.001686690838827768,0.0016792528804217,0.0018298926929830863,0.0017046706793321805,0.0018730818186528408,0.0016615802305750549,0.0017396892653778195,0.0017629518549015023,0.0018098053145061794,0.0017392811661755497,0.0018328313142441774,0.0018438740371493623,0.0017989619809668511,0.0018156556233477133,0.0017954108770936728,0.0018234388409582999,0.0018018266559078325,0.0016772936744330167,0.001636943133133981,0.0017597020615811472,0.0018396666855551302,0.0018281026211972799,0.001497356002801098,0.0018372201710986364,0.0018114430247806012
80,0.0012541321213231295,0.0012593144244790353,0.0012627703448136647,0.0012807055466020336,0.0012769429536265192,0.0011463176592120103,0.0012027407027480582,0.0012569980371706917,0.0012538932555626275,0.001243074075318873,0.0013017772946989647,0.0012571660193557643,0.001312549529371388,0.0012599082697168783,0.0012161258286248673,0.0012475982536367762,0.0012696610494805057,0.0012448178493724312,0.0012788013139340495,0.0012835497090903421,0.0012874151168104548,0.0012781211407855153,0.0012825707051282128,0.0012533357929593572,0.0012381971178073731,0.0012497647199779748,0.0012427079519482269,0.0012833170318723812,0.0012762789614498616,0.0013582174865258557,0.0012496184092015028,0.0012671967650441309,0.0013245210575405508,0.0012660983023991765,0.0012308423885972137,0.0013254975336686975,0.001247560173444646,0.00137870076154782,0.001335283704186195,0.0013292899311636575,0.0012372543439615835,0.0014929819299140945,0.001250965881627053,0.0011742546186341268,0.0012586273847294874,0.0013291358798077065,0.0011801536990484844,0.001220732496221899,0.0012893972834090478,0.0012142891699278896,0.0013450557536158997,0.0011733349917146068,0.001252324553206563,0.0012450378580608082,0.0012647917429948676,0.0012026133163916793,0.001287228801482988,0.0012629175325855613,0.0013278678331213694,0.001285601878323807,0.0012804807396605612,0.0013254970532431396,0.0013070219035769158,0.0012390407757741308,0.0011844774384775923,0.0012421844974643999,0.0012815898184531502,0.0013529795476408194,0.001168288305052556,0.0013320110542621433,0.0012996503384783864
90,0.0018852683054786678,0.001843628292489383,0.0019774837516403445,0.001960687045581066,0.0018782091453742188,0.0016370008566549846,0.0017881293859963695,0.0018367188704181828,0.0018827693973066685,0.0018614967266330495,0.001960424822755158,0.00188581616741282,0.0019718562958366942,0.001886469560717656,0.0018156786202726996,0.0018397602204155798,0.001891194142877967,0.001879036041931544,0.0018699920869299344,0.001884203290877243,0.0019085462724503417,0.0019029303803108633,0.0019704456347972156,0.0018703775208753844,0.0018894390502412403,0.001977403671480715,0.0018888651506013929,0.001958339589085275,0.001889041136018932,0.0020838608071508426,0.0018497181745866934,0.0018886083584780304,0.0019882889464497566,0.0018889151302404529,0.0018587317576424943,0.0020366778356089655,0.0018847263310913388,0.0020272783003747463,0.0020086644862565292,0.0019969300701632164,0.0018688963089594022,0.0021758218063041568,0.001937472226563841,0.0017836842759463348,0.0019040841719527779,0.002010225265153817,0.0017876044853198294,0.0018237592521472834,0.0019553083312248104,0.0018895697906952012,0.002037935580413502,0.0017533803766127676,0.001936242647934705,0.0018448488482711266,0.0019511566497385502,0.0016877044902437112,0.0019290622609156754,0.001867787999799475,0.0020454965124372393,0.001934550587947552,0.0018903854303061961,0.002067081618963951,0.002017508166048814,0.0018814502992910577,0.0017349628291817175,0.0018663425300899264,0.0019136926774600787,0.002063103224856839,0.001828672204283066,0.0020502364710990747,0.0020356575842015445
100,0.0016070902457687298,0.0015345287285055275,0.0017534289023994158,0.0016880505467550112,0.0016161378832604688,0.0013892596055354392,0.001538649652033083,0.0016359160768379475,0.0016338709517841853,0.0015979754243744537,0.001762494128657344,0.001642667498363524,0.0017453939230604606,0.0016560760259656518,0.001592882228193476,0.0015714081916181992,0.0016365010413296876,0.0016095934559508592,0.0015842335124034435,0.0016026641459514698,0.0016931243993055362,0.0016282274092580856,0.0017639728573461374,0.0016273777117021381,0.001706186526765426,0.0018086122581735253,0.0016575329392517527,0.0016739413258619606,0.001647263450328918,0.0018874716704651232,0.001606553876772523,0.00172050735160995,0.001782589200257252,0.0016437762221971223,0.001655029126494709,0.0018042555644309946,0.0016524166260894976,0.0017672244205393574,0.0017546835658421,0.0018122183246305212,0.0016343399778285877,0.0018766584398690611,0.0016882748459465802,0.0015575185320095013,0.0016570248922921325,0.0016957808285951615,0.0016009392964310553,0.0015592571944580413,0.0017170983733978636,0.0017000811322676864,0.0018723388166668323,0.0015427137550432235,0.0017637792974710465,0.0015771998477415467,0.0017026310328972236,0.0014623938318849964,0.0016886036071966412,0.0016484208608744666,0.001777158147888258,0.0016941259865863964,0.0016282138414680958,0.0018630281794235432,0.0018069794201033397,0.0016214351111032942,0.001518621406931844,0.0016333333975574993,0.0016264029961478496,0.0017838121181534183,0.0016259225812973455,0.0018630936505085155,0.0018284123041667044
150,0.0016068598016391734,0.0013824771223072377,0.0020798074547201395,0.0018201929387242461,0.0015777498461553663,0.0009686704059796673,0.0010526762306389788,0.0016253596358914294,0.0018021975322685476,0.0016321120965585578,0.002096454754477528,0.001638084440967258,0.0018923254119175854,0.001649149100888859,0.0013109905727426796,0.0015157735518490274,0.001499021905363493,0.0016231265271235776,0.0015621043317618646,0.0016065369127318263,0.0018037242394012328,0.0016119340756891429,0.001911444728805994,0.0017095265056317052,0.0017124550520545906,0.0019384282408282162,0.0017150208014138644,0.0016817247039095189,0.0016468397889505414,0.0022443997478413004,0.0015068970209298033,0.0020065565678613405,0.001826066211483871,0.0016193821806958768,0.0016515918088973397,0.002126994425322794,0.0014673630878525344,0.002342906759374521,0.001877108513425295,0.0020003755125799216,0.0016807036572185523,0.0022279735858319327,0.0016485506785102189,0.0014181312504469564,0.0013615165438846145,0.0018931474786118736,0.0013754688325366658,0.0014921275214874186,0.0017405143484336741,0.0015579855482263322,0.00229007117718888,0.001241842401213944,0.0017596595804207026,0.0016290104534591036,0.0014291447246093944,0.0013137208562428978,0.0016852315529049325,0.001614231281564571,0.0018309703769369258,0.0018888013213514709,0.0015541441195333998,0.002055457836988392,0.0022725452686750535,0.0015239974962094345,0.0017804417228843602,0.0015451725131632493,0.0016062419828293578,0.0018166608548903418,0.0012774752176483162,0.0022577889891685684,0.002371226903051138
200,0.0009221650830728027,0.0007948888243710691,0.0019023869729911287,0.0007726073959090102,0.000756115116594548,0.0008214685284266514,0.0006958976333525272,0.0010747225406150536,0.0016354775418014607,0.0010409260576125234,0.0013984973613534952,0.0010092793215465332,0.0010588948674866874,0.0010381346371352927,0.001112707080798881,0.0014813728860948079,0.000975026714773516,0.0008752217578563155,0.0008297412527359224,0.0011704030710582931,0.000957476334252323,0.0009953465258669375,0.0008170109315930555,0.0013257235599060853,0.001100659432094766,0.0007153766520787031,0.001101493204553281,0.0007994157967914362,0.000885263570543269,0.0008131739920035245,0.0012143288335452478,0.0014232952923451264,0.0008657053432006461,0.0009080332275452959,0.0012428087825861035,0.0011149141880326039,0.0008314762769594764,0.001187869821230627,0.0007703423898748448,0.0008360711944987997,0.0007867102540330961,0.0008749071639613248,0.0006132920840173029,0.0007763288870735682,0.0006808559377340747,0.0008691928765204336,0.001011205895848801,0.0005333976750989677,0.0007278312346145334,0.00040693771072917366,0.0011080450024634886,0.0008953945689427201,0.0010638022766215726,0.0010290107825219783,0.0009679997506439043,0.00048288846235002643,0.0011078323790257776,0.0009332659465144388,0.0015142262418521568,0.0008228438039972948,0.0005282782658468932,0.0008652379472805087,0.0012639130296452936,0.0007264627255698633,0.0010356817316884797,0.0007263541664979602,0.0006870889524829441,0.0010707708582143119,0.00041429803422943223,0.0008989739160350829,0.0011390131257940084
250,0.0009396463190913326,0.0008292000210430059,0.0036901956894629015,0.0007219146180432289,0.0006329168402000412,0.0013721012967705195,0.0007144459337841029,0.0010685521550590684,0.0018294001809731008,0.0012751790582115063,0.0014408040794624407,0.0013119937951215639,0.0009242899109129653,0.001449061133881156,0.001405300696120214,0.0019237104873658002,0.0009046607360471084,0.0008399726394151302,0.0008777395835620284,0.00138655107060913,0.0010088873756243489,0.001406508299104254,0.0008038794753762583,0.001682685212775444,0.001571680262309706,0.0008790474035777152,0.0010456699531078489,0.0007346801730818697,0.0009621536484166213,0.0009310274028628614,0.0015523541932149479,0.0025222208194183903,0.0007704150898811909,0.0008776426913628224,0.0014192605805065897,0.000989705770215161,0.0008931526732148517,0.0011599086349385536,0.0006723518838197082,0.0007958891492307885,0.0007278271823065068,0.0008948225786298281,0.0006967316265217959,0.0007536821312418109,0.000497348491396559,0.0007110079819020549,0.0010628311550438714,0.0004211339746689191,0.0006140699912568129,0.0003241717217447744,0.0013251427396496114,0.001336935184857187,0.0012394264951581136,0.0012035137294834405,0.0009635890370379362,0.0005152176996820014,0.001216149266799211,0.000846887422085274,0.001659892111800016,0.0007778459282305378,0.0004342971253208816,0.0009328135461684176,0.0009261158308988713,0.000602777613846581,0.0008772996467693398,0.0008156334247301007,0.0004974453035434376,0.001196636466052188,0.0003691844722197857,0.00085249802250779,0.0016026224358938635
300,0.001707586902665679,0.0014067403907473716,0.00413417216623202,0.0012074102813270516,0.0011423359502731715,0.002377558291690158,0.0012849287769284038,0.001765059029589882,0.0025252067127347557,0.0020025732465001056,0.0022025703995799026,0.0018473716472912276,0.0016380503419151698,0.0023166827688162975,0.0021505820766940494,0.0028956182140973397,0.00134891817322655,0.001458761162902641,0.0017806397409003694,0.002346022615286832,0.001849539096852263,0.0024934540706453845,0.0013588096234404172,0.002304259646916762,0.0023542926732232675,0.0016466243076138198,0.0017058359099469417,0.0014316459558661638,0.0018081964181927855,0.0016258750765700825,0.0025228086513622355,0.004275693396966045,0.0011162326845806092,0.0014178910628394332,0.0020833670779312444,0.0013567606568228388,0.0013683451455251902,0.002291818715589629,0.001176902224837118,0.0013948608975624666,0.0014418721381089393,0.001835228962590918,0.0010103258944582194,0.0015343606033926143,0.001024161466997803,0.0012712593223633511,0.0016582430575988582,0.0007357859822150203,0.0011182423457222316,0.0005543163199697367,0.0026306425230219386,0.0017298339589615352,0.0013183787174057215,0.0019048223538058145,0.0019378241910278026,0.0009687256639484655,0.002598904366780233,0.0015420594572788104,0.00237552845808548,0.0013075465654345372,0.0008766208115654687,0.0015753655233145042,0.0015594918303476232,0.0010456974567795122,0.0015976226940337154,0.0015280728985089809,0.0007717303191644273,0.0018665733669261117,0.0007373991684289649,0.0016374257579054527,0.0020648938487283887
350,0.0014608260132042011,0.0010711995338270855,0.0030537742010589377,0.000669179220074931,0.0007323691681472444,0.001688597590795585,0.0009037643164535234,0.0013915046389835577,0.002028396532537793,0.001377418511765427,0.0014977661109842751,0.0010819205021181581,0.001364464233946902,0.0015368060264859885,0.0016763353809330832,0.0024127186843543313,0.0011418836705464248,0.0010988378106716642,0.00117074721726697,0.001653151058126241,0.0013296313523964132,0.002120703941078058,0.0010192616902835047,0.0016694630990969016,0.0013576701695990144,0.0011356427450664342,0.0013100737330293463,0.0010490282393220696,0.0012988126511439024,0.0009509216024232428,0.001662393621324251,0.0025062727296384624,0.000664282268329631,0.001076427817975474,0.0015076555702964673,0.0008394562233401562,0.0006672112578694635,0.001205143270040439,0.000659744572932327,0.0006765254283891409,0.0009701150558341512,0.00144204318348784,0.0005108599856612272,0.0009662230915733074,0.0005403102725578815,0.0006891124873488609,0.0010491372608827845,0.00037779136732751795,0.0006586035050814048,0.00024306960999224842,0.0015408234659564466,0.0010256971824370946,0.0011344455124344677,0.0012438041639124633,0.00105621990625313,0.0004233437291325324,0.0019260178370493896,0.0007664756121812388,0.0016869965413409066,0.0007393943363030513,0.0005701301047035183,0.0009086329850771274,0.0008709080000160073,0.0005968598823463188,0.0008881364548061457,0.0008679265662870527,0.0006169427345282331,0.0012173420257186667,0.00038416766074078623,0.000987678243115372,0.0008838645095238462
400,0.001218835160339163,0.0010974866610787878,0.0033346186003958187,0.0007996527813912298,0.0006645391759671907,0.0017381087527610362,0.0011379160256887366,0.00153462534345796,0.0017684633927228211,0.0013662498822668567,0.0018288000450141866,0.0016092733169397414,0.001358445289290764,0.001633711365381411,0.001579599450034199,0.0020114812868996523,0.0009929392648960597,0.0011346831470521615,0.0011395849744855826,0.0016060706361895427,0.001358508049284305,0.0015868205721614817,0.0012609078818544125,0.0017862632007260497,0.001548623559684197,0.0010945251298835502,0.0015096465262280207,0.0012367642393655842,0.0014150953824248384,0.0012940083073654904,0.0019375760818365962,0.003455151519469487,0.0006712880591434301,0.000960612857577575,0.0018253782699402007,0.001082401617947783,0.0009428028485049971,0.0016454335101033475,0.0008559759215526115,0.000852058095006214,0.0014133349804398405,0.001205011492857011,0.0008323280359036289,0.0012378766052853806,0.0008228081335944712,0.0011411379647532677,0.0015331739647847012,0.0005556760802392091,0.0008386075968356354,0.0002538596137045798,0.002178410162294033,0.0016409077543357853,0.0015329653804656118,0.0016679602279565393,0.0016215783523813147,0.0006941049941815436,0.0030810656720742344,0.0012354340869933367,0.002271371855790171,0.0012268126563867554,0.0009386579370281348,0.0013919274633442382,0.0012283253331757064,0.0007505568565312051,0.0012520038807350728,0.0013157397160131195,0.0007191847700076843,0.0015292544781151528,0.0005701632944692392,0.0015251208168890781,0.0016221183468587697
450,0.0013788218448344443,0.0013070606693401242,0.0027413371838823273,0.00095432996593165,0.0007040747284780174,0.0020160083243224236,0.0012061803891781657,0.0017185269403568121,0.002342347009439033,0.001421040678906138,0.0022353911009742188,0.001999340535673712,0.0011831535058180716,0.0017160122625875483,0.0017639343404238495,0.0026343431939797788,0.0010709086139589392,0.0011850190614173307,0.001064852176049109,0.0018770192590697359,0.00145862760165563,0.0017762391008935602,0.0012882801704108715,0.0023389052075799555,0.0013511204959950336,0.0012712754716631026,0.0016160640525706713,0.0011321183774271049,0.0013942078377380419,0.0016428856406785217,0.0023105261529174945,0.0029794850225488725,0.0007358159551726063,0.001046220048010582,0.00176556652230728,0.001154994245683026,0.0013175913969270799,0.001703212498052215,0.000842650160870195,0.000821977842861088,0.0016014409115899632,0.001862439723481657,0.0006539741996675729,0.0010577145409402682,0.0010752372398105524,0.001160745914837337,0.0018071016917626064,0.0005252844498500053,0.0008181153387905115,0.0002800727260447192,0.0022986888316853973,0.0018068113252714586,0.0016021980962250381,0.0017500921355664957,0.001567725680270714,0.0007169536441903223,0.0034402235253383558,0.0014240574528230354,0.0022294962109299377,0.0012212846517706147,0.0009808942423357317,0.001426979148652785,0.0013805250025513858,0.0007386617205181235,0.0013856940592328708,0.0012081603623749749,0.0010339618233306932,0.001701033458014154,0.00062251578856376,0.001545809453916775,0.0016902639472391456
500,0.000626453486581119,0.0006622095313138777,0.0020790698423904055,0.0005027745751878963,0.0002642988855526871,0.0012315332049703492,0.0006672345219656915,0.0008491225372006953,0.0014826158495233807,0.0007371483652605093,0.0012511423183353561,0.0010181079744551406,0.0007501258517026365,0.0009137550117002595,0.0009796968331690604,0.001857133858720772,0.0005270195917892991,0.0004898703842121029,0.0005049855240680959,0.000988694696376721,0.0006652957590771481,0.0008919614261425782,0.0006138055955913538,0.001381152568986484,0.0007758156396679595,0.0006044809415470809,0.000894725855745961,0.0006194403704284923,0.0006163273041773423,0.0007894870107139145,0.0016013084918571016,0.001968904148200706,0.00027621609646862803,0.0005743688863815826,0.0009475092786791114,0.0004217250636559454,0.0006148667618713501,0.0008359200556614352,0.0002730380142730358,0.0003290685017418582,0.0005869173371351319,0.0009763666648723301,0.00032930845554801635,0.0004883484675941107,0.0004468117003087077,0.000466941834539674,0.0007831025074681332,0.00026348066830905736,0.0003131433801360705,0.00012642991615311158,0.0011364619668781345,0.0008915115007160542,0.000706247944617644,0.0008436239751267284,0.0006553203964923059,0.0002783430516666902,0.0014279996899584989,0.000578424380364595,0.0009419787021821927,0.00047831262267069316,0.0003683745114055152,0.0005749867523654854,0.0005808472169182669,0.00030586478687263816,0.0007335557941890632,0.0005422987887868658,0.00030025191777635233,0.0007019193961300076,0.00024244395171990618,0.0006719541415193572,0.0007677786779822782
550,0.0016071025671113308,0.001634168465561406,0.003309630231039288,0.0007963540245747516,0.0005245435738138842,0.0037102107640488873,0.001701896191309882,0.00225649135516541,0.0038387872260454395,0.0018458947342878673,0.0028115411319218023,0.0022864660351508657,0.0011617419897282327,0.0022088949250852843,0.0022436997246319044,0.0049153592238629544,0.0010876296076579213,0.0009192678824294052,0.000828159560374583,0.00216992913861759,0.0016070057117758552,0.0025556785502495977,0.0010176721410243771,0.003375964872248005,0.0014601524892477466,0.0015033010917250068,0.0014606066937220372,0.0011269567366980482,0.0014974386046935036,0.0017002319136442947,0.003037172987048204,0.004794665598847832,0.0006288880929507565,0.0013128850758136628,0.0026488576986594126,0.0008537599448702947,0.0017741887526139372,0.001891556538546204,0.0005687013081662744,0.000649259437523142,0.0010637781040404273,0.002449981871905038,0.0006242676026886329,0.000909153113944309,0.0009680942250844581,0.0010043730761805948,0.0020171767992953967,0.0005364020540810088,0.0005651020032771691,0.00020007580579575998,0.0019945307653800298,0.002900512898728872,0.0019430267857387662,0.0018322298092986172,0.0014104847103790861,0.0006203393098654818,0.0029583553009371083,0.0013982414493511897,0.0019383045227085757,0.0008932681840423567,0.0006360698869684711,0.001263385468744047,0.001221439687638108,0.0005392291726214656,0.0015500966757018533,0.0010127752958195943,0.0006903523961747331,0.0014749125066666766,0.0004774469598487485,0.0011243097944025678,0.0019227072887588292
600,0.0031294235837727633,0.0029203332777359282,0.006947693686621885,0.0013327006540538814,0.0011715831920648984,0.008149341813155584,0.0036229551474060563,0.004797199061488523,0.00787970416072485,0.0038749201548853307,0.006986206253332281,0.005189390918382501,0.0024527490265124166,0.0048028949103988425,0.0050985366160817,0.01213129362925732,0.00236091379035012,0.0020438488421790726,0.0018738543736357574,0.005781124159305667,0.0034829061186218706,0.005830074423491689,0.0025893767496260505,0.008255698791860293,0.002902172175550183,0.0028896101634018124,0.003085753580953385,0.0023870226329260427,0.0037724453219733036,0.004269782521371399,0.00823009565162162,0.01064251339994371,0.001950200567220096,0.002895739887483001,0.005517939665070217,0.0015365275217586064,0.0037405336822159464,0.003551481443785385,0.0011739707315208793,0.001155167101387633,0.001412047222247372,0.004454015783267096,0.0011376015929272399,0.001946765209523667,0.0017556182019593267,0.002167778274867617,0.0032568279029076444,0.0009618338244763436,0.0010306711996988802,0.0003384565696416592,0.004438656086411076,0.0054887702378133936,0.0029603103699628263,0.0037082153864261905,0.003159167608326494,0.0013337392434054477,0.004651229696533573,0.0030505204958899412,0.0032850962420020047,0.0016595951079999885,0.0012652185590316851,0.0023149785132557956,0.002052269785323275,0.000976174711779406,0.0032104877658033124,0.0016981476959250807,0.0013025295608843277,0.002859965372349947,0.0007594310882268474,0.0019135747398122628,0.003446669795084745
650,0.0013944061207144547,0.0014277929946762957,0.002894965259959766,0.0005714114126301585,0.0004391070294873258,0.0024726077348792125,0.0014071105877284877,0.0018837937811850662,0.0038141402308357573,0.001138826057285769,0.0023273323311536562,0.002152923902328012,0.001095233049427131,0.0017087602859784524,0.002168170747138313,0.004858766924977924,0.0009378503779035306,0.001134839324100839,0.0008803548685786414,0.0021422083481835823,0.0011361277030888372,0.0031001907924032173,0.0009524839739121187,0.0034781730336059507,0.0011087856687409508,0.0021199554903432727,0.0013042134461659684,0.0012369408699062963,0.001712001303145799,0.0015497845434442898,0.0025293401213518033,0.004421732753354053,0.0007028599108637606,0.0012901165171273913,0.002106249616998765,0.0006527722119114644,0.0011136005039971725,0.0012158382510692304,0.000513315479242536,0.0004909340987069299,0.0006902256235991174,0.0014244810336094815,0.0003910976112820208,0.0007932671693484544,0.0007098638573600175,0.0008357845823151625,0.001829884073486666,0.0004849035221923259,0.0004556735203895469,0.00013481609196539714,0.0010760005374322646,0.002553733919436733,0.0012555349996546284,0.0011704572326769786,0.0010500036055575415,0.0006120102777706713,0.0021593415437163583,0.0012186888088763226,0.0010487670346669296,0.0007784501112697538,0.00045260903522527466,0.0008983823336752868,0.000750312454396475,0.00043266540311165744,0.0012294056133315382,0.0006526546742849871,0.0007234139172526609,0.0012401572526399714,0.00028330437089607585,0.0007506905779895029,0.0014940424385713412
700,0.001236689329104863,0.0019045409604182674,0.0031601986192981713,0.0006416028375567223,0.000555037911332955,0.0034432474141275243,0.0011769925405397156,0.002521130658672465,0.004728101283242584,0.001832594842198887,0.003219807403015525,0.0027183437255467765,0.0013233155204392406,0.002306916354758538,0.0029913242113680633,0.004833729298601004,0.001593681587629752,0.0014476650552912556,0.0011844544320151076,0.0032716651101751875,0.0014750514573489244,0.0042976207041647285,0.0013413983291441884,0.003924949513748288,0.0015478426681107117,0.0038096224889159203,0.001861198643089137,0.0017769242834522931,0.002004301280591308,0.002207921077394032,0.003030951185307155,0.00505803488732244,0.0007268385499208727,0.0012448038448996538,0.002343431663272592,0.0007295403348897318,0.001303708398202281,0.0014961229700764472,0.00047716452499149583,0.0007451418259734055,0.0006932383910176949,0.001756314028170891,0.0005635016867017839,0.0006968693763299502,0.0007760901501043056,0.0009643555566851449,0.0021011534944383975,0.00046375967701806076,0.0003770805456826628,0.00016201572130243719,0.0012045093202826907,0.002778414389467798,0.0017147514095995574,0.001122215498721094,0.0010712054570141281,0.0005588923231698573,0.001850516190476996,0.0025136543990811333,0.0012159410001812729,0.000749844031703945,0.0006220076997124124,0.0011463372757525674,0.0008943260658674666,0.000388919643310228,0.0014082385581180763,0.0005156640673148659,0.001000435601911574,0.0009487781388733927,0.0004119163077120902,0.0007577089303854986,0.0015882801177212968
750,0.002241742803291984,0.0033775648561358037,0.00857498093682807,0.001257318370783021,0.0010880520655714636,0.008161496254615486,0.0028453932277296835,0.004604087942782059,0.008795457196206774,0.003709335254825419,0.0059969236630153045,0.0034015002563638538,0.00249893287510724,0.005075830218133474,0.005749935886877424,0.014014934885684246,0.0030344828391250865,0.001706292872284716,0.0022108682205725927,0.006173770234842474,0.002162939728833198,0.007299583944716558,0.0030698608529443542,0.006818909830568979,0.003692353532801101,0.0054030123632401224,0.003248362750333223,0.0023957195110900407,0.002927019521902206,0.003988570808066852,0.008581389054888859,0.008035462783971945,0.0011663315453915857,0.002276651692481273,0.004272103582883978,0.0009078024564327539,0.001377197582601902,0.0013917879074473274,0.00038961022755208967,0.000620768453245546,0.0007553603377442763,0.0017187959965667687,0.0006995974821620621,0.0011211613340205268,0.0010587642144329085,0.0007178908968074081,0.002005263614320715,0.00044777788050964773,0.0004349748688613984,0.00017954621580429375,0.0014276117142379427,0.003292608404687295,0.0012964467459823936,0.0015662235403267135,0.0017876551689274993,0.0005475815255935727,0.002162021962219789,0.0023675516931689344,0.0015746941639918077,0.001054265904195535,0.0006587460593436845,0.0012311680480335233,0.0008973270021804772,0.0004400004149542551,0.0015238968173636952,0.00064815086259298,0.0013052923407355724,0.0013670384504357277,0.0003231020164093934,0.0008517927021823213,0.001670622141682543
800,0.0012250367795491616,0.00140873122156201,0.004711484633541356,0.000502823379513127,0.0005350039970340454,0.004067179006856999,0.0017224895816452185,0.003190650836639928,0.006001749043713937,0.0024757465416769264,0.003485830785652025,0.0019727683939723944,0.0013609384825968211,0.0028485980230581126,0.0034499009600361154,0.009342733718464538,0.0016596067071077414,0.0006896496663471283,0.0014491890074818262,0.0033896410247931876,0.001309436907467898,0.003937332948355886,0.00145359620655654,0.004304911904910114,0.0019166012835552147,0.002927166223526001,0.0026663952833792617,0.0012115026356696035,0.0016119922625982914,0.002729231916330924,0.004496458241289171,0.005076242554843282,0.0007055613289314631,0.0012339424764260996,0.003128548328984632,0.00042964297309871266,0.0006934611802403436,0.0009263727102238177,0.00027706634509412246,0.00045590602212541853,0.0005491435851697733,0.0008954455624916591,0.00040671632668818345,0.00047950936239335294,0.0006034062983273639,0.000567283449605124,0.0011001535111924902,0.0003469933143094295,0.0002770124758548075,0.00012825394862209743,0.0007365283723349701,0.0022657123239090047,0.0006033827274222858,0.0008268421297543682,0.0008951392238518095,0.0004026769344239834,0.0015012972018999418,0.0017689030901237857,0.0011141885470351554,0.0006191311707460465,0.0003868385649790677,0.0006961011262397752,0.0005728113335660762,0.0002551589542391567,0.0009699967995402403,0.0003985092211365413,0.0007915859059721697,0.0007171680158975387,0.0002848047315637814,0.00045827918010592623,0.0009635966780479066
850,0.0013393635015598044,0.0017652612053401147,0.00684331657733613,0.0004776331974426284,0.000693928048234209,0.007138952242842477,0.0022819270213198426,0.004995710741615553,0.007105512093034973,0.0035626537628559163,0.00610426512265141,0.002453283250880694,0.001228784240524736,0.004258399748791955,0.004969263714498511,0.011064623084772999,0.0020964609665541155,0.0007923600057403769,0.0016080184796010144,0.005342774926684796,0.0019052118827508262,0.004540148553912461,0.00206423815805465,0.007327998666247974,0.0034244400132650748,0.0021970684640109537,0.0025253238326836108,0.0017144450851750055,0.0022198408735087417,0.003999089214513304,0.006972922102625792,0.009258001890534965,0.0008510102719670753,0.0013153207695469,0.004484665108773495,0.0005639383324315921,0.0011493571329968912,0.0010888376881749455,0.0003219545158418737,0.0005952880251243187,0.0004804197452997075,0.00179200135244173,0.0005289987639116589,0.0005377680687448255,0.0008126904243238785,0.0006105597217226335,0.0013668157748485867,0.00038001476991667005,0.0002473457133544735,0.00019456350773080803,0.00087524357969904,0.004464131081476808,0.0010301995193003678,0.0009636187683006901,0.0012964721405798376,0.0005159209368602288,0.0016152226418207941,0.001933274435941712,0.0017234916017514479,0.0007156456430003835,0.000490755421196809,0.0009300307825586999,0.000558967483374107,0.00019771788967838866,0.0009144863918966925,0.00043275388154804455,0.0010745517304582921,0.0008890128976652763,0.00036818920125369914,0.0005350921944968946,0.0012663732515648008
900,0.0011182946495741693,0.0013026313961880213,0.005322965089969027,0.00044848494575349974,0.0006326126973892568,0.004631618245704365,0.001208704084356507,0.0030735719780090685,0.006445975174952027,0.0022025590278644813,0.003555874387305345,0.001239755108646041,0.0012387723011973624,0.002770732498902362,0.0036502390969818566,0.009744415188227626,0.0016325664496218365,0.0006492837565940734,0.001153727300074284,0.004238635665581872,0.000942422853516361,0.0031753295386027147,0.0017907482009225835,0.004561283958416122,0.001936185502378817,0.00258784347679466,0.001965627796028369,0.0012739322361691545,0.0016205491154002683,0.0028888381464991742,0.004169718495686539,0.0059057898828401584,0.0004541000965988272,0.0009408329989487673,0.002345174784649215,0.000382896559650752,0.000639951242658897,0.0006422203838486563,0.00019160458561534789,0.0003153713357733068,0.00031780265093634915,0.0007608402265759651,0.00020891556487185882,0.0003855716998881881,0.00033757808925752455,0.0002968327143337644,0.0008589627622106427,0.00020263447156310121,0.0001687330725025245,0.00010222959628498012,0.0003885974675750521,0.0018803959246724844,0.0005947122190264054,0.0006741388637497689,0.00052613801180369,0.00029960669185542923,0.0007732468573091757,0.0013707648486160906,0.0011158327132408078,0.00041075352447268623,0.0003498061138088815,0.0004664159598412939,0.00037051067568393556,0.00016258290303118006,0.0004935576083274403,0.0002526319423448914,0.0007089301470841747,0.0005041219549844579,0.00020059606049471768,0.00028178299570364676,0.0006129231704107951
950,0.0016742873424821457,0.002643970649741176,0.004616896828035048,0.0005145165895765575,0.0007410013645370137,0.009985693597367831,0.0019467908077199208,0.004368061510938466,0.008536535723037617,0.003928270925825927,0.006135871063667798,0.0018455617489739873,0.0014559572044879933,0.003862993770753471,0.006192550485994776,0.01830204653257776,0.0022340397724855436,0.0010295289641731019,0.0018552542491566523,0.004674362182267942,0.0017192175882183409,0.004713747663117829,0.0024386761719749,0.005840417908621021,0.0030417292571020505,0.0032279157429002227,0.001963607025367486,0.0017487099745873518,0.002236364371192929,0.003405829682730743,0.0067177856375928964,0.0063339324865060356,0.0006851790959584692,0.0013925601988164491,0.0038086904727000124,0.0003437723362367251,0.0008338839349897554,0.0004169310585976663,0.00017232380279498343,0.00043523593262762006,0.0003405751191128226,0.0007882777535996865,0.00022403579096135217,0.00041817693425783595,0.00045674683629170576,0.00021795024357353603,0.0008657708605122089,0.000358303022053974,0.00014032807778143063,0.00014574853958038148,0.00042957307161067056,0.0028138571166588613,0.0004709036300482694,0.0005589199535446527,0.0006998089701137988,0.000340539928650039,0.0007402711049234245,0.0012516184315245482,0.0008563215309196595,0.0003550880626090265,0.0003731210682114276,0.0005085079035740808,0.00022945265066112,0.000138708141978871,0.0005684067622900733,0.00022236335966722848,0.0008852016942130701,0.00047370392844787865,0.00019604957469709916,0.0002953815508039914,0.0004503261145146098
1000,0.0011302623729657294,0.0020478826109966678,0.004403342706306527,0.0004469260490553167,0.0005941782822251125,0.006216660632552313,0.0015848825408196013,0.0039176235378345515,0.008330291218147908,0.003179546220053453,0.004642288597950275,0.001920795913343793,0.0010463122395749176,0.0037104075158960327,0.004759995551927097,0.0135269761243156,0.0019804343085395104,0.0008292387394732619,0.0014141181433972503,0.004242016568702336,0.0013623368125431276,0.004094885482377971,0.0017530505640509849,0.005680300433111066,0.0024295506291165357,0.0027300132205709815,0.0018193644387910382,0.0018865359422003773,0.0022285476939834874,0.0033606402157015363,0.006471972839596371,0.007057985559535714,0.0005137804555488401,0.001215542165545928,0.003231298842971834,0.00039492996691998475,0.0006827636449016657,0.0004823831451093693,0.0001728839071407733,0.00037597198479488725,0.0003252733225421485,0.0007627904196851887,0.00021305546797520947,0.0003089574519866514,0.00036150251443790404,0.00020889097585105837,0.001007156789439665,0.00025060707880442123,0.00016666924474175801,0.00011682587501127273,0.0003862604343269665,0.0029320553148863837,0.0007200361185823567,0.0006803177010977156,0.0005863608575650844,0.0002421217559458455,0.00069656895881366,0.0016843593884914299,0.0007708105024196104,0.0003274323555300585,0.00042530802384135316,0.0004346098900886543,0.0003318103413052827,0.00014167073770606604,0.00048097964948586497,0.00024265575379482093,0.0010718685222985056,0.0004788632141247534,0.00020896690421068342,0.00027648823299937286,0.0006084694294258952
1050,0.0008307232896972768,0.0015591708398898373,0.002869268694970136,0.00034431530271271745,0.0005008655823962438,0.0038085473248169626,0.0011043918643296028,0.003576911107623292,0.005490397873645519,0.0022465454530902207,0.003286783732574456,0.0014869261224758907,0.0008493859266199058,0.002921199336207902,0.003708540457078283,0.008486660190707577,0.0014951038849955825,0.0006256579319044618,0.0012326213395031768,0.003301858113215227,0.000964741660013365,0.0033633217566862834,0.0014325196075272591,0.0031392231573893997,0.0019821965383709454,0.0018421070533804595,0.001287786777480036,0.0013242804549615055,0.001295896750953569,0.0025493823368085413,0.004205125685451397,0.00419686281216295,0.00039168842980731057,0.0008707705031600538,0.0023124983215691624,0.00027967431632142895,0.00044254991370220714,0.00043267523737581956,0.00015122533222235786,0.00027390801164983714,0.0002787074926868143,0.000599112722738937,0.00023911358875920995,0.0002505591519844816,0.00025182224146288047,0.0001800791889244075,0.0007359178857688931,0.00021539200321285534,0.00013398175360634923,9.025191982139155e-05,0.00034452035924914526,0.0024697222834220156,0.0003830491470580455,0.000536115814834282,0.00035867521966855714,0.000238643636707407,0.0006117336454354377,0.0009247077005056781,0.0005527510524593203,0.0003342786333143102,0.0003738322736656604,0.00042863233246989496,0.00029165090065227424,9.663063399391438e-05,0.0005024267581272094,0.00019082634240806908,0.0005822990439940311,0.00034615369966947967,0.0002663510849743034,0.00025091073861281573,0.0005056166410213336
1100,0.001079703755700344,0.0022629665333995406,0.006692560918357533,0.0005765691742103977,0.000868356626459082,0.005219069881215026,0.001962604246786683,0.006003510766473197,0.009700834197419565,0.0038426546088885516,0.00689874876457278,0.002289490613905827,0.001485163416928668,0.005319927718312211,0.006617798407216255,0.02188028333330294,0.0022340334419693264,0.0009143179036821298,0.001656566827088162,0.005375749069401839,0.0015154099589451038,0.004405936006151023,0.002635910591537443,0.007616952318736973,0.003919379653996744,0.0014620857895351947,0.0019568327090617515,0.0019025447327294387,0.0019294630084700389,0.004274537766480447,0.01058944341125122,0.007834537185352439,0.0005866879449128576,0.0012671571648752433,0.004526911273488723,0.0003537250164364585,0.0006361516205431958,0.0004119742622027512,0.00014975895981544717,0.00036441135455334006,0.0003301923407560296,0.000531413057615282,0.00026008127933891957,0.0003146181058438838,0.00029152321630566513,0.00020220770768771348,0.0009958402916118647,0.000238142125091656,0.0001517103229977285,0.00014511363951896783,0.00039696510904412626,0.00319435159326531,0.0005277602875139564,0.000692782187445341,0.00052707527557404,0.00023551887550804003,0.0007184366205824859,0.0016088189604488434,0.0006981744627157443,0.0003867043190089484,0.0004439157996481905,0.0005005556914677796,0.0002762374759826074,0.0001257876866139332,0.0003501639108031264,0.00020949793371699628,0.000863738967122377,0.0004062093639218332,0.0002651444810908288,0.00029897957667818453,0.0007593238493427634
1150,0.0017292928392094295,0.0034742547140922397,0.0074019639238637564,0.0006103057509440427,0.0009409334939570001,0.007112420995586685,0.0024562814447093725,0.006359794023321192,0.010857977379773613,0.004305180842493428,0.007085141289640034,0.0026188455029077145,0.0013555511730814803,0.005626311190126492,0.006826137947363724,0.021445048427267466,0.0020851141996986585,0.0012395572874406235,0.0015797956880955358,0.006716978806265009,0.0015534777245752942,0.006338344875465347,0.002589954226568807,0.009018297854345292,0.0034378600539639592,0.0027496101334691047,0.002368977268141011,0.002550264331754685,0.0023082219706231947,0.005389587265052532,0.008857477798204248,0.008201865510692677,0.0008825463086255835,0.0013303224403962092,0.005549369756610961,0.0005331834768834856,0.0008496811456576612,0.0007990653671599416,0.0002566742904633999,0.0005122838915667671,0.0005860271357186263,0.0009149038651230512,0.00048209046581177973,0.0004450089382819562,0.0004919655837798736,0.000366776937413046,0.0013699670777433518,0.00039660163596977327,0.00023795733176453285,0.00028456133871011184,0.00039833441137139184,0.004971480375388637,0.0007097380992490798,0.0012374982262761997,0.0006567971537026159,0.0005794123049285686,0.001189454251406489,0.0021849995537195355,0.0009408558003593094,0.0004854753082886768,0.0006992321752477438,0.0006093413258670524,0.0004517608621662711,0.00019392828900956439,0.0006110514902199308,0.00040955474908620893,0.0012141114046763895,0.0005278443322015758,0.0006666746030532522,0.00038976229104776416,0.0007476733866496943
1200,0.0013289879442635465,0.0028356498366553786,0.003983496404543985,0.00044995027705086756,0.0009982492857155112,0.005051586140845237,0.0015592418030498647,0.00641216399077059,0.008556647982545598,0.003000742148287827,0.005176517240743348,0.0021889605084244087,0.001248570429390494,0.004686711431008227,0.006294666917528957,0.0170328554486332,0.002101916763811979,0.0008719797250578958,0.001540414037922996,0.0055564108028193,0.00124842975458775,0.005686126176702341,0.002342043022023669,0.007686504068745611,0.0029208207036837907,0.002513330546207726,0.001774901048667098,0.0020820497781339022,0.00272172318518107,0.0041693473058037325,0.007500489439116791,0.006995176645712211,0.0007943649061067285,0.0010190484640482938,0.004456468910777605,0.00036468440729160126,0.0005791341033703869,0.0004806568242863498,0.0001415798022766883,0.00031506944287684746,0.0003039853975465992,0.0005522170231415657,0.0003026807240530616,0.00027009217391375724,0.0003042012997627209,0.00017583323593238934,0.0010514893316180781,0.0002268588263376614,0.0001474329723711482,0.00014905971205404387,0.0003365371295960638,0.0034206839870118224,0.0005190545482037124,0.0006159035658537486,0.0004909522879110039,0.0002892907286877744,0.0007113580220668096,0.0012416836761985905,0.000567037931887171,0.000351213071973269,0.0005424994082810978,0.0005102963963000421,0.00026651501283831076,0.00012060848722113233,0.00019905799066085214,0.0002621699904094302,0.0014021749250657325,0.00030331725148269675,0.0003314800278531038,0.0002952977331518037,0.000639561575371772
1250,0.0013088467264203024,0.0030857440617384985,0.00594677932773872,0.0005465526381717959,0.0016497139041359932,0.0064802061990901294,0.0016802902926194233,0.006957038843692691,0.010948251833759037,0.0043786885144072585,0.007550986666220849,0.003285316694278403,0.0016030992119340226,0.00664174538564332,0.00831229891645147,0.030059273417767447,0.002859103536701739,0.0009617892558512549,0.0018830020664089325,0.00715561565196064,0.001636709108200963,0.006983132981986273,0.0030401921865995975,0.010101677170799425,0.004376985962384395,0.0021937624085694553,0.002147469434578764,0.0019708064046426443,0.003314965050872963,0.006263545288792586,0.011602348907326815,0.009746091755984638,0.0010207189896111512,0.0011327858549965068,0.0051252379905943396,0.00038250598822742177,0.0006207499516222015,0.00042751321928914297,0.00013625680629003733,0.0003829033014426386,0.0003489182695665612,0.0007276496999111259,0.00031392317978315985,0.00028441513150985546,0.00031313350698742155,0.00018850871373225734,0.0008487306195571651,0.00023761145845924148,0.0001968643457961787,0.0001468215931791664,0.0003846734355717602,0.0031623013249676055,0.0003913983346137684,0.0006557687054143515,0.0005402629801116338,0.0002613281736888563,0.0005713645012057837,0.0015153032654779963,0.0008412150973021602,0.0003649006227743275,0.00047385909225946914,0.0005879849858531323,0.0002418740610597457,0.00014159412760794088,0.00026941479053574667,0.0002735217489104101,0.001580499753280102,0.00041121982720750887,0.00038506095916091,0.00027555803019616276,0.000711317002424039
1300,0.0014111631480281594,0.005117240694946506,0.00551365810194208,0.000648282169444988,0.0013320434273403326,0.00423161472593035,0.001836916032193732,0.006880954300582993,0.009208718044911747,0.003952169638068881,0.0051327233294737925,0.002635351318939665,0.001710666586101676,0.005566214579051699,0.008826384968843366,0.023746204336930532,0.003011378531612406,0.0015804025705953872,0.0019498571392822278,0.0069488694691487276,0.0014839832876952222,0.006226603878271167,0.003183266897685826,0.009799182882610087,0.003182072575399948,0.0020860382821410893,0.0023144732712676013,0.0028605437413110244,0.0036166581383440645,0.004196999443064992,0.007828352547658141,0.008140768983419268,0.0011959643774949096,0.0014741947806912723,0.0035911635899942163,0.00044024240446560725,0.0004686763435720901,0.0006222418345383961,0.0001867672085225707,0.0004043554629333812,0.0005660397457486784,0.0007069768689689226,0.00033739087375579403,0.0003833166644510225,0.00032299495457999383,0.0002343557914822928,0.0011876182309750124,0.0003269331721753588,0.00026869748169952676,0.00020159113707698205,0.0003846721072197677,0.0020836608067232496,0.0004949496331391856,0.0005954335403880485,0.000432537946145548,0.0002747204631635792,0.0009614440596221836,0.001579986208525952,0.0006127534106781241,0.00037504275443587593,0.0006157155003165826,0.0006625169245976835,0.00028066930023366393,0.0001835811852796322,0.00018987203535895483,0.00029161779147889554,0.0014935011885037447,0.0004728439036952178,0.00042459838368813507,0.0003040246666853459,0.0007311604815186002
1350,0.000857533366306106,0.003563924565107165,0.0029169761886199317,0.00032593460055068134,0.001013577080420528,0.003415241542305531,0.0019312640650886966,0.0062564744747599915,0.009873352683837456,0.004430117769516073,0.005797220202504921,0.00233689366277944,0.0009206941048791068,0.005296646135375891,0.007444968373302425,0.020928619383388043,0.0019802950872265987,0.001272500766171555,0.0014080029112457332,0.006183165969123366,0.0014111005163263493,0.0054812872037603355,0.0023250916558511868,0.009563306988760208,0.003823373144278155,0.0013808548566885293,0.001333437263324853,0.003109213517139627,0.002877281209015671,0.004631693668641439,0.008606172842652693,0.006830085512214841,0.0008293183401082598,0.0010053073189716765,0.0041849264127651825,0.0002819369607810326,0.0004626124760570268,0.0004097927971584299,0.00010753956980423312,0.0003362610302701796,0.0003488624270562952,0.0004457606137293624,0.0003442120188992703,0.0003002830908371834,0.0002486422342611293,0.00016967626137816947,0.0009521989503442903,0.0002370139187632958,0.00017944869576020774,0.0001686677567869827,0.00031635019488301345,0.002438629926473368,0.00037448721268447117,0.0007209879624534384,0.00040488091715438904,0.0002191990123802415,0.0007873870384183421,0.0016299524941132404,0.00036885930550549045,0.00028240684497667155,0.0004220372701335388,0.0006505523697635527,0.00021557152433194493,0.00012681861849856218,0.0001895392985413006,0.00020688415765249233,0.0014728572277817875,0.00028830458752013917,0.00029082411538183806,0.0002497507181613997,0.0006840242160251365
1400,0.0012768688981137726,0.005285867195467559,0.0027174734883980514,0.0006841642864926073,0.0017453934830617855,0.005545162421185523,0.002523976087163206,0.007643408138891591,0.011684120677100625,0.005009174907172564,0.005720461767244463,0.0032366625308320497,0.0014491118010041785,0.006517829909364192,0.01189302021795062,0.03338049553227999,0.0031069461167048543,0.0018015279649400235,0.0020473592703638133,0.007832598861520334,0.0022510312340343194,0.008108641899525537,0.003328372013250676,0.012667544913711026,0.004975987486504314,0.002593516302295029,0.00184127520515176,0.0037583528161727977,0.004059275887865464,0.005503891784751284,0.00949761326579998,0.006940087494932903,0.0009607182544711507,0.0016980987269943038,0.004919385088618987,0.0004169032726102679,0.0005708462923800988,0.0005663720790339125,0.00015942580418036906,0.0004646599448960842,0.0005091772247609736,0.0007309931061172392,0.00037420849439513405,0.0004585114557381817,0.0003328230110511006,0.00024567718267332696,0.0013655689097727749,0.00035768794626278577,0.00023853914301290733,0.00018993144542698494,0.0005912443263136643,0.003798290143701403,0.0007006105974141974,0.0008919367541684365,0.000674018156634451,0.0003472135426405161,0.0010263288918737402,0.002524191888369387,0.0006660584880491013,0.00037474634177320134,0.0004781139980574759,0.0008672460430471968,0.0003300787615848498,0.0001615588389622726,0.00021079489548962252,0.0003332876367021999,0.0024246713390831637,0.0004765896820488031,0.0004412770413182443,0.00045031079333653415,0.0009457776322960854
1450,0.0015606801071535792,0.00491539644308095,0.004602877806367663,0.0007061906559381616,0.0014336765881022143,0.005656438214438302,0.0025725765840287486,0.0073380760285562795,0.010703302336498636,0.006040267297066748,0.008010459877694324,0.004530277786234736,0.0015436535741724638,0.006584640894399137,0.008467044951291481,0.022871424560435116,0.002889206316987319,0.0016833285902791858,0.0017797243438378376,0.0075056293192513595,0.0023485906203299795,0.007352259321903277,0.003696854055354682,0.01352389259263873,0.004914781421012733,0.0024600885808467865,0.0023528784931254303,0.003945488865914133,0.004324757876490955,0.006178122799258657,0.009686886740770811,0.008770342311786057,0.001141224973532819,0.001400623414959883,0.005922232811927743,0.0005226255712581665,0.000670925558432301,0.0007389209177662534,0.00018491117401914293,0.0005044972863288422,0.0007411993343687736,0.0007919365598354489,0.0005577833697316236,0.0005105094621141784,0.00043364064900072805,0.00042419687950833964,0.0017720315346403431,0.0003535550495001871,0.0003861363448730368,0.00020107776948531284,0.0007086535650439775,0.005114524023762594,0.000780681510514114,0.0012724444318244386,0.0009893683680525884,0.00043074713175883517,0.0011704894653815647,0.002814733194099972,0.001015505486824016,0.0005985768971396073,0.0006219363121393447,0.0009701697878773958,0.0005038155763772751,0.0002576191376532619,0.000380135986132599,0.0004750895702432285,0.0022565318878540503,0.0006075240207604426,0.0005316953038345673,0.0005192153190104623,0.0012404743931256235
1500,0.0012451728232278853,0.0037181432848296093,0.004381474510106879,0.00041541513245857246,0.0024870322117231244,0.005181028977468876,0.0016676614922025398,0.007255127465588671,0.009923039713934878,0.003756960119062569,0.0062540656260723524,0.0029593871745140746,0.0013953108979022186,0.006680293766266638,0.008646660078460735,0.021640184451825917,0.0027110072015992565,0.001130915999919459,0.0017944690953299869,0.00877198516856879,0.0015291140118978757,0.008176724484656006,0.003797986006247811,0.013361333838353555,0.004229069280434429,0.0026907382998615503,0.0021742255310293274,0.0027073946609258806,0.004342062216635574,0.004684202673689147,0.010315615145373158,0.008060249768627377,0.001286841786063283,0.0010904083728535117,0.004296112149960309,0.00028621581512717445,0.00036258790283969384,0.0004689238369544248,9.488882940523438e-05,0.00025612933040974895,0.0003204516730507516,0.0005369871123548364,0.00028269830654608085,0.00023371361950060083,0.00017113177909777733,0.00019188158029075046,0.000697805025019829,0.00021064727587827292,0.00016460814805245247,0.00022715263325649588,0.0003019098054594976,0.0032136455823395713,0.0003818785316980211,0.0007915374584144399,0.00045925749195860056,0.00020256643355506557,0.0006334536027220223,0.001247054451596341,0.0006405072829238634,0.00023974827742607047,0.0005965796852251514,0.0005923667756168695,0.00032315730551865136,0.00012901735363312082,0.0001666756199685753,0.00020117469049099864,0.0017687939946751743,0.0002252367145164528,0.0003667206365207676,0.00023044462153955144,0.0005732902354793623
1550,0.001774467061910105,0.006408278080117371,0.003045811550691724,0.0004757326978366249,0.0017914413917504688,0.007260998270274805,0.002687020479741829,0.009854085858273274,0.010808311451795286,0.005409712306573056,0.008393047277579935,0.0036177945730742067,0.001765735130792371,0.007689295440451877,0.009548431727350416,0.026343986484183308,0.003383451471693531,0.0021501875831008758,0.0022425179792792604,0.009984722482719614,0.0022776593990923946,0.009144038972278525,0.004493910248662966,0.014137427143092888,0.006283414706269959,0.0038791224360466003,0.0036431637452023417,0.005199509965071532,0.005360338731449755,0.00695555446333357,0.010002723708554791,0.009708745761040168,0.001317885192572878,0.0017332741462755515,0.006180318136304979,0.0004910140344236424,0.0005192064912822197,0.0008454660267241045,0.00022219872904775934,0.0005655740756083105,0.0009503596152268422,0.0007108864519977942,0.0005688162738806569,0.0005016479360500327,0.00039488165957185344,0.00037082434776363827,0.001520788718935045,0.0005241135334586033,0.0004642454130566091,0.0003575409178169635,0.0005430033150542631,0.003859178614220582,0.0005515822660527192,0.0013793805015406438,0.0006712933473895175,0.00036651725895353593,0.0011493654127397964,0.0028601611411431804,0.0006774776597416753,0.0006711587542108296,0.0007444151354623804,0.0010299231541652536,0.00048046216178826635,0.0002908046353859554,0.00035527916851505224,0.000491756893632248,0.002842311924073978,0.0004882045584632659,0.0010146312602046237,0.0005600088481682973,0.00158786594402045
1600,0.001261333047836701,0.00410381109772802,0.0033490466400204846,0.00043302445083099884,0.0012976188194949792,0.0044823465037292665,0.0022167105464412145,0.008233581687105185,0.011730558905548628,0.003600093194108922,0.007824577630805081,0.002954625844425636,0.001774763253651503,0.00514008935869876,0.008331496159457054,0.02163766242665588,0.00265305377773811,0.0017023473847996374,0.0014864703287977526,0.007689589783646322,0.0021120163268978313,0.006256641673514553,0.003735182482050732,0.012508628990811605,0.003918008844641644,0.001786684151738882,0.0021105816392059016,0.003620550654886756,0.003709301183185102,0.0057229437572400895,0.0072910042826939995,0.008383506669465883,0.0010518843879043953,0.00156433974345503,0.003623691680736051,0.000547493327076154,0.00031012453584217407,0.0004935728939017281,0.00012439952904487545,0.00031055816111802415,0.000589124492356124,0.0004755106601805892,0.00031209760199999435,0.0003378517988159346,0.00024512176890455423,0.00024012410802762524,0.0010455229671686283,0.0003092984373154195,0.0002953624175186884,0.0001234067402203271,0.0005192298358871575,0.003073455906511905,0.00037545510422205554,0.0008778649719214609,0.0004379301264697429,0.00021163465664192864,0.0010400368820003393,0.001329067888946156,0.0003919849439676505,0.00032656696712365376,0.0004136768446187489,0.0008689814059580776,0.00040124804184381866,0.0002018267054531329,0.0003020482488662108,0.00034248240409432546,0.001772630761219521,0.0003136994647135335,0.000493855223794526,0.00038687640893336154,0.0007605777471326291
1650,0.0011146417354137993,0.003807800754051035,0.002522282229620032,0.0003205310312366167,0.0015179276290641437,0.0045754781375373045,0.0016307460214926733,0.006710604076871795,0.008545618438710094,0.002961291447718395,0.005845132748090467,0.002108456825003579,0.0012269504390353563,0.005121321768621618,0.006776895879267934,0.02389848135499051,0.0019691828582013146,0.0014672484578597182,0.0013167029605288658,0.006722995853827646,0.0015235825591214682,0.00499781540877718,0.0032351853253203442,0.008772803768321562,0.0030617273132231768,0.0013273478019982577,0.0019051933925971576,0.003147019523263831,0.0035899597529993007,0.0038206529808972375,0.007401554483706907,0.005762281358609191,0.0009169426392208362,0.0012163852027084051,0.003280707804757791,0.00021628082008971563,0.0002610912176446857,0.00033279326651774517,0.00010789928445916872,0.00022721372329215228,0.0004489092474072327,0.0004441584987944225,0.00025326850609417304,0.0001922426614136815,0.00017953415757035958,0.00018860079425004578,0.0006346545899743848,0.00026547692181111415,0.00023093950839885456,0.00012118837871226292,0.0003132097682982231,0.002385755554617693,0.00027289361460134385,0.0006102357830820197,0.00036466444726102054,0.00015777611241157336,0.0006692956199932728,0.0010542543586780084,0.00036866788084605813,0.00028787231357665195,0.000351802095004435,0.0004895172358921764,0.0003041992314744372,0.00016304114195680758,0.0002269130272907205,0.00021595371165787655,0.0011563274149791272,0.00026581090316843685,0.0003384696360626549,0.0002832208803677325,0.0007520906627178192
1700,0.0015803787105510678,0.0055138650695206945,0.0034868392588881156,0.0004716519139877234,0.0024895790638420523,0.004919858233604048,0.0020961751235459344,0.010730206908763149,0.011727006979492239,0.004874161102634389,0.00852992261341704,0.004026076551503026,0.0019260023246081828,0.007727818575486625,0.009246822428780005,0.03497675699691172,0.003265714233705131,0.00248721956007943,0.0022504443958106485,0.01026169029365216,0.002224697868139349,0.008548191045909854,0.004750813854819474,0.013376535820619513,0.004286070882078511,0.004090516222640872,0.0033885063466216033,0.0045112803563824855,0.004880631750668673,0.004578778541350226,0.009044731505176363,0.007891345592305208,0.0011175717231883308,0.0015631601106369365,0.004553337915341318,0.0002636752927368694,0.00031435021879276876,0.0003708944545492572,8.87852719675852e-05,0.00021196633770159679,0.0003772756463633336,0.000496441873110598,0.00024316233502759134,0.0002304820591234602,0.00020085711745961913,0.00019576987581656016,0.000777454935080625,0.000280100028547281,0.00019708919232690623,0.00013399559528889685,0.0003029766505908181,0.0029806133849585117,0.00022820115882495883,0.0005172369776341746,0.0003147480477717432,0.00017740441861943427,0.0005420356529973878,0.0014154499494907213,0.0002662815425840866,0.0002575277727513682,0.00033884242681475976,0.0005745347266823838,0.00028207051540178965,0.00012895747864719056,0.00026377503794113483,0.0001825196300573721,0.0013184518736254955,0.0002209281067559877,0.0005739050493502873,0.00024072753483075657,0.0006593654514290392
1750,0.002629176544901015,0.00877530567231588,0.0042026038621164235,0.000739203478699962,0.0027064212516489544,0.007541949137313557,0.003977113141797505,0.012819217443500426,0.012990182128132917,0.007413947270833887,0.01356608280444943,0.005031105139077764,0.0024433914266851252,0.009147782970103435,0.011328519741758046,0.03426839509726657,0.005175558871997055,0.002944377322807979,0.002987040166252492,0.01186828093942798,0.003861979248288732,0.009046378379155482,0.0066848683902450525,0.02085344336422471,0.007307309528446889,0.0031792189460247756,0.003673950699697842,0.007110221001009147,0.0056558515691636675,0.007717145891107184,0.01634611427046669,0.011077191801562618,0.001735049130992103,0.0017013911559800806,0.005666787625765816,0.0005654027132290399,0.0004741578824941347,0.0006843038387490775,0.0001537843934247247,0.0003540259723422423,0.0007321139037908034,0.000618433628915227,0.0004639407514332561,0.00044782572005811074,0.00034433967720312803,0.0003692024293351486,0.0012399933243853554,0.0005198944899120761,0.00031737217824652833,0.0002474792290740879,0.0004725658691523467,0.005490647927217651,0.0005053088301792741,0.001104683682310029,0.0005372847276860206,0.0002500593740974595,0.00096326743885349,0.002545331273722695,0.0004347878349967181,0.00040328101027765884,0.0006521670817164704,0.0009648586701684987,0.00044292577970534493,0.00024936690107580517,0.0003386771293460495,0.0003469243037283991,0.0023016230167870943,0.0004913429642851127,0.0007173940798566036,0.00042069446161414295,0.00149697209126316
1800,0.0020802685079665075,0.0076727497378467685,0.004129992550588213,0.0006859175724317678,0.00338330907079235,0.00837366808056166,0.0035754480223629563,0.009587028754764354,0.01661670265181058,0.007821008592145517,0.011109923663977419,0.0039316297963746276,0.0020243715191485753,0.009809178038267419,0.011664085444884703,0.03982550591657249,0.0041328684902033445,0.0032069476699321,0.002510969621653203,0.01357086146774236,0.003924836186902562,0.010143399564965096,0.006040035948099103,0.019442776206415147,0.007924024448526787,0.0032993088942021133,0.002915990964069234,0.006073398856339433,0.005433735657510731,0.007820225851666633,0.01614184005962064,0.010650458635959344,0.0015737057990988363,0.002170018405639323,0.006897925108609747,0.00043749339930140456,0.00041189863275959446,0.0005244078612039713,0.00016928483399673692,0.0003029305614745681,0.0006865571720269106,0.000803909208116238,0.0004248202549206326,0.000340146772846071,0.0002960013391872819,0.000260727516537632,0.0008248266127785635,0.0006053329388180373,0.00031582053068256036,0.00024839324131872587,0.0005414542484756497,0.0037440599820304974,0.0005240392645646352,0.0012066348186932855,0.00047335747638436293,0.00022662408743847416,0.000746448021199021,0.0029686024718103,0.0004666515576698455,0.00040172453893599317,0.000492621506176268,0.0008686103604021056,0.00036459145935118105,0.0001839453004347003,0.00039574142687747046,0.00034434279807880685,0.0015806964646409532,0.00028132459329532184,0.000991885530311265,0.0004218599224106522,0.0009617749281460419
1850,0.0018682167442052192,0.004905204996854688,0.003098940282749633,0.0005030848743794755,0.002077446844044902,0.006044679026152673,0.002230762745057291,0.009110608862886461,0.010185111382765448,0.0058231010916642845,0.009166111380226888,0.003737632908213323,0.0018430341133904276,0.007628207730400997,0.007712176150765599,0.020641822965747753,0.0029192205911385827,0.0025999990490462653,0.002310991236299742,0.010260411763447337,0.0026186221356161135,0.0077855332222368035,0.0044848660595986686,0.012714325157382215,0.0059614092543987295,0.0038810350000858308,0.0031015992203573396,0.004818970189565637,0.005372714742963367,0.006227108887199598,0.010467253342406668,0.008535518501258384,0.0014379444202964246,0.001340140895398542,0.0058518208699954105,0.00033901213630217953,0.0003560916168046453,0.0002946366161764176,0.00012173086344708018,0.0003075037702728878,0.0004315282440655481,0.0006663034182565752,0.00036678920141639535,0.00032168077215924553,0.000248366028446119,0.00024780308389641244,0.0007295108777103259,0.000259302490292157,0.0003183153228056998,0.00017197064649239607,0.0004769343674035134,0.0025257530675541298,0.0002383457187534077,0.000647552259152337,0.0004469349073117663,0.00020637586236592722,0.0006045545184949128,0.00257487852286431,0.00034424188988345524,0.00033013068219028916,0.00032806849412736483,0.0007622107092292056,0.00026860406641962645,0.00021401352177571762,0.0002435268737220516,0.00026097255779965856,0.0014067613348223468,0.00032992078630621517,0.0006342049396153016,0.00033157281642856747,0.0007593631686177105
1900,0.0016608143060275816,0.00571808404142589,0.002012198479254342,0.0006354174177081754,0.0019127691878485522,0.007087925303494558,0.00394249791556391,0.008593370258299104,0.01423229104159562,0.005543456041777972,0.00673135406719262,0.0033865928215126755,0.0017922458478785825,0.007767710706420158,0.010092031409594176,0.02977589426821699,0.003114559185459733,0.003276402025728168,0.0022281442148336544,0.010157726332351255,0.0035166790586887288,0.00697465420307708,0.003990823403000832,0.018148662357513484,0.004842077581016051,0.0020474083139561117,0.002129470057914131,0.004249317352029418,0.004417779648621731,0.005088695640053277,0.012053979447033876,0.004978344873122226,0.0013231345266586476,0.002169718472307364,0.005550022859905666,0.00021783419547156363,0.0003629791750534806,0.0003673325839124366,0.00011815862438537346,0.0002963273736895644,0.0008783280577517871,0.0004982678688065789,0.00047638410087529336,0.0003842181828842609,0.00024284528129723377,0.0002676242980929341,0.0010871932769205479,0.0004026530106600035,0.00034253784458385404,0.0002433812270200261,0.0003419106625677579,0.002433900065322329,0.0003313331042591017,0.0005567209374967948,0.0004225833377106404,0.00022754645827014676,0.0007929988189785671,0.0019818726868834347,0.0004846513945974746,0.00043902145124985296,0.0003988465459163611,0.0008828374662424653,0.0002741535676528252,0.0002479147760905189,0.00035024580979047134,0.00027853012711720904,0.0015447159816436137,0.00031240948841656976,0.000803434792032931,0.0002766112475153993,0.000800797512056306
1950,0.0014185534571977867,0.003732988406058953,0.004636343587966015,0.00042752406415484776,0.0014015538848220382,0.004902144004258194,0.0024796911285750777,0.00698230963433732,0.009087501691663166,0.004642830332159065,0.009104539090868108,0.0031748357434146467,0.0017952442973513496,0.00552132767960288,0.006731352687176481,0.01972630789775091,0.002273641404133828,0.0019850615790346637,0.0020058001822949984,0.008314187513606157,0.001949553109961226,0.005340369042512195,0.0032651068980339916,0.01237833287450485,0.004599776392015407,0.0015573765267618,0.002439414444222254,0.0036326239205664024,0.003097102458260077,0.005635033396115872,0.008830394343337199,0.008678131383091498,0.0009445685151114538,0.0011234385881327272,0.004946718104494923,0.00037738629362138454,0.0003908951754462913,0.0005509949412292124,0.00013968807525636666,0.00042759893358379486,0.0006375984406541319,0.0005023637559133931,0.00044383674448909003,0.00031745678011487285,0.0002430940319850618,0.00034537276569608367,0.0009717733397305812,0.00028785279683063436,0.000310729712776359,0.0002208034865444378,0.0005122270208700614,0.004374129270824294,0.00042964068125002087,0.000934056216929279,0.0005317331880836844,0.0003227947490813676,0.0006864110790008443,0.004250520363711985,0.0002871584486633259,0.000329199034548275,0.0005300415388774127,0.0008018471454668406,0.0003976934512374336,0.00020355810632994494,0.00040742548622397915,0.00040708604727457556,0.0012247080350269762,0.00039139153381556423,0.0007207723235751473,0.0004086724100320795,0.0012839682516641916
2000,0.0014894317128228314,0.006181333405914268,0.003115046444387796,0.00041176702781320693,0.00200990687282476,0.006753280496923253,0.003042029381357415,0.009855742305922368,0.015804271124050247,0.004643447398848366,0.008958631153089099,0.003159921688926929,0.0017579043496604727,0.0068377443010721245,0.010287735984927755,0.030413525967257254,0.004479184013602901,0.003631983985358118,0.002089438717770723,0.011977416365989485,0.002601407794267848,0.007312126217584591,0.003924307543202304,0.01864594577734048,0.0040794183034218836,0.0030716927722096443,0.002542923507315854,0.004847751233076754,0.0039196340459645455,0.005965320132330113,0.009303775783531212,0.007473620426026173,0.0013678765101128821,0.0012897750220026653,0.003766708721943562,0.00023991595956626303,0.0002911757267156645,0.0006555721424361268,9.955188056665065e-05,0.00027069162479165243,0.0007133313239001894,0.0004976558911948814,0.00030225949049054177,0.00040563566136896903,0.00023036609807987636,0.00020935057426478513,0.001208753375274746,0.00038719095699235595,0.0002825091211912752,0.0001005180133275148,0.00030029206591279943,0.003075360318083161,0.0002853717618563678,0.0005306999413064937,0.0003857471032272864,0.00029208037498888603,0.0009091235045171518,0.002758789458312094,0.0003116839562835594,0.0003526358262976058,0.00044058829177326213,0.0009661064100914847,0.00025012648011902964,0.0002279679808723174,0.0002877160307737843,0.00025230866977044453,0.0011935098560310767,0.0003250223945068529,0.0003814275662534783,0.0003023631986458796,0.0006860763067379593
2100,0.002265145776127119,0.006215271455908401,0.003569851476640906,0.0006203555258532735,0.002619738497143564,0.007346722916866254,0.00401884570648338,0.011811646272761602,0.014839084076305005,0.006177753282827325,0.010438884150331703,0.0033080736794378323,0.0023100273516099674,0.008453824291019842,0.009685389266815036,0.02964284707074209,0.004241370593219818,0.0030889395079899675,0.0028368341985956897,0.012065457382122986,0.004833418089653535,0.009160038323898334,0.004788488878984936,0.021366833008748167,0.004345051783722796,0.005080367671325803,0.003566283107448403,0.005845612213306595,0.004452303938416983,0.007781938799927311,0.013649089173413812,0.008894657084825806,0.0016130430704099407,0.0014529791743518937,0.005646516617060924,0.000653289840686609,0.0004207426525825117,0.00047253929171182045,0.00014961754753032043,0.0003095140486948367,0.0009235322642509461,0.0006109796540840762,0.0004209053984595812,0.0005038338140844931,0.00029551535888841545,0.0003840282973084998,0.0010695409037317293,0.0005296130280498801,0.00035586050930289966,0.00018657582768355496,0.00046180578785704433,0.004957640012435149,0.0003934460743039381,0.000819440175829947,0.0004774890146328634,0.00031269325435542584,0.0008195680746466287,0.0025645839887147304,0.0005733326791212474,0.0004171815855303206,0.0006176685635485531,0.0009391469243822822,0.0004001900444260779,0.00037643624581268104,0.00029377353833600256,0.0003850576723002101,0.0029685213823021123,0.0005298530251800064,0.0005612335198748042,0.00035407080255989805,0.0010691663133911788
2200,0.001851643450848044,0.0065298786761963535,0.003526849211387647,0.0006716547379395566,0.0020576579243171654,0.007112045514596892,0.003818201253741262,0.010807916418593331,0.014836734809584494,0.006034967889718246,0.009893467238411469,0.0040787685392555135,0.0020520377570805563,0.00823690438119229,0.010649682766747633,0.03570294528011194,0.0030492167504798133,0.0025548710774400425,0.002748392378894745,0.012476896035853618,0.004600726687889479,0.007206928686563125,0.004660196290254438,0.01911704281034569,0.0048170285498065546,0.003908842732198536,0.0031425904816710353,0.005261219888780033,0.003956053248839453,0.00749546859069303,0.012591625657708695,0.007145959700350291,0.001175801249298904,0.001338697346930763,0.006740662462915579,0.00044930459431010865,0.00042838454686189883,0.0003675789293166335,0.0001011581162138867,0.0003149427325297438,0.0006016567201495878,0.000533888765858137,0.0003624108826443262,0.0003247595554727779,0.0002391693546039613,0.000317904312812191,0.0008665327673761089,0.0003493412546902164,0.00028822205429386143,0.00016752965000870807,0.00048389117159436303,0.0025023107203499726,0.00034894959535449745,0.0008202291164892887,0.0004217795142502492,0.00020258704882342664,0.0006775707096425987,0.0025591765297576785,0.0004217629079903418,0.00033209314446699305,0.00043614978591601054,0.0007689905477520604,0.0002788442791370471,0.00021152482975037297,0.00021011620831106685,0.0003639894659748031,0.0018087678937653046,0.0003299654937042425,0.00043790546851596446,0.0003371249497625385,0.0010507319500902667
2300,0.0026903817465731786,0.008995340826610724,0.005043247030698694,0.0006233458895272074,0.003201677627427521,0.008616415189213253,0.0035394314723934286,0.014219851464469113,0.014944184260802783,0.008844130963552743,0.0120559446305255,0.004775668624479666,0.003267464907063792,0.010283764872424812,0.013539378731408813,0.03841599144410187,0.006930798364746373,0.0038774125624294804,0.004333375075865271,0.017273862048459706,0.0046522500202207506,0.011121508592623286,0.007607026279971858,0.025784176037025947,0.007857314823518714,0.004798738937824965,0.004627811557222758,0.007537742002265683,0.005739574550705798,0.009534101959645576,0.01769446408608928,0.010586274214662038,0.0021245234813879786,0.0015971101532814764,0.007628076782566495,0.00046457787948384066,0.0002867966159280848,0.00043288156170588496,0.00010529760332422275,0.00031220812320498226,0.000855034655697114,0.00041509426591801457,0.0005109995721795712,0.000577210355722376,0.0002428829940072319,0.0002317638034323214,0.0007609035804131979,0.0004509170667432727,0.0003933526505565608,0.00013993912819966101,0.0004597552439988179,0.0034236191495438106,0.0004155451453698333,0.0010214995912677723,0.00037875001387498023,0.00017290922881908375,0.0014144788606978592,0.0026969179198204074,0.000459811627176047,0.00042750808254193265,0.0005678388408947891,0.0010562332893162528,0.00038189213328391987,0.0002727119337889546,0.00026710073345586553,0.00040990098293516527,0.0021805987021902445,0.00037240856596948245,0.0005395624375523767,0.00044980373702458587,0.001062320254277438
2400,0.002129082485348713,0.006364846469498136,0.003618475721547535,0.0006105579510263991,0.002545290068823467,0.008142890749565725,0.003902003451179142,0.011022751544991407,0.01710765653081845,0.007602730220241938,0.012418551091679636,0.00487226615238184,0.002378957522468585,0.010037082814078807,0.011499633374007638,0.03981211265636375,0.0041996855669865565,0.0028670960201003554,0.003149188517584532,0.013037205499131233,0.003621076030979636,0.008436584402391287,0.005536238510588495,0.02085476159506167,0.00489496753254484,0.0031087822513654827,0.0040064010438894205,0.004477366096883391,0.004543153545134427,0.01003336928988574,0.013564380548583964,0.01292985555035277,0.0014805626581951752,0.0014150095637380092,0.006674690103763068,0.00026048497285760926,0.00026018309116699657,0.00040683982925574213,5.667076281650838e-05,0.00025028693016793113,0.0005814964057653343,0.00035414465673966333,0.0005150983644853114,0.00035648533776111435,0.00018233385366999612,0.00016968426884886867,0.0007920129435405487,0.00043598905865849247,0.0002826342578773306,0.0001456808890080455,0.00021412180528666516,0.002366125610327193,0.00014136924619378988,0.0007243404649429698,0.0002910442182900593,0.0001850525829716141,0.0005324067333863388,0.0014620262645621551,0.0003011034141814485,0.0002099146641110285,0.0003810444655149089,0.0006500746680181711,0.00018957277103060765,0.0001760652301953513,0.0001744601221515849,0.00029904920621424047,0.0013489535028514052,0.00023338768096398658,0.0005784864838460635,0.000226514690676144,0.0006731257555657067
2500,0.0019046551021125885,0.007321975086125787,0.004918700981458339,0.000596782159398292,0.0027911011724588404,0.005789638538512268,0.004442777560642196,0.012700478785714665,0.018267581110194442,0.01100801513530314,0.014467883236737877,0.003018922795843314,0.0031190516773759473,0.010137937426792852,0.013863915537983891,0.04752643285125183,0.005950503137726281,0.003787374658115161,0.0029831921440615717,0.015002488223593295,0.004768795622518295,0.009634504687190721,0.005943502355949022,0.022546694258926435,0.005977488361370181,0.004018076742067933,0.004140170808715348,0.005814391176196902,0.004807599852382041,0.008431123276339702,0.010857342149829492,0.011410474356335517,0.001865285696497337,0.001455876011510385,0.006469065412804614,0.000364371844723012,0.00024320307364919964,0.0006971355330527083,7.494675511027828e-05,0.00023458615692106832,0.0006614187483485675,0.00038311301159410505,0.00036866833506792317,0.0005378528035898375,0.00014833085694446803,0.00019587804768629472,0.0006567900936556326,0.00035995214739159564,0.0003136215460346711,0.00014803150224906858,0.00032718228539334424,0.0029603031022512973,0.00019125988910673186,0.0006107848570239611,0.0003115583990463698,0.0001895044631303542,0.000720812245896424,0.0020353440631879494,0.00029091075761142647,0.00035380023190765105,0.0004031278265756555,0.0007366153025824103,0.00021497806433238247,0.00027713607509671876,0.00020540661514840193,0.00036344446968317466,0.0015218820309590747,0.00036852887108881097,0.0005973198065021279,0.0003683773353840166,0.0008231424770201556
2600,0.001771337484004451,0.007220853831515544,0.0041498306721526506,0.0005626712403542255,0.0019737256903059877,0.0078740493668842,0.005162737002049858,0.01464281812571012,0.020033395046556494,0.008500826443196274,0.011901222936518744,0.004617735704321566,0.0023678438043465244,0.010086951867957727,0.014631310487611165,0.061258105063946765,0.005469748790953115,0.003783632073878558,0.0030535264876172213,0.015221043797403884,0.004605938355766389,0.008820425825043847,0.00502210036967881,0.0327980525791645,0.0069342859154973655,0.004105860297568142,0.004024473953787463,0.007019868523154098,0.0037789005501990152,0.007415330873622987,0.012310006449309489,0.011778786984415581,0.00173134619756883,0.001149239736954515,0.005937873544705023,0.0005878977900530506,0.00030114907802594883,0.0004957081341258759,9.434059885520637e-05,0.0004438441669663007,0.0007569756619674042,0.0005634161325360765,0.00041916512527677695,0.0005281852775768034,0.00024914075608026715,0.0003337047181698186,0.0011256895261140655,0.0005329625909453739,0.0004910206085806467,0.00018736718117328235,0.00048558202007160825,0.0051967088802484795,0.00045039096439722923,0.001014831685579895,0.0004545966489943033,0.0002489801853781418,0.0013227903015626174,0.002610372790513793,0.0003580155543608675,0.0004891821428967747,0.0006144020134039844,0.0009713560506478183,0.00035613687691693485,0.00035406658830365524,0.0003843006189627987,0.0006791604868009348,0.0025880583775038496,0.0005391691044564979,0.0008732293390494306,0.0004963843694291549,0.0010968441551085562
2700,0.002063503108729492,0.007194047570616628,0.0048612254807570325,0.00047794366591215993,0.001972712918911925,0.00998011214791664,0.0055960706820534995,0.013830643476217565,0.01666244365031484,0.009597814874723554,0.014066329948912392,0.0038360075944053407,0.0022267680791573543,0.010212481924981781,0.011967490992751932,0.037206165017172076,0.005112958737992726,0.00388671701429176,0.0024525679556453334,0.016619284905536914,0.00505408721517317,0.008434762944359266,0.006369328559618831,0.02560999368239815,0.0067850763868288295,0.002813511458225548,0.0035756317397939593,0.0068794567753987694,0.004253680169623454,0.008313742706142817,0.017206949732499196,0.011825228224132353,0.0017024239446422702,0.0016234190297836903,0.007339938715732488,0.00030289100105359727,0.0003184403812018613,0.0003745558255600785,6.098669312077947e-05,0.00029456723609655455,0.0007730445430113716,0.00021932383970124647,0.000336977551705786,0.0005705412517464106,0.00018185029429284777,0.0002441483690615444,0.0008713498309748901,0.0004945459535576902,0.00032620407903087995,0.00011156490522394465,0.0003600778308037451,0.0034613166353665292,0.00027062689332524315,0.0005564733495962823,0.00023474472430374087,0.00014352486521767622,0.0006840164544403813,0.0018380852125119418,0.0002597091590562033,0.00026659107192804533,0.0004151408889204807,0.0006722139327178812,0.00021863304437340925,0.000243997734598763,0.0002017634510088505,0.00040234774404508515,0.0027108051272080047,0.0003614743443840639,0.0005481071307258389,0.00027189129172210943,0.0008453162299701944
2800,0.002041651962827018,0.005709822832917173,0.0027521529385315566,0.0004989256484595199,0.0023073911454301634,0.0070449578342959285,0.00465283081364525,0.010699362272919411,0.014682037402514041,0.006814478030719329,0.009400358666481886,0.0038626354638539367,0.0014415062442739409,0.008016051877568701,0.010709810738369603,0.038847235763872355,0.004375749914981411,0.0030342443463763904,0.0016628148504033951,0.01360207934398204,0.0035191303826510333,0.006721758308620858,0.004715143741729359,0.021351175805709013,0.004129279270331146,0.002699179807677865,0.0022764077062205497,0.004985472446909019,0.0035431163180071642,0.0060488049807792136,0.012072520893998444,0.006943021515885798,0.0013909489700836275,0.0011389985372451796,0.007075787712286304,0.00024294878133852244,0.00019706754723134318,0.0003284620648959059,5.679121221578224e-05,0.00024854526247963804,0.0005479767206897451,0.00021529141667997465,0.0002490766879873263,0.0006272446208688626,0.00015666267277801557,0.00017492300251953046,0.0008758236797707229,0.0002964066229580453,0.0002988010353537275,7.736108773315209e-05,0.00041661325211722356,0.0028936023106022426,0.0002303182704054052,0.00045140422012731766,0.0002411921515635311,0.0001355347325112565,0.0006463704987097987,0.002141336601198418,0.0002679315371475847,0.00024748049416722587,0.00042568576379077664,0.0006042928356745633,0.00011469638255545289,0.00023991093754326307,0.00013560191493727162,0.000361011398575562,0.0017617243884160416,0.0003160266183028996,0.00036141676446277415,0.00021317793948009918,0.0006762934295693413
2900,0.0032713601017471897,0.00957591958447463,0.004531323172462483,0.0007224317660354875,0.004567192314793887,0.013107331943631704,0.0066058980593234375,0.015357373311131845,0.02296756872163061,0.008291635727800895,0.011463395554775711,0.004547500130257151,0.002903087065505767,0.011134311083217406,0.016819741516391172,0.07950081552068393,0.006482073457196488,0.0037242018321493662,0.0029673529144409777,0.017289810544558956,0.00725524740835401,0.011966662660207865,0.006053066975970675,0.0316168350361598,0.0073854130617017665,0.006323141232132912,0.0032603103252533345,0.007314441221145292,0.005114149607320809,0.010528996457475343,0.015211580380176504,0.0113479144548854,0.0019257546599953036,0.0014174683986967402,0.010492144901945721,0.00043777149003939745,0.00021605160781303456,0.00028586421302117577,6.310162012070292e-05,0.00024648776229696523,0.000550596676940257,0.00027852861012434005,0.00040723079637245975,0.000690292268317487,0.00015721050077493266,0.00016058603760029654,0.0006750532053653538,0.00038841018471202915,0.00033656525168084797,6.828457914955585e-05,0.00048685729488380064,0.003315810776257422,0.00021390505571616814,0.0006166306317509782,0.00025687765634662855,0.0001342999489266235,0.0005468389936531919,0.004557085423584795,0.00038182773952636734,0.00027952709561549665,0.000491266400058521,0.0008574122978604454,0.0001842231646252104,0.0002352624438850677,0.00018113816865176582,0.0004388427457472842,0.0033735355245880783,0.00029462893258682245,0.0006403123811651312,0.00032168680706849917,0.0007528829170041718
3000,0.0025988740551936744,0.00892707463396989,0.004407721729270027,0.0007066690209635104,0.0031151432918658764,0.008174076647264883,0.004507379058322253,0.012219596872384107,0.019518224567808013,0.008212505781557411,0.012705540942764024,0.00438685842824753,0.0019326457360434827,0.008310958277875077,0.014259630786289243,0.0665047739482058,0.005820356622886417,0.003971830048728027,0.0023599443749325083,0.014502608766973329,0.005743691352500508,0.008729700614432139,0.005351077691884711,0.026673964343111343,0.00863789827960159,0.003750244667753577,0.003431086972047905,0.0077676293440163136,0.0039356113437166,0.009220186106235375,0.017866877388829985,0.012232427774086738,0.0016499995905318288,0.0012166577288616979,0.00740773959255926,0.00026166601566858717,0.0001693588497115989,0.0002787233018104664,5.064783272520076e-05,0.0003342911248864766,0.0006044192224238786,0.0002949279951280914,0.000441659925490967,0.0004690869351945462,0.0001349143960683968,0.0002166980504073633,0.0007164258806146232,0.000383309526810649,0.0002932841367502423,0.00010603889388056069,0.00035401888177287986,0.0014272868902480695,0.00020028132348670624,0.0004220327890816035,0.0002552984379721677,0.00015382330572968138,0.000594620331857411,0.002798383586195996,0.00021154838539890383,0.0003059536127413874,0.0005214439825067529,0.0007786678308049534,0.00019862643034263816,0.00024029854728986074,0.000187946786253532,0.00034463179046913674,0.0016661272981894268,0.0003020851035665553,0.00038541434719263634,0.0003746396086775226,0.0009899602402583696
3100,0.001957158611337552,0.007689963252266386,0.0031359325633578314,0.0005227794943773635,0.0025969380146272695,0.009158589311742358,0.005725428815147156,0.013110020561725833,0.01603069453544834,0.0065451471382402815,0.01161159937974945,0.003155105280878773,0.0016331617895930046,0.00798960996943413,0.012516448433255873,0.03416052125855155,0.005220970196682001,0.0032242990577449034,0.0019105408573523164,0.013486556521517439,0.004840266098409092,0.007882604773580429,0.006581054466635881,0.025960678487899715,0.004956147013881636,0.0030048410524614157,0.0033791830065315626,0.006259651758834177,0.004041074544211904,0.00964946384380211,0.011694626219493026,0.007776767816931869,0.0014295440152719808,0.0010351070274081458,0.006526421786980386,0.00034049350788174185,0.00011275309968464411,0.0002594147094483064,4.116966449833875e-05,0.00024685075050001615,0.0004359244149840224,0.00012503389132234588,0.00027750868598559465,0.0003380664855189695,0.0001239714404379667,0.00022804553779483936,0.0005160479294110637,0.0002661328371047489,0.00021824155518170927,5.876974761452981e-05,0.0003020067710989539,0.0022700532511710967,0.00014008135731273795,0.00033255086775950204,0.0001899111203815194,0.00013587336392943556,0.0004324685930138609,0.0023100970611267257,0.00018236106173693165,0.0001896481894968579,0.000507612903190117,0.0005721979556862303,0.00014226270696713914,0.00022768036588942023,0.0001589534594030637,0.0003528332364502213,0.001815029714504947,0.00023507673785092982,0.0004683340282554127,0.0002538522215317465,0.0006322992776404135
3200,0.0018445556542418843,0.007600736659865275,0.004280687484424561,0.0005168873119915728,0.002003262347034827,0.006769423938489386,0.004133602666232975,0.013380390409592484,0.01606507089625758,0.006516518158605322,0.013127613837477166,0.0038030278151474743,0.0019429404364376696,0.008207652311257058,0.011764968028514618,0.039222516781592276,0.0052373685244847795,0.002617135649300888,0.0021472799209212618,0.014941908048009888,0.00501007765920244,0.008006575079759517,0.006293223291092242,0.0259264134898937,0.005958124313716932,0.003164039202965796,0.003950649355829228,0.005262278536974918,0.0030456237597664927,0.00983874297091989,0.015187023266917095,0.0127909276007603,0.0013505885776335337,0.0008018994570214323,0.00777996314334612,0.0003497504813075076,0.00015142811731780776,0.00035383254792329603,9.077865298061087e-05,0.00037548504087681067,0.000624388991978931,0.00015638996046618558,0.0003613085787947057,0.00035984511056372676,0.00014903162805957867,0.00020252110673157274,0.0005844097868248355,0.00043606941761709095,0.00026113984513201637,6.892946955552112e-05,0.00039067159027931315,0.0025827436741868346,0.00017392555892001838,0.00042470364155169406,0.0002907867467378122,0.00011762440697731853,0.0006084849261750732,0.0017762478128133807,0.00016619861116851098,0.0002493957279791805,0.0004207543764399209,0.0005631820096764827,0.00019030715802685977,0.000257160644019956,0.0001532666020567477,0.00029753594408957017,0.0009617816148030604,0.00030170005582894695,0.00044041030537300685,0.00033011843482604834,0.0008757799441809766
3300,0.0019999486985152297,0.005522134381829313,0.003978923845958586,0.000502756096214468,0.002261425868963198,0.00632767123170197,0.003086241920344389,0.010151569867922067,0.011534251111755376,0.006542468428961001,0.009993753219195814,0.004023667318302168,0.0013926455682270569,0.007517050865730694,0.009579662436675896,0.022539909785943262,0.00441157969093876,0.002723283759212192,0.0026658400789269115,0.012767034760302826,0.005006839046179196,0.007838626806915272,0.004907191162734913,0.016682128729492738,0.0045228311205319765,0.003876606747508049,0.0032045355049288653,0.006184861863099893,0.003799369715852663,0.006776520381296699,0.013822652240439008,0.0098028290622796,0.0012745975494856164,0.0007793578147251283,0.0073074555522099315,0.00046286844747100986,0.00013155981097449847,0.0003924988552832722,8.002827320913376e-05,0.00027365970436221687,0.00041751702407596665,0.0003103583435404289,0.0004100704532902455,0.000295518748316681,0.00013685404791862024,0.00022791460315992092,0.0004790697399074449,0.0004225581349572849,0.0002851985428715752,7.977147759613052e-05,0.0003676651519596747,0.0025383613416731046,0.00023869995784480124,0.00043096333824998545,0.00018445490059093572,0.00012327857025824912,0.0005534871611074465,0.0021150675165699795,0.00023565307805660673,0.000283260754202694,0.0003919710953293058,0.0009140180965464766,0.0002799080943734427,0.0002181128175334789,0.00020479810983589332,0.0003462705952176305,0.0016457623636857274,0.00025121731635544973,0.00038485595541715156,0.0003843723184562033,0.0007316741903196089
3400,0.0017887055434117872,0.0051543555627749475,0.0037761751494448013,0.0005133819072328221,0.002166407107842697,0.005859571575586285,0.003846361891837366,0.010025450132054496,0.012420807033846312,0.006054497585864738,0.01092856421971113,0.003772105944131463,0.0016735262443861839,0.007512128271628171,0.008794642083718345,0.036534639839373995,0.004382689495763597,0.002331469312996922,0.0024018211676905465,0.011944628492443977,0.0037857043713162195,0.006106906288810673,0.004376346340771609,0.019673337234416978,0.00444623334046882,0.0037965512834489345,0.0036343881505261732,0.005031971383383886,0.0031424202567637513,0.008511569722501125,0.01092012919136323,0.011351648758416278,0.001276348420114678,0.0007470969118680101,0.0077932305878979,0.0005405356513798713,0.00012248866612720266,0.000263725444793553,6.0357967460008534e-05,0.00019466718936200778,0.00037526081551403237,0.00021954476142127533,0.00023885265209173668,0.0003867893345542191,0.00013664433319335282,0.0001940551819448696,0.0004712414543622831,0.00037149564501248733,0.00021861033498625742,5.6890717380817726e-05,0.00046218765510974875,0.002101204115509366,0.00018586902297101915,0.0002865384493612064,0.00016936203484937292,0.00010947004739136901,0.0004680171226037376,0.0014824997815594543,0.00018075938961222468,0.00019862754115120668,0.0004989138581246758,0.0005127060157583303,0.00013484211110102883,0.00019999151539253093,8.948122073585789e-05,0.0003136431794866274,0.001494230101993058,0.00018248516641597166,0.00028471036148403073,0.00024027040068681001,0.0005414137951447629
3500,0.0020745242228086508,0.006028072664910859,0.006396838958607987,0.0007457985631705154,0.002522904105164712,0.007772495674933972,0.004417102359741788,0.012595340220072745,0.01469016471874862,0.009395565415616147,0.013691067309902095,0.004206351711942187,0.002181095159330377,0.00823187676503563,0.012232330755967483,0.04069375429632297,0.0056477376842632935,0.0029551001977399464,0.003042254675944735,0.01336846510424948,0.004808057668385747,0.007972517343919858,0.006267910485718555,0.027255840960424393,0.008577495666695684,0.00280764636117965,0.003959766309538194,0.006479423713850944,0.0032316309011281084,0.009790961858544183,0.012997775492258369,0.015259193623653399,0.001136035867060715,0.0011500325828481353,0.00813182982690503,0.0006646774801635859,0.00015601319067196814,0.00027291304501308,5.553167860201149e-05,0.00016741454010116286,0.0003368105407428223,0.00019097428821623907,0.00024135150579240872,0.0005130256874843709,0.00013173005661787772,0.00014171644239857934,0.0005962959834537367,0.0004906620811198081,0.00026300611739512095,6.0254305687770035e-05,0.0004393386606142695,0.0017183050513267517,0.00023510991377406754,0.0004450589227157512,0.00017446409000168104,6.682575785403473e-05,0.0005707187700599823,0.0015420611307490617,0.00028354125380600535,0.0002627881224795531,0.0004641092828630159,0.0004482345281895084,0.00012568352061466444,0.00021134191701020354,0.00012537466096142048,0.0004213630670294931,0.0019224767025402148,0.00020686175618844424,0.00022192063215698,0.00024757845181823027,0.00043035756607423536
3600,0.0012975027573063286,0.00323124798618395,0.003535314909337709,0.0004322694598298627,0.0016847497060978962,0.0055820521249968025,0.004109623671249738,0.009875513787847012,0.011943416218446721,0.005792791416752152,0.007955274564687616,0.003831034028790986,0.0016323028279602472,0.005477709909565888,0.008190517968614586,0.022125148517564714,0.0031899429427756417,0.0018156354533489262,0.0017548223695484921,0.010034855902437509,0.004411317621172482,0.005060859673124339,0.0035346294089443593,0.016933678710483947,0.0040243613124374186,0.0026467457064427435,0.0029968151777739556,0.004106133123665738,0.002035836867221138,0.007816814436321897,0.011840260626825815,0.008952314202011062,0.0009528653051179303,0.0008709529642315871,0.005313760373812531,0.0003882907730842687,0.00018044594418442053,0.00035232835646390663,3.8436316281807096e-05,0.00012725175588457205,0.00037937211668867484,0.00017766475184544106,0.0001971961895833374,0.0003523236650117293,0.00013050189927525934,0.0001593987265875642,0.0005133846593628078,0.0003880095572696973,0.00021439769746566212,6.955462723371139e-05,0.00027257025040643596,0.0023599367195856757,9.9343456531642e-05,0.0002246369964751113,0.00019506264778038743,9.771526807030155e-05,0.00048384085042221895,0.0018057054749078816,0.00013574778443449354,0.000186319289675269,0.0003246931012351221,0.0004923171581169534,0.00012437499122420882,0.00018644370615843113,8.483512909960054e-05,0.0002656810131345803,0.0009024960667634982,0.00018394887559985078,0.0002023248425757629,0.00019090500535937945,0.0003862602905428503
3700,0.0012716188263299489,0.003370222865164073,0.0025981544640671927,0.000282301194881886,0.001377850413231085,0.0031550481216982007,0.0024245766931457065,0.007420261635464461,0.009831748789352626,0.0031525855301879346,0.007496395474497407,0.0028615139366296232,0.0008692736256775926,0.005293847149556369,0.006976895432008485,0.02458959029900143,0.0029259685313826637,0.0016152539625366017,0.001418270961689164,0.01008126534610104,0.0029975800462964867,0.005473105563266602,0.0028713373293309512,0.014095442429728185,0.0032344399641881447,0.0027263326686806978,0.002110362781701453,0.004256228131756264,0.0021550543919575454,0.007989290880950942,0.010013651882763952,0.008683492104934815,0.0008220294112609631,0.0006120742054283551,0.004067937353486034,0.00022582246453290672,0.00010237931795730124,0.000171591894369075,2.558984820563681e-05,0.00011864769663816332,0.00025498226788376417,7.176912276918301e-05,0.0001443071917492489,0.00022171890831439094,7.383482711702527e-05,8.25656242698512e-05,0.00029030296152262035,0.0002672363044098347,0.0001228150266374071,2.6121395359785477e-05,0.00015480698723597297,0.0016381186663541787,8.97107609489467e-05,0.0001880973159317438,9.878636027961278e-05,5.2112978003358215e-05,0.00027274726709302125,0.0009412899671588093,8.43343761024092e-05,0.00011860659715239308,0.00015167339333856943,0.00023577735335185288,8.425066908801926e-05,9.683104667396742e-05,4.4025960455150605e-05,0.00014326746777560285,0.0006158996480475512,0.00010340192972415547,0.00013856082870233877,0.00011800268226625503,0.00023837825501686892
3800,0.0018788765766313755,0.0054747859000969954,0.005406976905457365,0.0007287597026823697,0.0023850946124610666,0.0032598704315855037,0.006667141503825288,0.009976907769776196,0.014714454973871605,0.006145541454316117,0.011966047767746653,0.004021583578183449,0.0023208402073412963,0.0075415814102267505,0.010937619591833722,0.042106240485736635,0.005070549797979072,0.0028673903642685,0.001962862497228863,0.011759981222506516,0.005001937742837561,0.008106495562450229,0.004383346958541854,0.0250088906303669,0.004666277586245939,0.0039585308753885325,0.003452459516401793,0.0067624599566139905,0.0033660501560114106,0.011854460731786188,0.012495109009323642,0.010888292322096486,0.0011791679981248886,0.0013916184148530552,0.009786520821863733,0.0007559567404525426,0.0001806092848090956,0.00045354391510376115,5.711871723091112e-05,0.0003108357282144425,0.0006208559134731641,0.00025544870732119307,0.00046732203891224343,0.0007205731669129914,0.00014260217807244964,0.0001933237749329107,0.0009584767263859568,0.0002931623683863904,0.00024935013717183586,7.637839173019694e-05,0.0005571222839814883,0.004036955273477361,0.00017588099908607546,0.000394290874969649,0.00021204604402963264,0.00015600209388305137,0.0006361061236392382,0.004046200403536204,0.0003844889897032368,0.0002821314360866941,0.0006022576174776381,0.0006411556100267008,0.00022792710899887392,0.000266877437523133,8.715552273012388e-05,0.0004065607193816894,0.0014028572890570753,0.00022823670638620036,0.0003567794845480421,0.0003433646939245729,0.0008071878517512232
3900,0.0012681671419404912,0.004485852273689859,0.005341939426822743,0.0003686949003447528,0.002247118742552975,0.004065705047521208,0.0032901654959137123,0.010605253684522776,0.012197302873993999,0.004601952263328712,0.010224395208448792,0.0029061310379635257,0.0016959096573180323,0.00655996941063539,0.010991955512145069,0.03566729213707731,0.004181992231765651,0.0019063813493239304,0.0024106967653746585,0.010439245627591541,0.004354334629722591,0.0070318956370881225,0.003854325497037886,0.022081091134653737,0.004089988675938609,0.0026599222561344503,0.003163466895726273,0.0052303921947896015,0.0029831093070028787,0.010765016805723258,0.01083139643461133,0.009546691974929463,0.0008495719140936531,0.0007427219208778318,0.005073232987140525,0.0004156551103083724,0.00015975005024864388,0.00013293603495350743,6.596181952794811e-05,0.00020141347886237781,0.00037503044641778885,0.00013323456846592308,0.00019257209642091765,0.0002547337602855374,0.00010668837109111146,0.00011721498614666156,0.00039912233085870915,0.0003229150592325425,0.00021517806515570053,6.214677837719633e-05,0.0002992254897750312,0.0011955793925153557,0.0001393276768794749,0.00029025213964870293,0.000145436205488734,0.00010381123882490846,0.0004036542132555667,0.0017833927777246572,0.000186209328654109,0.00024160698242037772,0.00019651440901119105,0.0003946688000195859,0.0001531355467013403,0.00014533305202676602,0.00013084305424450172,0.00017152861795835493,0.0013135503795638215,0.00016635192273665417,8.431073848669257e-05,0.00018658359885339145,0.000409044286061544
4000,0.0013457125956552478,0.004385504340731401,0.0037838354207148464,0.00039129940305429047,0.0016463811144039706,0.005075571073185918,0.0035311101825843045,0.009798013647977152,0.010403100268906455,0.0036648881068686023,0.008436967331587688,0.0035536868948541694,0.0014515304404388492,0.005876595964902222,0.008952695789562046,0.03369802923649937,0.004156411536054553,0.0015690959654777912,0.0018644884049925686,0.01108405831536705,0.004061888717478724,0.005859489284505669,0.0031417392650716163,0.019422720174770803,0.004137076983632084,0.0028447802760638297,0.002810831655346368,0.004432225599884987,0.002669315960648579,0.00999360221248935,0.012088179162625844,0.00903001825141613,0.0009876687463037553,0.0006632665591432881,0.005346511768342073,0.0005074104456720566,0.00015893482110503724,0.0002835811218656917,6.228017140534598e-05,0.00016253028587698282,0.00039731833010862714,0.00010138969582840218,0.00022165092686918798,0.0005350380903875798,0.00013120187426178938,0.00013877606255456546,0.0008777545543827664,0.00033358825331575304,0.0001743382595201371,4.8301138287404847e-05,0.0003837173930640767,0.0017853600899494875,0.0001427832328772638,0.000359974270729569,0.00013979578642616178,8.696420817696807e-05,0.0006443061447303031,0.0024657732174091507,0.0002538176988890781,0.00022046587060825775,0.00023527349088302193,0.000487104401076732,0.00016615400220290312,0.00013080841723127083,0.00014787434783001017,0.0004103542355374152,0.0013193387450363453,0.00019117653860065053,0.0001987575624298188,0.000269899455261799,0.000490685531985946
4100,0.0015003291862838621,0.005600858063661252,0.005380454191860433,0.0005908065530932687,0.003128144243430741,0.005164148352508034,0.005715550936245916,0.010965617466033162,0.013283814227565064,0.004897402886854252,0.01100372344251495,0.00433891406639156,0.0017559614436432832,0.008917160098049366,0.012972660112170749,0.03367828640330117,0.005855025675503255,0.0024184075694772874,0.002639681371095191,0.014084188678425561,0.004957672723937251,0.008500302852813288,0.004617201716512985,0.023043145410095653,0.005541397860407227,0.0051035134121775625,0.0033042797607953206,0.0051697435944030685,0.003501989652731401,0.01065033927830706,0.011397290943811337,0.01058857570303819,0.0014121764847455044,0.0010919615255430514,0.00923645136774414,0.0006346595003248824,0.0001286407285342169,0.0005273072438285453,6.316834219433076e-05,0.00024739761499859014,0.0004976381928053285,0.00010581192418612773,0.0002756522857453092,0.0006217273736470624,0.0001396461795784968,0.00020237605247400226,0.0006114336582341869,0.0002521833781230498,0.0002338051712333003,5.604983107332373e-05,0.0004245772765058903,0.0023721496472717263,0.00016175231503439135,0.0003340871010791767,0.00013829474934529321,0.00015796693101451225,0.0005087898385212493,0.0026389487757114694,0.00015681017708225732,0.0002217768355946576,0.0004134375657789254,0.0004277529096774527,0.00019033590547013336,0.00017375260824075404,0.00012120813011683317,0.0003020182461964455,0.0010198731394796465,0.00021890457503536526,0.00031278875860607513,0.00030195906442675535,0.0005063238408183679
4200,0.0018364109687108547,0.006070610590675777,0.0047437224493478425,0.000568991804874923,0.0031402427489468474,0.003979249084035733,0.004846790319906206,0.013047342492391895,0.012185021254187828,0.004915607190923765,0.011285935689905014,0.004903722796482224,0.0017068670510497848,0.008152782726524905,0.013001410267444204,0.02942938940395834,0.006052674738471285,0.0027605661834277733,0.0025815670440871535,0.0138710638687553,0.00584455191251786,0.007093550029302216,0.0052519518031719295,0.026930791139602662,0.007185900841755534,0.003707410325296223,0.003941813765601593,0.005521855532909588,0.0030824440509176756,0.012922016344448147,0.013186493957182393,0.01104116036843222,0.0009784227965759294,0.0012701366124315957,0.008599695682480361,0.0005848903035549873,0.00015438855231913724,0.0003716661065647548,4.3854822261475573e-05,0.00014103712169344362,0.00039619788776690257,0.00013443142825053656,0.0002499186728073255,0.0005287210203134332,0.00017268074282966202,0.0001736113537325374,0.0006825909864952943,0.00034202020133733413,0.00025501340462597,6.437053666145816e-05,0.00033980455440751726,0.0041433045892821,0.0001360290960292332,0.00028193365754731884,0.0002251579712249403,0.00012111326693477828,0.00044808282528006253,0.0016551526568946429,0.00019938606329914264,0.00021593630268538477,0.00026475953782210124,0.00046249605950941515,0.00015850093457616922,0.0002516976451547921,9.698459931920904e-05,0.00029785652090400357,0.0012768237432153131,0.0002325202845196636,0.00023848678296189973,0.00022814281077398462,0.0004503097414271906
4300,0.0018217688407890524,0.006793055979263348,0.004067094106479392,0.0006746990779412535,0.0017525730089098805,0.004234231301649872,0.002363578626647077,0.01130925415539726,0.014888098327905707,0.004449337491678307,0.010031612607202044,0.004128689198500515,0.0019009027927302559,0.006736596958503607,0.010205490568050129,0.03753569292287769,0.0046266126488869,0.001851981738029649,0.00297739942782625,0.012413062598971009,0.004564292073281159,0.006363750680715644,0.0038444494484671547,0.01839285050518811,0.005223695875241584,0.003536229860037565,0.0032424729464354085,0.004250284201892403,0.0024411372599013915,0.009371130715144024,0.013767522735482393,0.011360569042153656,0.0007355382706032506,0.0013964359569547734,0.0060392066756725805,0.0004345802663822594,0.00014885626113051616,0.00019046162783938186,4.180362540579833e-05,0.00017146859011063498,0.00034654354156257196,0.00017044483274730737,0.0002485399038960168,0.0005348134251873585,0.0001536200999955901,0.00013947045602305609,0.0005075496970803534,0.00023438233236561246,0.00020032209368403935,5.670464824189284e-05,0.00029661581939902906,0.002152239525457844,0.00011108810576843098,0.0002531043979634349,0.00017040598347726888,0.00012659407684623147,0.0004188434522215938,0.0019226409913244424,0.0001508009054936742,0.00017415520944548637,0.0002911480382560209,0.0003502288233734831,0.00013865997829727635,0.00020352172736943225,8.879782237474703e-05,0.0002807896599414881,0.0013420733258889023,0.0002604647880857666,0.00018993845048953517,0.0002221126079795428,0.00035643400624394415
4400,0.0016684378527782894,0.005838877626552453,0.0037783180281015425,0.0006719053221996336,0.0022457866957838516,0.0037440370402431916,0.004155073613894215,0.010388376061860518,0.011920472843174346,0.004108341858227504,0.006710899249653413,0.003035118798630274,0.0014896514176419287,0.00583798319955046,0.009985284542712821,0.04111607719338887,0.005353740935961902,0.0016659350490677938,0.0018758551658330752,0.010540494681384491,0.003962112551324446,0.0059874660426950345,0.0032206247724146427,0.022224501978295546,0.0041193546362231406,0.0030024206498637795,0.0024854235728731335,0.004867012408794835,0.0024394339625038865,0.006877463659733503,0.008886074829303349,0.007170688471747921,0.0007629935890852616,0.0010373093242632486,0.006388395902225359,0.0005684634744146219,9.968163348467467e-05,0.00017599859182320705,3.719397098651036e-05,0.00020030105054047453,0.00040538262400080754,0.00018473253794581979,0.00020527762878828071,0.00034087000612041603,0.00010207096274347063,0.00011932637723930384,0.0004033406433001418,0.00016743451010725607,0.0002214762001362315,3.654717602330493e-05,0.00039516832987548977,0.00167519632911232,0.00010654137149685994,0.0002496575929844581,0.0001592970861409036,0.00010728865196473303,0.00047246773731306457,0.0022000568515068153,0.00015800650489457743,0.0001987993155825489,0.0002885530762190077,0.00046342099955337847,0.00017112880211529787,0.00019697657826163613,0.00012307363552584624,0.000354139198519421,0.0013105145606979412,0.0002019337782608966,0.00010455236611051077,0.0002683711756346093,0.0004942413477692753
4500,0.0017785715637384438,0.007036099198524392,0.004685531079303473,0.0006699512220690779,0.0029959154933841335,0.006821461628922927,0.005825131924681163,0.014432008647132783,0.01744761161162272,0.008060825966822449,0.01503507046364564,0.005441579205098049,0.0016026518754766914,0.010692684938090459,0.013493094392983681,0.035834441896440694,0.0061821893629842506,0.0023617381760496882,0.0026414412630921496,0.014562122032196688,0.00601208713575873,0.008350220566041702,0.005060026858457908,0.02900259057059884,0.006093012368803593,0.0027086520800366997,0.0038127187381765144,0.0056836196017684415,0.0031739665149122147,0.014465227295013686,0.01814537533403685,0.016711670840427708,0.0011729419807868279,0.0014731210864928747,0.012508709524505926,0.0005439749153838745,0.00022531585374221513,0.0004030657654022269,0.00010986348896434479,0.00032624141908854654,0.0005757832322102486,0.00020644001688197022,0.0004348652417320409,0.00048640074998586086,0.0001813301896139532,0.0002364844188053082,0.0008135050683401795,0.00047344324016762585,0.00032307026292293246,0.00012620028461573054,0.0005886681473524592,0.0020483745138335507,0.0001590055566339288,0.00042131021471467816,0.00021930162595175528,0.00018852389063216503,0.0006259663483648691,0.0033515021823404822,0.00021977111109410744,0.0003305399778652757,0.0004067477440306296,0.0009091235809024823,0.0002607804005694763,0.0002950567078342984,0.00023719053246572407,0.0005240592302931412,0.0019955390024344005,0.00032604893883453155,0.0004194737989564601,0.0003851753242753232,0.0006394027222995646
4600,0.0015963372787990847,0.006290260874838741,0.007563661565654911,0.000563921759301313,0.0029581193020125213,0.006575301289558411,0.004402513459735341,0.015140700873327624,0.017376089146476065,0.00633079677936621,0.016632207868553205,0.005385644022940791,0.0019293162657766406,0.009603668784786185,0.011856967059986132,0.032576519555732375,0.00551896857446298,0.0031896125388190246,0.0030577702356302844,0.01697587614587974,0.006013709610404196,0.010859246759667127,0.006847444195106315,0.03018901098985225,0.0068102102921416404,0.0034133377484977245,0.0034873774636047703,0.006664058627696552,0.005612135598408606,0.01781847763167236,0.01961465856526047,0.016964789260572825,0.0014368836802724706,0.001691387451035891,0.009405404948968984,0.0006420809178280251,0.00019510303915718682,0.0004163413762977474,6.268989830415928e-05,0.0001944965359825801,0.00043780492016130086,0.0002703784875848214,0.00020518504929896154,0.0004427487422761164,0.00015012190273601414,0.00015617943835033137,0.0007499257674984013,0.00025384922403048904,0.0002754264266733461,4.2092515782728284e-05,0.0008121537778991366,0.0019771443476201966,0.00015300532249966635,0.0004994886031658543,0.00028438704085319527,0.00017703487021042912,0.000631142062595382,0.003361957220477052,0.0002541689191117611,0.000240397713164734,0.00031952859487015907,0.0006475556622947523,0.0001909137629480837,0.00023154657796735305,0.00020664846488216426,0.00041743239759628746,0.0018923762306388067,0.0003049735023462941,0.0002469068487016557,0.00039061962368715523,0.0005353444532374852
4700,0.0023425263095575516,0.007142573918422891,0.006213947820166747,0.0007376269567220544,0.0035855160061641347,0.00572550729183214,0.004787857851566045,0.012661978998592388,0.012611353931420068,0.00556722485634964,0.010227775614044664,0.005084933446392379,0.0023852581873529052,0.00879915531770552,0.012051192412721267,0.03140118965529837,0.005734998662297758,0.0028415965822619635,0.003712430748107311,0.011914545987286449,0.005540126695506423,0.011097412563685793,0.004849028644384816,0.021098253476278236,0.005377624717694412,0.005102191003970802,0.003412928852823473,0.006034649314339428,0.0037374291233444475,0.012677448314559202,0.012945355190895498,0.012345845703608714,0.000896597378001091,0.0013997314959259563,0.007930659346230742,0.000676466764973936,0.00022012603987102346,0.0001952062866621418,8.316762556336997e-05,0.0003197897971176644,0.0003961554640333835,0.00016237967065535486,0.00020466985381517588,0.0006453289762775009,0.00018325636816658323,0.00015216939030843996,0.000785722026832222,0.0007230712552797058,0.0002860775446935867,9.96802943766604e-05,0.0006441013086539617,0.0018534358581140016,0.0001244703344127629,0.00032344664878666883,0.00017439112293529967,0.00011436650025974483,0.0006115919758906208,0.003149879317788873,0.00016904661305577266,0.00020729134920866973,0.00041378042648526994,0.0006463949417026328,0.0001661375502427139,0.0002242429110976429,0.0001651518695224594,0.0003401671127868248,0.0026413347932248143,0.00025238607442603213,0.00014893929221670987,0.00030252347793417863,0.0004328654627897777
4800,0.0017676593628051262,0.006027327238741607,0.004578161633010798,0.0005483080134861386,0.0022016460518242166,0.003567574529110321,0.0038669548530085576,0.012199737971398053,0.013338962141357184,0.00452881845558295,0.011888135989274927,0.003728966192432622,0.001975090724017443,0.00751357693860138,0.011904378838410005,0.028328600797976833,0.004961450770895767,0.002001286759313868,0.0028975604696565176,0.011440082876191204,0.005019696765814912,0.009559634953412959,0.004122251683487169,0.021389853017171844,0.005150429404845151,0.004369781934656203,0.003598034589407278,0.005369574270541004,0.0032547068667447415,0.0126698723893975,0.012819633480006209,0.01548165902764035,0.0007720480418242914,0.0011545476155904824,0.006008182359437342,0.0007777511230528944,0.00013908194340741064,0.0003840783263678366,4.2348237670866876e-05,0.00023392940045141586,0.0003564046200337659,0.00020123183276155032,0.00017355711272557529,0.00031231233161203197,0.00011899030487256823,0.00012674672952276263,0.0005890153101573927,0.0002238983412610196,0.00020063619428489394,4.268250921251654e-05,0.0004275177872561751,0.0013496934698196128,9.266938686778304e-05,0.00025561826273866355,0.0002426312758902425,8.5639188848125e-05,0.00040842406508423293,0.0011264401537118829,0.00012487176567314387,0.00016011520369829668,0.0001802591603336623,0.0004245253269150404,0.00012843731158743258,0.00017334561228684228,0.00010214263966190629,0.0002503437735159222,0.0021119481625646586,0.00032731741928931376,0.00010762299575617362,0.00023765616086685832,0.00038010311764082874
4900,0.0030466121934296098,0.00812617978792534,0.00769168679350211,0.000750572069955524,0.002540266310852876,0.009544632455799729,0.005272938249970226,0.018627157628704,0.017144481602142,0.0088156978454208,0.014425206814646825,0.0061613255384145305,0.002253373986935582,0.009179234078284495,0.01461009597099773,0.03850999884404397,0.006814560440380731,0.00339227894769062,0.003799396232352592,0.015368990325805498,0.007048011467584449,0.010365263186810938,0.0054949311342594835,0.02754769930616021,0.007480163850391003,0.004769460530951619,0.004780076352847485,0.009665216525415113,0.0035613993665559547,0.01566442464372226,0.015360322680013876,0.015923051033706333,0.0011503500509168528,0.0018596193267724228,0.009814432909277256,0.0011688434968358966,0.00034870844353319724,0.0005813720439288194,6.786394038521482e-05,0.0002840379963799933,0.0005467940924605268,0.00025607994302845327,0.00037900194276971886,0.0008192573590541111,0.00024239932139320637,0.0002166856439349171,0.0011559040353938798,0.0005932601737015375,0.0003221932074195828,5.252976502974475e-05,0.0005768931731311638,0.002791466577036772,0.0001457438185752835,0.00048010842007842054,0.0003581779641661279,0.00022994383123825008,0.0006704275841403487,0.0031907611401038594,0.0003189539293215502,0.000256689820036207,0.0002954560116146846,0.0006891642767690213,0.0002568237369978811,0.00022719460950513067,9.415545112763841e-05,0.000493079369051258,0.0016042679987679418,0.0003993580125924631,0.00018151739845961856,0.00038940612309198216,0.000658886885503307
5000,0.002174370759815714,0.006107577861122856,0.0066044692939613014,0.0008696545031293331,0.003164357196832889,0.006734470038541726,0.004889715844852148,0.01490349760941029,0.013554883746812404,0.0066887092689285055,0.012177502296972419,0.00574785465468434,0.0017784487898814295,0.008605256279362507,0.012137327280138646,0.027745814746594988,0.006623116794972226,0.003085386366480254,0.003154497325470272,0.014142384041115293,0.004787741654511662,0.008240959246385111,0.005172221722265628,0.02708327319317808,0.00789978258064135,0.004208756040316075,0.00439355578336906,0.00832802546210587,0.0035367446321555797,0.012057550868180002,0.015161148466480276,0.015196598777457928,0.0008399357771913593,0.0016273803250738258,0.00779268847650706,0.0009533456280986943,0.00015275427544960812,0.0006501745748127261,5.2088311478261186e-05,0.0002958699022315159,0.0006045351883682436,0.0003370607714714424,0.00031493498331656153,0.0007871124833304508,0.00020521973860205005,0.00019023243055796358,0.0009843574190566422,0.0005592005812360412,0.0003622855630831917,7.625373109476641e-05,0.000538900374410262,0.0024603119697227762,0.0001517945322120795,0.00034128426461987204,0.00027577363904003567,0.00021851223242596131,0.0006084859449264934,0.0019548530126485275,0.00022146337689971714,0.00023320680910938582,0.00044418103740705796,0.0007444945152834622,0.00021859532459226708,0.0002387276114884141,0.0001393754947558692,0.0005114623319094755,0.00268002487350064,0.00029342936366538014,0.00021221141713567704,0.0003816121245525194,0.0004525740456301719
5100,0.001483689892641426,0.00617706376835014,0.005326582987133103,0.0005645431716962216,0.0025294945755630106,0.004757485834748617,0.004359679401791401,0.012528835479529602,0.013410315949058022,0.005240856778982561,0.010901520622194957,0.0028971843237332925,0.0021610085320637813,0.007035879645792937,0.01197763186368427,0.02873119969444815,0.006656915739291608,0.0024179857392954535,0.0029068185613141395,0.012428683769442917,0.00480167400616595,0.007595526367367711,0.004808216573340663,0.0207567251753062,0.005570492024234559,0.0032994405715726315,0.0029126842021087803,0.006261741970471728,0.0031799675467054306,0.008039124762064838,0.011820967698877211,0.011189461520049147,0.0006652801865658813,0.0012773935836035931,0.004810327972033217,0.0004554766304798769,9.039861087282923e-05,0.0002221160501159664,3.979171914996033e-05,0.0001594643235875992,0.00023705922185786706,0.0001855336863627599,0.00019719280951449036,0.0004810925863574467,8.628612254860376e-05,9.032335661751339e-05,0.0004918906712478737,0.0001781521082477866,0.00016606982855733052,2.4513099726226013e-05,0.0004151902593845919,0.001276214209307606,7.49765029468108e-05,0.00018029402132683294,0.00014939273337247493,8.111244737433894e-05,0.00024429279052441493,0.0009830184671955067,0.0001479210290398214,0.00012810719070050535,0.000255407521763118,0.00036698273736761935,0.00012789171371339222,0.00011880409782132299,0.00011515326716309776,0.00014798946625438925,0.0010666853488926012,0.0001817088580936579,9.094638471651706e-05,0.00021135998025126638,0.0002460305237036664
5200,0.0011201929892932468,0.0011492923119847008,0.002156303307856433,0.0008266052684540717,0.0009764986774181252,0.0011850675967122828,0.0009407628050182886,0.001222141154108149,0.001419061077043968,0.001437640607036883,0.001542324276804855,0.0015211849207918597,0.0014284120257026657,0.0013329077952551995,0.0010653734004282501,0.0012317492734534123,0.0010533444597274951,0.001206775745553778,0.0010928431854283968,0.001441374800633639,0.0014392349940653031,0.001730090620964932,0.0012202392928884365,0.00154568946454674,0.0011424727355396108,0.0010877834225539117,0.001204061212070707,0.0015608838317954603,0.0014180753292748704,0.001532491691778564,0.0013459691579919308,0.0015343393298770445,0.001225655642394066,0.0009776043639989397,0.001230625692793789,0.001253665175941673,0.00089554908156156,0.0016112994291523303,0.0015583199027053316,0.0013877614255761728,0.0010018407958844538,0.001643876668822486,0.001525325162219815,0.0009502924559025192,0.0010765618474627109,0.001313483746863702,0.001112507710977776,0.0012858480295108166,0.0014009619996519678,0.001124387712810527,0.001841353268873018,0.0008949626523341673,0.0013871694740373642,0.0014491136074755151,0.001053211962651654,0.0010156633136582307,0.001374404728306227,0.001024688215693459,0.0017779920793448885,0.0014902570281544916,0.0016348846159720172,0.0017234453891081015,0.0016454118698742673,0.0011505056891028206,0.0016017795068263593,0.0017208115824395428,0.0012176128075225279,0.0016072257286953485,0.0012327561926213093,0.0016846481533114555,0.001205879944609478
5300,0.001713576664892694,0.0019032053996515632,0.0025616489486613623,0.000823376616776491,0.0007670201852697919,0.00307979852992243,0.0021141365592014945,0.0034635112174060743,0.0035904362487633964,0.0026167578835156746,0.0030174766534962405,0.0015444870722214027,0.0013508859988316103,0.0029672907365955216,0.0033016036610420355,0.007640077970184696,0.0014606281434853805,0.001624800207917107,0.0015829268782649056,0.004198973108335243,0.001683629641159384,0.003736663867519902,0.0015858176635811106,0.0047840903930288425,0.00218448677263777,0.0018711992190219462,0.0019408607425453561,0.001963994737404088,0.0016229074200108538,0.0020244635823239094,0.003473349388417167,0.004094525081410001,0.0007870931029594011,0.0017168881566376089,0.0025453749076405074,0.0010650732338685234,0.00175612617204024,0.0008348811534233391,0.0008271135458970269,0.0005971417435830517,0.0008830102960154305,0.0022472860146081075,0.0006439632648834959,0.0009359152637970462,0.0010250865167395922,0.0015489916296376448,0.001984960052236841,0.000722036525871772,0.0009256230101715934,0.00041823896555632183,0.0016201900933363225,0.0031753003713674843,0.0017400892567820847,0.0014796217728871852,0.0023182997247204185,0.0006108259721341627,0.002728110581438648,0.0033685184171190485,0.0012607373876865797,0.0009217677107349468,0.000674696076506128,0.0011152274767687964,0.001132101945518958,0.0007997902100976569,0.001621556791683866,0.0007249681434409645,0.0009319230500425744,0.0019307214322672676,0.0006724189570377348,0.0011948508416163585,0.0017331700131762774
5400,0.0014072342599418433,0.004834464768430701,0.003907524403378678,0.0004265544769833258,0.0022178470253608413,0.008170558189574097,0.004172091437325317,0.014812891672002426,0.014463179471701402,0.007144651463022456,0.01711371811491259,0.0030562375940629567,0.0015866118055507259,0.008979813135793489,0.011308319706714589,0.047282321056021225,0.004248366796673508,0.0019130520524436466,0.0015479211974057502,0.01271228893755809,0.004835202690180897,0.005595377654702004,0.005295386620467374,0.02689929409340645,0.008107771105151476,0.0015575737634208053,0.004097683563985254,0.005762280545847413,0.0026798831915263743,0.011832949980617418,0.02161272142548114,0.012735359586748438,0.0009957219745659201,0.0011796466281994917,0.008684872763802155,0.0006653620020610365,0.00020943867719468376,0.0005158718838422581,6.849306568672392e-05,0.000693871833391313,0.0003993552686648748,0.00011040666004191735,0.0003812519413258997,0.0004941179000812362,0.0001848607802793068,0.00019942623449813773,0.001168960868917087,0.0004769912938584753,0.00025549498158836977,0.0001286189338067991,0.0003576079647210953,0.004547941804048605,0.00020267432555556297,0.0006089190542576145,0.0002913799786444448,0.00018054390139613216,0.0007122686526003314,0.0026835484422917943,0.00017024647516766182,0.00023502830729110147,0.000495403987103297,0.0004673752609031448,0.00021973524801218765,0.0002047962803313108,0.00025535705349789676,0.00031752867076860426,0.0019040791108376912,0.0004027439171648076,0.00047377062946907245,0.00045727491066040285,0.0007730819343123585
5500,0.0022700493071022574,0.007067398640275415,0.00604464140390822,0.0004968692075635773,0.0027763236539152486,0.00882607018242457,0.00542348795340419,0.013810194645866788,0.01585863386034235,0.0087489328434458,0.019136447967159458,0.003819858769669996,0.0024383808345054135,0.009213411457797823,0.013237195404893582,0.03507900198261874,0.006697005200770772,0.0031981288348221443,0.0033162414931991535,0.012746918183972108,0.007193816481986477,0.00873979481288448,0.007045584582762482,0.024852820951491595,0.00953428421295636,0.0038911638199351727,0.005076104815558328,0.007321688734615843,0.004535469705553945,0.012575825909739397,0.020429489554371686,0.017508052768579755,0.001319678049336167,0.0014310362675619111,0.00822379412652986,0.0006218192160401616,0.00013173823601607038,0.0003646840668807272,6.524238418308644e-05,0.00038825465071568033,0.00033774048502659463,0.00015198860955933924,0.00030929736608413804,0.000475465962536921,0.00015629162305566224,0.00015843669479441555,0.0010534598227343196,0.0004698699456540112,0.0003033653116556801,0.00010872674234137362,0.0006070976595205698,0.002696886374906171,0.00013579725055024028,0.0006099847562335508,0.00020307815066189505,0.0002400515808899813,0.0005347824794577024,0.0029695608936890494,0.00015670223973529573,0.00020536915666385678,0.0002960791517883384,0.0006007568570381135,0.0002654401073024709,0.00015893641844118352,0.00017766922125398801,0.0002956421791617237,0.0025273978171753697,0.00027882449085787415,0.0004208417658446706,0.0003994021400187591,0.0005631736683426424
5600,0.0015288189605770811,0.005840891179104801,0.0036564542327444847,0.0004151384917069943,0.0017996544682986656,0.0035931090949036714,0.00488011615004413,0.0111401100436399,0.014017391915794626,0.0054112126090331,0.013819435298950182,0.0029081909617941293,0.0020854961826857602,0.006259381896983761,0.011288197726774824,0.032156694188112546,0.004662358669303926,0.0018060834005569355,0.0018413947649865545,0.00971741557569961,0.004768740377655307,0.006436026382548984,0.00395450333453482,0.024771857872838154,0.0054140924060318086,0.0023905748850665985,0.0034276627785959956,0.004652585107275324,0.002114075733013177,0.008258304898493319,0.012676688677165657,0.010483170829292458,0.0008168159502894504,0.001121355734053501,0.00834381421059839,0.0007221954801934771,0.00012804672460214008,0.0002913046550516314,5.238137605210138e-05,0.0002162531602607487,0.0003602658041037354,0.00016902078186831204,0.0001939710270107753,0.00045613197902352303,0.00012651423098041528,0.00014184675123293087,0.000669880077462917,0.0003693742592183469,0.0002783291626130825,4.942531086271629e-05,0.0005000000368384532,0.0022754578130843583,0.00011808150484284851,0.0003701745447368903,0.00018518368584597643,0.00012141358911321731,0.00048631757375895625,0.0016659766024531564,0.0001965068807407988,0.00018904225804502718,0.00019055853772442788,0.0005084442696355132,0.0002156573015236484,0.00017807362584445964,0.00013379443771555088,0.00025225690033393774,0.0017484453097235278,0.00031105142614392425,0.0001497005745250135,0.00032132227862279587,0.0004202534175419714
5700,0.0018058484789386007,0.00603380674416527,0.004448634768777993,0.0006069952336054905,0.0022078683913708957,0.004039272221104641,0.005199709133927583,0.013336705023368053,0.01466669715070186,0.005454540521895979,0.014585178888533668,0.0035766685630696142,0.001788929521959896,0.007812566718767453,0.011993596616829402,0.03195701797691678,0.0054215594351435786,0.0022182916959709357,0.0027480562712298706,0.011464036655913029,0.005966290838492009,0.006343520902841452,0.003924657663931915,0.022442021553676264,0.005471895952117241,0.002500010817311704,0.004130014459435422,0.005014312645168199,0.0030877577870235067,0.00900546645824497,0.015771338316359712,0.011575063650245564,0.0008953216812721201,0.0015967089639161713,0.007216971682282747,0.0006973596314391475,0.000157585747567617,0.0002705189601577083,3.647474401044615e-05,0.00021990817600681112,0.0003804227882473571,9.912882842399995e-05,0.0002036983782545576,0.0005039267954615704,0.0001256052274345022,0.00014557722636579585,0.0009632673601644408,0.0002644768106776496,0.0002598059695785572,7.509552638525334e-05,0.0006226341566301786,0.0012984820677957032,7.64488713684841e-05,0.00036933148002928496,0.00017542526808844334,0.00011172567301607408,0.0003835783044187044,0.002225366426500841,0.00017855824309896839,0.00015352800974841767,0.00023381840182992164,0.00046579178934558923,0.00023065353114601648,0.00017315616957955523,0.0001345499145423269,0.0002865309232503649,0.001546190137690116,0.0002814458387418074,0.00018430910324696015,0.00027198552751573165,0.00041194400037056764
5800,0.0020749454586965273,0.007298644727496948,0.005116714031222121,0.0004890046257060021,0.0019602553031659283,0.004063653036220265,0.00493173587414452,0.01501631883829581,0.015280154184930452,0.004663078219891759,0.014410331643532882,0.0030077049940496646,0.0016309875725048848,0.006793044767453632,0.013260390859453337,0.039703808487198934,0.005809177232506391,0.002486858800233377,0.0023314799909712747,0.012019667694160793,0.005480658350314535,0.00827261296737041,0.004316018233706321,0.03067528293080007,0.005869682343703942,0.002800332644255832,0.003272043385286158,0.00667179736046819,0.003364751796642154,0.011853051230519345,0.01556305929455751,0.013834407539644208,0.0009959353170184105,0.0009716874149087871,0.009619467388296875,0.0006349943309982921,0.0001468343012184529,0.0002501200803883628,3.718250145703426e-05,0.00015412199087450063,0.0003298356330541286,0.00019624491051217774,0.00021066454019091907,0.000363032526652923,0.00012896777933699347,0.0001394619271780227,0.0007378950187494251,0.0002932483901112448,0.00027422089962375796,7.088813493861711e-05,0.0006900431444417057,0.001335740842478117,0.00015385907172458247,0.00027900003824841556,0.00021316434566838796,0.00014905006847501764,0.0003696683603285697,0.00247392177425354,0.00023641269384850401,0.00016196248042643464,0.00023280803785989215,0.0004780929457447494,0.0001649474329781242,0.00016912930720889004,7.538417816653641e-05,0.00027270918749250144,0.002550571544686266,0.0003351058829958865,0.0001076988799013634,0.00027545857161393,0.0003892747627105564
5900,0.0024070374667791985,0.007977837914411255,0.00652298545416367,0.0006325827738552247,0.0026560536056353203,0.005587341114213424,0.006327596213058343,0.019287856804736544,0.01832484051339657,0.005037570350395981,0.015078805571883331,0.005877961411452092,0.0017659810065665763,0.009528239198103123,0.014713675070036998,0.04081268942051489,0.0066779180228227885,0.002471170554496053,0.0032555172074353322,0.013604250725584278,0.005277236732777405,0.010107939398689527,0.00499872549631012,0.029403974515541147,0.005592551357011193,0.004950227285735309,0.004156745682672819,0.0076815881790632074,0.003296141896006542,0.011446245863255407,0.015879835266775142,0.01611742563993455,0.0011863103214929756,0.001956254319825242,0.012206569060961354,0.0008813302411486543,0.0002155381234394171,0.0006270677324871278,6.473684240781183e-05,0.000265090627152631,0.0003593845700727778,0.0002462953084432229,0.00030418484975598404,0.0004690275697947455,0.0001642354288761501,0.0001644999023743107,0.0010311611475659894,0.0004041885133148071,0.0003211867426514424,9.549293975975492e-05,0.0008551237475890398,0.0019215394701556459,0.00017063022169168108,0.00039720822860545013,0.00028111327653810995,0.00023314124940622025,0.000492345160334177,0.0027293804778310005,0.0002566530999767262,0.0002361468207009938,0.0002538837933874068,0.0005197382297092679,0.00022254542768594007,0.00022811718886956228,0.00014124276114873483,0.00034049983533604265,0.0022878295863587744,0.0003702250142206211,0.00015709331535163074,0.0004065416629570233,0.0004975592310074717
6000,0.0016632681629719602,0.006987418813406731,0.006114647978392895,0.0005326088396171914,0.0026031873995070553,0.003914411054990653,0.00576312623079209,0.01622489800416481,0.01774684598371372,0.005407063799793832,0.017440026991764935,0.004195525800056128,0.002078085855111677,0.0077979994243695255,0.01473232808207018,0.03337347296595302,0.006016646707697267,0.0030020086429615304,0.0034354116380979705,0.013754101080072967,0.005789973914775496,0.008467453915467818,0.004818048993911361,0.026963328915492944,0.005161956204993037,0.00542414824012667,0.0047706800774434555,0.00769765097478133,0.004068543464852743,0.013068580767726563,0.01613864868423358,0.015584975163129946,0.0012389756835051895,0.0011191024795427734,0.01253444978202525,0.00041383208736078814,0.00010651726363538441,0.00029559696800292426,4.07994035106322e-05,0.0002074679914585431,0.0003254640579588669,0.0001510497338585992,0.000287354872079959,0.0002521642733259604,9.374818855935461e-05,0.00010130196793787556,0.0005060230884593789,0.00020964744650697753,0.00019284272117413916,5.6369589814990334e-05,0.0004993723181279655,0.0011767558607971296,0.00011302489238005365,0.00030030606583341995,0.0001661765813408018,0.00012689837339249524,0.00038300596693310364,0.00271105205774802,0.00022260868084976614,0.00017247406747348856,0.00023638134419646424,0.0004029300264648789,0.00012476404992919806,0.0001445537079587109,0.00012643519261877777,0.0003005750015007208,0.0013683656811086361,0.00021725813064058053,0.00022027023214832298,0.0002749952484445195,0.0005176611761271488
6100,0.001507151996151692,0.004892264365076294,0.005317330105754081,0.000394911551232396,0.00208820745255356,0.005280970811976918,0.0038179094940607038,0.012682047696109615,0.013910824141890495,0.004270347468263935,0.014158348893954413,0.004424930808083297,0.0015090407096343397,0.007226415097565306,0.012543028786689427,0.022968714124241767,0.004787709791950571,0.0019231271090817085,0.0026862038045822245,0.011449506210374239,0.005624748422867644,0.007563324646201052,0.004348369694392507,0.020696440575799595,0.006441317096889381,0.003889982379041612,0.004030443238075203,0.005295697706363474,0.0026142626461531857,0.009661534146758757,0.01299079783493653,0.015555874309099566,0.000854293475690873,0.0012221831762491452,0.008203985928250605,0.0006762062353158983,0.00012413208454189006,0.0004893817195724379,7.043723242652532e-05,0.0002836470574436589,0.0003194693792436815,0.00020061719953901047,0.0003360209770107758,0.0002564635190202879,0.00013427976819960016,0.00016023398161775862,0.0008032933227807741,0.0002837596739695414,0.00022659113666781321,8.623419390377504e-05,0.0006222922068340827,0.001693563032555782,0.00013151616440154612,0.00047822920930916645,0.0002676803679009779,0.00020759831768786668,0.0005145799563818997,0.0017008973200063338,0.00022731021984314894,0.00020323691251878,0.00027772364361832537,0.000593159674294643,0.00023719482665443239,0.00014036483316722133,0.00025441730475803424,0.0003570065065613054,0.0017803541498194267,0.00032802883257733494,0.0002941719008049404,0.00036884776945685994,0.0005889657972147688
6200,0.001685912153285195,0.008954024534129227,0.008720490974762166,0.0006537357169201221,0.0028913731401627057,0.006527439059157457,0.0075464157934249905,0.018436844090163006,0.021207522510388727,0.007671339662920218,0.020742258263599517,0.006600041528961773,0.0022306899102686934,0.012246181037026514,0.018013618792482543,0.04045374416940225,0.007347728867898695,0.002912333041917285,0.00378640549024567,0.01611707064723305,0.009911008693891814,0.013029242504022218,0.007080402789191188,0.0350236020438994,0.0072957915972293695,0.005163385882042348,0.006074591445095364,0.007233674950839486,0.003829009903368869,0.017931518124955362,0.026095747647535365,0.023061816302987818,0.0011899267987740376,0.0017596713606444821,0.011452676944221215,0.0007375734536196887,0.0002811567398183749,0.000284727855779982,0.00010889388838759588,0.0003450648029286185,0.000500791436344174,0.0003259275226810132,0.00037190936759543545,0.0005271093452488697,0.00018590518296533493,0.00015274357614803843,0.000650810364037936,0.0003953213941159106,0.0002968430492352315,8.519508942712987e-05,0.001184278351012416,0.0013690714889283602,0.00011832417876576074,0.00048316690427615254,0.000402318477552336,0.00028139859746674614,0.0006851970540611224,0.003608214217820205,0.00029924061688133306,0.00033909294775534923,0.00036730641295434907,0.0008492108015885332,0.0002630960371869117,0.0001788193746940558,0.0002476477436883013,0.0004571390694905717,0.002233545603303355,0.00036979354723128713,0.00019933396129090397,0.0006364054529704011,0.000795234245742904
6300,0.0011389784800927816,0.005910993327873897,0.006249363623889319,0.000531221984377995,0.0022142132058226844,0.005915502568573824,0.0053014550418494415,0.011545084701484645,0.015309971197223294,0.005360503870178945,0.014599589647309867,0.005011285378417114,0.0014134485637910213,0.008050979223987793,0.01159107425581383,0.031240221430683352,0.0053017500947698,0.001797891747743581,0.002873200667506483,0.011444567147664201,0.006327143526700988,0.0071842071172016275,0.0036869020313800623,0.02354202699692299,0.005792150335649253,0.003918034676462412,0.004307103837603673,0.004973843024345115,0.0028783323691801773,0.01255516740991058,0.014971482368806998,0.01536882835968684,0.0009065637673367851,0.000996164438072091,0.00856305541068044,0.00045726604576300033,0.00013751006634110077,0.00016440469922103645,3.832630247405133e-05,0.00019115847624107118,0.0002483326521261451,0.00014287172359672695,0.0002451704759778295,0.0002192650065473189,0.00010051155944127362,0.0001132562226319221,0.0004413969056035408,0.00026558600308845826,0.00014570119621002333,4.498255632576977e-05,0.0005916186624605101,0.0007980378862460687,7.786868409311864e-05,0.0002546393190121827,0.0001995930934158266,0.00011119620942488176,0.0003023296850451809,0.00280402503994992,0.0001408685883051122,0.00012676037172591,0.00017627209672355093,0.0005650520775249191,0.00011614630137328445,7.148874403749171e-05,9.44057984371385e-05,0.00018412207569403486,0.0011923743031729828,0.00019475063862751268,0.00013387408466769557,0.00031368221510344766,0.00038878404157003386
6400,0.0012336277915302482,0.006279384006996191,0.004602121945936233,0.0006147956759657693,0.002406589944015811,0.004884366748488641,0.00396582941826754,0.009547856780580547,0.013136902707548317,0.005404489020293113,0.01171634639045626,0.00433024215171641,0.0018911151366244833,0.007278726674099524,0.01104818396308795,0.02309149076002844,0.0054402670837243065,0.0016516687604893423,0.0034885946058368844,0.010226554157476737,0.005004236003864767,0.0069912910881352475,0.0038898153341142463,0.017390557846132044,0.005994457194266567,0.0037273668218404054,0.003592088220161273,0.004680238318542251,0.0027138775509871157,0.009965102783040023,0.0127624240599107,0.013117816065250035,0.0008637936569339916,0.0011868874614244073,0.00732915714413846,0.0004017120869934031,9.923080321602571e-05,0.0001563712704327455,3.173108788118898e-05,0.0001702181567821981,0.00025433064009585575,0.0001539244792638783,0.0002478898732420021,0.00019575248466265438,8.113466907448847e-05,7.889967559841742e-05,0.00038773266662342633,0.00019817546709965939,0.0001492471846459325,3.9434375098194735e-05,0.0005815324655390424,0.0008723357708125453,7.926260677777463e-05,0.00022540031677079018,0.00013013636026730166,0.00015151958272822824,0.0003186501349010805,0.002178128405375901,0.00016693724704689808,0.00014096199890026092,0.00021756411697424483,0.0004774478917287554,0.00011240866501372727,6.58444809363704e-05,0.0001481260667585755,0.00023126543280116717,0.001960122926902841,0.00017198861845549396,0.00010360485271121433,0.00028206609309724143,0.00029707054927712305
6500,0.0015407277866895154,0.007730345880931795,0.00507858923325936,0.0006438016979070828,0.0022328264810162583,0.006154974922537804,0.0044844785241718544,0.013808292510956936,0.01600312139515476,0.004563241542200558,0.01434447079049682,0.004648548628118041,0.0024264695274530713,0.008011860870531316,0.012862505928355592,0.024404385049516957,0.0046463398722543,0.002685563943291354,0.003094800537967655,0.013383848179679868,0.007223306556723121,0.008120796299148683,0.004924733319348888,0.023322415219930313,0.0048155003339146905,0.0045661645475775,0.004330189290715592,0.00720158611026515,0.004089415416135179,0.011866492984418367,0.014417861215188168,0.015033203615950277,0.0009736522458697349,0.0016132688437802392,0.007035552377298397,0.0003638387715442702,0.00015702705615551263,0.0001981119379376072,5.027365102020656e-05,0.00017870506715667034,0.00029333232056944056,0.00033680871410979307,0.0003265748045123473,0.00024027574555044625,0.00010301682198252437,9.95129964849184e-05,0.0004810813091975625,0.00021258610286167823,0.00019869984260696645,5.808768830981783e-05,0.0005060309317514111,0.0010804830308188684,8.515131994499825e-05,0.00027837822809877774,0.0002087047619640763,0.00010067248801574765,0.0002675158158879601,0.0022616651035605173,0.00018392880977242184,0.0001885937573451184,0.00020124832978278087,0.00042982009086034684,0.00011260287874392816,9.08907666287321e-05,0.0001570684513959956,0.00029453497853711424,0.0029981787260372323,0.0002290108639063111,0.00012567600265356305,0.000273446135809406,0.0005552616756176576
6600,0.0020208662683856076,0.007823272882012167,0.006926197243349937,0.0007673235253605526,0.0028968956030439585,0.005903829570992717,0.005300107985843375,0.014942669906874881,0.015335360985565923,0.0052528379746945575,0.018290522624019902,0.00531759873514862,0.0020994627901183612,0.00797093854105862,0.0129831358213029,0.03016601862812725,0.0057749254774535075,0.0024690022058431295,0.0042108573917565605,0.012634909108577024,0.007834619761020943,0.008446458830543893,0.005575553984866323,0.023960557812824846,0.007592574176265366,0.004639232298359275,0.005016463992844012,0.006967466232405665,0.003977724146406057,0.014258338995146445,0.017432978771879184,0.019762394470699992,0.0009738579687844042,0.0018101470814567725,0.0073213937434451915,0.000492522660717246,0.00018902411270454124,0.0002073226504018583,5.918847011113928e-05,0.00031010683528620575,0.00028910099574707776,0.0003730138450919185,0.00042379652015824833,0.0002493419661301519,0.00012257790310142905,0.00012448954741362935,0.0005269267055649706,0.0003577024965508713,0.0002028340113140765,8.323570000356995e-05,0.0007435367987594733,0.0013607620676339138,0.00011740215668396559,0.00038672211301635966,0.00022116597053887933,0.0001720225265196198,0.0003816696137628926,0.002763818315543176,0.0002532402919352232,0.00018629606596592705,0.0002097454169415869,0.0006476624465688875,0.0002145388475793408,0.00011790306778673946,0.00018058018334462153,0.000433403405622812,0.0024803685287874294,0.00028513239494608637,0.00019103855947832926,0.0003742684956277491,0.0004471040760108735
6700,0.001099764110984177,0.0061021162810330105,0.006064684290322475,0.00048602714425494646,0.0024285978293915786,0.0044140899969664004,0.003823129205293005,0.011955512108197938,0.013469550412704433,0.004073812997376081,0.014251795465329283,0.004158445195608525,0.0013081304280080296,0.007285848582272813,0.012453809355279458,0.028695875060899805,0.004781022848224633,0.0021743276427261225,0.002112828606706379,0.01182324288874952,0.004594173927636383,0.007266563862815799,0.004232003606593935,0.02355132981125886,0.004946482706463217,0.003368237451650202,0.003152276554828859,0.007495915223747336,0.0032906947018893655,0.011035792615896958,0.013754835169917594,0.015872409047845464,0.0009644517690918957,0.0011960193610849634,0.007962009072596428,0.0005919611903055154,0.00014663692684579424,0.0002270451504128604,6.412367689193501e-05,0.0002454816814321248,0.00030413256283591566,0.0003051065286854282,0.00024335887270581223,0.0003133158587795486,0.00013449074582288297,0.0001312155533988906,0.0006741162943127851,0.00013517384463224147,0.00022475394016627717,3.65740976039061e-05,0.0006989842736087527,0.0011151735537472025,0.00011993414082098753,0.00031989387878416075,0.000326198072171196,0.00017882109891202575,0.0004142581101894061,0.002252998265248607,0.0002367671707364454,0.00021767097988021516,0.00014700082829222083,0.0005269382351226311,0.00018448402281760705,0.00016304259038037885,0.00014618098137159704,0.0002801861250273677,0.0013204391431957316,0.00032632931767524964,0.00010808896172420646,0.00034205851236473783,0.00048343806483899245
6800,0.0012334086516578256,0.00532925676412156,0.006274042626804051,0.0006639786001659769,0.002536242710805168,0.004407526792160102,0.005455223513220722,0.011514812577147763,0.014720393386665772,0.005104257994389627,0.015233226829563429,0.0032612343478534483,0.0014595583497518392,0.0069715895171446555,0.013531001738053473,0.036441416489348434,0.0058598346139271075,0.0019141416410956814,0.0020830519014063092,0.01079599140353821,0.005906772801245097,0.007778533225583877,0.004130195283796639,0.027192628290504218,0.004112770233058697,0.002788129006512463,0.003610903562202434,0.005010340111766709,0.002979422511656166,0.01130814840167483,0.010852295068228462,0.013894834570237435,0.0007643860464685741,0.0015500806425628726,0.0065819031187857036,0.00043908118574315883,0.0001690471610246684,0.00020243484691077768,4.307207718629359e-05,0.00015800069328975042,0.0002452960751522001,0.00021656061130670423,0.0002778049770995494,0.00024028009489771457,0.00011668729599047143,9.761028045269475e-05,0.0003738886934227418,0.0001388290442179141,0.00014702223571585535,5.1929567400127944e-05,0.00047894604275335533,0.0010491612726279225,8.115329510474111e-05,0.0002265289044400412,0.00018714729481746024,0.00015522070232133376,0.00031297938694870123,0.001295381137424556,0.00012469366974225218,0.00014026921461174005,0.00018462808742090905,0.0004499097723001669,0.00011382659097328676,0.00011821338761660013,8.858247161293143e-05,0.00021145514903481228,0.002048050413317729,0.00018709089213336984,9.5471141435155e-05,0.00025879713000392235,0.00039465705485781656
6900,0.0009255752567106676,0.004241815625627404,0.003463586253928952,0.00035546610514966933,0.0013290452041911534,0.0044902306399308145,0.0026685829096887545,0.008542612021140967,0.01093654148963605,0.00387350448363577,0.011289312626396156,0.002316522415565821,0.0011519227634628558,0.0057243470763558325,0.012974888641281938,0.02890288543373269,0.003769776727451591,0.0010467613672379321,0.0019643651217588092,0.008818064571623836,0.004342949074117104,0.004680791022110498,0.0032490408728578285,0.01789970129611902,0.0039958242149233615,0.002306758105987683,0.0026990774193167925,0.003545829273207346,0.0016907855409526212,0.009180200335087589,0.010009878216854607,0.011149648814283025,0.0005252257141672947,0.001096091867323192,0.004196583994497714,0.000360086004152192,7.183449638597195e-05,0.00017902539544097223,2.5915409578538604e-05,0.00014544328053034405,0.00021136719910731352,0.00014962300201659673,0.00019964225800777057,0.00014470866507939432,8.057477176216229e-05,6.298903650677597e-05,0.0003113429044804019,0.00011647504284439947,0.00012730055655455982,2.685466671953856e-05,0.0005501549432437968,0.0006344633250895034,5.8968204757547935e-05,0.0001924337065878606,0.00014490181296548992,0.00012185749995875416,0.0003102980610042665,0.000797775178853044,0.00010588168391399854,0.000131289518982997,0.000144219649034009,0.0004159645711085862,0.00011682660387390553,7.534218417145762e-05,0.00012448121580948483,0.0001612399349366345,0.001193940559330388,0.00016711243033439688,9.52458033793846e-05,0.00025220548586386805,0.00034039546226267704
7000,0.0016330235972615097,0.009277227502294679,0.005735370408122738,0.0006847723400614296,0.0033989994805284094,0.007212974164368851,0.006384678308031946,0.015011679816833587,0.02262196429956596,0.00685582468577195,0.018150390955090613,0.008099666550430012,0.002137390348996798,0.01218520654947497,0.021437090072268964,0.037897333248110954,0.008922944901357931,0.002514906688829106,0.004254335824433448,0.018369523750989172,0.008724018350067825,0.010575407426845882,0.005745844719252394,0.03293211300139471,0.0075218036911951095,0.004093486361671239,0.004742241403531103,0.007388041808250516,0.004497667836703305,0.013953956773254885,0.019019619672714424,0.020385562498212002,0.0012826882247054527,0.0016482466157338972,0.00836221438839857,0.0009589676143276295,0.00014140140480453498,0.0003268540733849725,5.0157939477433403e-05,0.0002914514518579381,0.0003784517807907058,0.00030780217366555007,0.0003078452594081682,0.00041341089576905546,0.00013506568378177593,0.00012741275325619687,0.00062138811626299,0.0002589389027995992,0.00021679784327355671,5.8345664745667655e-05,0.0006402168167719187,0.0014347909745993093,0.00011705242104653735,0.0003405901777244123,0.0003176250647811685,0.00018447445241194643,0.0005219845815024386,0.0019039948829231435,0.00024093974128744676,0.00020787099585084853,0.00036218678117923747,0.0005442173719786531,0.00016013481016085717,0.000149090250086882,0.00012313115783197444,0.00036360308893728705,0.004280995253793662,0.00035827072886042107,0.00014655986558409495,0.00035920988146726277,0.0005903095945541282
7100,0.001472661974607822,0.0048073811933001575,0.004429979244984376,0.000525487128554512,0.0019666031008524396,0.005632555029088897,0.0046991515452147374,0.011809789639051351,0.01448524164798188,0.004268682616384467,0.014811180073683105,0.003562953791756905,0.0016392955316625762,0.007026014736435503,0.015006889983402182,0.02776795151294209,0.00565734951556979,0.0016703427764822882,0.003067819080440261,0.01171348138757215,0.005848220158748938,0.0068825504250915924,0.004793146477313712,0.024543052881684464,0.0048086644190276735,0.002822804031893611,0.0034644350487782975,0.004685066051630808,0.0029495785962995688,0.011757845021718586,0.013216199946473352,0.016849127853325065,0.0009604365641214721,0.0019524581265677413,0.007329330875412173,0.0005277069215878782,0.00011660925931559967,0.00018568321419562298,3.198093907989657e-05,0.0001293172880707516,0.00019338833199990984,0.00022926296060177265,0.0002126163836919659,0.00024601405110795323,8.628471875669532e-05,7.646819093289585e-05,0.00039150436926623416,0.00025879586905475094,0.00016529964242526432,2.7940876861975994e-05,0.0004518626058702816,0.0012721230256526421,6.841224458185025e-05,0.00020586908388451068,0.00020533464358495307,0.00011883447072333101,0.00033314637188087417,0.0016606464041615254,0.0001864802831429794,0.00013431473068102116,0.00018880600515937355,0.0004567655436017293,0.00012263978931901807,0.00010364343483046354,9.303205620704425e-05,0.00014858287847476146,0.0020454301623301164,0.00020861563774347253,9.806773084619635e-05,0.0002372916116718741,0.0003060394803469535
7200,0.0012731714559531364,0.005615578521327633,0.003636330157557192,0.0004005566189824514,0.0019791796466385758,0.004884614018789891,0.003363979632277117,0.013103838715823275,0.01747725101174033,0.004323726385337068,0.015426895656819846,0.004668715335541566,0.0012789923407994634,0.008972009567184035,0.014417902551041847,0.03493982116197003,0.005662218051968791,0.0018712822220780404,0.0023364081405036685,0.014318166092828809,0.005669125549103718,0.007803728227632486,0.004095006993011339,0.026354839520839352,0.0055348450765623485,0.004204300208948552,0.0032713579699526645,0.00495799502217172,0.0027763166273122326,0.012067467276797434,0.014569138165097684,0.0168896909767332,0.0009722736360209602,0.0015974777620718923,0.00949923961161403,0.0005088674559041399,0.00013457783150347256,0.00019312668552050707,5.456081493025248e-05,0.00012526869963380705,0.0002610747669194175,0.00022577402251044987,0.00022981293091106636,0.00022737163645184696,0.00010626974837434414,9.403357392849492e-05,0.00039604855957900566,0.00034739108975756494,0.00017413821523922676,4.592228577332042e-05,0.0005284421219042858,0.0008085848130576778,9.330014800070784e-05,0.00019167608657806674,0.00018245531219722108,0.00015575921179333818,0.0003860566687381511,0.0013005316973249137,0.00013038826685058465,0.00017140673151936007,0.00019459836063712526,0.0004828182978117575,0.0001286415966066872,0.00010168365714652044,9.616216316822424e-05,0.00023658804597785505,0.002847461436041548,0.00024556885121216417,0.00010003054455864913,0.0002590123201972507,0.00039717014660709535
7300,0.00177334854187565,0.00601950710956266,0.00695644403216041,0.0004923438632361537,0.0023326418458158443,0.0054862137933793876,0.003649135009900126,0.01565384246864329,0.01644647254029166,0.006204414035892114,0.017663988708568747,0.004961892513425222,0.0020408446434885263,0.009344123570454858,0.014831659383558229,0.04177955740306061,0.007118864471738648,0.0022542882681959838,0.0036665368430216666,0.012313329373064334,0.00727962598168163,0.008332409283736655,0.0054543349948168425,0.02678615601034835,0.0072710583698362965,0.003944047400727868,0.004729746365433863,0.0056059581705388455,0.00356844426577856,0.013425113282972878,0.01599946668643194,0.021732347529345695,0.0009175740402823224,0.0022903768575667717,0.006851405612501872,0.0006177046907721108,0.00017323673415902655,0.0001981121695280308,6.467987090360681e-05,0.0002441993059960623,0.00033340894795381906,0.0002686432083010004,0.0003054111572282636,0.00028340029530227184,0.00012279941598822725,0.00013771548395717607,0.0005358033895869372,0.0005019475156018416,0.00022752085837886437,7.961319203208073e-05,0.0004977005460082532,0.0011615417364131038,9.288647488574498e-05,0.0002233593397843889,0.00025060898682066434,0.00017291354437144366,0.0005304049899413874,0.0018197758186033752,0.00024303473885191175,0.00023621649427765917,0.00023023114202563494,0.0005142975473141652,0.0001587522268043476,0.0001823846673236862,0.0001535918224059666,0.0002769392524885018,0.0018928912512430024,0.0002935627945819324,8.592127170459207e-05,0.0003092509672810325,0.0004395271935209166
7400,0.0016395773371776748,0.0055398424447048455,0.004653773731358039,0.0004027347000653838,0.0020942781541439044,0.0028937056111837073,0.002807781930201717,0.010822515159459584,0.013919889056546996,0.004747240789583884,0.014482915085268977,0.004679424057142068,0.0014232484077872482,0.008029352808300631,0.012169915486318881,0.030593678255778894,0.004768870511768563,0.002041079703706635,0.0023525228680227883,0.012081419134192401,0.004729380872238555,0.005939536131336354,0.004079755582885506,0.022444292563401785,0.004828686141124871,0.0025356835685670376,0.003426587773696332,0.005745034219823235,0.0028054529426085268,0.013060547919350586,0.014931970278266817,0.018267765177789934,0.0007679885674386574,0.001140717162956588,0.005060084774514608,0.0006152192165822205,0.00012041855441455745,0.00023420635014562404,4.6149723008297825e-05,0.0002042085883999789,0.00025884183898664985,0.0002070285117952153,0.0003294791090638682,0.00024651835964935965,0.00012572775025259227,8.586786401078175e-05,0.0005268111700595973,0.00025930580114241764,0.00018280558893185776,3.710001291520629e-05,0.0005661994082909307,0.0006489012193924282,8.242720996349817e-05,0.0002147639679977295,0.0002709861052200471,0.0001458288370486116,0.0004153392623539799,0.0015633216225978686,0.00014172950980808865,0.00013867633148877828,0.00021331434036255814,0.0005044442005888042,0.00013764182703771103,0.0001355173798082113,0.00010211952727937994,0.0002879839001299795,0.0021528212393085206,0.0002532213414745625,9.767362877255437e-05,0.0002718462559404994,0.0004519286063441541
7500,0.0012089823839404915,0.005370239125719915,0.005015954428624052,0.000395520670868931,0.0024276749918729513,0.00256601331057027,0.0035185621487295476,0.011247554224645878,0.013712476732933606,0.006010909914039075,0.016283109941682205,0.0032943619007710367,0.001505173695146699,0.007963476751959233,0.013415842298555242,0.029180130336802296,0.005610643298322906,0.002031149326446407,0.002519597926168769,0.011244055421290493,0.005568847850337569,0.00667495843663346,0.004454336323251482,0.01920961952516033,0.005476596950583847,0.0028671381529420613,0.004114686460114524,0.004674909113721999,0.002789997330204214,0.012028836286199588,0.015080581055760073,0.01753663791057009,0.0009507618477427443,0.0012580342847793998,0.00547145613422294,0.0003896902542907453,0.00013781327368328196,0.00029764707158557775,3.857112179470146e-05,0.00023358816227414536,0.0003430729590239393,0.0003902869780176843,0.0002600017521672271,0.0002557377055812762,0.00012737433012022703,0.00010696162498788909,0.000628919465637872,0.0003692396896806116,0.0001659898546692822,3.379492260468066e-05,0.0006083601751225404,0.0009847715870516065,7.240159666253022e-05,0.0003178660322284523,0.00026913769171846194,0.00017945019323468097,0.0005477742438562282,0.0017774137113519828,0.00016559473601142195,0.0001572409615059419,0.00021208568092940066,0.00048596808442296176,0.0001735435031525446,0.0001387868196042627,0.00010851853908712251,0.0004013273864866396,0.0010085731478933926,0.00026876992106349097,7.373180801550916e-05,0.0003761675081989802,0.0006492515116406139
7600,0.001507119361294089,0.005361491258049177,0.0057328703939371435,0.000618335110965955,0.0018963308004136315,0.005459780455566943,0.004701351029765529,0.013451688409059345,0.018050436007210402,0.005102123257529456,0.016613662085872442,0.004687850425101232,0.0019090854506375213,0.00855361546035221,0.015364077583431293,0.04819693142781034,0.007200536389367092,0.002577853033575524,0.0028880456707806195,0.011560210687445458,0.005751275313811605,0.006239408162010867,0.004873363980829405,0.02372649669802437,0.006870314083951396,0.002452383795753121,0.004468052617261081,0.005782502202540248,0.002946905021021581,0.014246907220724333,0.013410301861197998,0.018583423303565584,0.0010883584195358236,0.0019235304140280743,0.0063745757280331515,0.000787405631241102,0.00010248591889786727,0.00027459404635589056,3.021780648453617e-05,0.0001708653043550612,0.0003078959521988199,0.00018572188128018752,0.00030485660922749955,0.0002260028676525843,0.00011126344458094345,9.367208133588584e-05,0.00043397109986567797,0.0003010450983982338,0.00017232774469620976,2.665488926306187e-05,0.0006065870220167059,0.0008521675905891849,5.438529533421388e-05,0.00024120779521674232,0.00018009626226808779,9.41011158540112e-05,0.0004088428340569359,0.0018403030426270561,0.00016568893175556495,0.00014138847055409525,0.00026795880112331363,0.00044906265450037454,0.0001365612987014073,0.0001315772626824312,9.454632911203791e-05,0.00020516264401096549,0.0020330271884501728,0.00026802108351685295,5.8459214358208555e-05,0.0002459441514077321,0.00039378319124807606
7700,0.0012142644826707437,0.0042668577214633975,0.003164056778283945,0.0005864585606804422,0.0020016410941209443,0.005263461149297655,0.00357902170235907,0.011503258445551254,0.013564021386812357,0.0047174913524941076,0.013957861035898397,0.00383314863292795,0.0014958916347523248,0.00727398231692584,0.012139823289694237,0.03091130866475093,0.005330948261395125,0.001804329286630802,0.002663457340012038,0.011238780796071903,0.005126332683952429,0.006257924354680914,0.003733579742402071,0.021718280977802353,0.005362078837851951,0.0032379543175920845,0.0037369258183125274,0.005063809222823086,0.003056977080568151,0.010836130827409496,0.014510603064360719,0.013405241546794198,0.0007597034918092049,0.0015026999684735972,0.004869048009924073,0.0007934067899222035,0.00013838305770862367,0.0001402864665826862,5.3697363178601455e-05,0.0002354426643194074,0.000391811640461225,0.0001569751800616359,0.0002981719165290997,0.000171276581903313,0.00012956523941236235,9.230084181613815e-05,0.0004841918261534598,0.00021173007759855977,0.00019734798317766285,2.742930804412357e-05,0.0005755728485995021,0.0006721221179759596,7.214697179733776e-05,0.0002037033863583632,0.0002708661056109624,0.00010576284458610726,0.00039997689639686317,0.0012006623951492656,0.00011095252122256877,0.00015367700192165594,0.00017393592170265038,0.00045705711110874674,0.00012358196030748804,0.00014354552804270334,0.00010198758799459838,0.00021021305713463345,0.0013647215027958737,0.00029098360193259966,6.820098036541822e-05,0.00023499647973574824,0.0003615355766669381
7800,0.001542900731323784,0.0057622243012129155,0.005390764485734205,0.00051562352027059,0.002488653048525912,0.004071145900525153,0.005709575092917094,0.015966331066082085,0.0162812829112572,0.006015505321556702,0.017964770777954397,0.006621371212383324,0.0013962510638521053,0.009067004318984056,0.013341016355415751,0.031395170988010555,0.006371148958610969,0.0030452981300186366,0.0032208670787180643,0.01302078217392894,0.005777809988117392,0.008684571382348492,0.004347361076215747,0.027008932580550513,0.006171069086006369,0.004701398953329772,0.004254383367116398,0.006771877484425204,0.003921630402071648,0.01316188937890993,0.01695962776352341,0.01942589039502379,0.0013490694099009314,0.0012894049887954891,0.007581549006216746,0.0009254279745748915,0.00015649330077400535,0.0004269603883089572,9.534009727594163e-05,0.0002688316906187538,0.00048370464251673454,0.0005439771830424434,0.0004543893938716792,0.00034888365323575653,0.00019194920230227963,0.00012426369730746955,0.0006080293941634233,0.00022510909310824445,0.00029730364560142834,8.448681298680391e-05,0.0008718091365503474,0.0020787045990194506,0.00012553155356727076,0.0002995808918429396,0.00036561841750818564,0.00020912253727477616,0.0006012218590151088,0.0024539096839362173,0.00047994969778149726,0.0003267400335971615,0.00038471341201026614,0.000795322430307625,0.00018433313720499377,0.0002560629164273033,0.0001738175568688247,0.0003690219681712651,0.003320721627200588,0.00046275631247145874,0.00015439476931078389,0.000434061920374052,0.0005979375666356646
7900,0.0010732831795492628,0.005709466083014074,0.003269493223342579,0.0003518240361070359,0.001886089514715146,0.002806413103826344,0.004997808264423868,0.015226321925415415,0.01808884163191682,0.004208493326586904,0.01261740010567685,0.0047989025962514075,0.001221753188116109,0.009567559561577527,0.017020555566705297,0.05272516178229125,0.006253148966303949,0.0030324264430246447,0.0029760122976897818,0.013903608814871404,0.006743312921452554,0.00779872909437732,0.0037276927970621423,0.03387895870837383,0.005239096591645244,0.003993050404824316,0.0034243512512647056,0.006181171817540114,0.0036075328659909943,0.01086064554305443,0.01491764449281618,0.016638806775937647,0.0008727077397998948,0.0015759735180920892,0.0061382792268381715,0.0006793768727797149,0.00013433680842174573,0.00016289171365067224,4.635491885541758e-05,0.00014356580868479796,0.0002220316808819568,0.00010913500591414049,0.00017135688407279303,0.00021788012432616118,0.00011434068682750589,7.961611889868436e-05,0.0003667872131285421,0.0005504509048250839,0.00019060719328982832,4.096540785460754e-05,0.0004289260274215569,0.0010434498441706335,7.202779215731425e-05,0.0002218439247241934,0.00030051318064014875,0.00011846810829493651,0.00040805285268977047,0.0011817696313300985,0.0001219244429806723,0.00016943666978827074,0.0001041846648149658,0.00043385251908676444,0.000109170558792576,0.00017035965052642282,0.0001138205211140707,0.00017135443178111536,0.0008496388079168225,0.0003064313346132416,5.514081084356803e-05,0.00021945366182715115,0.00034909030473500023
8000,0.001757664689132464,0.005699372939825816,0.005207983459210179,0.0005983622489181401,0.0027584280253939116,0.006575539758029793,0.004816703818270922,0.01651872031074805,0.014342187486092855,0.004507911678956589,0.0174892679992977,0.0052103447782502945,0.002121719759253954,0.008689108281528619,0.014258334668514127,0.02947032221466846,0.006510570605487807,0.0028706125346236403,0.0032675247992821304,0.011751737773920468,0.008182122706553996,0.010155450406143376,0.0050332924450049174,0.03135774660622701,0.007433469115875639,0.004628323460929095,0.005201860494766621,0.005968297600096169,0.0035662888800930778,0.013232779968905473,0.011646752985737597,0.019835255350559376,0.000932248363935829,0.0025424512509003806,0.006804754857512307,0.0011911900420297375,0.00027255886326010544,0.00026746241407884304,7.626330889580864e-05,0.00021785873494195584,0.0005808229223553196,0.00019729202995222295,0.00035860485631928897,0.00045270797808801656,0.00025655227584234366,0.00018732034973579305,0.0007100034961599464,0.0010112755747115898,0.00031508262919754184,0.00011839080550337464,0.0007198116492698038,0.0019983951363731953,9.976209621527232e-05,0.00023785306351857465,0.00038613217914424807,0.00026554918188346414,0.00045229639453213833,0.0021236504371699993,0.0005321722468889018,0.0002615461254663387,0.00022113802418364988,0.0006189033131665373,0.00017825127393256967,0.0002250654977303982,0.00018282953977985826,0.0004196682878607028,0.0033541837609456187,0.000399042400782572,0.0001359854388738313,0.0003400831155370518,0.0010349109266826416
8100,0.0010281173928789842,0.004466307341149163,0.0032636176838423125,0.0003378164567038766,0.002187939896211441,0.003476691831435476,0.003158352580113945,0.012748333733778802,0.012967596490150616,0.005158687104994897,0.014551583242589712,0.004491079167898849,0.0012122966520220154,0.008354575620835407,0.013471433697807643,0.026691023878811393,0.00499754062452883,0.0018839190407918436,0.0031083778698562776,0.012603512841233169,0.006071656499978837,0.006335413752822205,0.003965676846928545,0.02554744593411063,0.005443696148595625,0.003550003794953227,0.003718993229467155,0.005097145000036107,0.0035679760027800085,0.013159612177039362,0.014981620303199937,0.015227215228011258,0.0013006044049243078,0.0011666515771604853,0.0065361740036880495,0.00044904925545097285,0.0001308571424045256,0.0001596666531688904,3.765604363372886e-05,0.00013742763562163418,0.0002218154752378549,0.00026699641512095695,0.0001493669584192503,0.0001698706346360268,0.00010365238134143414,8.813804677174631e-05,0.00029435097283631126,0.00015425405204538833,0.00014785561847733772,4.681276699226476e-05,0.00045051704458693657,0.0011185159601154737,6.375797638611403e-05,0.00015837002346026047,0.00029972304294241097,0.00019175495855382576,0.0002835316835473584,0.0008317849815284717,0.00020448988879530184,0.00017051429920054664,8.21338064270094e-05,0.0004236299414747351,0.00011610760921756637,0.00010724688633451258,0.00016363960457965732,0.00012465001472347384,0.00046774161390723227,0.00028301922574081755,5.8313287695455074e-05,0.00023365421850198684,0.0005880610060557956
8200,0.0008901849180777365,0.004302316449293694,0.002353419941452254,0.0003254452482416617,0.0016033063515397438,0.00223764285328798,0.0028919532198356575,0.008592881692154561,0.012807319943367245,0.0027218986178922933,0.0099496974997484,0.0026032653315306393,0.0009146412866715709,0.005985934034414999,0.011443823730052613,0.027704928877938073,0.003946371456116876,0.0014626774628377001,0.0015615599019968482,0.00862203912557258,0.003984119589656005,0.004655559731223288,0.002412855689059749,0.019535205039816598,0.0039521006648779835,0.0028622134122997522,0.0021418566669038435,0.0034045066980373426,0.0021474418412681722,0.009501276935958642,0.010489856025281673,0.010117216304374428,0.0005341449638704122,0.0009544832489979833,0.004180220254258731,0.00018559348909263917,0.00011936713108477641,0.0001744703452211318,4.912182917489343e-05,0.0001354017006462982,0.00017485945400910576,0.000123094611126362,0.0001582509727654724,0.00011191640968670407,7.555958030168672e-05,6.482320520555212e-05,0.0001893763510851019,0.0002833177587007185,0.00010304857827271729,5.050505387771409e-05,0.00041352574556955145,0.001015810520281472,5.3043731077195845e-05,0.00014087697658099813,0.0001723921997271928,0.00011679621724686677,0.0002460009387329093,0.0009592857659299625,0.0001718856791891691,0.0001399256277216829,8.518045566840253e-05,0.00031036835556249334,6.84220270493875e-05,9.464345901112727e-05,0.0001341601881803298,0.00017381809571556265,0.0010791247069781612,0.00016078644263564735,2.611060381241259e-05,0.00022094743189691066,0.00040059869825199713
8300,0.0007715748055783774,0.002966143509386004,0.003232020106224809,0.00028138338448815584,0.0011546037397848418,0.0030955481426125126,0.002651188848616467,0.007880297295831078,0.009504607061150833,0.0028344950151222292,0.009120049670102926,0.002791368652893021,0.0010505215733163905,0.0056482295902131946,0.009487588217576986,0.01947441680628496,0.0036399075418427984,0.0013811101047786342,0.0018906845465867914,0.007599358497997552,0.0040468183140791765,0.004418415418123394,0.0025446152707445436,0.016778285028218914,0.003996909680912116,0.0027169478125870228,0.0025525413917245215,0.0036808569566346705,0.0021825602599111495,0.008961641626756904,0.00945933909737505,0.011413933577177186,0.0005566934256277223,0.0010501553606234158,0.003911394518783911,0.00038585622440580537,0.00013610590067221557,0.00011767131792856327,6.789361983815562e-05,0.00014563592952754334,0.00023690564833177245,0.0002097506653626624,0.0002086360788325692,0.00018363865523210015,0.0001540742995961122,0.00010399634074929054,0.00028570773842498935,0.00022455610659122271,0.00014427324738766528,5.2637442587927744e-05,0.0005541127470328669,0.0010702434398505527,8.350116731890012e-05,0.00019611108235745187,0.00026867074221031387,0.00016388905917417353,0.00039402928081061316,0.0016036900042308844,0.00018144893222900768,0.0001974271832715693,0.00013261032551478518,0.0004713892329247208,0.00011274237244486408,0.00012589098435922564,0.00012468264443062557,0.0002694966124653984,0.0010835969561802422,0.0002315448135590259,5.5314862549948884e-05,0.0002901020512875702,0.00048514538211748005
8400,0.0015093541850227346,0.006355524293785156,0.004066795833447638,0.0005465696513755785,0.002547253497037742,0.004151614166663161,0.0046803504346532845,0.01599088230343078,0.015729559104214256,0.005866051149496343,0.013645461542362255,0.004996111606098046,0.001434811453994674,0.009304112775708112,0.01767701348717845,0.04171308805719794,0.006288889809314112,0.0024267056189872373,0.0032575684849039783,0.01449372950422306,0.007225594468484185,0.008139052484433964,0.004551038228091784,0.02868564915067206,0.005296103965982126,0.005325370910577476,0.003754762688444199,0.006204248652162884,0.003759706643348395,0.012747866740321643,0.013910874612338375,0.015176834968420176,0.000903919655194421,0.0018219183130620581,0.010116301891280778,0.0006897763346224954,0.00018099864238245957,0.0002581618256375474,4.653264506421429e-05,0.0001713254521291674,0.00027689482319263024,0.00016660393430356635,0.00024211089207710758,0.0002405006980552571,0.00014658114728981195,7.518140830273166e-05,0.0005258239433188512,0.00010419765613889354,0.0001843148024190982,3.8857414107372854e-05,0.0005884157992708285,0.0010695297848239231,7.495129357266705e-05,0.00023248023988307236,0.00042546023604668806,0.00013439834419221535,0.00043969030810976325,0.0011278821284577134,0.0001560625231636297,0.00017144166090474756,0.0001395812378177652,0.0005661857187680007,0.00012428890420587187,0.00012112523039307619,7.449741416267998e-05,0.0002074331774896233,0.0008167154852084682,0.00030967821500038986,3.3190483293310535e-05,0.00037415784826208906,0.0004566166870063171
8500,0.0019180939135686778,0.007027433312032372,0.004709887100034393,0.0006615668171154819,0.0027523497541367277,0.00543845711009843,0.004082047184437537,0.013118932207255378,0.015755801370618473,0.006374962511472404,0.014182619676033443,0.003626203650388301,0.0021283553461685324,0.009339265326685343,0.018762610725859892,0.04647312206604207,0.007454533261244208,0.0027474530247155035,0.0035527320661848144,0.01437057397304064,0.0056454217553926775,0.008404351599373123,0.006078576991955439,0.026953272657313693,0.007163617185026865,0.005063640233129263,0.004650978543894223,0.006994072037438552,0.0036249054695123477,0.012566116242059281,0.014553482176270336,0.017281362066009585,0.0010977790883937534,0.0022914979147804675,0.005542262665888605,0.0007386282704991183,0.0001712780514911796,0.00018306584876303202,7.654081714627612e-05,0.00022763022286653722,0.000311159898109644,0.0003193228862983233,0.000270103444245251,0.00021546406385727766,0.00015297755704810507,0.00010707720043358546,0.0003127029130426532,0.00037390777428214506,0.0002078633672657941,5.088642658599631e-05,0.0006718032280332408,0.0014937737184178939,8.326118186232633e-05,0.0002193596329673209,0.0003299616936570162,0.00012021321464833983,0.0005049376375472513,0.0014539020630763844,0.0002673185835628071,0.00021855417260387464,0.0002204490461735986,0.0005164533116233846,0.00013444399471672518,0.00013844301099140408,0.0001093167090099693,0.00022577451099178606,0.0009652590589601979,0.0003228921729275623,4.879737963392472e-05,0.00030222304284881614,0.0005178265178983566
8600,0.0015781679573862945,0.005461578208336572,0.00447933905525133,0.0005215651537442822,0.0018441702206611716,0.006369543943687209,0.003584429694749434,0.011900939891989658,0.01554864210421225,0.004765511937875999,0.014388362776150677,0.0049576892011011335,0.0014696632071828583,0.009225183061833817,0.014392664342620478,0.03407453425703958,0.0057870950030129665,0.0024492875927074847,0.003220494545530528,0.012702681125835322,0.004556441318275644,0.007261982812321678,0.004583100667805411,0.02830580111864644,0.00493422543709924,0.0056192930554971095,0.004298283129672552,0.006398591767113733,0.003973631674992194,0.011234699550949434,0.011684184666179742,0.015013282458172537,0.0010193520717420002,0.0015577772954117768,0.005663255462422967,0.0005951373367655119,0.00015104278756888036,0.0002994736056610815,5.8088540707826885e-05,0.00023612485199464572,0.00046730243933238173,0.0004161184151598718,0.00033543152133006513,0.00019078608602285385,0.00016229289403063855,0.0001263561378144524,0.0004353823625231662,0.0003698255558894914,0.00027238631463629207,6.651870551815426e-05,0.0006658039978551992,0.0015167451565503143,8.771325919951778e-05,0.0003314953576090356,0.0003875225324761765,0.00013680532629223308,0.0004964494212516158,0.0009808242866711225,0.0003044499572347882,0.0002152487828075559,0.00023511722465627827,0.0006459706561788142,0.00018348095285971425,0.00015510033751303814,0.00012177915131259296,0.00028884680614282843,0.0024388214504662237,0.0002815518069258272,8.388758260480245e-05,0.00042296549130727375,0.0007483925925043877
8700,0.0015460096843231145,0.007923381717841106,0.004298011883899259,0.0007347505110933875,0.002339909411487877,0.005656176778887,0.004453703566468903,0.011019849255378586,0.016773615854922756,0.004878963372902945,0.012831844093639513,0.005023822616619457,0.0010178471680829357,0.008377076101499948,0.015853124716052075,0.03940586740403281,0.005633042208154663,0.0022984738347468356,0.0019028220932731138,0.011786125671618113,0.005224489046696153,0.006062749824715346,0.004314932368482308,0.024521974846720695,0.005487777425947743,0.003471767494920641,0.0031648548129822067,0.005194989769127763,0.002484149412039722,0.010939283184510009,0.011852432007047659,0.016411895926397007,0.0011041785567202239,0.0017480502170909922,0.00664234164833033,0.0007190780642361005,0.00016642329311659858,0.0003138411872317771,4.290921094981245e-05,0.00010734460221328845,0.0002694348691014231,0.0002624273670335242,0.0003080865840502156,0.00018590429039920165,0.00012159454566627622,7.225182708582776e-05,0.0004171980288032373,0.00037995155432923866,0.0002053789443348721,5.239385857500813e-05,0.0005333946411942984,0.001071167873305967,7.326704271690688e-05,0.00025823796998765273,0.00033518683530615065,0.00011661370002581283,0.00045563715993725913,0.0013717551300942432,0.00024308932516861305,0.00023541787684804987,0.00017504162218150062,0.000576706868193019,0.00013666628742022886,0.00013796033185785705,0.00013337302920667248,0.00025718466785493345,0.0017290841550285613,0.0002471083537004358,4.006587610660972e-05,0.0002305474339312646,0.00046382056389120406
8800,0.0015194672245392262,0.006490117131896248,0.003511081524872376,0.0004862862468703847,0.0019560096011043207,0.0024797282905118273,0.0026057190823760928,0.0109011617335936,0.01644603961999622,0.004125972369365627,0.012634168448983721,0.003364299013940451,0.0015637348251678332,0.007473086978169511,0.012260091230478685,0.02938449106538125,0.00562039804754022,0.0025879366207673346,0.0027369387992491412,0.010985973454456446,0.004409986741162496,0.00679767868340215,0.004363922883931082,0.02104497717615838,0.004562598284951131,0.004854438465554267,0.0037072285416093844,0.007011651847278699,0.0029881693383418573,0.011287604032517148,0.011710897636172982,0.014965052521662213,0.0009266418168050012,0.002029503743150874,0.0035333533144997395,0.0006659761921810059,0.0001855855326587181,0.00019988210016725299,9.371469168838237e-05,0.00021310472109803413,0.00026397943762721627,0.0002251377800348564,0.00027523019580257826,0.00021467644853002734,0.00018288386893944238,0.00010876440050456689,0.00040549881397741397,0.00038929181691216286,0.0002216155704594524,6.634999755822884e-05,0.0008105588356626797,0.0010509855073905783,0.00011236745849600993,0.0003013217510113241,0.0002993263187818229,0.00015273792339278523,0.0005204627226683892,0.0006967370691199903,0.00022275058772594194,0.00027143752782789166,0.000265843736512276,0.0007602778620151585,0.00019406648296025096,0.00013824151794225955,0.00019412115297099162,0.0002895679799739692,0.0014797017860733572,0.00031660235900137797,5.84452757834697e-05,0.0004626700212359255,0.0007235664670588449
8900,0.002345937267007783,0.011715469264244247,0.004362255979989034,0.0005742383868961882,0.0025637057662169344,0.006214438338897058,0.005932905681190952,0.01737664672106678,0.022501626627016304,0.005871087036211975,0.018901101594329468,0.005634067561394269,0.0020774122204977284,0.010568384715015505,0.018335694414717555,0.04433964609537119,0.00833315194688025,0.0036194426778636143,0.003892287740849757,0.014496257204458136,0.007917955101996854,0.009204148854353531,0.006201500789417575,0.028817653586156667,0.006194096239755348,0.005562990019097924,0.004010218418502078,0.009735856508389892,0.004646516542347586,0.01548139042525661,0.018730010607784304,0.02126958785363688,0.0010917644897618245,0.002443860781547068,0.0077496260205912725,0.000890812820226675,0.00015851762045084988,0.0002315026397561517,4.963679295093265e-05,0.00029091385232504763,0.00034177639355569207,0.00019672750795507454,0.00019220248714191257,0.0002780445457143574,0.00021254119462929866,0.00010391457107224206,0.00034570334807077624,0.0004874745865066643,0.00025102676780644007,8.129180919654159e-05,0.0006122103888558811,0.0012882899142520425,7.06936843926087e-05,0.0002449646339003693,0.0002760718282937385,0.00014435582640585793,0.00045961067574949916,0.001857775278040208,0.00012485474622773532,0.0002127220597755625,0.00026499452360440046,0.0006790146619061821,0.0001309984826784111,0.0001898504795274487,0.00011028692440757166,0.0003690118015087633,0.002740277434505905,0.0003512917646712448,4.143317300986382e-05,0.0003070214910547354,0.0005545818094105925
9000,0.0013336411541024211,0.00878766184582168,0.005286103638354689,0.0003535326489257456,0.0021648130986008417,0.0035880792752972673,0.004438766842491943,0.01304924947708416,0.017713413131148145,0.0060935439469176345,0.01683350893595891,0.004772672524862229,0.0020897130792339644,0.00913864446126602,0.015488831460157492,0.03603103241524271,0.006157315989791338,0.0036952937391359665,0.003942198876757175,0.01304199412951372,0.005782870996776742,0.007646104163930951,0.005373886218294501,0.0246204605238745,0.006389183914622649,0.003596418455708772,0.003698128628574552,0.008890422124144001,0.0046250399892040365,0.012994317096003684,0.013994784002037098,0.021486224796927463,0.0011998467810922892,0.001957103076482633,0.0043563568874055315,0.0007505563789241673,8.648540772894289e-05,0.000214358069322109,3.4475326850930196e-05,9.57732262349964e-05,0.000207200835236708,0.00019415492806729162,0.00011581252363157546,0.00016902131880526308,0.0001228226654802711,7.892876816413263e-05,0.00029474206979086793,0.0003559444979437387,0.00016457898232735308,4.323748742701189e-05,0.0006650266959713218,0.0010261175715034672,6.71435629556072e-05,0.00017849144336539713,0.00027373095345583037,6.697775996723398e-05,0.0003355964319232816,0.0009790407402761048,0.00013536375323989583,0.00018176650337409228,0.00015384325403526114,0.0006286016842048861,0.00010460478143335826,9.385002927907358e-05,8.348677586885363e-05,0.000208651255883075,0.001821160416771558,0.0002301785108352489,7.140958143736498e-05,0.0003042901151794857,0.0005760692481999285
9100,0.0015372374833729024,0.007268205417656443,0.004977715752223351,0.00046844468797644365,0.0018659843523512135,0.003979141275132341,0.0034773660040627874,0.01363224520308922,0.016048652326355318,0.004774645665747812,0.015073393864261079,0.004339460725569385,0.0014913202312803178,0.007991714184093078,0.011319143090034178,0.034030907433285996,0.0050827245189187424,0.0023808459415324505,0.0027724528564639123,0.011021255206845429,0.005159768146208639,0.006898955084969722,0.0038528776416205802,0.021263523628779996,0.005253893766614113,0.0041279906989075245,0.0037851564920269847,0.00547854003404306,0.0028253439505694106,0.010195555793724187,0.010663678066145318,0.020431093083551295,0.000950058899417828,0.0012447963568711414,0.006364496856905235,0.0007903062063020018,0.00017472996888787557,0.0002801954841825963,6.0769577460753254e-05,0.00023056207356830782,0.00035821380187700655,0.00033322505487376475,0.00030263335631843804,0.00029528134473366663,0.00025300180326858504,0.00011811020368668323,0.00042407816666430637,0.000278125053668532,0.00018940738752446813,6.150551681375046e-05,0.0011179266024415623,0.0010046640782093164,0.00010170722889597527,0.0003106670862637527,0.0004309639769981631,0.00014156174422003625,0.0005373154946487717,0.002009765328693902,0.00017470677415568994,0.00025924563136728605,0.00036172458737079676,0.0009130452216160398,0.0001853042099039865,0.00014210641262121367,0.00021326861396018002,0.00020418864231670612,0.0017751119279897207,0.000344335073805727,6.16722101653977e-05,0.0003718132541798084,0.0008697159413713962
9200,0.0011707360456696464,0.00579861757837029,0.004721053546139349,0.00036310186597592503,0.0018234375524047255,0.004283032138898436,0.005057962419560945,0.015060695276927208,0.021352288044454326,0.0067849982442567125,0.02047422605140543,0.004463752663821429,0.0015248717069026138,0.009352395440642298,0.012450140677752,0.056404336687895316,0.006607952554033892,0.0020586115007304963,0.0034688266543006258,0.014212701836246804,0.006798372927816952,0.00688299836162644,0.005169860534660984,0.03119517870945856,0.00874105929049995,0.0047583039500750605,0.005370526513997315,0.005618692632803383,0.0029557124824564464,0.014485499159491155,0.016141706842269437,0.02408813115079493,0.0007770003480538015,0.0016886184218154001,0.007183592397470622,0.000497169971367839,0.0001286391052058446,0.00022887019357850394,4.811128735719287e-05,0.00018233138689538464,0.0002437971204326846,0.0002316293548574322,0.0002669584583145479,0.0001859644752058605,0.00015515357317302626,0.000126517347601813,0.00029730757472734375,0.0003260902584258929,0.00019241891166153625,0.00017481025199892676,0.000568161461555624,0.001195481613346298,7.464030641131103e-05,0.00023162739332793553,0.0003039118661224071,0.00014268117843130312,0.0003978234311435572,0.001115845199819887,0.00012997123161224207,0.00016112444838934327,0.00023953308264026418,0.0006390934167437922,0.00014624364572918475,0.00011039465542060432,0.00014591654406912212,0.00017065997475843427,0.0023472176240570014,0.00022553408072759163,0.000163350140780949,0.00026596734786674944,0.0004955901618814096
9300,0.001303682767340089,0.004815337711921462,0.003608493090723641,0.00031914876497187204,0.0014724977683980324,0.002770903694909066,0.002579934264670761,0.009304738583559097,0.012854287431534281,0.003134343893179903,0.010693683319891815,0.0034739279298988475,0.001052665886218716,0.006599327877417884,0.011599676565802998,0.030146680275114097,0.004184293612481616,0.0018996501540768113,0.0018339299131184816,0.010152571014429365,0.003685293551118845,0.004897371072209873,0.0031791066845956568,0.01860990667870889,0.005613061408381789,0.0025837810127995907,0.0025713041555542487,0.005305882595469787,0.002636440668207155,0.009483383782466145,0.010148035340632001,0.01412669725295228,0.0008371456719679862,0.0011987185617451973,0.0057840707995637786,0.0004129673608547689,0.00012839141228488714,0.00020683512238147986,5.410857611916225e-05,0.0002268230473987387,0.0003031906555135836,0.00023382748258882202,0.00018377528660948884,0.00015845785741188783,0.00014965835625365513,0.00017658170853727435,0.0003247023801362191,0.0001669266040416062,0.00015689149645446566,5.5785172993306666e-05,0.0006681017622773092,0.0007805527069043213,0.00010550795414019377,0.0002020991840031549,0.0003922364630852826,0.00012612065240153407,0.00041099711488250154,0.0014020645098753448,0.00015445871557062674,0.00016081984248767886,0.00016574553495350605,0.0007076298271014273,0.0001368566617048617,0.0001236677599081304,0.0001086946613213513,0.00022195850702441282,0.001194037980245152,0.00029931827448592685,4.12480385989511e-05,0.0003462261966895679,0.0007003621976764407
9400,0.0012730015171385006,0.0051109254380679444,0.004579844823941433,0.0004436074136370175,0.0018096274367122487,0.002616454472964896,0.0030809950220270456,0.013051873171706592,0.014501504695579547,0.004493946704315022,0.01412712008980488,0.004920278084125817,0.0013957329466586198,0.00905232778468141,0.01011683834833949,0.029220288760067586,0.0055371365928987785,0.0023916214467814677,0.003320161338446529,0.01171417800906056,0.00471337250065307,0.005752241743071603,0.0051636363087648835,0.027408347787180296,0.006959846939155666,0.004253084992524236,0.0034497461258598057,0.007119250099397807,0.0036821297868942456,0.013856342611806242,0.01104515123704914,0.015732543938121617,0.0007896510918149383,0.0013431635342131749,0.006993513064015942,0.0007317035661722164,0.00010401003799499544,0.00018734462041307282,4.4334861497125264e-05,0.00021418040569187724,0.00038462806874799463,0.00031535296875517815,0.00025034403379322614,0.0002473208540705903,0.00018087120593248218,0.00013348296430097304,0.0004949045462062554,0.0004267192121290009,0.0002693691711078043,6.824951147295492e-05,0.0006933097615728911,0.0010233560472746224,0.00011236650498176459,0.00026877439234581567,0.0003942217759874344,0.00017120903769616481,0.00047102549625153815,0.0019049428246944444,0.0001916110979859948,0.00018599956788071162,0.00022400858191152414,0.0006226043799109883,0.00019224750061476293,0.00016494097173956498,8.6233402220791e-05,0.00026152941973123234,0.0025409551786391865,0.0003151547844682469,5.400795180321438e-05,0.00038332994306662893,0.00076265386378509
9500,0.0015255188158138284,0.005626500951755723,0.0047454778250539675,0.0004215358420809095,0.001953827313558623,0.003370535493429218,0.0043251768666748595,0.013937576298000446,0.016568568871731214,0.004414924114826135,0.012906634631095293,0.0033769770336814927,0.0011825604010620295,0.008571709132714508,0.012472187414481167,0.040291166723667025,0.005613331066342653,0.00203883018097074,0.002728316718795603,0.010909295611612227,0.004731456617628282,0.006392492088447658,0.004191719797284652,0.026189338772868116,0.0068429611836484305,0.00440472176996991,0.002878132315462637,0.005809969086840283,0.0028037534153554588,0.011523800185152082,0.011658492512845745,0.018604457550771676,0.0009320228701728166,0.001535774543426246,0.006701339681361181,0.0010537954671292482,0.0001412456893325797,0.00030434142511446475,5.852237403902459e-05,0.0002583714761499323,0.00034943599556986845,0.0004210773099657672,0.00037246360093377005,0.0002935502852778882,0.0002329163873486993,0.00012974315620632685,0.0004588487536238972,0.0006210438132683294,0.00028441990853338964,7.777687253771795e-05,0.0006958799560029897,0.0013274894414886755,0.0001089368321117945,0.00029640145897488133,0.0003993822678051496,0.00014809156060767816,0.0004476588273387132,0.0017761139915819513,0.00020153250964938252,0.00024260961966389845,0.0002459296834179744,0.000827601643143152,0.00019327431804775323,0.00024342996456251566,0.00013710653709292982,0.00040764631435135984,0.0016483383182536013,0.0003294002909146251,8.653347447307169e-05,0.00038135308171554586,0.0009193513382342644
9600,0.0013712955069422605,0.00577301183107516,0.003880453674355522,0.00040918899405649147,0.0019405048560311347,0.0018571758825731064,0.0032863399786536673,0.011575982049215977,0.016211752856685926,0.004060217881487915,0.016023347500002408,0.0036433405723667474,0.001527293933163905,0.007026337056507173,0.013154441892359446,0.03166556243862336,0.006497544495470633,0.0018085491525958281,0.0025424613767037435,0.011007695981364425,0.00565024839932868,0.005404661455291456,0.004606863756101423,0.025707500060282957,0.005333351079152346,0.004541290830820799,0.003317330278532022,0.004803342756834657,0.0028013110602093066,0.013081288362422304,0.012353039711694389,0.01689730248808001,0.0008399358061279389,0.0017466422076363097,0.006883713854929536,0.0007628507266872475,0.00012093490781015397,0.00011885996747713017,5.375760918150811e-05,0.00017092028394927183,0.0002197698779534047,0.0002754763227130752,0.0001930402348307325,0.00012607216903186207,0.00011585159565440431,6.571795526001876e-05,0.00021876428826018176,0.00023139750378398105,0.00018666616259796967,4.169264366282732e-05,0.0006100735381376301,0.0004269764546431058,8.21168450784171e-05,0.00019836851896222786,0.0002452694340624068,0.00017237764076195492,0.00033483864082041025,0.0010867711594073626,0.00016500730151847165,0.00016498301026960968,0.0001415273954383641,0.0006381001098877463,0.00015062801574046076,0.0001227504375582702,0.00011103464728674023,0.00017618368415891643,0.000997399084423835,0.00020876305869077874,3.806219332602723e-05,0.0003648492957003358,0.0005364564014598728
9700,0.0013997111751893033,0.005088689280792432,0.004447342003307615,0.0003962573086447754,0.0016204925799960434,0.0031592880259267986,0.002426475331489083,0.009412129977991915,0.012834488924028524,0.0029838459377060644,0.010705204181350483,0.003973822978655428,0.0013113456855838497,0.00634592871850173,0.009917295214365688,0.023702470350447886,0.005137574949739722,0.0021506661107679654,0.002305903061434427,0.010764778699570645,0.00373277174497931,0.005156525337952189,0.0031494355451044008,0.01899764489886972,0.0040428447541455085,0.004403859272133559,0.0028766947506219075,0.004971558495526551,0.002895455552617718,0.008916774920738047,0.00775376476192226,0.012840614100031626,0.0007048180032514805,0.0013258453556434604,0.003852930690704347,0.0004583946708223152,0.0001019496416782766,0.00016237738385494924,4.727787226800567e-05,0.00017785970015893326,0.0003069015764270823,0.0002936553239578643,0.000182311476396535,0.0001232984199017856,0.00012649566943333698,8.627670122304412e-05,0.00024192614195303657,0.00015158363811451636,0.00016604982311389842,4.412940771461845e-05,0.0005364532740346616,0.0007243074430031508,9.507969425612828e-05,0.00019227286286747715,0.00025509905114223986,9.54867467416162e-05,0.0002833253868150785,0.0007985262532201887,0.00012283042128539515,0.00013607237787115222,0.00013886017962552917,0.0005786194945636864,0.00011906020982884777,0.00010508803238285059,7.8223527553847e-05,0.00020371562951876005,0.0011028003829259042,0.0002124472476595891,3.901523814420216e-05,0.0002908459600268329,0.00048278815811499955
9800,0.0018190700263919614,0.0061297384063773615,0.003922932980155262,0.00039749284475804487,0.0020803186116494015,0.0036592819461865084,0.0031704565936090676,0.012080765257540442,0.013778064746204592,0.0035329010352143086,0.010932333045971456,0.0029762527698707977,0.0010703517693786346,0.006725317106236506,0.011661624643131611,0.0329189268280364,0.00529848167449624,0.0015426878671860322,0.0019359850370424933,0.010892924476017167,0.004355944770437558,0.005382764296622814,0.003383466315814682,0.026711201344733128,0.00498283883531431,0.003239039471372962,0.0028036078274747142,0.004864518169294267,0.002044939066913417,0.008677248686581152,0.010786324513610453,0.011461405647143973,0.000946710931050741,0.0016729004546293656,0.004786321176046234,0.0008383275197222215,9.712227731926617e-05,0.000138569662464182,4.900535696855601e-05,0.00014532635481145917,0.00025736621249178185,0.00028587102224264527,0.00015994398578982326,0.00016359341718366762,0.00014343895604006799,0.00010521312302509094,0.0003921949306906052,0.00011892199380447721,0.00017304154118062736,4.8886573536451166e-05,0.0004725640412210361,0.0009270326797074328,8.601042354712262e-05,0.00018338123803060828,0.0002581335001791715,8.735475518568074e-05,0.00039239349585371995,0.0005117169380355335,0.00012888509793640424,0.00015672002836464134,0.0001313744468158499,0.0005298107997047801,0.00012873324349192849,0.00012076558846889089,0.00011061062782068297,0.00019119491599230495,0.0014012449121634876,0.00023955826533082354,2.8349872337685156e-05,0.0002146381148189475,0.0005543943560041952
9900,0.0022028475595524885,0.007627249366595168,0.0060028693987987936,0.00048589253465951726,0.001778760651027772,0.004151610458003623,0.00605316771138713,0.014063536539848143,0.018765826514268905,0.005727670129999751,0.0184729414935264,0.004470742869188496,0.001612196647770223,0.009839790743585168,0.017180069236415234,0.042834491852166444,0.006494509466695793,0.0025220777092669513,0.003064243700854214,0.015060644967743429,0.005371230181348298,0.00701899708032475,0.0043301707233573935,0.024594011049096785,0.008413876416751818,0.004159883875399828,0.004108820260362043,0.007131398141306515,0.003768447067020187,0.015151130986088257,0.014291055186574036,0.020589285373437002,0.0013029118974324878,0.0021195732498664826,0.007969717363367736,0.0008603349843830139,0.00014600876961804046,0.00023983784103620565,6.425014469707357e-05,0.00024127123936068529,0.00041368544207990513,0.0002731177519308403,0.0003294750476015906,0.00019055424701563376,0.00020312877259129892,0.00013353164571786432,0.0003718895607386928,0.00027844047583158726,0.00022942955276197735,7.002501694263297e-05,0.0008338083993014432,0.0016238814290166677,0.00011340974197082687,0.0003014591004882407,0.00038725544549504713,0.00015929300326950562,0.0004352312204499994,0.001321204545092769,0.00016713565638484497,0.00022769570992190542,0.00021890865706761058,0.0009741618342798975,0.00019426701540699773,0.00016940098849191018,0.00017243359616259113,0.000255891896949243,0.0013175495912167076,0.00028823826266875037,8.080298937329644e-05,0.00044779703655097237,0.0007660082206712105
10000,0.0016879221712598166,0.006273957709911176,0.005473873878751571,0.0004625725271790333,0.0017242371416879123,0.0035255391682897297,0.003210676437271515,0.011221655951635958,0.016625677653999308,0.0044210650739842094,0.012408175855662305,0.0032567430222412925,0.0014369285345310345,0.007983787741316271,0.013046707300108049,0.04168631429153417,0.006170314283909171,0.001675646801208753,0.0025763895266988713,0.011371223918783167,0.0048066247930749414,0.005701365232068513,0.0037829514353264434,0.026976530405227094,0.007141063262549453,0.003504967165645212,0.003691381803095752,0.0049421250805608,0.002556232807418222,0.011632033397378814,0.010603165061135466,0.016100332823743183,0.0008674438601959677,0.0013028781768827135,0.006405247551204714,0.0005756356804929348,0.0001640541993019066,0.00010275693470744459,5.7406237329864066e-05,0.0002222129295432751,0.000312440472575969,0.0002242946302430937,0.00024814246021378497,0.00016859187723495875,0.00013414476465018914,0.00012076685327672619,0.0003653738869552239,0.0002552554348582703,0.00014132485430622935,6.181902811228859e-05,0.0005283390071676527,0.0010284856919800707,0.00010014374674938153,0.00023002625237829622,0.0003569569203607208,0.00015132528109130692,0.000514579833277391,0.0008590405232098419,0.00017595409748120497,0.0001872343065700149,0.0001558122095351185,0.0006513264847303764,0.00013383421113151903,0.00011366579114159371,0.00013270556751700092,0.00027974228043320463,0.0014621505480525748,0.00027056190909116324,4.059805755218804e-05,0.0003483909462386332,0.0006596275721676648
10100,0.001956523940985003,0.0067568321128082635,0.003888205174007453,0.0005021277710721523,0.0017822032778330818,0.004485289582849613,0.0046942350463136644,0.012671192314740563,0.01970162920717853,0.0031319961781264283,0.012564721627751607,0.0035224836782970447,0.0014326996549216071,0.009258872481895554,0.013574574398893782,0.04433788977621589,0.005997173879829158,0.0024359579097856824,0.0024315318483526687,0.0123610021116959,0.005446723440155228,0.006507651114329097,0.0034561343382423122,0.025061172330363965,0.00596914395640534,0.0030480377899948508,0.003266011773795922,0.005331456603016704,0.0031848628636319464,0.011957596830818089,0.01161750674888026,0.014988874935974868,0.0011431982931224655,0.0015807366603968508,0.005272138126504918,0.0006029614715328892,0.000105107581818306,0.00019792604185071966,3.420986820127651e-05,0.00017035707244872356,0.00037338203533858797,0.00022529856687469874,0.00022268582347351185,0.0002432601734318795,0.00010748852216573524,8.937622839896773e-05,0.0003353416118363639,0.0002828670488774776,0.00022823884141244294,4.18160748681244e-05,0.0005684300847091296,0.0017797040442625682,6.578522461495596e-05,0.0002441083062357003,0.0003190848840639429,0.0001522379945361701,0.0005194955664523814,0.00036433202421903843,0.00011402309342479889,0.00020450646479380687,0.00012276416746317408,0.0007360082003952978,0.00017589262490168444,0.00015297487483589034,0.0001297716118844821,0.0002204096397147257,0.0007811436696231665,0.00031438376451051815,1.8924398801800635e-05,0.00038662181984990706,0.0006701663689455018
10200,0.001572163359285057,0.004870877513894811,0.004174747062885824,0.0003902065477562316,0.0014166740195522133,0.00686458424232634,0.005953528975037296,0.013832496683308444,0.015485879095304201,0.0037238495260680793,0.01451340151784897,0.003964015026844097,0.0012292309574232522,0.00800311656403761,0.012911613570587874,0.03273161197163669,0.005610145197871523,0.0021162168810820456,0.0020807479242128985,0.011180550819941952,0.005276817547414444,0.006548824557934755,0.0038095052656717597,0.030636602494632827,0.00632377265852512,0.0027881826972588897,0.003117456128547342,0.00478432417124471,0.003041281829791842,0.014158132519960712,0.012751001144642941,0.017580755057189472,0.0009428577657655086,0.0013479913230311953,0.008869605359399834,0.0008893341974263487,0.0001674760755388673,0.0002477225705826475,4.196276782169158e-05,0.0002101108985925748,0.00046262653742157084,0.0002628221909617423,0.00028309637964412103,0.0003063876217646267,0.000156751754608003,0.00012620249276713887,0.0007120977044363379,0.000269337645413259,0.0001849643901103828,6.791442782824478e-05,0.0007658984719350533,0.003114951370662311,9.365402220282704e-05,0.0003493384838107812,0.0003401116056042595,0.00017409105376745256,0.0006764330976703379,0.0013890299806007533,0.00016407137491114554,0.0002052008686195432,0.0002553166183740056,0.0007491495917693883,0.0002145922596494327,0.00015852581372700615,0.000177604305968594,0.00037553354823339526,0.002065619550973809,0.0003136407681350398,7.868589710824381e-05,0.0003993106961082836,0.0006885546434205025
10300,0.0012430466100291546,0.004835303952050809,0.0037782115662897318,0.00037707382331203775,0.0018088616804872591,0.004157613663535033,0.0038662332578878115,0.012723745744676539,0.01488805826774515,0.005233401287114248,0.015767669085399564,0.004592081531882286,0.0012964328969687674,0.00863419741830457,0.012143199761511129,0.026175775259616785,0.005342944076498195,0.002253032000985916,0.0026175656447386636,0.011076028088815899,0.006218610884924112,0.00500594349900244,0.005104932920706536,0.02259894979069941,0.00667070681655397,0.00221723202848807,0.0033771417721812124,0.004344323173427256,0.0031626252855537183,0.012571249462193772,0.010175366918556392,0.018014457596179385,0.0007181525922528811,0.0015830145149837251,0.006879631173635264,0.0009534605628037493,0.00019677473069709537,0.00021468273718545044,6.576761494758454e-05,0.00028062876992862584,0.0003374845863318308,0.0002746332784226979,0.00034747768017950875,0.00031911352868375714,0.0001894478441787023,0.00020466979052084102,0.00048698046391923287,0.0003677116360023547,0.00026840083506644516,9.291705662855583e-05,0.0007485420668917168,0.001078660893350995,0.00014126471760391723,0.00024783905509862886,0.00030345029919207544,0.0002609289088633721,0.0004972613412935051,0.001170881383586675,0.00019220248258180718,0.0002097760260942148,0.00024605386934126725,0.0006856355396980836,0.00016950600767405308,0.00017052156517246994,0.00020479537033679662,0.00035764008454814805,0.0019111773674792079,0.0003183236848468229,9.647383774336049e-05,0.00045699316647072874,0.0007885890358011238
10400,0.0013195020104880364,0.004371863054984715,0.004320118971615254,0.0003049378138922083,0.0018025645485171412,0.003238172935588019,0.0031388468272369563,0.011634055618653256,0.013790939818832906,0.004514747721259482,0.01209164265382253,0.003842090847646599,0.0013286733892252387,0.007708305877079538,0.010075121843007817,0.025480070112583537,0.006191667381547934,0.002702644102561252,0.0030563542573612983,0.010928153784091895,0.004204044167660798,0.007559174049155055,0.004040847377230723,0.019848128514907633,0.006386905623667334,0.005185360182076692,0.003080366301571391,0.005314980317659017,0.003686318577349405,0.01375392296587609,0.010450821338648287,0.016458067951204542,0.0008544913095337192,0.0015500210401178053,0.005164835068879054,0.0007296332292250034,0.00011455939979866439,0.00028792522293356757,4.007124733679591e-05,0.00021411629847989389,0.0003363674580194787,0.00026672539024730213,0.0002797579990556187,0.000304640301022262,0.0001348474000248021,0.00012393552804529202,0.0003247165633869723,0.0002424630440014397,0.00018688413425824648,6.277105157178912e-05,0.0006673246455822944,0.000953695362113649,7.887131432653405e-05,0.00023648611084688443,0.00031607030002211604,0.00023074919069834075,0.0004346341384300632,0.0006644577706538257,0.00017487968597151848,0.00017177472551128842,0.00017696450583268113,0.0005696579453733745,0.00019036864081398462,0.00015590643140164608,0.00016599607523757085,0.00031630571107574745,0.002042676958548587,0.00026722897637402216,6.734450715839557e-05,0.0003678252860405306,0.0006476126713096164
10500,0.002201632543900003,0.006280573378683551,0.007018688023284388,0.00047924346680212275,0.0025033334546790257,0.004754337315846767,0.004433347413249712,0.015671315559730455,0.023333956735319888,0.007947627265821211,0.019111560399279023,0.00601172799687614,0.0025021815540226685,0.010534003677259368,0.01635200779171154,0.03839641299661404,0.009201790834291993,0.004344944551489847,0.004456773508406643,0.01384848949717707,0.005573607067428664,0.009086787123773579,0.006707281917721654,0.03037229092248405,0.009042915904126222,0.006723926984705031,0.004472398017007377,0.009240780673280824,0.004864991473903715,0.01864202673084125,0.01619564494215107,0.023348202642339926,0.0012304035242979038,0.0019036692461287562,0.007860672968995964,0.0008647691241979569,0.00011337542641710665,0.0002543273535180064,4.3150608193918085e-05,0.0001954199036049431,0.0005588133573663536,0.0005994420516799437,0.00022524765547586866,0.00040836266347660537,0.00019186166167089953,0.00015094162904785791,0.0005647175465351769,0.00026789176658681413,0.00027492245601283213,7.42433393580458e-05,0.0007684172507896829,0.0011354892843276805,8.295766783703585e-05,0.0002916513797813701,0.0004029472423506628,0.0003961756443790033,0.0005584941157599866,0.0010271421087963972,0.0002706842380746366,0.00021843705199689093,0.0002398803408141248,0.0007632708588164772,0.0002219904809595408,0.00019277325508982858,0.00020316411306945761,0.0004010547946717298,0.0018223352981294738,0.0003558791260359378,4.063299570589152e-05,0.0005459940232699524,0.0007416265711071901
10600,0.0020512820093072886,0.005184010199930829,0.005048952240031213,0.0004998759459620207,0.0015697970946210353,0.0041189748028825435,0.0050010842809452664,0.012263862256933114,0.015809177229325715,0.007622384400747251,0.016792482940802052,0.003067736495797028,0.0015023808624722403,0.00857596157253614,0.012917873995427405,0.03451724407447424,0.0053230497775248724,0.002379691671827643,0.00268381826026598,0.010785915811284212,0.005722526760847849,0.007365009471998617,0.005052521744801197,0.024741425889078527,0.007756162522777491,0.003907511080615223,0.003398123423685026,0.005461987962917192,0.0027117240872672377,0.013375280420962466,0.014911737462195257,0.01901348538320655,0.0008501959902455033,0.002009720858326503,0.00702079576755447,0.0005858232886757671,0.00020234757052525025,0.0003542510774588498,5.346832744953097e-05,0.0002718878783980472,0.0004035155896881987,0.00031787620355316903,0.0003020989771357563,0.00031389016772951245,0.00019012937761161944,0.00014139182120678534,0.0005531725467319535,0.00022417533849861115,0.00022920573000866516,0.00010137539150243604,0.0007718439442389633,0.0021507908046866455,8.619546224508667e-05,0.000300336087780217,0.0004658252395968483,0.0003669765355880372,0.0005594374181596958,0.0007608469659317052,0.00021133267107921306,0.000251963414610565,0.00017378723083917672,0.0006360141709426174,0.00028534519669973533,0.000165823982795471,0.00015263975354981894,0.0003410664711878639,0.0012482389611250255,0.00034177387008808624,7.264369492077094e-05,0.00047672751483363404,0.0007935528934467584
10700,0.0015027689184313891,0.004043038816975981,0.005454989119850022,0.00031745081352990104,0.0017136903145369674,0.004845299491924899,0.003447359291268156,0.012202715869695084,0.02122653329178884,0.004425812225235859,0.016931491200079175,0.0035628621432008413,0.0013552583616480908,0.008789201262212979,0.013788661531896864,0.042552793177795444,0.005562053303081137,0.0018479411068071812,0.0026782282719588174,0.011744188169614063,0.00494350252374016,0.007491258450110243,0.003777261591167189,0.02744363750486324,0.00724156648728182,0.004041754163336009,0.0037786400117775266,0.00440154570848487,0.0023503124924472477,0.014532682346344377,0.015232783402316272,0.020347963714112457,0.0007344389984036927,0.0017599811385163014,0.0043879757734733476,0.0006162497784184698,0.000168919498821053,0.0001690659069440285,6.41972203566293e-05,0.0002310239788130275,0.00032808604806690555,0.0002420359573989117,0.00020743080033298612,0.0002118769610349677,0.00016933755850435486,0.0001006587624585466,0.0003629772860988037,0.0002535896800495152,0.00020606652202363404,5.4896282232551705e-05,0.0006581686662194933,0.0007442694368364755,9.420863425475545e-05,0.00021501113563744537,0.00039495185535935013,0.00037834504866457957,0.00045319537969990833,0.0009396657478646375,0.00017758149431301717,0.00019743378482836796,0.0001519941327084477,0.0007148372139102233,0.00019821704307261185,0.00014839744292387608,0.00012695882610892618,0.0002571543368976091,0.0014378065017288983,0.0003653003209053402,3.951600265850175e-05,0.00045183975807882204,0.0006626794740441256
10800,0.0013650821515143066,0.003603687143940651,0.0041891588213426685,0.00035343736651087125,0.0015572844956606578,0.002243823163943099,0.003712777749921858,0.010839992683816259,0.016730782010769493,0.00453360790561419,0.012519231087576316,0.003749525396341021,0.001088564242253955,0.0075063192110092405,0.012580937738889856,0.03600303856364917,0.004937931968015619,0.0022522408715626107,0.0021425808611508857,0.008992117028550031,0.004544739260213996,0.0052391203472715074,0.004041272405302152,0.02238729649495023,0.006516172594519813,0.003228051803307608,0.002741374341571974,0.004759639601009742,0.0026190691540250556,0.01197753938486717,0.011234097824975227,0.015592000156175345,0.0008257111616726521,0.0018237063919133466,0.005163346615922314,0.0006180685762667995,0.0001385525801089515,0.0002299842263214073,4.770050767032203e-05,0.0001517980981304845,0.0003830165317333709,0.00026548413416094263,0.00013837578135280637,0.00028223395048898006,0.0001989426041530494,8.57986712454866e-05,0.0004529334561451386,0.00018452929293744091,0.00021273154550468024,5.2394846327594927e-05,0.0005336900701440055,0.0010286160237834945,5.7867542636813596e-05,0.000182554510743381,0.00032823780528470426,8.229018914624413e-05,0.0004546043769893317,0.00034758638412313303,0.00013474081658968216,0.0001767764145352675,9.850316006729068e-05,0.0005583395588989519,0.0001504199465806003,0.0001312310090200684,0.00011349539899027959,0.0002466059729583806,0.0008503207024789715,0.00031646042884446045,3.911756627417162e-05,0.0003368869440711031,0.0006690710746624972
10900,0.0017645544412025138,0.0035907022630218073,0.0060672045656247064,0.00033845182418959806,0.0017870259197237989,0.0033100308584315436,0.003602254192467245,0.010445698788495137,0.017541680515886917,0.005246944296231959,0.014411319904967159,0.0038856637921916054,0.0012856989889052893,0.0077051259784528875,0.012093155434815666,0.03133928773119502,0.0050237474620406005,0.0019816284639321714,0.0019718948211188297,0.010951110723229553,0.004763205317298204,0.006511719343896922,0.003414113123823578,0.02713936138898134,0.0062167965275038446,0.003749261214397848,0.003445250034547503,0.004845667853563403,0.0025033432331196415,0.012580756787018242,0.012468049786208819,0.01792949768087755,0.0006422693602821447,0.0014417688497349783,0.003313538665275296,0.0004918498917772597,9.787212304582968e-05,0.00012042064907869975,3.9913497752455574e-05,0.00015049282308154943,0.0002577086860839622,0.0002618596738557244,0.00016046541579726182,0.00019526321863706566,0.000101101207878616,9.016797502973922e-05,0.0002578980563213375,0.00016022320683983793,0.0001613154391822624,2.9381978141497132e-05,0.0005195206354764756,0.0007570090516916631,6.386138020388898e-05,0.00018692195088969668,0.000272725032055891,0.0002591815467357347,0.0003282392997163541,0.0003968834066654381,9.729594843971906e-05,0.00013393451118610337,8.348428843116077e-05,0.00044067780775076097,0.00012849531686209015,9.925232623507261e-05,0.00010420460608252647,0.0002147041846739456,0.001581407156923628,0.00030051564415784117,2.228817114513504e-05,0.00027212913908121716,0.0006400668731657788
11000,0.0017301448861945646,0.004586668786133587,0.004731842423401152,0.00034210348945774827,0.0018635432196661677,0.004213637597526291,0.0036817206286756236,0.01267095866783433,0.01895247261538454,0.004812207876966568,0.014576632964392811,0.00447158633672801,0.0013206992117568116,0.010131255202202627,0.016013339500975287,0.05583781806005087,0.007291540300338099,0.003052663551702435,0.002847932869501944,0.012477451918675797,0.004845649528187306,0.006998853642601587,0.0036812411441739337,0.027493455515165504,0.00816465677489182,0.004549614223651588,0.0035029854330904556,0.007159289609262487,0.003207846081589677,0.013102554398961554,0.012046932593608896,0.015502011649704609,0.0009695396407756526,0.0015080941349329214,0.006054158799492547,0.000555342603098958,0.00010222697748854683,0.00014231457544156,3.848709463799894e-05,0.00019717572502031544,0.00030792429577636635,0.00019058546990891045,0.00025161054732052434,0.00026297845790012567,0.0001858777918282852,0.00012127622832005207,0.0003169193433885148,0.00014019834197753767,0.00014693756378588222,6.920102929474193e-05,0.0005129451133423292,0.000970842746028211,7.972751427587355e-05,0.00025558882555055696,0.00026933279959535114,0.0001152409820819726,0.00037925115375205627,0.0006571988506038906,7.466860125128328e-05,0.00016501530267130595,0.00035356001784142186,0.0005855638825181892,0.00015943621205533672,9.10733639463066e-05,9.602476469202277e-05,0.0002861787704453243,0.001652873356631192,0.00027054908041500606,4.089632392378917e-05,0.0003540071897566863,0.0006843449140433222
11100,0.0013465004825824558,0.004595746517427162,0.005869675301558648,0.0004014030766903978,0.001949626042730841,0.0036604257516695987,0.004134451353292529,0.014364962368192352,0.01878547406606599,0.004006834637038992,0.015542079104947064,0.0043503463184235295,0.0012739310041069984,0.008346186031827308,0.01186606322594076,0.04351950495765777,0.0053768473753734725,0.0026370597131258537,0.0025562282285786103,0.011703808960155583,0.004668986613642818,0.006634909958977785,0.004746765586120697,0.024238603284660105,0.008572991295324524,0.003413213591556996,0.0035019385778732905,0.005290744943825605,0.0029669176316340726,0.015949903466295632,0.011951717530998092,0.02132584623177536,0.0007109630069390522,0.001572884004882897,0.005394915906233816,0.0007077664812352882,0.00015327403579440695,0.00023741788225544786,6.449993721830597e-05,0.00023646495185403182,0.0003409426067264576,0.00038358211668310105,0.0002865804232442315,0.00023151035546968495,0.00020646521976519389,0.00013718857990820002,0.0003699077402065118,0.0002716873587260693,0.00021047605218098335,8.90566046688367e-05,0.0007748267501588438,0.0015963984672756244,8.153142753144493e-05,0.0004107390330095861,0.00035562721288819185,0.0002875992549475499,0.000557381150429137,0.0009546786059217993,0.0001738089820833011,0.0001912372724816053,0.00015717258053579524,0.0006570222738352191,0.00025621786915263766,0.00015677190807567772,0.00025928562369396485,0.00029509123016230825,0.0016940339069801017,0.0003708063604664304,5.266006826332159e-05,0.0004906049159920358,0.0008476641873130575
11200,0.0014064833043743714,0.003822866187504217,0.0037183310366041646,0.00038688285522556936,0.0012384102105264716,0.0036714880012108813,0.004497114153705737,0.009161287027453393,0.015777048713487923,0.002611090869322652,0.011044108834427373,0.0036380303078045956,0.0009624682694045601,0.00662002160022508,0.0097161418885448,0.03858043034657991,0.004457947895865627,0.001969269697780609,0.0018102843449534184,0.007850773480580149,0.0030970235876338847,0.005645451098514188,0.0032119828941843784,0.020742966613033785,0.005642962015689778,0.0024746814975515007,0.0023588284745910053,0.004076871018090363,0.001793317293991362,0.011114205121092739,0.010674443284515292,0.01728624130303685,0.0005489524741685378,0.0012719190931209088,0.0044374323672147714,0.0004882410862145597,9.25315311265326e-05,0.0002315886064355833,2.9824477422492684e-05,0.00018160220309937358,0.00023018881224888513,0.00025953992599170306,0.00018474309774774156,0.00013343512804759054,0.0001293405141292456,6.726816610255679e-05,0.0003079217755935372,0.00019662798157504824,0.00014422418856182065,4.0772083056336584e-05,0.0004388160666989139,0.0012121116790998105,8.25397622975288e-05,0.00025602375550376136,0.00026096534892186074,0.00013975534362874566,0.00033667072581323814,0.0004507926209953439,0.00011282865159500943,0.00015571516083372653,0.00011146426774454691,0.0004175579737352319,0.00015822492487258287,9.281898331840869e-05,0.00011002575340373571,0.0002265738115162897,0.0005716620850892339,0.0002519130810949924,4.1554967850743196e-05,0.0003220196622771423,0.0005887413004529663
11300,0.0020418547608740583,0.007042487061914505,0.004823221158100448,0.00029619059534105385,0.0021755020701491475,0.0032898926375699894,0.005784231997671257,0.015765062234006075,0.024430343027291464,0.005922407850448508,0.014921586923680289,0.005907508406529146,0.0013263360032755318,0.01056611098112736,0.016987736982949118,0.04994160365216279,0.007758915641932704,0.004415660717117871,0.0029312951560963745,0.015197335353101759,0.005210371476197487,0.009952800595783629,0.0045759903692912,0.030009031084288533,0.006032342911415374,0.004454343125689775,0.0031663842032978737,0.008927765639479427,0.004090855144964093,0.013704711580548094,0.013814522045528672,0.018835918771891065,0.0011884385336031755,0.002278602061768081,0.008085105517744119,0.000515500011940974,0.000105309389168365,0.00026762312749765857,5.2179291841124485e-05,0.0001639822351080511,0.00030070213685885776,0.0003220803346266621,0.0001775943986103812,0.00024330887601153287,0.00013665608825201496,8.972458984349682e-05,0.0005060689566705964,0.00039877207773031387,0.00020062438256351518,5.2337604674076744e-05,0.0004099633849399162,0.0012289909518585773,9.125421238422859e-05,0.00025503549826383706,0.00025455977309571485,0.00023569026221924685,0.00042506617909987077,0.000518577705406642,0.00017097618311999617,0.00023509644540284242,0.000161596523685148,0.0005748730710941404,0.00022644665128163306,0.00012448417824949452,0.00015718354390830628,0.0002851895113750501,0.0023711335556332153,0.00023543618390194313,5.37533142050961e-05,0.00036557941040668725,0.0005873339796380606
11400,0.0016061787669919745,0.005334121139538992,0.004097778961295262,0.00030536232738645946,0.0021293411391295047,0.0022609723632090856,0.003457691615392011,0.010285789884530423,0.020472603476298878,0.0045013192466285545,0.012332533840059496,0.0036719669908646265,0.001098828340852351,0.007497618358518759,0.010293840517432032,0.030620961622238003,0.0062083743702844784,0.0021266435527926477,0.0020971143073568654,0.011778003756092706,0.004070333321694236,0.007241805763832028,0.0031712646315281744,0.02588717092294246,0.004816498268978432,0.0047783632529899474,0.0026097696770281593,0.004192740134991861,0.0023850471150260143,0.010130164789922175,0.009573879120774412,0.013462723962640246,0.0008652669665532533,0.0014560337638634569,0.004994955628717435,0.0005076521625276038,7.916106891732517e-05,0.00013337825847966914,5.05419149816129e-05,0.00018858680596167687,0.00027788044650015823,0.00022355631517712027,0.00022656725113847642,0.00028126762644158017,0.0001206683384584482,9.074557049554447e-05,0.0003792033520559862,0.00014742358318997617,0.00015738435432263815,6.814217960543994e-05,0.0005397497285614987,0.0011928742484694037,5.617666074613226e-05,0.00023603076130841925,0.00025800785674775774,0.00032233147530033335,0.00045031708781294506,0.00040969847304950235,0.00014521497488810078,0.00017579315144408052,0.00013720423509463824,0.0005167420500041067,0.00019655015024913728,0.0001211878036531391,0.00019300064114860207,0.0002532288820581819,0.0017424886822742078,0.0002853590521552741,3.5770674259083535e-05,0.00029594958050438436,0.0005811426919535734
11500,0.002115426514776757,0.007690037675611502,0.005475733487401158,0.000500018462200667,0.002410220672192989,0.004098612000234425,0.006426110746478145,0.014020181233397178,0.025967330015721272,0.00525178256793879,0.013213092405221463,0.005727771740603945,0.0016802034634482961,0.011274580343248972,0.016450077395882758,0.05854574395925738,0.007239239908293322,0.003590312196587248,0.0031956894090399146,0.01605030714844664,0.004893962572511484,0.0072230921463675,0.004137897283799248,0.02727860619391625,0.007358350019554593,0.005104699707590044,0.0036878247531515833,0.0067503469854273135,0.003474365108516341,0.01070419244159336,0.014763743375854878,0.018271248946593214,0.0012180706374133128,0.002646963095431538,0.006392575032401105,0.00039807877341705274,0.00011154717348018182,0.00016024602957093686,5.044565237625078e-05,0.0001847298650545781,0.000211726150566508,0.00021595668886220665,0.00019018245027382363,0.00023112052478704994,0.00012178691304621967,0.00010350840496227777,0.00026632814250772576,0.0001369020357238071,0.00021982974960047644,6.605890236890197e-05,0.0005015817711812186,0.001315359842313531,7.506151705456432e-05,0.0002521078982421646,0.0003016305958665506,0.00035767225889768184,0.0003264474340070475,0.0005534459310183593,0.00011465436733715251,0.00017992588619353438,0.0001715897145913914,0.0004421031457270381,0.00016897506408760683,0.000143690863575381,0.0001374865307500133,0.00016580842834450956,0.001176412791599952,0.0002803382157200333,5.790734599031566e-05,0.0003245877734563325,0.0005201259496971034
11600,0.0015996435809152113,0.005167351460571539,0.004864717804593965,0.00048178788593549355,0.0018401429567543519,0.003667493966141982,0.0037103438201689467,0.01172515150413828,0.01674521528052019,0.004960710197337903,0.013185186179377783,0.003679879412128666,0.0016149685243638514,0.007167257050627306,0.011309125310542774,0.044063920082408004,0.006229556263514539,0.0023218703373700756,0.0025518258501376423,0.011897135843367627,0.004690659298347992,0.0066686853278952185,0.003999345103899638,0.026505656614123532,0.00589058438310444,0.002579031593631953,0.0033862264373906766,0.004625989828734116,0.003050124184707837,0.009737446364588028,0.013725622709219655,0.014115407256982647,0.0008384394215786764,0.0016030151377784678,0.0037701291077812333,0.0004474718475161613,0.00014233262657781828,0.00017892781480358363,5.4603425046041656e-05,0.0001545096062613993,0.0002176490302432246,0.00023775780755386222,0.00020396664854160917,0.0001987223663730363,0.00018613805806173906,0.00010913034706853913,0.0002954838171781535,0.00017285589593907247,0.00021862431173331218,5.617851547867758e-05,0.0006039135009307127,0.001230068389607671,8.159249628079124e-05,0.00027629995098063124,0.00035412114874784964,0.00016009953459284918,0.0004128010614783884,0.00040738258303463226,0.00013075770435162011,0.00020211618109967206,0.00027334342618511677,0.00047209798813360406,0.0001817119130999311,0.00011607889909764462,0.00016652775987798427,0.0002901917576356889,0.0008651151248549078,0.0003160579628215147,5.413160386069649e-05,0.0003879806113963539,0.000826455804053694
11700,0.0012103545866773708,0.0038077302672684674,0.0044913486708537675,0.00028546096259210923,0.0013471295719279588,0.0014873681689745613,0.0027111965267566473,0.009012469873257442,0.014493256502145748,0.006255924268771196,0.013272868785053207,0.0036140067506716966,0.0011404112976213748,0.006691754953036169,0.009833423947822988,0.02263492912121971,0.004325959351436246,0.0016204120249220736,0.002439820008086307,0.009879423080274136,0.0037555098976134525,0.004927111763598597,0.003024441273882985,0.01955338567107295,0.005630538109327308,0.003343602281529456,0.0027612588607494656,0.0043710351941020536,0.0023141927041305118,0.009662238631086263,0.011194185633212329,0.013118402826456496,0.0007837065688446588,0.0014668246953459497,0.0028013859084441923,0.0005235364941406877,0.00013802350134546103,0.0001618999193934459,6.696514979505236e-05,0.00022036802261027333,0.00020920369549090305,0.00029414488108159276,0.00019444317695160862,0.00026745303234508214,0.00013734945873693504,0.00010190570655156859,0.00034547147775779115,0.00018731968945218114,0.0002218883856146241,5.724357420562724e-05,0.00057136150567203,0.0007780162644242713,0.00010791492622956867,0.00019591056949435853,0.0003054107981934694,0.00016841805270153353,0.00029298093032857945,0.0005592135144070198,0.00019218506614985623,0.00018980770660863736,0.00021312675319980676,0.0005910897008444379,0.00017846711123247082,0.00011716447908986231,0.0001752584798345601,0.0001969899626837778,0.0017692699335124676,0.0003605088698695487,6.562381901176195e-05,0.0003731481863173902,0.0008803895645542071
11800,0.0015760281954449915,0.005625070430579837,0.0049033626686044345,0.0004194057346607084,0.002231272922230507,0.0024742933954777463,0.00407792933433924,0.014068633262450378,0.01554505443002913,0.006133923707238864,0.014899837264372898,0.0045191924592862575,0.002072180471397146,0.009387090272370684,0.013481127135481288,0.03833481271916147,0.006852254451154121,0.0027610018099304525,0.0035656602911850704,0.012196220966507099,0.006112443569222355,0.007027776137484969,0.005374676056477862,0.022500761317011588,0.007556484283928252,0.005276605975814164,0.003280110368406543,0.006030159143847413,0.0035709813230342287,0.014625141790372342,0.01322641249978915,0.019375185569515452,0.000978978706187333,0.001918798416618513,0.004081029869768018,0.0004643911849586045,0.00020110016741850095,0.00016279828775044405,5.64213576263321e-05,0.00023249611740538967,0.0003474208862168412,0.0005555409702537872,0.0002514270327992563,0.0002524821840396678,0.00016612935220875537,0.00011396102072710943,0.0005497533404291301,0.0001503681723811212,0.0002318459448835303,6.841405398848688e-05,0.0006870190513102269,0.001651876589069919,0.00011240179264859762,0.0002643167541297159,0.00032901362458781887,0.00029848605853740907,0.0005916716376481007,0.0004194412917968293,0.00019611558773628227,0.00021569922119642098,0.00015651228616964848,0.0006575275126664643,0.00018347861077611723,0.00015845605434446338,0.00014609846544367934,0.00023945623863326474,0.001898662996609346,0.00036523124521067066,8.17904762584476e-05,0.00034009610991203213,0.0009361525735585019
11900,0.0016431633604854043,0.005081924961780681,0.004610222686703007,0.00038444046834998656,0.002243776395574324,0.0030662929556066437,0.005273587465038168,0.012155978298716374,0.023909541251622948,0.00815958611201495,0.016812995789852136,0.004665642400623812,0.00192374721165944,0.010200030803609865,0.015477455081674954,0.048497214918218866,0.0065121992712582665,0.0022930149443939774,0.0030221159748699783,0.013735398765396287,0.005474500345126916,0.008262615427416417,0.005110562020951572,0.027249170874711126,0.007649689951990911,0.004725673596840352,0.0033316392187888624,0.006347519884002395,0.0035372857533408986,0.01473658210048715,0.013695534870882209,0.020466129967154793,0.0011467350393865251,0.002690074314423962,0.005409052048182477,0.0005392065274329687,0.00014012501479723332,0.00020800202119889119,3.6352104841050704e-05,0.0002591972840946255,0.0002482015234634557,0.0003856863595501636,0.00028072292352590014,0.00023771932223768855,0.00013369325639407754,0.00013724930958980102,0.00032806628474134954,0.0002609005212601545,0.00021984245558840108,6.467169789010023e-05,0.0006202385952817097,0.002102888339625982,8.186941768144607e-05,0.00037048550711915595,0.0003136159432650512,0.00046245911335063283,0.0004906463941014047,0.0008409147044403653,0.00025367942981802116,0.00020483453520053164,0.00020227818580072684,0.0007097084826638468,0.00025947604161539556,0.00012633080754935404,0.00024162529088142846,0.00032124652944707144,0.0016705435716305925,0.00034492982504959413,8.189232704580718e-05,0.00040693518652945945,0.0008037694955419283
12000,0.0014417909277088601,0.00324101517159121,0.0038091075075499248,0.00029510705387040685,0.0015632853697015775,0.0035461715306155384,0.0030207518704423084,0.008970780072915801,0.013041053609004514,0.00473465691175079,0.012113569771759945,0.004232563006089363,0.0014716499594435322,0.008150782633244737,0.008988866295947124,0.017466333229094744,0.004116499143579165,0.0016560660692851378,0.002284544919218336,0.010125770580198151,0.004346564726155031,0.006627918768832127,0.003711607355022958,0.019207889400422572,0.008104520750012376,0.003670839697588235,0.0024510499989417204,0.004290580429369584,0.002544892108263037,0.011685915627294303,0.01096416511204249,0.016417167839021064,0.0007802741630288123,0.0011054788697566797,0.004496876785601166,0.0006642890779236918,0.00012369029963709086,0.000225088814328377,3.7256208082886497e-05,0.00024520513204606686,0.0002321836681418024,0.00031297915847972035,0.00019799449767106126,0.0002877449094644123,0.00012520392432107704,0.00013124757279001643,0.00032765689156165757,0.00028813436506425205,0.00020940176084187787,6.306261577099741e-05,0.0008212735508375493,0.0014392750114590551,7.855652220314368e-05,0.0003106137738745465,0.0003524930299167393,0.00037912691091564324,0.0003760593758425951,0.0007858982053221553,0.0001531122774988742,0.00016231060239988438,0.00015631810262372407,0.0005668272086233961,0.00019239017091700184,0.0001864081841713496,0.00017501762340543792,0.00031836698522587917,0.0008482469124179001,0.00033393339704491974,4.493294846952267e-05,0.00046736934968937916,0.0007607325169374235
12100,0.0018869398476011622,0.004215895096422173,0.0032959333184408024,0.0004160421799287388,0.0022695575836350363,0.003928709085032876,0.0026350218654149484,0.010236459704388193,0.01423217449125988,0.0049835471727419645,0.013768879437127818,0.0037246674087791877,0.0013189642662782167,0.00804624126524714,0.011333106423390906,0.026762440381086588,0.005973196207594897,0.0023016256104883607,0.0027150075392065836,0.010294500859430022,0.005244862617169369,0.006134307229720954,0.00441199971838311,0.020542270730948074,0.007192905060643777,0.00485334584955126,0.0027058981161703303,0.00557953098420209,0.00324916613411487,0.01069810058294435,0.01129583501489833,0.01522436554883965,0.0008886813943608838,0.0015839772221371213,0.0036918814492107937,0.0006209639354770908,9.038401065714951e-05,0.00035298232160130283,3.711574767710619e-05,0.00019842856545437826,0.0002300267229013619,0.0003609074569794757,0.00018342499483878783,0.00026192658151558135,0.000113777842223403,9.480694370966246e-05,0.00030158102389689524,0.00021365901710446167,0.00017190823510010637,4.486176062941509e-05,0.0005574613469959261,0.0015062991272619304,5.5469690960308074e-05,0.0002078332564098896,0.00024199377931554094,0.000292377846645567,0.0003269713132824343,0.00067135307335775,0.00018944050894889288,0.00014918780409341428,0.00018480081344023346,0.0005283539291285071,0.0001529770984276453,0.00015764832710988844,0.00013254251361003198,0.0002564721935473185,0.002832307244066864,0.0002770602950465581,7.00494047976008e-05,0.00030872343994960523,0.0006740783835994079
12200,0.0015220569638758378,0.004208731698680721,0.0030884622101439163,0.00030656109414009666,0.0021147368713138374,0.0019745884014160504,0.003019348426234149,0.010156258642667787,0.01911399703354457,0.00439970770094078,0.01270608092984472,0.0041335145201907035,0.0012839695255300312,0.007961692400744087,0.011175961762081202,0.031098588440120995,0.005860643136700327,0.0021825295074841397,0.0023317338969458695,0.012318977882835801,0.005601535402540601,0.006740039581927704,0.004093444897880545,0.022900543144593635,0.005498800053944237,0.003934061725158244,0.0024042124781948177,0.004974477047047306,0.002540979513330111,0.011842155571831691,0.009769726000571003,0.012226975721065313,0.0008713275592854713,0.0011193197778570614,0.004261479053740105,0.0005072895382746927,7.218830902532223e-05,0.00011292002640898731,4.646832773429985e-05,0.00015008853551989887,0.00016213791212144413,0.00025484833031441667,0.000135617634123264,0.00014666329992140068,0.00011285651362413773,8.02847164887258e-05,0.00023288091377157558,0.00018058186850566926,0.00015112121957372437,5.907479962016541e-05,0.0003937449081105954,0.0012639410851988941,7.451575183949898e-05,0.00018448302328078153,0.0002078524483859555,0.00015021301483515842,0.0002835788033921109,0.0003758951634154073,0.00011256166671576769,0.00014758212477615346,0.00011831926276499871,0.00041427919149484335,0.00012506396950847694,9.426027783184829e-05,0.00014795250545931695,0.00019710729074554897,0.0007961667627439185,0.0001852678644359956,2.972393528466455e-05,0.00023991062480758154,0.0004634224642359186
12300,0.0018440759331497247,0.0054423399582177534,0.00429713147120007,0.00038540906869177256,0.002283188938443207,0.004792156712418156,0.005910964778811303,0.012150969649976069,0.030817862118884834,0.006522488663904369,0.018123325071765402,0.004520879809540335,0.0012264221119094696,0.010440273571117414,0.018287935041735183,0.06371655950594383,0.007081815265164117,0.0027748249939796104,0.0022955898114430185,0.014487640291893816,0.00770254324360604,0.008775956879877153,0.0056224911576525,0.03369559221124897,0.008171858412641172,0.005664179590530694,0.003049273056251789,0.006307734531825797,0.0038288246667327577,0.01533777495769168,0.0140626678080298,0.022166515343437474,0.0012858252218061002,0.0018244169097543332,0.006647512151175761,0.0006091172643282659,0.00014654862154447743,0.00033493830481099644,5.368043297581958e-05,0.0001949786581008084,0.00026905929018268695,0.00029948784731459455,0.00019827615360554774,0.00021568897959935529,0.00014600979253660433,0.00010749543473999827,0.0003981133857833859,0.00015165811229067572,0.00017183763281207514,9.865275065253213e-05,0.0004929155249276217,0.0013594130044414972,7.576895841339137e-05,0.00028561794602419653,0.0002653474364643475,0.0001720004484840584,0.0003294158164882452,0.0003204670047125546,0.00012936483334316209,0.0001850207631255566,0.00011989584612213852,0.0005987807637757948,0.0001783468565850786,0.00012423220311927604,0.00021076850200390455,0.00018602953218465086,0.001598740187286499,0.00023912677481232532,5.823190122100641e-05,0.00033386388400961117,0.0007149616430979222
12400,0.0018288456234881163,0.004236888429322453,0.004357455400167964,0.0003397818442793393,0.0021162247337744265,0.003607727021777204,0.003096171612161279,0.010458737751155151,0.01591317804590451,0.0037914522108621895,0.011075145330166524,0.0034731761718701038,0.0014437082237705138,0.007986467594684766,0.009878137916915447,0.028299168884889998,0.00592571120519313,0.001940926751420285,0.0023164716341333197,0.011815592938898287,0.004346121833581352,0.006151585170300677,0.004451926045585424,0.020144276012433692,0.00602957004755606,0.00512826640624553,0.0031439839040690604,0.005937366474730273,0.0032327016753911533,0.012400680413139202,0.009584595982062941,0.011605514477616033,0.0009177595818910661,0.001270655262963606,0.0034820586750154486,0.0009123585247426799,0.00016047666634963926,0.00035322158419148764,6.03723106174387e-05,0.00026262258006681805,0.00034983238180679924,0.0003602965280151693,0.00030003921056049877,0.0003448301985803195,0.00019065841711141584,0.00013590423165104376,0.0004413506664461334,0.0003653759454529393,0.00029692872966938135,9.467862673773197e-05,0.0006323434234183459,0.0022730543696525274,9.636916747695068e-05,0.0003152316110535306,0.00030389993066662634,0.0003198803814980651,0.0005833755259186791,0.0003103022045252146,0.00019415410150713797,0.00028822491222644413,0.00022469011601060628,0.000687813424365818,0.00022636126520949432,0.0002283896894270485,0.00018264606903054906,0.00034342758396644957,0.001324667052748347,0.0003377783011653114,6.989373014221201e-05,0.00038288808631279167,0.0007318836447666399
12500,0.0026984618137715654,0.00880059819233052,0.005379325501659575,0.0004966705721996662,0.0025901006290812894,0.0058463919808023745,0.007268426961966343,0.015429179963343902,0.02947175657622602,0.006592667195945978,0.014914611763361105,0.0038519505352287895,0.0019478188482797564,0.01117151290633377,0.020005742036600542,0.06776988541241735,0.008938011587036141,0.003191429593186248,0.0038936949339196353,0.017812957498802764,0.00599170380560281,0.011244310278146128,0.00497485169529682,0.03908892032535126,0.00852712259502224,0.005376347200945019,0.0031413834478899523,0.007229394668684108,0.0037317544630187673,0.011019675419036855,0.014329195867758245,0.016840873120460086,0.0012319778268389515,0.0022357885053002806,0.004873027006194914,0.0005561953084206753,0.00016605724924321103,0.0004373132429794747,7.13596431091079e-05,0.00024150403362455108,0.0002594525876218618,0.00021712207126256544,0.00031435781411346395,0.0004360519638124204,0.0001350728707237929,8.269898686990018e-05,0.0005792030909409126,0.00026043584552937205,0.00025465430448728764,8.014649599565679e-05,0.0006680201636509781,0.0016018698649228706,8.944829496613239e-05,0.0003385478244590744,0.00031466087276730203,0.00023010655096103702,0.0006863043343264018,0.0003337447465128207,0.00018367166046573402,0.000268315838698422,0.0002555855258833617,0.0006037040574830572,0.00020272737603687784,0.00017381574020095418,0.00027250382633307407,0.00031705700021356954,0.000975736573829116,0.00026818729094592005,0.00011285788900750049,0.000397502988363624,0.0006937352060049307
12600,0.002432272522128187,0.00697036126857037,0.00561806300781124,0.0004438662549756163,0.0033547816964977456,0.004253889675185617,0.004232856598102972,0.015247957271640189,0.02320793251771958,0.005888080806471407,0.015292880726104349,0.004859789419855105,0.0015631941112753173,0.010920080649322534,0.013136579741651931,0.04616207075014245,0.008310083592645935,0.003216952885666131,0.0037839575150948285,0.015185353963606757,0.005829277508662647,0.008918879846792802,0.005350631335410677,0.028095128542433182,0.009443139321875706,0.005157459480687976,0.0037628620692914646,0.007064534390034775,0.0037628728634444995,0.011936619436563623,0.014971212651580572,0.017954969299563136,0.0013044814765084294,0.0018206767438662841,0.0049080860408139415,0.000649208864806334,0.00014745699604496192,0.00015166310268713542,6.471132441636501e-05,0.0002138529439434933,0.00021534316375978728,0.0002701471603359096,0.00025693934467199144,0.00031600087162300233,0.00016875465245041262,0.00010858010071258052,0.00036043437103217,0.000175645705486005,0.000189751795185908,0.00010682576657927711,0.0005298835471981315,0.0010265102561485644,0.00010371482130722143,0.0002951015274225121,0.000212499240848862,0.00022591954749176776,0.00041407685542556766,0.000758602438509115,0.00015979514493362026,0.00017727283327356136,0.00022066673773224466,0.0006766739634527493,0.00020019807998829088,0.00015286144036246433,0.00015365032625898797,0.000428019100546443,0.0008856402967337219,0.0002929394385504228,8.063541969249854e-05,0.00039004664105822247,0.0006310248849331401
12700,0.002196132495530922,0.006242679504255109,0.004841922391885116,0.0004157914241519533,0.0022293822718283183,0.0033838977272223148,0.0039028722126644307,0.01281052367580831,0.01564654093983589,0.006552891689352691,0.013600125000255188,0.003543019660244273,0.0017371574592261547,0.00853913955407651,0.012656109310217503,0.03666579183724631,0.0065878125495232994,0.0032481006245332167,0.0023429526710450383,0.012631070524948882,0.004484475698924283,0.0072448626888217404,0.004879897722275928,0.02532078540728738,0.006872501501487614,0.004030373389832675,0.002821853424334662,0.0075726194712236366,0.004251008265590131,0.011695182481132852,0.012722764053808835,0.015249700392954625,0.0012466055096288424,0.001943769276083405,0.00654331627245281,0.0007217624091383966,0.0001280165337295545,0.0002956322299393254,6.110899318425352e-05,0.00019585123948218097,0.0002491865826955968,0.00028855313667008886,0.0001637640372791793,0.0002584915102105649,0.0001399200967242857,9.897538093355252e-05,0.0003373321058046585,0.00017548059558336604,0.00017424476295908444,5.038739593808052e-05,0.0006153348250476343,0.0013148644405494754,8.034243801375851e-05,0.00026425174670590903,0.00027681475305520317,0.00022315313915235245,0.0004536244694033377,0.0005531653296202421,0.00019888390656003848,0.00020568214701527794,0.00025416337193746586,0.0006275648024980636,0.00018577421039893765,0.0001305540435545858,0.0001997890355293445,0.00033574733098756446,0.001091504539674913,0.00032243573602959294,5.995277587089731e-05,0.0003990700349101392,0.0006809506638091988
12800,0.0016189110342934695,0.0047243865609979604,0.004130070185055956,0.0003699982490126366,0.0020151323773507676,0.002713005432659494,0.0034003464915141166,0.011353514183914134,0.015145412075681531,0.004989140485122334,0.013652443579404563,0.00380073900053002,0.0015504785061983223,0.007791295543332429,0.010388503955062547,0.03398365631680159,0.005087532276125525,0.0023905351948467542,0.0024217056634370238,0.009944300489587476,0.004346964625983674,0.006690925183647778,0.004263542726694141,0.017238659176897878,0.006068840068976334,0.004005555307958275,0.002926668277312626,0.005513915171225865,0.002885841011062867,0.01116026608712761,0.012230116036177302,0.015968606081934504,0.0009201835620335539,0.0013630229384542088,0.004959752050732884,0.0004776880408862943,0.00011467562466063292,0.0003333991652735594,3.319859460057762e-05,0.00013338385639372063,0.00025502164998641167,0.0002990773823512427,0.00016648306404931645,0.00029193746760077037,0.00013684736189995754,7.904907577491421e-05,0.0005024591980799686,0.0002044140920496318,0.00018514215208471858,6.162997463186251e-05,0.00046552937359452837,0.0011726938513068792,6.141808880784083e-05,0.0002547911805164886,0.0002452256297241045,0.00021662495745741498,0.00035547505602505315,0.00037083172992424807,0.00013831689615370933,0.00014522812650913974,0.0002477960173564497,0.0004850889109200834,0.00015294132419041017,0.00015685098098713152,0.00011134630161298749,0.000256977428762184,0.0024173495720398413,0.0002628495899200846,6.198870210027962e-05,0.00022815962776475004,0.0005385563294112216
12900,0.0010346583214807135,0.003894620513569357,0.0030585206477553584,0.0002611735455712523,0.0018947006660422216,0.0019043231066981597,0.002050847988240064,0.00806908409175972,0.016473775796879912,0.003439478259679163,0.012084722957095236,0.0029041454118316546,0.0012425381569438755,0.006005922792334759,0.010052273477776907,0.036596645802395265,0.0045240537446737845,0.001820123883106457,0.0024412940796797295,0.00964904412481701,0.003280177018238926,0.004740911035436771,0.003949980618878423,0.014926532137906179,0.00525153777472576,0.0037825805135071277,0.0021195303376125886,0.004485032324434239,0.0028330875386018304,0.009411948698060212,0.008729676169265682,0.012572113975273589,0.0006441612308980036,0.0008857923767526552,0.003598383626821386,0.0003941019432858184,9.618445658002441e-05,0.00018162330690591426,5.161630114815191e-05,0.00019322851380820794,0.00019731317340611373,0.00022626220925303642,0.0001866680411694688,0.00015118975026876127,9.528212335561348e-05,9.366960241875079e-05,0.00019444692314432918,0.00015687993403545875,0.0001461056840937623,8.623284537117632e-05,0.00048664760800840246,0.0007021525671007112,8.678674039401813e-05,0.00023581892354722724,0.0001868890326320603,0.00017038290426088761,0.0003233124743048627,0.00023772970871505095,0.00017761278029916462,0.00014753883496128906,0.00013559800778845482,0.0005395238021685478,0.00018244290437981667,9.637298691879616e-05,0.00011886594762068448,0.00021405160170568754,0.0008347791367019194,0.00018880761569031466,7.15542125817592e-05,0.0003086500009809212,0.0006099765836552251
13000,0.0013859311527847091,0.005065573970097359,0.004022182205517311,0.0002862562203797727,0.002296049316020246,0.0034863033132361515,0.003461823154999189,0.010512776813401632,0.02248045787000362,0.005751715681981295,0.011904533821866663,0.004146795955513918,0.001629203187555752,0.007423170464762458,0.010897770917290472,0.04778181404253701,0.006135817593617719,0.0019359027188974197,0.003163073494631265,0.010844977156763585,0.004907610689297843,0.00572535806038234,0.005054417020292021,0.021883663538998614,0.006203772018861422,0.004523887392133474,0.0022630854897332966,0.005477163377387721,0.0034982912687529974,0.011424958588900008,0.01064060226509658,0.014195940622952409,0.0011028660674609315,0.0015674853690291267,0.005045246443640078,0.0002920905025719987,8.143215133390856e-05,0.00012893815764155906,2.9663723052570014e-05,0.00011174965698046435,0.00015348518123825303,0.00016155859384525684,0.00011788352589974238,0.0001587406789583742,8.336442460858962e-05,5.0036168338302946e-05,0.00015327441601504943,0.00013189498135801614,0.00010653035491357295,3.401691376645679e-05,0.0003791976353131059,0.0004093688894499792,4.021232789455098e-05,0.00019648592735059222,0.0001397042577019451,0.00011524589217515313,0.00024063722604071415,0.0003429104090173496,0.00012441157337169292,0.0001146019913064195,0.00010674001253695072,0.0003841004592579084,0.00011237111802920986,7.422547137671777e-05,0.0001019670477136161,0.0001495808514373966,0.002119780373634837,0.00017791093796278249,2.540129565886673e-05,0.0002164722681254334,0.0003405961113458034
13100,0.0020186155357018957,0.004992198070761299,0.00412083793101677,0.000440658995089157,0.002225340179888284,0.004369122375335012,0.00429806039576966,0.014550019303558157,0.02495903821943413,0.00800607175915502,0.01883595733742379,0.00577436493218482,0.0020238177764412917,0.008204259567498935,0.013251860192202217,0.06600157871919994,0.007718742541675013,0.0019371971905031064,0.0030807875071851803,0.012876635866074746,0.006695412598345193,0.006715059957579277,0.005495406092474392,0.028288708673790096,0.006872760046693628,0.004297467391006648,0.0034558568886202392,0.004697848853538744,0.0028357733224230984,0.011862139102900513,0.015675391006031228,0.019721822607187696,0.0009853575613717042,0.0020701322983070493,0.004259940621826293,0.0004955872129122392,0.00010512170654477047,0.0001259753795569519,3.582283730760405e-05,0.00017533999931629296,0.00023960694244472486,0.00014950628610677086,0.00016929871303545952,0.0001813296046173874,9.356097801796032e-05,6.778872120288984e-05,0.00021813755002017787,0.00016881194465767635,0.00013430469469759718,4.3402092656337615e-05,0.0003972056286451894,0.0007482109613192733,5.8827133034355936e-05,0.00026555167010994815,0.00016668957530406448,0.0003050175024451495,0.00029845793500088246,0.0004083203102709376,0.00013124514594172373,0.00012119851608076715,0.00015531566277786623,0.0005172476855449609,0.000194194613851761,9.234219929190281e-05,0.00010176822201578438,0.00025734980601271954,0.0023400212298188955,0.0002487585525439008,3.272547809274329e-05,0.0002430361401713847,0.0004782755000633188
13200,0.0014711878291662386,0.005490466041481812,0.00403195564528384,0.00039193769330617774,0.00224397045618573,0.004444246404870812,0.004104030299898905,0.013230719874092542,0.019394715563665364,0.005919640650972724,0.015887009055730254,0.005236984301555655,0.001408247269203209,0.009155503900150175,0.01230241686130552,0.04664462595731796,0.006187310519072483,0.002851500929093071,0.002839578887298038,0.013808027471483608,0.004785017626325218,0.006671027699277536,0.005048769820229305,0.023847357428167015,0.007878487023282062,0.003792622219771147,0.0031201774351698516,0.006333385770024809,0.003172984592161169,0.013310929770311978,0.01594083142738479,0.0191936869881689,0.0007463050806546352,0.0015569772196063559,0.004589276717524626,0.00029902570999951195,0.00016156292135567702,0.00017557488469967873,7.165484234440238e-05,0.0002240516690790173,0.00019301755864073632,0.00023942792677189573,0.00014785517005293513,0.0002186666771242591,0.0001402457219096744,0.0001083296915900129,0.00026741477689172727,0.00025502124576703977,0.00019214089222283165,6.26792769418733e-05,0.0004282439698657142,0.0012004716803251843,0.00010044635964732152,0.00023998309227733574,0.00022076965144841434,0.00020211097022514548,0.00036114538529692517,0.000267739046648785,0.00019362555784141477,0.00016931792953563183,0.00017706107076567907,0.0004963008828849769,0.0001490090911591711,0.00012924686885722818,0.0002376446404418352,0.0002459001790547128,0.001944655450902896,0.0002739175360910585,7.917392611034302e-05,0.00027550664080302974,0.0005731853845645674
13300,0.0009190594102521474,0.004265845505061507,0.002873633728692463,0.00020424040983645962,0.001816640596361934,0.0024012710034315076,0.003360134128548276,0.012049972044277477,0.019909851441332626,0.004836088864976773,0.011581142669635966,0.002781259204850209,0.001057373024443884,0.00770403589073491,0.010821259078147705,0.04456077307986561,0.004808313675398711,0.0014583288045943409,0.0019802548039089224,0.010694988758089797,0.003856373052933402,0.00561756617467576,0.0030789229463456043,0.01779243442773198,0.006803897758071264,0.0030095505295321344,0.0022584181142813195,0.003880482190349236,0.0019976334523936897,0.00924526260355525,0.011638532819536826,0.016061858844925433,0.0004943562894302781,0.0011735208084426335,0.0042077607676118435,0.00019395148083083718,7.647742179086124e-05,0.00014713444443259505,3.31237083285936e-05,9.868708980320662e-05,0.00013220592926884025,0.0002187895806855522,0.00010142180337879836,0.00010545830292884555,7.340030336093294e-05,5.5599875656753285e-05,0.00012681893585658255,0.00014726891052063706,9.392354090895706e-05,3.411492571103736e-05,0.00031726739550951884,0.0006195486215195464,5.1664013517438435e-05,0.00013058610161630096,0.00016158009237125074,8.28062383210305e-05,0.00018498851000248412,0.0002323281050848891,0.00012010522904877992,9.52091434275924e-05,6.910220599820605e-05,0.00039441771552388205,8.178667972466066e-05,6.59100351964167e-05,7.896851073180894e-05,0.00010832513119082734,0.0007848638382971071,0.0001782218448377373,2.9236155967282684e-05,0.00018273371775465711,0.0004323876732087228
13400,0.0018467822805718784,0.00896960524039093,0.004218196778917142,0.00039168261661800966,0.002583085458918734,0.004350629344116896,0.004760505029421878,0.012973501001468714,0.030522213694825086,0.007944708115246613,0.01632086968967076,0.0038618328954373505,0.0016213159136841018,0.009014354348905865,0.017078819456476005,0.07360274505238824,0.00742111545990892,0.003080771230802211,0.002747515122921738,0.01465904598745207,0.006755146550984556,0.0072692967655062345,0.004963598462830608,0.030102990113664418,0.00934992135861403,0.005240251682698727,0.0031807393008068995,0.0065852233007414425,0.004324426059439943,0.01372748635302771,0.01893795546415883,0.018645858351821795,0.000990070558530603,0.0019191874369764348,0.00520264552364501,0.0004582608945296686,0.00013915264592792722,0.00013333077082610214,3.710974253150987e-05,0.0001433124477898673,0.0001778762641267949,0.00027666791356750764,0.00011807534033323464,0.00014733776544361668,0.0001259297115187732,7.653555317160356e-05,0.00021892407337139032,8.715233689038371e-05,0.00012189268381662102,3.393159791316562e-05,0.00039636097995893437,0.0013149554627792288,5.061598558313563e-05,0.0001934167996333432,0.00021698720455129534,0.0001204884160456872,0.0002738708891199842,0.00019030180646950612,0.00012727731903636495,0.00013378707638786672,8.500113714641581e-05,0.0004433174952524613,0.0001546469494050063,7.470902541958699e-05,7.919234586653247e-05,0.00013342497203512875,0.0009886216812446946,0.0002327194071259812,3.9293656755035045e-05,0.00032284718035609195,0.0005666504042892484
13500,0.0009504455697547324,0.0034062515653743132,0.002086921852120819,0.00019748071611572343,0.0013632770123761856,0.0026034223680783597,0.0021069471650926354,0.008607311308379377,0.012746250434466226,0.003370402700966224,0.007428468129580357,0.002591661147729313,0.0010088928271822322,0.0047866479585398775,0.007385998769356828,0.023778248721403845,0.003315537807447115,0.0011154859493666363,0.00155725974660267,0.006883553856896469,0.0029070746458658573,0.005238278448814526,0.0022804615499141317,0.013282235929121573,0.00473807420887949,0.0023052486358210444,0.0016579349802551377,0.002602637260376165,0.001541800547976677,0.007797042925953827,0.007667030621378217,0.008262673683930188,0.00040828871662002854,0.0011010846538569198,0.0028029851895957515,0.0004030915028536697,8.964361715345006e-05,0.0001442591692053115,4.973405617647586e-05,0.00019679891329360544,0.00014711200365707824,0.00023943199403220206,0.00013656952919518516,0.00013008810463744388,9.183308949152553e-05,7.439319448841226e-05,0.00020578724536135908,0.00012845820298057475,9.815024429973744e-05,4.2172398025286384e-05,0.00033839814580880135,0.0006980423143735001,6.538371708302293e-05,0.00022138868276595864,0.0001870648245350257,0.00016358735022301764,0.00029999104451910113,0.0003195100061930134,0.00015542968351193545,0.00012725452678436202,0.00013392464510009934,0.0005794438607398494,0.0001788927229900613,7.908041181492065e-05,0.0001972810320391242,0.00020344040841372555,0.0007506995695751227,0.00017540969895481253,4.769421570927079e-05,0.00037087182847947686,0.0007554765070381109
13600,0.0018035516355126133,0.0058011467184836945,0.0026074843602449014,0.00037891137921038673,0.0019440302516435437,0.004674977639556995,0.004609306456058543,0.010802512838078352,0.019438272553111636,0.005334056510037044,0.011774982454005146,0.003916535947183194,0.0014577778188554062,0.008783558689394726,0.012280995025139418,0.05371203205140773,0.005656394799838641,0.0017374192955432154,0.002446610657248779,0.011564028652258761,0.0051132489169014245,0.006542258844482214,0.004410579954079973,0.027901426050812007,0.007333003129263359,0.0044869649922475215,0.0022207699979727266,0.005335099584044656,0.002728800804470666,0.010077317605699194,0.011608895088623589,0.012468113010982051,0.000978433456159914,0.0019575732099457485,0.0062051572598041576,0.00040532026278482035,0.00018153344130592144,0.00021516734407420947,5.214595256506708e-05,0.00019999678852400393,0.0002450003414070763,0.00027864741787198,0.00022015883077983745,0.0002812362906632571,0.00023222910536357008,0.00011908681292506376,0.00039420455557678667,0.00018191647725984694,0.00017629141566117299,8.077067452011926e-05,0.0005255982515196732,0.0012239360597353273,7.482608270947821e-05,0.0002817696223265019,0.00023383476983671527,0.00022203769822226604,0.0004908861754360728,0.0002901492352975765,0.00015196055977639844,0.00018685404468040081,0.0002256410814879928,0.0005992718801456747,0.00018968713987672144,0.000141015428042764,0.00017934379613709299,0.00028100485322094947,0.000977671368933183,0.00024681987953418947,7.739773479897849e-05,0.00039442987679863377,0.0007186944218119607
13700,0.0020948131732193113,0.006360371418176564,0.003951377198973205,0.0004575376151548811,0.0020269054261513667,0.0041847689426504076,0.004164053962819209,0.01259531284488855,0.021400049574753256,0.006267098749958677,0.014759055505787672,0.00438447669512243,0.0015482980613314519,0.008824284440021129,0.013596050392109593,0.04478792658968208,0.006864230894106662,0.0028178245459146846,0.0031625398862940657,0.012485988033755955,0.005582260103182517,0.007210351062115349,0.005084495350796109,0.023621674231253564,0.008916681059490079,0.0051861890126019715,0.003330470191779187,0.006418801503362677,0.0034898884234922556,0.011495212761210202,0.012860631201571474,0.019829548546113074,0.0007891834944877893,0.002132130275862606,0.005338625238942364,0.000496971356407678,0.00010592461535153282,0.00019060525590413653,5.374148332406088e-05,0.00014216446948012162,0.0002177602676980275,0.00029505665588658303,0.00017590865991223836,0.0003318996425724962,0.00014734549133184997,9.008225379066711e-05,0.00038075585488465887,0.00027662769432801326,0.00015819297449924902,6.21931405310699e-05,0.0004994822335290267,0.0009576017000654247,7.075540688674664e-05,0.0002648418289472644,0.00021861298315845238,0.0002773289741691604,0.00047178516595972384,0.00023948885973368306,0.0001420488021797913,0.00015556939612137145,0.00011015200301092895,0.0006448613271948156,0.00019682463012052857,0.00011277435855394747,0.00028204054969036306,0.00033203788252176783,0.001267740654449361,0.0002875319506926182,4.3733007316859585e-05,0.00039851288347716096,0.0004833249535295181
13800,0.0012686020293069698,0.004506144113461401,0.0033476331288208407,0.0003134994541351961,0.00159531133875687,0.005277944687155208,0.0032558806115048355,0.012834428583243839,0.01982501599409664,0.004681076046836097,0.012378770312083091,0.004016231359781493,0.0012549068011470479,0.007851261698912518,0.011799230518526575,0.047721028252757,0.005608100368027365,0.0022741020167146254,0.0024402522748070104,0.011477425282622184,0.005007869679695012,0.008228833565226523,0.004237579660645376,0.028005708936446657,0.006392478744384702,0.003594856709241867,0.0028878246174856266,0.005608090952591738,0.0031704384991077376,0.011589061012801398,0.012089243311590205,0.019246277197873078,0.0009878066439396294,0.0018561263721409865,0.007183619843696458,0.0006030959040046469,0.00015940839652653507,0.00033120051557489205,6.483626809466546e-05,0.0003108368913444792,0.000448292852558765,0.00035575997935666237,0.00028779084987036186,0.00040004210687153606,0.0001876013030093753,0.00011176513247132139,0.0005457845091178458,0.0003289014804934709,0.00027674119524261125,7.905672315576918e-05,0.0009393461001379295,0.001655900021432899,0.00011634284419415053,0.0004114707969109782,0.00042635878043225165,0.00040874957432441244,0.0005737001191386866,0.0005419352064564009,0.0002896408004744444,0.00022790600241933133,0.00022164963168809967,0.0009964346313804575,0.0003493013763612975,0.00015264868111567134,0.0002900807811682979,0.0003268605148930094,0.001329591864435185,0.00038202622579182197,0.00010060194938432687,0.0005018117285773861,0.0008927699745981954
13900,0.0017957286905781271,0.006294748148691185,0.0028435428575903643,0.0002847230519329549,0.002232264309493041,0.0057273525827830395,0.0032100452943327144,0.01257887918337456,0.025676450534302616,0.004115961113711819,0.012770151891154567,0.0031061539789798377,0.0014534374676066254,0.00768295509999117,0.015486805516004953,0.06265638769643071,0.006315838134209376,0.001912058563995075,0.002083783098247035,0.013150719511904753,0.004783048175550693,0.0067212761067431915,0.004454707439969449,0.026906059903558342,0.0053434335313218145,0.0031859061447903512,0.0024611788527005457,0.005409400633046364,0.0029803735368392047,0.009055474005670534,0.011241800179705023,0.01353512088714454,0.0007536713506007905,0.0011128589548799175,0.0059426452386712,0.00037363904436103567,8.892674479679236e-05,0.00010813301159115244,2.9244026215992454e-05,0.00010599211134376674,0.00020573379435247376,0.00015239355889207218,0.0001225560002922066,0.0001501497916155801,0.00010709595638601107,5.460706725151405e-05,0.00028161891334508384,0.00012009063162921052,0.0001237750769762207,5.5382950863118325e-05,0.0003912328620344852,0.0006025892471370753,5.0271639975107976e-05,0.00016062198796951596,0.00019114956391823743,0.00019904037704195204,0.00031155645400983585,0.00019595519279391738,0.00011981624155686809,0.00011928377079689548,0.0001178528960129673,0.0004827047809927017,0.00015384846132191241,7.634173189299045e-05,0.0001439435869138429,0.00019522737219832177,0.0006636568696194445,0.00023106935189558028,2.7792252012659446e-05,0.0002651519734202896,0.0004167631697782781
14000,0.0017549103138023653,0.004443210105010722,0.003774247888941318,0.0003905948485295924,0.002204001778674082,0.005059456003696791,0.0027656328882204114,0.011572241179166274,0.01881231708949035,0.005177619212190621,0.012167966337770333,0.0035611346500779607,0.0012037653580068074,0.008073826301507794,0.01248339325598756,0.04426469129005758,0.0052659869894948015,0.0017507014380947722,0.0026158083180364755,0.011207703739055433,0.004586213116593941,0.007294542712250924,0.0038661881808851224,0.023255682340823113,0.006255570596511548,0.0032177591463550927,0.002280487364054528,0.005148974369755403,0.002427407105021891,0.00977564027562039,0.010501967027084901,0.013610787980724126,0.0007464459453606545,0.0013313551357156072,0.0048002121539967545,0.00046247094708259544,8.860276596584826e-05,0.00014524955870663027,2.416797254484784e-05,0.0001017503929006125,0.0002447241674823825,0.00014899629013598314,0.000117379155949493,0.00017978144311009121,8.994448418506133e-05,5.446078180690555e-05,0.000338756225398372,0.00011458333815150823,0.00015214292060775357,3.957209454793801e-05,0.0005741183554479134,0.001211062941971856,3.750692321773386e-05,0.0001828332512039716,0.00021786332155019847,0.00011338900280448301,0.0003355015451234067,0.0005652541512972675,0.0001222701737838684,0.00010940491664279342,0.00016983164593208737,0.0005150568710476324,0.00018165987533949292,0.00010210609516516424,0.00011059062868904827,0.00011848524027684177,0.0010913020578300348,0.00022793546087098644,2.8494165036363484e-05,0.0002812087354314605,0.00048886340809986
14100,0.0015608817388596977,0.0038471002470167287,0.0033310686145947934,0.00033501792270796543,0.001954948087057093,0.005274527273806078,0.0025168891875329146,0.011702285595888765,0.019950126039037955,0.004266782943886938,0.011722178068418016,0.004403899359705084,0.001114907700508466,0.007096084297121375,0.012462625491153791,0.0538225352477942,0.005441369291691531,0.0015936732370276712,0.0026127708468785776,0.011589505288842096,0.003785669729198232,0.006135234670572183,0.004158487518046362,0.019609206951766586,0.005779137071782778,0.003282487322576344,0.0025442758933276045,0.004602608487402904,0.0017831079309176216,0.008439092177028332,0.01033296752992707,0.013007751903317582,0.0006291267961333784,0.001348879611552632,0.005346695823593311,0.00037875060079630075,6.207900998701557e-05,0.00011996708239662853,2.4087223550850467e-05,0.00013348045115435525,0.00016488063048161573,0.00017964224934985396,0.00013409419293566315,0.00018221299418847163,0.00011640734896421858,6.717728710116586e-05,0.00028788279902520325,9.300223283315034e-05,0.00012302636709046839,7.622580646553119e-05,0.00047936567724928653,0.0014438738859704852,5.0208025095344054e-05,0.00020230664937784872,0.00020349021247841,0.0001427532528478795,0.00032476144259553327,0.00022436861627284088,0.00012370621022247028,0.00011237538746207484,0.00011548058246262372,0.0003864369185577587,0.00017547563970765623,7.575598090067967e-05,0.0001220770315436918,0.00011700218695225046,0.000937276664314725,0.00021518283519816168,5.2178363546317996e-05,0.0003457662059106554,0.0005776039208285511
14200,0.0013688956353419329,0.0040124533870429906,0.002888711188764622,0.00035957738979889724,0.0017458652734684264,0.004304348258301616,0.0024768295475481746,0.008472679967620507,0.013581530312807491,0.0045903760474175215,0.009324030012875382,0.002682179436491498,0.0012112531130145671,0.005975951092268312,0.011824730488040265,0.04030896685192905,0.004900515357283959,0.0016557056995777743,0.002277963495414172,0.009334050612645417,0.0035175913711275194,0.005897813034867535,0.0037634492454041418,0.01803153897053562,0.0059377642442158835,0.0046004745410755275,0.0022260855046243385,0.004359040141328781,0.0017873561520365697,0.008633651186814419,0.008909823881695048,0.012813224795256527,0.0005131653136257997,0.0013134918641341312,0.0037456294039657223,0.0003931443429183089,8.765495147444151e-05,0.00018278742399243956,4.340672108695338e-05,0.00018159262754124939,0.00015451850241972467,0.00017780846610548906,0.00017301618454439448,0.00020356600744937743,9.13617088802934e-05,7.654130899611897e-05,0.0003687918436601952,9.983607447061615e-05,0.00014480134171302277,5.518048279058844e-05,0.0004204850691446784,0.001060748809929161,5.856734132976271e-05,0.00022348920029631998,0.00021217729339821683,0.00021454812105565162,0.00032971577204608045,0.00021109088220327976,0.0001924116157788881,0.00014735441939312576,0.00013890332435645785,0.0005648693456072167,0.00018092414122263648,7.66620717447884e-05,0.00020159812023242316,0.00016807986909728466,0.0008176294876258387,0.00018960386217583487,5.7590466951751296e-05,0.0003460330259877694,0.0006594516635232139
14300,0.0019075549799536758,0.005358179812362694,0.003135031535445402,0.00041121956878319344,0.002718290385087993,0.004567610000127128,0.0038593392458008773,0.012581671689415588,0.01941275687881265,0.004587379346048692,0.012079490736298649,0.0033288133183342157,0.0017534988878513545,0.008101664670076307,0.013791718809764408,0.04724830380776742,0.006951800986696201,0.002399048477958717,0.003189503851379933,0.01267038876224736,0.005534286705596969,0.007711590918396334,0.00536607405229006,0.023976351832970977,0.005873210291120192,0.004642922524362802,0.0025941490673264318,0.0055017895477552274,0.003847424120313543,0.009625086199482593,0.009384852534664484,0.01439215315398402,0.0010693375740996858,0.002237775826679988,0.006457481202232884,0.0004620558461912846,0.00011116456198578817,0.0002527726044883655,3.902706149725111e-05,0.00015623568958744727,0.00020810781756095976,0.0001993917230720399,0.00021039333146291028,0.00026238625564713544,0.0001447716913198268,0.00011398633460787875,0.0003640227205802435,0.00014821906072626234,0.00017875748048564236,7.011858931284884e-05,0.0004390138532174275,0.0014383934006521788,7.979111433087382e-05,0.00025355704368551843,0.0002816322118852785,0.00027932133401587964,0.000362580862417016,0.0003712108687068394,0.00015968405168425507,0.000144279044927596,0.0001353123940740867,0.0005566664862521241,0.0001906532797317208,0.00012944856465404523,0.0001182816109172159,0.0001769574368827543,0.0036173701916725675,0.0002761531895294919,5.2588460960123484e-05,0.00025954299190598555,0.000965413726225961
14400,0.0018312644910651757,0.005596884897655669,0.0035891109388709688,0.0005198876613716353,0.002621620926634656,0.00794725542488907,0.004977797909921191,0.011870400703771213,0.01810129598036642,0.004525020420260262,0.015365772695211624,0.0030905565389340544,0.0018617010416963956,0.008417997610994269,0.015312881974515382,0.05059242520170907,0.006214534374348226,0.003260553924991643,0.0029870337041627082,0.011933967392663666,0.006361240014554754,0.009288861967693915,0.004322700183062504,0.02560937961873909,0.005952691746931541,0.004591394332237542,0.0031730956107499115,0.007136868522745014,0.004274993855163784,0.010417485139295158,0.010522383642770972,0.01730289246636228,0.0011589409754741643,0.0024314047330462503,0.005457572798251122,0.00047461823053294793,0.00015547670556178387,0.00025746919486251005,4.9043212188516044e-05,0.00019527403844676883,0.00026354520372130557,0.00023828611301723868,0.00023373438580165384,0.00022654046168961366,0.00017479015800984742,0.0001152214710681879,0.0004457872716732693,0.00018143057451336375,0.0001801291442493023,7.261911105160834e-05,0.0005464656470569305,0.0014130741716750588,9.271101080230438e-05,0.0003004184056074021,0.00034433002932426714,0.0001911900256097645,0.0005776649603860513,0.0005353008659767511,0.00020391687288818302,0.00015763932000341951,0.00013607046312245075,0.0007117380136718253,0.00020872438019355118,9.562129468110004e-05,0.00014160163654095313,0.00021018938363127958,0.001552946027134437,0.0002655383333724844,8.927043216999664e-05,0.00040157950780751376,0.0007256755168782547
14500,0.0017599587208187095,0.00582837837983216,0.0035584071119956207,0.00045644612521125684,0.0029917708238884452,0.007548195077106357,0.005037830196347533,0.011618271409579571,0.017690757004701584,0.00595327823975822,0.016053001427258375,0.003171546263599469,0.0015256071814237107,0.008472458753561968,0.015209013994385982,0.0478460131380416,0.007422502600959325,0.0023608392849048788,0.003558920045699259,0.013397679471769758,0.0052750216655183,0.008576558636767524,0.005607251806165247,0.02793150666014602,0.007530529768210106,0.00501444349065423,0.00308647838092809,0.005234383297041252,0.0037395013907157324,0.01103772801223151,0.012317452967205706,0.01817502780781629,0.0009578327223034824,0.0023460567442461343,0.00538468836384709,0.00022259666555766801,0.00014067282403043704,0.00016846272240978908,4.093023599865094e-05,0.00017189926506944175,0.0001563574600793877,0.00021240248133835848,0.00017791910340747563,0.00021392032823840915,0.00014166459636726357,0.00011266161204405632,0.0002209428346663787,0.00011542784012519292,0.00013642445750763037,9.291271742933367e-05,0.00044596484500429004,0.0012673567022526793,7.32630780476029e-05,0.00026936010875274683,0.00023415717905977387,0.00014023417729318183,0.0004005614987999183,0.00030487071080642636,0.00016064590212434067,0.00016074383857602907,0.00013208370849800607,0.00052487807006425,0.00019706887132997508,7.108732049206853e-05,0.00021673137780453544,0.0001779921186992739,0.0013590447672738395,0.00021102726240940228,7.88182259725545e-05,0.00039435335345827476,0.0007649578859854955
14600,0.001552583065662278,0.004820125392547602,0.004422455201468741,0.0004213312671289224,0.0032843030201524636,0.00533093828042703,0.003983690484522911,0.011831826661649508,0.019359795997382818,0.005650643193803262,0.01820468008426596,0.0038353273652764796,0.0016322645462809526,0.009378152338092948,0.014872990149203414,0.05401299132790882,0.006973693292301115,0.002020152654466396,0.0031701646055028376,0.014201507284548522,0.005353822737305773,0.008476957635658826,0.005303341920565193,0.025811517723680785,0.0069302285789475835,0.005213968432508409,0.002836057009253343,0.0051627896730982075,0.0031889629332855452,0.01233849695986024,0.013348230157086315,0.019875031586987182,0.001133438508440157,0.0018662992608877301,0.004855245306922977,0.0003760428161844028,0.0001069549713083449,0.0001155068609725938,4.043996265332373e-05,0.00015344309485954,0.0002497694502603445,0.00027294279061607085,0.0001957335432734908,0.0002040205386277337,0.00012590247526627775,0.0001253596167966212,0.0002558112647149532,0.0001511450683588933,0.00016694325037453132,6.153364897314036e-05,0.0006723697338202328,0.0012175528712153512,9.235557317879283e-05,0.00022996637880150586,0.00023176181953047113,0.00017072844358071134,0.00043681997790030123,0.0004583023378472717,0.00014966956396102028,0.00016370436649315077,0.00019784812636013764,0.0006282754618374012,0.0002165923761218117,0.00013272125313239672,0.0001635909858224396,0.00019918475641429427,0.0012083869772011116,0.00024267534518406637,4.729295801553235e-05,0.0003697226402207797,0.0009645799058489501
14700,0.0018144005940435768,0.004546364339249622,0.004285279920926162,0.0003972064547829527,0.0024786966218638138,0.0063384025956371,0.0031496412168874693,0.012432734261856954,0.016677388344104184,0.005501609899511095,0.014869651853968893,0.0033499882140729043,0.0016502231288045136,0.007698521161783543,0.011662390077104004,0.0425754057020337,0.005881357141333865,0.0016829146362754186,0.0025030200673167463,0.012261262442164782,0.004753479656308348,0.00780165916304603,0.005138060540581743,0.023430579093595347,0.0063827001808859345,0.004423028300516307,0.0026565146018847664,0.004937880724961967,0.0030855977672378204,0.011039311971422473,0.010036777037506302,0.01581286917700289,0.000977490272989511,0.0021734702376793287,0.004754227763947306,0.0003577099395235856,7.734649912848861e-05,0.00018706253166039295,3.9856202642091284e-05,0.00011802466264043687,0.000209186369031468,0.00026673872889659833,0.0001429856520417161,0.00013080715899904086,8.604116127284406e-05,5.882638903114769e-05,0.0002353044835871786,0.00013954556818873698,0.00013837111491503838,6.172646040299283e-05,0.0004942755531409113,0.0013772591804202723,7.301510158868041e-05,0.00022820712320954415,0.00023751025294367192,0.0001661267723317327,0.0003493214396932613,0.00028420989656297024,0.00014413979541750955,0.00017427045658783194,9.803715111047495e-05,0.00047416813634309395,0.00017797421579896563,0.0001318910011717775,0.00016512835312217552,0.0001784278736569784,0.00154978217740011,0.00024973934253763776,3.165943238059299e-05,0.00031831872727233523,0.0004892844386631623
14800,0.002371227890270765,0.005150191043395791,0.007013950026400077,0.0005767083272075979,0.003188828962392327,0.0063988260725247005,0.0038915691679757137,0.015517188597989255,0.02046015297031473,0.007098462840076536,0.0206932922998403,0.004371677026567192,0.002537744372878506,0.009858771088395522,0.012914167585233158,0.04608038377288418,0.008752446369596458,0.002625667995329699,0.005432515509060717,0.016055175216606585,0.0068753234912597135,0.010231271651199287,0.007629056114431781,0.023540817426207165,0.010522050043712783,0.0062377139460295435,0.004157550541094679,0.007511283049704313,0.004646179001257919,0.015743733218597858,0.014643568040725464,0.02781620211988831,0.0012380981830014766,0.0023623377388545586,0.005892950051525582,0.00042149890335809104,8.748351554213753e-05,0.00018582839737229568,4.648041292594245e-05,0.00018530876980094035,0.000267917026624847,0.0004900388476016815,0.00022544476128132372,0.00020424172884017216,7.685720736270397e-05,0.00012951077604027108,0.00039574220255944007,0.00020850065363564596,0.00017433756360576118,7.160739865370984e-05,0.0005532540324880896,0.0013938604157980687,7.78530689785839e-05,0.0002801082423966549,0.0002836233917182183,0.00028023138417087136,0.000395289930986442,0.0002078633674500452,0.00017034067794459892,0.0002589740885853714,0.00020158144883074177,0.0007456824819567578,0.0002186992248880415,0.00017798442430838813,0.0002466210011738844,0.0003000926955508759,0.0022459919889245483,0.0003552401913519669,5.395376979322464e-05,0.0004709438089470373,0.0010385796849732287
14900,0.0012239644820265065,0.002742243711071313,0.002875576449393217,0.00034752028486064563,0.0014565238080545965,0.0042501970393849274,0.0022880999920802895,0.01191399528732861,0.015061159146217171,0.0040134054579539225,0.013754948312172345,0.003272323757282349,0.0012540212853557684,0.007142866181256426,0.008221306274497372,0.041251851410682626,0.004260529231942201,0.0011819314838444543,0.0024176944789360277,0.01199722949063774,0.004737890060589332,0.0049788880626562915,0.00446177635176961,0.019374733245543514,0.005794965734533016,0.002919830509927124,0.0022693731450618222,0.003317583845879805,0.0023281352516599275,0.011242182530446782,0.011451893538469449,0.018036223594278384,0.0006638928895789867,0.0013346227050596796,0.003476756319186178,0.0002674124271671019,7.315389578366194e-05,9.894986884649948e-05,3.059971207328517e-05,0.00010289544252373162,0.0001292813918562968,0.00021003166875743773,0.00012037006863465649,0.00010651073530186152,6.555454598296101e-05,5.802177414986025e-05,0.00021171233852886902,5.929470272292292e-05,0.00010736980718451738,4.0117715426194167e-05,0.00046699921224794356,0.0009464755033453306,5.889513822694425e-05,0.00021164626650715945,0.00019917296231142245,0.00015110880977689786,0.0002942230124561672,0.0002085086352963117,0.00013769471980948665,0.0001489904556610082,0.00010302942961667819,0.00046363464562018046,0.00019027438845905972,7.82788535313254e-05,0.00016854032098005214,0.00017620331765137018,0.0004731807627779615,0.0001864526329313776,4.4037750512870844e-05,0.00030317412867451583,0.0007452025667589624
15000,0.0016706588513271355,0.00436786186953584,0.005629687312951622,0.0005018556269603253,0.002585450134828062,0.005658909794874489,0.004850478744790434,0.013047412431714131,0.017167799578923615,0.006794614848331548,0.015862772971031294,0.0038984206017185176,0.0019755218663979604,0.009940828276739921,0.012548431713580879,0.042295076404116116,0.006936558029251284,0.0024132490577323576,0.003747793770993927,0.014582842823656392,0.006285772848975914,0.0103343828897258,0.006692363491165452,0.025508038121430824,0.007206389994583636,0.004848993988707662,0.0035848582716799947,0.005933146757039746,0.0031976591926650144,0.015268062956414313,0.010507662378950044,0.021942986417203568,0.0008571231981569291,0.001813001357213791,0.007626988739907069,0.00041006189984216235,7.746928413983991e-05,0.00019323561274508063,2.8315296913137627e-05,0.00012633879606482878,0.00015559972751439188,0.0001816874341784569,0.00016503429899330512,0.00015918068289752946,6.52020323053349e-05,5.702431511898404e-05,0.00028002382625122105,7.213191867228019e-05,0.00012687098455801098,2.2218018660747806e-05,0.00048796606691631987,0.0012917220180194515,7.120393129298464e-05,0.00024964057494650417,0.0002675001650114327,0.00011588598367366517,0.00043981040338406677,0.00012835944266953447,0.00011717319762283296,0.00015447732379855622,0.00012874655185441953,0.00044665057874871924,0.0001730508360727375,9.543985958304335e-05,0.00017608464339799766,0.00017058152174103,0.0010134229388703325,0.0002705462209084247,5.379349842371539e-05,0.00029504907802831685,0.0006103982588683721
15100,0.0012594646831456812,0.004768696545970333,0.0039754935836147825,0.0004289948705683435,0.0017553187781116702,0.004808302918848183,0.0025387764350207655,0.011810077217780738,0.01876947683212154,0.004052416079503018,0.014558034904944684,0.0032776104171531113,0.0014870772821737003,0.00801512071980555,0.011978089555893402,0.06705679879329789,0.005037236417462866,0.0017311205466526939,0.0030114281377921414,0.011393749670338972,0.005382775984120459,0.00764480622768003,0.004391213359485846,0.01976784704408298,0.006027836904736648,0.003484557569026947,0.0028219903066612107,0.0053287794592809705,0.002513374213338145,0.012601341877011545,0.011853659624078621,0.018703591123294946,0.0008144335866371823,0.0015002790880612868,0.004441457414840342,0.00037769600020709504,6.601899000644919e-05,0.00015618827224402182,2.4064079901476012e-05,0.00013968616988790927,0.00022532629394061857,0.0002654693098520511,0.00019870814938940384,0.0001551376912366801,8.400052761915408e-05,8.611412984334622e-05,0.00029173654494323335,0.0001020184859008566,0.00017292373476999304,5.5968996961878887e-05,0.0006531671681071972,0.0011234935063839657,7.322789219870174e-05,0.00021360680027416437,0.0002923770595677117,0.00014107383317836636,0.0005065754580510823,0.000184761066975625,0.00013388067066620756,0.00020902340210376188,0.00013723902823888542,0.0005583395079916974,0.00021912347490679504,0.00013485858018021964,0.000252546920415221,0.0002523892063708173,0.0005236111852095096,0.0003210279877515586,5.319633677913771e-05,0.00033132760083252595,0.0007021896766673308
15200,0.0016805583575144221,0.005796377687214839,0.004082967102779851,0.0005670791241125418,0.002882273444799777,0.003921738709323108,0.0039091546162331545,0.013159330678842939,0.025436875726179867,0.004197796653897967,0.014984781441101259,0.0041083477083201595,0.0018534196212633767,0.009970699956421882,0.014490185433747041,0.06649461507428593,0.008614540188102097,0.0021634758317465837,0.003923958277612526,0.014980088155643898,0.005230397623997235,0.007206610715781737,0.006129167243101013,0.02454708597700422,0.008360741986204326,0.004723222623579204,0.003722867578282544,0.005589909515341181,0.0032543374324792667,0.013672804937678232,0.01280671713136447,0.01706633128476544,0.0009920185870183874,0.0019666374606924024,0.005031305072609232,0.0004004503361159095,7.666407296219883e-05,0.00015002704123451787,5.837519870784676e-05,0.00021282718955717428,0.0002769078307157078,0.0003424108053877717,0.0002138089391792164,0.00018410841331435797,0.00010492935484044689,8.751913008658059e-05,0.00026894889217880536,9.297892584392287e-05,0.0002061055732642201,7.041939881508534e-05,0.0006265586610075284,0.0010144883726752596,7.405477772408631e-05,0.0003224524587271937,0.00033531078174589844,0.00010045627442939968,0.0005104649191649045,0.00020909728800688754,0.0001867820214758669,0.00022227494412338554,0.0001659792521725952,0.0006681641017675374,0.00029791728312349934,0.00019496121508832853,0.0002762083073927594,0.00021161683287266293,0.0008641526502677672,0.00039332087264997903,5.110567661859022e-05,0.00042767574965916284,0.0007113926927559078
15300,0.0015380441939153054,0.0044561065738822365,0.003508526897348929,0.0005501076485765785,0.0020270363959672424,0.004250395793600806,0.003722414217008918,0.012936339351832502,0.022225404500388804,0.0045978048619872425,0.014230507375705874,0.0030511410046269055,0.0016280744850078147,0.008568908412681512,0.013574561138846227,0.06717516286880709,0.00571251630052367,0.0020260737992084843,0.0027159884692602126,0.012336570949628367,0.005692014061276915,0.0074394069867724155,0.004869623555180927,0.02205106127075851,0.007421121127908774,0.004317667498253286,0.002671047850350489,0.005902561226927598,0.002714633318058023,0.011388903082866643,0.01166242236601344,0.016664188196255755,0.0008267157321029117,0.001567992655699802,0.002987434487901434,0.0003676825548869341,7.014431987858858e-05,0.00018809921072137183,3.5953686841799845e-05,0.00016819236282117345,0.00023561022125578987,0.00021209627266216557,0.0001803310110972234,0.00018461364480141414,0.00010889463991540986,8.430718714050403e-05,0.000298570879254967,7.742691907619559e-05,0.00016013861801803645,4.321214443982833e-05,0.0006013415529860839,0.0008725018014956731,7.912429737189086e-05,0.00025682314564470955,0.00029780877769647714,0.0001295425308853737,0.00048196218232342584,0.00019330728673594422,0.00010859787483733878,0.0001592853275934221,0.00014506990895218525,0.0006347066230245541,0.00023855561514202,0.0001313865585059928,0.00014889202773499873,0.00019977656542583385,0.0005606664386245289,0.0002682326723690985,4.692905707770478e-05,0.00041985983944723863,0.0007685293574468232
15400,0.0016874380286714546,0.00450154938799743,0.004722541502511983,0.0003967533568986535,0.0023137361858971417,0.006669956982867526,0.0029428133657934414,0.011813269110051823,0.020345964234619242,0.004355547887826106,0.013501832902774267,0.0028850954154129756,0.0017729006772931439,0.008165043109108934,0.011534580774476874,0.04792067753684629,0.005546040011332869,0.0019978838779335793,0.002957644346419589,0.011233476824806228,0.0054592829902958325,0.0059945142326926415,0.005407809917038928,0.02142360896881049,0.007236552554988723,0.004026130447164178,0.00291693883265555,0.006561891597812064,0.0038436044831006953,0.012206866333262071,0.01156296061972777,0.01746571287423229,0.001010118671832043,0.0017510072525933644,0.0037340105617557936,0.0004359302416660731,9.753015370961293e-05,0.00032104893553382266,5.628599740248319e-05,0.00022369008974010285,0.0002815573073909965,0.00034096086346835364,0.000233855252236026,0.000254494056159609,0.0001269892067763354,0.00010239280987564467,0.0003468943483599823,0.0001360923803916947,0.0002125618011358052,8.553273263797482e-05,0.0006546426982157965,0.0008323865495185601,0.00011910767752851826,0.0003526277716112102,0.0003643335623000267,0.00021211636034091828,0.0004576737447551036,0.0002445910822643782,0.00019745393346523897,0.0002329833912531635,0.00018732349817582872,0.0007679681202741341,0.00027584815639211565,0.00016888434665078593,0.00029319830011647556,0.0002940886531544127,0.0006641850980356269,0.000364441385542591,7.178693624609878e-05,0.0005047912586671388,0.0010615910607157276
15500,0.002250219788038521,0.006270712348244463,0.00362292148808289,0.0005844745962699212,0.002699613358230106,0.007082819572782942,0.004154869391465083,0.013565486326115206,0.02620686150612528,0.006385778571711853,0.013447604462541037,0.0031302474362375357,0.001711980257162147,0.009077833385107982,0.014030482054102535,0.05651567578145963,0.006830660171025167,0.0019568128522730113,0.0034703936814496827,0.013818400645031943,0.006505568425815839,0.006756471925265422,0.004750174789611871,0.024231886960721264,0.00879437347720384,0.0032364596845582128,0.0025363835738091674,0.005862331740596953,0.0029581323915729573,0.010918424123378973,0.0119226848691081,0.016158760791698184,0.0009190904271966141,0.0018938763121611351,0.006229306905879639,0.00039112980745516424,0.00011634297987939135,0.00013658100517039367,6.669331215227913e-05,0.00018182302335389977,0.00023198855829987416,0.00023251420134329237,0.00015381959292426473,0.00019367931848759517,0.0001834953543709018,9.069234035418309e-05,0.00031757245392726504,9.07142239956471e-05,0.0001532503146079464,6.98628740461903e-05,0.0007264450195267413,0.0007022470763331512,9.550876875437097e-05,0.0002687282428399028,0.0002899077670259305,0.000142414325141131,0.00042883151180958323,0.00025224758155673044,0.00015062072902259792,0.0002095296700295316,0.00021779787869794138,0.0006533205722995282,0.00021499008575018606,0.0001224724335131484,0.00019104888168739207,0.00019288391050903048,0.0013740987342316657,0.00031265465604189647,4.830961171364834e-05,0.0003629134748505657,0.0008720158351934515
15600,0.0013241435633578992,0.003822379574692739,0.0032849164078167328,0.0004539651051135689,0.001666825192393234,0.00428834990764569,0.002972949606161027,0.009678548422622649,0.018855362112372872,0.0033837380033219233,0.012006845385235746,0.0026620502081195997,0.0012958382519145468,0.006425390547630024,0.011834163959557532,0.05340411030435158,0.004421449039087054,0.0018190992279552938,0.0026243841774495585,0.009923126754389765,0.00363611273967483,0.005842997430850768,0.003557520135267017,0.018634068496370067,0.005853053984148053,0.004453126690350473,0.002259833695725613,0.004313951238752149,0.0026917170767453225,0.00957651284437405,0.00864834080003978,0.014480522827048285,0.000761037768571581,0.001329926993802537,0.002999914809050905,0.0002560393104294535,8.84723146501337e-05,0.00011918493989717469,4.552459425456684e-05,0.0001519367364721802,0.00024268227376195042,0.00026918456660496304,0.00015677563005738192,0.00015467630816458136,0.0001454086760077189,6.641656769090787e-05,0.00020392136054413226,0.00016481263281242775,0.00018244975428293903,7.681963523447683e-05,0.0005935944833814014,0.0006679049044275113,7.767993902234594e-05,0.00027421566067330005,0.0002678918726501408,0.00011263809152627469,0.0004202535491194501,0.00016674767357471865,0.00015975735527086322,0.00019628623302616268,0.00014567958848298683,0.0005282064931849672,0.00020452226206973338,0.00011367750120952805,0.00022208657780235322,0.000193112532400988,0.0010917448380496353,0.0002903280798154957,4.2225506433624105e-05,0.00035345700960059723,0.0007117977504094597
15700,0.0018458419314589952,0.005209308185267555,0.003649274101917399,0.00035310546416160205,0.0018172898418947912,0.00378963108440595,0.005339883507179278,0.014814090879429155,0.02272315032659311,0.005172616885829484,0.013228485695660232,0.002996718374375558,0.0015523912844593833,0.008707204832303845,0.01705648274749846,0.08173684909464403,0.006139624180615924,0.0018809854013910163,0.0022703216402857962,0.011450991843958036,0.006813532480067316,0.007606317788096411,0.0047317921391610675,0.024757368385326117,0.005916373957540874,0.004213249951135367,0.0024634272177066915,0.0053454210192285245,0.003152721397739643,0.010694350224038052,0.011160900002141715,0.019527103667944454,0.0012258864942357771,0.0017858116234333995,0.004356545918199117,0.00024040730383033195,6.020268069792828e-05,0.00011962367637930915,3.148365181176135e-05,0.00014737056324065634,0.00024194778895067197,0.0002174640085286228,0.00013612353986900417,0.00016405684992174715,8.316406935926734e-05,7.597012793861983e-05,0.00019281393238806661,8.685539106689788e-05,0.0001202776993464199,4.472114282676061e-05,0.00045767995941594985,0.0006215918929228792,6.223624732228927e-05,0.00021479156273518146,0.00021416967188244974,0.000133163408835654,0.0003993913312007608,0.00015661593488403014,0.0001464458040250823,0.00014102913890802973,9.897647159959889e-05,0.00046101034945422725,0.00015590727080010497,8.50407860681272e-05,0.00013510298392955318,0.0001376662347062741,0.0006229521280017382,0.00024968294094639804,4.348691840050378e-05,0.0003273065020597137,0.0005119015513628256
15800,0.0019410230872283038,0.00574868780192143,0.00433484816676355,0.0005344874418929417,0.002216479121383185,0.005724555530053165,0.004573464903343495,0.01406950881894719,0.02836570934906503,0.007657616188225802,0.01794480746518533,0.0034762135621015343,0.0015479173550071816,0.009472355799075696,0.01731662474104429,0.09129271597339539,0.00831033478053065,0.0016086677203906842,0.002867374725091005,0.013418167525427028,0.006188498388232452,0.008345060507313715,0.006135871664834364,0.02991362022003159,0.008497357104282682,0.004666953766718507,0.0031494367307342117,0.005254561372566968,0.0036007647391456616,0.013698970862371367,0.012609923385316506,0.023931329796771303,0.0009911711543023872,0.001496537603300165,0.005550078055118017,0.0005278081718681652,0.00010456002479785591,0.00014955810001993086,3.954816810871406e-05,0.00017038236660482653,0.00025434052778844954,0.0003007474479090888,0.00019804016837952077,0.0002555989617815756,0.00013071649203227838,8.482660875017701e-05,0.0002913164477688138,0.00013633873750107384,0.00016637822108123146,6.241606652937745e-05,0.0005215770747379512,0.0014705290535251454,5.276899692034931e-05,0.00031462828502874487,0.00025157072967227454,0.00021745883102332962,0.0004827800460207659,0.00031627413227397483,0.0001391598678392509,0.00020740337628852174,0.00021827058547690587,0.0006896748475746887,0.00019848462350140566,0.0001342132586696689,0.00016765035515062563,0.00023446914851715578,0.0024331702383538606,0.00029335047936809226,4.96222826882331e-05,0.00034386405956843,0.0005792064752313308
15900,0.0016474191857874707,0.004062768771998688,0.004393582319607958,0.0004240220014673049,0.0023310807012456255,0.005491417799411076,0.0031603015015588746,0.011473704263991356,0.019641247509292654,0.004579671600367874,0.011013617229854177,0.003066624091268156,0.001390429379005747,0.007887477000953037,0.010215397530127495,0.05776710305750991,0.005937908586063367,0.0017683952724446153,0.0030524186399166603,0.011029870555212255,0.004807529464373007,0.0071973707516528,0.005459256275304749,0.01856202959509877,0.004989647097895541,0.005677300458773971,0.0025702967734046508,0.004958971570886206,0.0027163644992362927,0.009005019324479602,0.009789358511916361,0.012994551012525335,0.0006373972269343015,0.0016149151503118764,0.0033653032399646086,0.0005712951902582729,0.00011619981943280628,0.00020470837940096814,4.626459982806541e-05,0.00019939935646107187,0.00031833532797308895,0.00026948897448164644,0.0001896930118164164,0.0002773495027787775,0.0001346167503207222,8.772790126516026e-05,0.0004026128594488367,0.00014938327026658982,0.0002524964405077706,9.655895965724167e-05,0.0006643208934432411,0.0010507717433938524,0.00010178522770729615,0.000320236409495511,0.0002972337255226288,0.0002142648980803973,0.0005945495320565407,0.00025181487399095204,0.00015023765018895574,0.0002311657185880624,0.00028755570310750044,0.0007071240223584966,0.00028725687152725895,0.00017710867582577562,0.00018287517236280514,0.00024503087814838336,0.0014499977940951275,0.00032369387103182317,4.236900451815018e-05,0.00048325998873873947,0.0006808404679759406
16000,0.0017987120179994334,0.00443900583249396,0.0034216830657290607,0.00036421500056418995,0.0020983562882767866,0.007588160290781941,0.002763566246050041,0.01397991160849736,0.019953497433573518,0.004935257984470809,0.0124550157442745,0.0026469022745078865,0.0008592306200598339,0.00850572815629262,0.013230240733965355,0.06313013846374815,0.005709276603565307,0.0011275027969485896,0.0021566041645460893,0.012573886132546857,0.005508438010149173,0.0072132937795166595,0.004143702511695059,0.022610978130251168,0.007654395907550116,0.00491634348873049,0.00227926585127182,0.0035768435682257405,0.0020913200983212685,0.010813623428769079,0.011214684901642614,0.017399287428885985,0.0005405525420059121,0.0010938643395727627,0.004081222361997384,0.0005443125399113212,8.157270500861926e-05,0.0002332673728398566,4.7941496217094664e-05,0.00017682551572306693,0.0002781480404356695,0.00036926248776580906,0.0001936045277489029,0.00020925674767855335,0.00011442032017791797,6.58583304316705e-05,0.00033082954458925026,0.00015051022295509142,0.00020985830752022532,8.008625445654616e-05,0.0005668523199644299,0.0011333185599748201,9.525567202217644e-05,0.00025616570665264665,0.00026434573248542586,0.0002712555044374974,0.0005700486109035606,0.00017933790059032617,0.00014771513038327712,0.00015812951859026306,0.00015564980652319111,0.0006004571374990431,0.0002111340448259903,0.00012022743789743431,0.00020784886368750854,0.00023485227152436833,0.0016755899788612233,0.0002872156729758276,4.390805440834811e-05,0.00035398004122901765,0.0006724723571096547
16100,0.0016418705162986706,0.004079442793294287,0.0029283824405865744,0.00033436528608665235,0.0021141707885028982,0.00520492167145546,0.0042591544384821085,0.012313536924350546,0.01551988677987584,0.004375200118374778,0.012407754801699164,0.0024831741064524383,0.0013847588724633115,0.00663695031526555,0.011575190419663319,0.046410233130397195,0.006781745468158208,0.0021079186264637718,0.003267433359204525,0.009696930827679655,0.0044378222920945865,0.006198765211593127,0.004003620113556584,0.0203110954646642,0.005565561989391831,0.004634895268827677,0.0025042775260742693,0.005184738914673896,0.00277255516660208,0.009518965516514483,0.009678329208691138,0.01459223775488611,0.0005753693860894005,0.0011213328511615168,0.0034341937115287794,0.0003307677064872751,8.055392353418555e-05,8.253062812648501e-05,4.0317693132571975e-05,0.000167668777066865,0.00019321803088519603,0.00024681834156581317,0.00017555943791194295,0.00015793245237498348,0.00010098647275610443,8.382349981112773e-05,0.0002368712034854469,0.00018163577836372014,0.00015826130882993342,7.342682279572314e-05,0.00045092614657103416,0.0009688536902103806,8.566101605538279e-05,0.00026372857892241957,0.00024765005965209324,0.00017883890848224837,0.000445700740441367,0.0002533168408263009,0.00016379687999309075,0.0001450351385616299,0.00018798651350759125,0.000624019983012013,0.0001982528939653026,0.00010144931180294152,0.00017055803841180427,0.00018732068252433378,0.0005039710447038358,0.0002956298304789309,4.7015704353725596e-05,0.0002961591597344706,0.0007799627623171545
16200,0.0015480793949422692,0.0038686546004437668,0.0027303881324769463,0.0003572032415761966,0.00208126692031547,0.0054572344358478275,0.00564669447206348,0.009925971523033712,0.01920169474881651,0.003799083522608271,0.01076879846144117,0.00197560369462958,0.0009551130192862315,0.00754739198578825,0.013119885316700674,0.05259159108027234,0.005798093216504813,0.001866017525007689,0.001899501689227431,0.009911874681080613,0.004236006347855437,0.007096214692865033,0.0035130517761960316,0.01841343108098954,0.005604650649108826,0.00469083481002599,0.002139057653230045,0.004711713684021864,0.0024344058007152534,0.009911688880580891,0.010363271690196902,0.013929228898352729,0.0007722645094864114,0.0014783809003114754,0.004300659513672953,0.00024668093831386225,7.98027921979682e-05,9.383604203156375e-05,2.3620497337703116e-05,0.0001137580422607698,0.00014065238408323801,0.0001995627071664785,9.753698393524246e-05,0.00010695747177554662,8.373010497459626e-05,5.821103442420801e-05,0.00018352759407367047,9.081101503305433e-05,9.874923578885155e-05,6.890782664082839e-05,0.00036013128130015014,0.0006362581898429198,4.928711223328719e-05,0.00016862441015644213,0.00023598406814612802,6.927184461925539e-05,0.00025822095333858926,0.00012021444786114444,0.000115500343380543,0.00010269017780396657,9.166956066716617e-05,0.0005460087641382728,0.00017843052817549201,7.085348658153168e-05,0.0001506541187457818,0.00010644509409923393,0.0008051948235723623,0.0002192157301561884,2.7788112561211165e-05,0.00028933621011032406,0.0006252690494875423
16300,0.0024198462199549525,0.006039411843327495,0.004582913608222346,0.00043641297148636884,0.003068561022666495,0.009043800777622632,0.006275376666728276,0.01650366584291595,0.025504406562700015,0.005605465150438249,0.017392177272546334,0.003969889279539288,0.0017444121463499455,0.011063942806989266,0.01809124672534595,0.0752304000610214,0.00827784338911269,0.0027407586099867285,0.00302955878474417,0.016107940684693556,0.0077710682228266355,0.012501161051789365,0.006324326689743126,0.02971014306725313,0.009554855412860642,0.007927091442979872,0.0031173011035031278,0.007456960782898629,0.004639593519010198,0.016446354070438013,0.01782467693691918,0.027270929901323352,0.001539192610021718,0.0019899937532775152,0.007256266427349247,0.000697440033077003,0.0001637834983332715,0.00023076675506672473,7.289504879511708e-05,0.00022619498304266017,0.0002591630609652171,0.0004984941697330214,0.00022214701270968363,0.00024889822261205775,0.00017401362654134955,0.0001381279725868418,0.0002970106229999178,0.0002550803820113856,0.00027425941293351004,9.49190553828058e-05,0.0005642403700991194,0.0008439733125366425,0.00013238687206467147,0.00030356080611566036,0.000460128406522362,0.0001852796434501546,0.0006340121215407145,0.00034251035413035424,0.0002520011249897733,0.0002445503832754744,0.000155555715415782,0.0008553634685423247,0.0002485582195874856,0.00017247570318628473,0.0003723643953384857,0.00028210469013351764,0.0009515789692419016,0.00044165675561798925,9.53564338317392e-05,0.00046840662249267843,0.001201184956880752
16400,0.0010673788421283116,0.003078581486921326,0.002396993004367687,0.00023192110220406902,0.001891343864222511,0.003666341654025018,0.0023689966824642925,0.0062065391422020545,0.014347064680799732,0.002878406279705814,0.006964883454202209,0.0017061579646720855,0.0008963606898870432,0.005727286099775511,0.008168008919122205,0.04336021258495748,0.0042730007789075555,0.0013133296144380575,0.0018004970437946863,0.008495669882516571,0.0037796554192097505,0.005257584493977317,0.002564251022025322,0.015188166308992853,0.003526288378553646,0.003204536502016708,0.001472675587585341,0.0033971486815668563,0.0017840088408882045,0.005919375711528119,0.006964129146993703,0.009435733525046648,0.00046916141864382046,0.0009121995994233699,0.0021076660386825097,0.00022263513933954267,6.863273943293422e-05,0.00011403650180661565,2.589888113545319e-05,0.0001134199511341194,0.00011850268075453099,0.00013391457878242363,0.00012634759136744833,0.00013320389103012675,7.258727754991636e-05,6.0563606528571e-05,0.00015297122307170516,8.802893108672549e-05,9.210422677464019e-05,3.854233438522153e-05,0.00035213362318700094,0.0005654987896074696,6.166898465380655e-05,0.00017724564440868562,0.0001806804899262778,0.00012825760912123357,0.000278832923242433,0.00010549646140134428,9.254338960810553e-05,0.00011816727790644038,9.89212837642602e-05,0.00038406600766461695,0.00013830907566772212,7.967156679942409e-05,0.0001428521512328492,0.0001237944111735133,0.0006357887454474362,0.0001945465804866334,3.3396973265098495e-05,0.00024290000392054842,0.0005163165216799826
16500,0.001957571929852821,0.004415001909903906,0.0032374808676346825,0.0003849959642908428,0.0026405779788984556,0.007635077361815742,0.004430802745768995,0.011481843486584622,0.024556527854903972,0.004978540655429242,0.01245004002600053,0.003081238930537104,0.0015375737500355833,0.008191578282452556,0.012995999005686506,0.06886204023612663,0.006721014036451206,0.0022316519408619407,0.002855814669081675,0.013151488766889088,0.004382300388953389,0.007729754125778397,0.0054299687399179675,0.029050675740775963,0.0060655441131226935,0.004882370331324637,0.0025082627132853247,0.005393810957684764,0.002457061020472525,0.009618198171958811,0.01258407736881054,0.015154566550336313,0.000814380203089207,0.001963794591278582,0.006379822430062632,0.0005010083907858334,0.0001323388502962524,0.00017200936769189536,4.0812103031017964e-05,0.00017649862314783604,0.0001956842173232407,0.0002851647523129941,0.00016665910247866124,0.00024011459553500907,0.00014227432872614468,8.692397039697295e-05,0.00027806378652154277,0.000134323102740197,0.00016561368406479263,6.989329738809664e-05,0.0004394071599222116,0.0010948156341328286,6.74081600664067e-05,0.0002748062555541282,0.00030516850027448403,0.00018331572259326507,0.0005024009537870585,0.0001612957041743357,0.0001114800321570581,0.00016006043743240858,0.00014721995806515526,0.0005107288201535935,0.00024036408012340904,0.00015137976535763365,0.00021817506927214304,0.00017477276228478273,0.0007608217038068688,0.0002890989178632891,5.055823453403718e-05,0.00033572217189201093,0.0007121116446796805
16600,0.0016513627891293476,0.0049737828128315785,0.004456585079121093,0.000541934917866736,0.003082210365668104,0.00556374918336847,0.0037427921163931213,0.012384929308038908,0.024917654079160193,0.005387879311456345,0.012534830392039033,0.00298316446669003,0.0018569711475830638,0.008711252704277726,0.012392444719401229,0.060600532660221994,0.006084555727457406,0.0025089313097436663,0.0038896997949840234,0.012227281959737107,0.006454093607009361,0.007763950037769973,0.0048841174779227,0.019889209563067802,0.006860400061596588,0.0063522737473249435,0.002769378241927986,0.005924207631930282,0.003298578506698558,0.01053729724363591,0.010695197115613458,0.016702334752503354,0.0011606101579891752,0.0019393957905184686,0.004592909978277425,0.0006990188945467578,8.81960176391323e-05,0.00017948234273552026,4.2581944326394226e-05,0.00019840589663999708,0.0002811398930850586,0.00033938316755666165,0.000206277047709591,0.0002610927495927746,0.00013250198256676077,9.995459165484785e-05,0.0002886537289860395,0.00018408994185570293,0.0001769580462639075,8.529173572407507e-05,0.0007750687977967083,0.0012180538396933116,8.652980868646409e-05,0.0003402941666369158,0.0003067134007167248,0.00018598927975042236,0.0005987493149727778,0.00041168743882735725,0.00021566351872100617,0.0002072008474197691,0.00019669114202163957,0.000685277773637579,0.00030728214320182207,0.00012975118448462904,0.00022594309868711408,0.00025515210330769305,0.0008488821063760302,0.0003632000313050669,6.558524063393634e-05,0.0004870424213741066,0.001025247089273762
16700,0.001469460071397456,0.0032824954665826495,0.003675877792071939,0.0002470055194582808,0.001965087802920054,0.004041028774476477,0.0028817937929283464,0.009748526935094133,0.01798808850576912,0.003515137595968554,0.00926077967529569,0.002435272796808894,0.0013399524362863633,0.006002820525750532,0.00947723380591282,0.04930014329875121,0.005542878516280325,0.001443889020253975,0.0027122283957266647,0.009547203904561078,0.0033388134824445634,0.005322829872186828,0.0037616079515040233,0.01761581200407818,0.005629319298494675,0.003794645413290709,0.002085548604408095,0.0036631055124113723,0.0020862340811564697,0.008057779310019537,0.008601522265234963,0.012480245239343137,0.0004937071984683755,0.0011432260004428743,0.003110629989755075,0.00043686794315890765,6.715312341641852e-05,0.00017481791850183402,2.498758411104107e-05,0.0001341018898983748,0.0001948282506322009,0.00014936818297428545,0.0001137082660534361,0.0001418994557561267,0.00010449119589506345,6.353186997297858e-05,0.00026214823134196514,8.81499144806952e-05,0.00013117852406280847,4.7295507597895764e-05,0.0003759893694660395,0.0005753431457075445,5.833251525473315e-05,0.00020518823449882411,0.00025659291299987296,0.00017658871692302372,0.00046487938700636887,0.0001519991374152596,0.00019638203283673446,0.00017282634618753106,0.00012903928776116422,0.0006549900391311444,0.0001985380197690271,9.117758268198609e-05,0.0001567172383955848,0.0001556009569896985,0.00034624653614758117,0.00022791890855493817,3.745374556274328e-05,0.0003243508501113598,0.0004977342410711572
16800,0.00198296975941048,0.005120017829338192,0.0033815981672281246,0.0003827626122913968,0.00279969698795533,0.003775927920027503,0.0037451473418631423,0.010254671261232123,0.024105678944688638,0.0037888838742219377,0.01325057154231835,0.0029498021330979026,0.0012438501316038046,0.007759888067525797,0.01305933454483131,0.054299901181366295,0.006106463511276247,0.0023821634043352915,0.002838614710656527,0.010568498715777726,0.004145153134466175,0.006208855211817925,0.005183096749145383,0.02085224203377341,0.006336064675899309,0.004778398852795363,0.002266612888844623,0.006013764978585338,0.002618831760756781,0.01029952786672267,0.012547305593955874,0.013980169449216472,0.0006724632697485005,0.0012256034362275556,0.0062204455705594025,0.0005011092397597038,7.46341878434458e-05,0.00012141521599253544,3.2317457401196484e-05,0.00012041464106005151,0.0001477069040495909,0.00019657896791613894,0.00012773728981301246,0.0001430924389990794,9.383194603144244e-05,6.441856161651621e-05,0.00018092457861983572,0.0001019921723184325,0.0001395149383795499,5.456120156436968e-05,0.00040967728215526644,0.000773530877874388,6.155826522444841e-05,0.00017898444413768462,0.00026295974911873005,0.00013556253816204844,0.0004121821399871072,0.0001383240191898949,0.00013118527712663308,0.00016338502037412513,0.0001270051569614831,0.0006248041351855919,0.0001516036248342853,9.821244152221511e-05,0.00017888456588682148,0.00020886343155951466,0.0007818892375196031,0.0002457764381805675,3.1669504551246064e-05,0.0002839090665046944,0.0005244961124844849
16900,0.0017985343722495993,0.004456777731926802,0.003345837826297308,0.00040381564422904584,0.0024764829035627337,0.003401319670956582,0.003103727448198638,0.012560321466997837,0.023312871953432384,0.0037058010057080537,0.012162445363544437,0.003237589076814736,0.001188353823663695,0.008504940378991181,0.01270856910970692,0.06798263084298621,0.006270241663428135,0.0019212734030450611,0.0023042763142646955,0.012977157637797063,0.004186479468545748,0.00638533655260939,0.004561116175415616,0.022974502035261444,0.004647366795584925,0.004217751463875175,0.0022416531783604906,0.005046331162399535,0.0023448106067542754,0.011038477639181844,0.013903661637596088,0.016110423719510436,0.0008192935591652556,0.0013115584084030267,0.004243176821344403,0.0005583223824702697,0.00011190564784232935,0.0001494258928108717,3.853339099402755e-05,0.00022944567490412737,0.0002565435163529749,0.00030788830008532386,0.00026003493803727906,0.0002038824085933524,0.00013441660004039142,9.141353011240685e-05,0.000276778923443201,0.00014895867110453764,0.00015648746946696738,8.056852220761357e-05,0.0004839536254761557,0.001093446946470067,8.358883969776798e-05,0.0003457100528976298,0.00028909999033705137,0.00012755677593387108,0.0005299810533371431,0.00018507577806303743,0.0001609910457381779,0.00021433013061351422,0.00016341674781870097,0.0006470140659855612,0.00027120398924664724,0.00012012554351475717,0.0002374126436027129,0.0002234109165978485,0.0013815671461218568,0.00029024295753563294,6.100582072576799e-05,0.00035667550166196456,0.0008431346781435422
17000,0.001512763963546604,0.0034543083580771323,0.0035757786148072532,0.000365494733817356,0.001759111978422373,0.004239564171127442,0.002511929359006019,0.0076578378673230856,0.015055529373782945,0.003282562473032158,0.010774830636454468,0.002239129508353119,0.001393744456546494,0.005872358615306439,0.008302756764682914,0.04610101164629062,0.004626379634785172,0.001208763557896637,0.002529393054179049,0.0084324146672346,0.003809183207910722,0.004671365153106828,0.0038525757308040436,0.016065654857084156,0.00449877680738797,0.004473320092074573,0.0018135272748696157,0.0033293756271935613,0.0018777762672364,0.008344739250171715,0.007447963861632161,0.012545569213286329,0.0005553495893425319,0.0008788175192252269,0.0027560987659348436,0.000603008924199701,6.962892493483626e-05,0.0001263457627787416,3.2537548160500746e-05,0.00014122046991360548,0.0002024194027495817,0.00019325094581290614,0.0001498277603786846,0.0001706173358175683,0.00011747408015205445,6.779874093386493e-05,0.00021515685518368213,0.0001075242044477065,0.00015470853080781297,5.785183272812653e-05,0.0005475659050541882,0.000623673196969321,6.264833882596577e-05,0.00026520426068340645,0.00021850094031080892,0.00011924686766013275,0.0004124058091830555,0.00016087188396340935,0.00012919847415402173,0.0001434798286027217,0.00014624264440499246,0.0004756755257490504,0.0002056123872299159,0.0001328376927401903,0.00019862435874529183,0.00016267649092189057,0.0005983816239937109,0.0002732711157201786,3.74277356058883e-05,0.00037627882573803976,0.0006015857376041822
17100,0.001869082536408363,0.003939368508764784,0.0034528738869994413,0.00039841729556848384,0.002416502427577949,0.006216016564784306,0.0022859278530206447,0.010409110618068143,0.020117099022725227,0.004552315334876766,0.009901732290781643,0.0036884541947000225,0.0015707501085919582,0.007874983111502264,0.012789567039854934,0.055287018903375916,0.006348483289175853,0.0020252112441038997,0.00303733154890194,0.011967576442936358,0.004966591239424535,0.007916042245986838,0.004036927190803302,0.022832839485878744,0.004848881483999393,0.004567876178771258,0.0017908074117023657,0.0049802241731716395,0.0029085824417587206,0.007736896469484031,0.009605563159081308,0.013746873108455194,0.0008766663498512081,0.001395063374412678,0.0032707229315241827,0.0003689449019016625,6.211111887697179e-05,0.00013977715302230948,3.0322615070571076e-05,0.0001429451866101772,0.0001401526171388894,0.00020309290812292602,0.0001404094929512212,0.00014378023613397474,9.317416700971655e-05,5.6701246942582524e-05,0.000263330495352165,9.459137659462158e-05,0.00015003602652688313,5.394062083558476e-05,0.0004485545781545415,0.000634298762937154,6.271057682170068e-05,0.0002047466592112145,0.00027624937552147834,0.00010843121944245385,0.00043743560726036,0.00014383889515556803,0.00020902715906837935,0.00017142342036584942,0.0001273242834334572,0.0004258643929355829,0.00014983478620125525,0.0001156865159172666,0.00011740028730855556,0.00015734331722720149,0.0016302734931222013,0.00028138173629561756,2.7661322604899397e-05,0.00032786903109793635,0.0006355507328407839
17200,0.0009351431433330888,0.002229028948392995,0.002824669253944497,0.00028766760490795535,0.001832039714700622,0.002475358882553077,0.0029016403912963495,0.006438151145166736,0.014122443672966233,0.0031227388499246445,0.008350809057851115,0.002027886342797761,0.0011646161517340013,0.005285132683308224,0.008080007298250327,0.04112677456942038,0.00406584765369189,0.0012598970536175007,0.0021545316423206323,0.008631303073173816,0.002644669391226601,0.005103702343278981,0.0030038121213632014,0.013098672567866742,0.0028715906377444283,0.00384111194871366,0.001975252343967323,0.0030119073101862646,0.001555589931719142,0.006402919911770075,0.007047564171953127,0.01108800413651177,0.0005047265581984342,0.0012626376223188133,0.0025213010269201025,0.00035275857386452003,5.162461032544965e-05,0.0001241922480362105,1.9391560411566343e-05,0.00010786734847556545,0.00016656181824533208,0.00015490708301513223,0.00017041537857949153,0.0001311046321700958,7.791927858450339e-05,5.8586880246431454e-05,0.000256467665997007,7.684500713978082e-05,0.0001356882802295347,5.449353809374522e-05,0.0004002256158663351,0.0007478925508621614,4.5834379670850466e-05,0.00022979436047238294,0.00019565169990026584,0.00013686119448472957,0.000296551632306536,0.00010057459439849481,0.00011761572164914469,0.0001497464834161432,0.00013506755324973105,0.00037930764484196016,0.00018896698419565737,0.0001047761796713645,0.00019533245674412884,0.00015866671847933586,0.0015709902974257212,0.000201425324893344,2.9496294899900022e-05,0.00024832401351061376,0.0005240940357907675
17300,0.0020654265161381873,0.004219031916970077,0.0037399151842691936,0.00044171250831893233,0.002640444199780085,0.00611783899200548,0.003241832028790316,0.01275825814681251,0.02554553145067455,0.004894746609352296,0.013200503347176026,0.003589021248685918,0.001309820345892204,0.008512892911147157,0.011543923485014066,0.05191540660477282,0.006684874303270287,0.001474852989983297,0.0030093518913158084,0.011572683291936604,0.00525893133743431,0.007386340765931111,0.004480728989146882,0.02350950416099901,0.007524046313558338,0.005385563487652689,0.0024440088581902655,0.004297226081083257,0.002509092598270132,0.011271902609106262,0.013539727499398092,0.016845843109946985,0.0008879786659227088,0.0017778633828129387,0.0050492871751986156,0.00041107533442133866,7.203429144534599e-05,0.00010367112612253881,3.199284991565201e-05,0.00016643734113586106,0.00026408874779743665,0.0002736836750045768,0.00019209627380405435,0.0001306821605363726,9.33367769041644e-05,9.038744167436822e-05,0.0002661617246670638,8.251208091891726e-05,0.00014229057596978613,7.496211401303299e-05,0.00045054009265885935,0.0004724147135372429,8.952484276960603e-05,0.0002273517697621897,0.00022780250006250972,0.00018841752419327597,0.00036795442223768577,0.0002276364957651822,0.0001318930643002937,0.0001656457920244765,0.00016595534846904533,0.0005184537325505751,0.00018739459793508744,0.00011005504625204553,0.0002594933131250501,0.00021176178584677733,0.0028889880806153606,0.0002214146819010092,3.318055684076171e-05,0.000313502895820619,0.0008539909700630233
17400,0.0014377052578532351,0.002627873406540689,0.0029108680876864432,0.0002503732703049676,0.002095108530497034,0.005663740822845804,0.002451646555432636,0.00922050567643572,0.015619535915171767,0.002856804712791927,0.009118875713183015,0.0024002529956918322,0.0008400262110323334,0.005274338565372586,0.010622392720024972,0.05036537174601108,0.004225642727587477,0.0009992691050718326,0.001840965190370168,0.007989475728415225,0.003452948095638511,0.004677506637173272,0.0025459356973685015,0.016185231984127312,0.004453418095051477,0.0027310112025588753,0.0017700020572749876,0.0028523573220506173,0.0017040176233208246,0.007501878347430911,0.007840099024324445,0.01244333060794116,0.0005007997955951501,0.0008883608486643806,0.0023883084357092027,0.00021703791803722488,7.913774899000265e-05,0.00011603355625828209,3.8200759432236254e-05,0.00013777037651152568,0.0001707521956835448,0.00015373564474430168,0.00012530672552202304,9.300415264365974e-05,8.781956117481489e-05,7.375469737179888e-05,0.00017335240223920873,7.991406772411835e-05,0.00010758011046128747,5.391137165133841e-05,0.0003425397666223244,0.0005386996742042053,6.482853823399636e-05,0.00018764396226084054,0.00018670118691355535,0.00011319719983889213,0.0003516996942292486,0.00011981683155681822,0.00012962001428778395,0.00014698575551987093,8.118561211934623e-05,0.00044390417141467847,0.00013321204999606885,8.006835356879107e-05,0.00015375395964333115,0.00017678717908479896,0.0015873535810117443,0.00019875538809111686,3.1007460620458005e-05,0.00023857589789289354,0.0007293010807188693
17500,0.0013225983796449302,0.0031332613034464885,0.0035937213215220254,0.00027394921495355306,0.001872563870038684,0.006527275878137776,0.0027382152341400095,0.011380277715337192,0.01976609904742665,0.0039931412211444695,0.012156088498383646,0.003162977841031757,0.001100773274215912,0.007564117944694413,0.01086006395485396,0.04491641167017709,0.005502519575765334,0.0013129817170114552,0.0018651362313123951,0.011003334902222075,0.004792769654550983,0.006689193392438548,0.0032355216644646134,0.02448612073979651,0.005939318283520743,0.0038397951168008147,0.002136090380043888,0.003751419136127273,0.002346711493395132,0.009424215850524506,0.012133551406150219,0.017030018970567305,0.0006784801546965232,0.0011499048111101391,0.003464098138768653,0.0002650804229661828,7.53061205814806e-05,0.0001277628065591588,2.2714233745296864e-05,0.00016155590913058404,0.0001784860617933791,0.00037586241433018586,0.00023697079541307176,0.0001271175027029944,8.179961895812563e-05,6.842695946959663e-05,0.000253502235832377,8.972962930897666e-05,0.00014135084535970739,7.053464849542996e-05,0.0005851740578044392,0.0005523892887140391,4.189705759927165e-05,0.0002350136012363673,0.00021937909620866212,0.00015455831709749128,0.00040214090254707,0.00011849339603031694,0.00013396786353799447,0.0001351450889440177,0.00013243909719070265,0.0005367399915495073,0.00018419880946449093,8.367428137700683e-05,0.00025482122065214854,0.00019835450505867468,0.0012560562645376194,0.00022307324346299186,4.583241559430462e-05,0.00036415232051993125,0.0005836692653247155
17600,0.0024744568250949866,0.005252599988361234,0.004795518797133506,0.0004559403058710114,0.002915365946102634,0.007534926291555166,0.005091838841860496,0.016576574919442876,0.02155413446019603,0.004830548852623906,0.014876481920958966,0.004044198101726171,0.002092923159414733,0.009563014364781944,0.014318002225541825,0.0648268694106567,0.008084970802970236,0.002359371944651143,0.0036673609741098645,0.013709981355932542,0.006565407433411635,0.011276115403494,0.004562619106145575,0.028457601057986417,0.005944594966956448,0.006937966006807983,0.00361672653848326,0.0059911331104558485,0.0035630865965846597,0.01410869895757529,0.012874946950857218,0.02247626847999457,0.0009907944759478282,0.0022332128438752397,0.005139015770611068,0.0005555581320604931,9.988380583978908e-05,0.00021453810181397287,2.903187054832952e-05,0.00026235258576434717,0.0002547402294238325,0.00021436246333905729,0.00024806245100990055,0.0002016407819323113,0.0001838986919402056,0.00011533514926570985,0.00038160036009478,0.00018277341992956053,0.000275281554995045,9.953179820017381e-05,0.000908942581384928,0.0017836757918606356,7.265101139637409e-05,0.0003343242762490931,0.0004083271388512442,0.00021665169341841565,0.0006423795822493341,0.0002613646875033737,0.00019122872224860052,0.00022956628438175987,0.0003251401319478949,0.0007439007590448298,0.00028226878474781725,0.00019525802104777409,0.00023373647268777454,0.00028949956558554056,0.0016015467832143518,0.00036580044590917374,6.236474769139022e-05,0.0004326466073660474,0.000855049878009595
17700,0.0018204525430199872,0.004049224345686121,0.004828958341628701,0.00045918434130166696,0.002421223225725573,0.004583092822161104,0.0030706997570617996,0.012940393849823843,0.01745214816740752,0.004283494017727207,0.012102009871465091,0.0032288600751246344,0.0016886892170243134,0.008043916227369195,0.013158569775067222,0.04782105433211351,0.007417854933616279,0.0013877574038596771,0.0025767854302622645,0.011831679003735189,0.004963345133700596,0.008741109802940628,0.004907849563557345,0.021364675120760998,0.005643207144426953,0.005151465535163879,0.0025889650782295165,0.004863683235574475,0.0025125945276265743,0.012965682530604329,0.011656293958609846,0.016512604128085792,0.0005782466446373309,0.001461660261336578,0.00461269124884388,0.0004326718722670161,7.789917293172566e-05,0.0001312371311376575,1.979864600456034e-05,0.0001440933850744841,0.00021160108949129123,0.00019203839292458724,0.00015032924466140685,0.0001776809064100043,0.0001177300363822628,6.979907736795862e-05,0.00028358163905195717,9.48078271569841e-05,0.00016958997419327842,4.8798886547791135e-05,0.0005899631794888522,0.0012218848114571301,5.730256525566801e-05,0.00029310535931899165,0.00030359954777442656,0.000184891482810847,0.00048004206947034714,0.00015618254315086233,0.00015034890847055572,0.00015578957973747703,0.00015952027339759904,0.0006474420928136306,0.00019266246612948667,9.574823038624222e-05,0.00014260142860520218,0.00017945335696810627,0.0017897896286740433,0.00029269333243068136,2.5061743073706566e-05,0.0003312058041623872,0.0007209157847682945
17800,0.001847684774770027,0.00476079290308041,0.004931160670821555,0.0003970624725927617,0.0029483426537635867,0.007082826058779444,0.0036165784485708554,0.01270544321653456,0.023565327278879233,0.0043737962187151425,0.013899130699428497,0.002915324862572431,0.0013361242516001573,0.00800890965536272,0.014826063576166395,0.07944245279941242,0.006725493908431547,0.0016025473050370847,0.002375973282531569,0.013280532443507884,0.004900796524823538,0.008025861255321485,0.003981863444884463,0.024487673887051642,0.006630805947780673,0.004893074044957757,0.0030056065713412656,0.004488185977000588,0.00224431031554773,0.011088082502312554,0.013090590424835681,0.020114085285548262,0.0005644429169245987,0.0012921520438308213,0.006149768843089178,0.0004815424100763315,9.815587383113062e-05,0.00015435974443210978,3.2654653084427334e-05,0.00017701008584936062,0.00017671828376517216,0.00023305451759370044,0.0001707443769191741,0.00014939451342031948,0.00010786180810459643,6.135106200499e-05,0.00018392906959139,6.132441889672435e-05,0.00015566845866621,5.16508934279872e-05,0.0005381304756715858,0.000787290783894908,6.925122343091062e-05,0.0002374655999732085,0.0002729029869881523,0.00019523658308819657,0.00033136531196613497,0.0002459621723573946,0.00014809355072347645,0.00013251044003412133,0.00017975740556721575,0.0005200210445901155,0.00018334714653494503,0.00012099062712320472,9.577230917380398e-05,0.00018012214713490285,0.001214755661619295,0.00026871399665464517,6.279461581470969e-05,0.0002525055508632257,0.0008336693470482714
17900,0.0010472333037673583,0.0031653006741113065,0.004716702645964688,0.0002496516921452824,0.00191486984177469,0.0036839099235034417,0.0029192072433136583,0.009837434506884093,0.019854782826038173,0.0035760922728513833,0.012896139926952956,0.002285504844770244,0.0014161708104163126,0.006660718110982667,0.009907368192494579,0.04892015903169522,0.005801417383736407,0.0013982651193767692,0.0023042510978744496,0.009586561026080744,0.0035511117016085334,0.006310469504179699,0.0031513785220643816,0.017623323101239898,0.005142801797052334,0.0033396115410141646,0.0024380071769751193,0.004119290933582913,0.0023681524649231613,0.009583187746395725,0.010729763444542186,0.01673683156304133,0.0006157162960872798,0.0010927283739827248,0.003552085482927699,0.00023589017208586988,4.9950873948259154e-05,0.0001341936596294214,2.8125868195264002e-05,0.00015841496713164815,0.0001541893511301246,0.0002920442711911164,0.00014598019661207217,0.0001322292014504599,6.293703771988427e-05,6.111550447290678e-05,0.00018991116123065135,4.440821677142992e-05,0.0001438601859306267,6.440975084842648e-05,0.00045364644076751297,0.0004658574956314017,4.771498151967535e-05,0.00023062336829901382,0.00024347904720092755,0.0001228024858309337,0.00041024473134174155,0.00012232991593918996,0.00010574433100411322,0.00015096088377154396,0.0001324227998945086,0.0005562734036101897,0.00019384233515724932,8.995236566988751e-05,9.608440561553127e-05,0.00015115043245938754,0.001224391301418239,0.00026157774448532314,3.2538243885937845e-05,0.0002998410061498346,0.0006660529470536858
18000,0.001221479444899848,0.0034570572760357107,0.004110340099335493,0.0003223531415362511,0.0018073483778250734,0.004587939391577882,0.0037755955788358526,0.014135674581399037,0.02478342520780758,0.0050510045257397,0.013683901411634086,0.002004105955147308,0.001598463261016701,0.006634012553893792,0.012813028168089017,0.06059079812500082,0.00647025131850872,0.0017242467859236795,0.0028862197359558195,0.009850678734195147,0.0044600486009025745,0.006485016341165257,0.004800293962471187,0.024966741624909142,0.007686346472996414,0.0038129860302433373,0.0027726594425838548,0.005131330031341956,0.002727448508342016,0.011837345125675183,0.011498206658288837,0.02032428619881662,0.0007260400359832339,0.0012126818941195843,0.006596017967492824,0.0003524072389313103,0.00011641524432542083,0.0001027355688372402,3.3230785623137385e-05,0.00014253958670451539,0.00015234236490598165,0.00025997374677899643,0.0001315028082444769,0.00015452992197663806,0.000108193842460854,6.343332013735952e-05,0.0002532268404696911,9.834157918042763e-05,0.0001454911243707431,6.054214058663506e-05,0.0003846097136400973,0.000962573237605587,4.554869865387445e-05,0.00025824101620094796,0.00021650596079717647,0.00016472178423431285,0.0004075266430933674,0.0001409431179126841,7.96762198168229e-05,0.00014959149265660716,0.00015886133369349408,0.0004687080271497184,0.0001812082416289808,9.734637569840948e-05,0.00019535838120848185,0.00012961353350673764,0.0014986010073698708,0.0002136720522428497,4.3487937148256606e-05,0.00030344157032247316,0.0007315051327168476
18100,0.0017576898949915336,0.0041219862463616735,0.004485897724710715,0.00039273413115622065,0.0020171682371704874,0.005162285250012896,0.0035668812496800046,0.01336677923973184,0.023685193794588923,0.00422306500695413,0.014458764218718976,0.0032447406505971043,0.0021666172242751627,0.008151463141874763,0.013649181341872249,0.06173506922641536,0.008437694326944654,0.002135245131308071,0.0036658847737791283,0.012914198447785262,0.005803795306152237,0.00721111776926721,0.005711145759948219,0.024745956404755513,0.006650614260353096,0.005114973150193691,0.003244290662487695,0.006891478183054763,0.003177347858367926,0.010812641399400403,0.012354353728878777,0.018010611198126122,0.0006529146532377931,0.0016403874434365927,0.005213481736468061,0.0004890857832395211,7.675941072336987e-05,0.0001673830679465027,3.391421267427078e-05,0.00017623465799943006,0.00020353015379635296,0.0002241482179670129,0.00018639926606738299,0.00021895117539603043,0.0001103516368307043,6.378106925646015e-05,0.00024015399849942472,0.00010773438188138584,0.0002104031734629957,9.623274929088603e-05,0.000655271344670347,0.0014454610294099741,6.406329484889283e-05,0.00036982723452879605,0.00025515394096648126,0.00016398544233776522,0.0005241864053909579,0.00019400441919970035,0.00011665366292687749,0.00021519084183322634,0.00018517281738847184,0.0006379486120412396,0.0002621783339649213,0.00012015158309778754,0.00027724725421446946,0.0002156861901371426,0.0013220175120035752,0.00027476106115482106,3.50580280610302e-05,0.0004206717285533236,0.0007289965084055439
18200,0.0020274749214287432,0.005360740914410498,0.004686716019932646,0.00034809230131101616,0.002665315664176611,0.004635239252820611,0.002469490296672091,0.014318979968212422,0.02116861368272169,0.004440320735739078,0.015362317660118505,0.003425932710435555,0.00163909336322721,0.009093439197992362,0.011600213347821195,0.053450505229799695,0.00733204128655849,0.0021054835558487277,0.003940767880911673,0.012971991104859627,0.005073212570368924,0.010234096207568655,0.004992492558667436,0.023441799264401198,0.006746586369603941,0.005824686493724585,0.0027383301135306547,0.005524306267792174,0.0037729605822652743,0.013037801289981636,0.011709224347335597,0.02243029359334077,0.0009132337807981317,0.002041966338829086,0.005389069102723927,0.0005317932717530434,8.66927189789342e-05,0.00022795106067199165,5.00003550328129e-05,0.00019844197254315077,0.0002058058424473587,0.0003704541368279024,0.00019236169305258954,0.00016750201977725068,0.00014707549667515482,9.246035447664066e-05,0.0003106687964534279,0.00016733069795549227,0.00023091319959850557,8.69671589911873e-05,0.0006248000471189768,0.0011339542082472083,7.529830527346349e-05,0.00031338774832485275,0.00032485348894060106,0.00021265650771469652,0.0005154379393183438,0.00019522893171597389,0.0001700411308686651,0.00026517449210726994,0.0001983242473215796,0.0005463926747950765,0.00024884756004229093,0.0001791744226457914,0.00034543037731459155,0.00025188199360146225,0.0013357780044316314,0.000330571085267791,6.154110860734363e-05,0.00046758801316845614,0.0009115261709666811
18300,0.0019678225292630706,0.0046234090690699375,0.004169589211718024,0.0003543716540801912,0.002718041462697018,0.005360525700130633,0.003569138379691961,0.01523825422483759,0.02203612937512533,0.006464236488682218,0.0134633486874615,0.00288136554846293,0.0020421539595576396,0.009354399945137133,0.012043704756069928,0.05575369196594693,0.008223867111588507,0.0024298169334047723,0.004560471691157935,0.012438080208958126,0.00571242498758343,0.008663701142982714,0.006131968534706781,0.02200060455749432,0.006120380548935149,0.005923725897446275,0.0030594742183306916,0.006489285734763446,0.0031476768143714733,0.010819827044484085,0.00878075119117663,0.018055689982317675,0.0009690182878811216,0.001849755051088598,0.0052362755401797285,0.0007239991830567354,7.100570051857415e-05,0.0001817326175858563,3.195386108519601e-05,0.0001517387668172887,0.0002205227996203943,0.0002523325238144025,0.0001856038710229768,0.00023671317275760599,0.00013789694668335677,0.00010258109647257438,0.0003210407767574795,0.00015052928201697569,0.00019552335315560067,9.739659137928605e-05,0.0004913020737778704,0.00097779520789724,4.834766805288382e-05,0.0003651466314870643,0.00032744619991341287,0.00017015147907593266,0.0005837962981463681,0.0002776532010102528,0.00012446371766827724,0.00019037099407516787,0.00019516823122103232,0.0005441284132860258,0.00026802502305953467,0.0002021481533193838,0.00018219124720215204,0.00018836916049551363,0.0007009849817092929,0.0003695049783003,4.0752734548732406e-05,0.0003685282509313995,0.0007325965460040606
18400,0.001984576149855432,0.004024405703670776,0.004956745691742981,0.0003467831626599386,0.0025591628535822347,0.00737102933427585,0.0025599878894970443,0.012496112479186873,0.02068570809922077,0.005597284696705174,0.013415899099650963,0.002458374807729899,0.001992581622978447,0.008619934790961755,0.013966614523173227,0.06824290420627221,0.008069997799403998,0.001930717459350789,0.003700036634524752,0.012268378318379595,0.004783353711144837,0.008525117977634571,0.004975630851598301,0.022652488275586316,0.004942816942188767,0.006798630999401212,0.002840116956738183,0.005561020979863922,0.002751927694343441,0.011141852104746278,0.010944420398542813,0.01826564377720038,0.0008072888628283601,0.0020805774351819583,0.004676371532291846,0.000360580923604914,8.782187294580006e-05,0.0001344112050157326,2.4654311425683223e-05,0.0001647355228442393,0.000137531712648234,0.0003525396059558261,0.000144069356701948,0.0001795217091344775,9.409341440627223e-05,6.210468632730226e-05,0.00025349310710640695,0.00012738290067559888,0.00017151029643283153,9.825040888244985e-05,0.0005112478886146094,0.0007188992149167461,3.783151942116092e-05,0.00026295723553779014,0.0003111825536852221,0.00010474151490184754,0.0004375724525470036,0.00017722920392770902,0.00012344800549770853,0.0001940981392670857,0.00019919150496813625,0.000525010334530468,0.000219373752292574,0.0001423951783484275,0.0001266723060729823,0.00017097145439935968,0.0008448487341021453,0.00034254756585624127,3.375052477849749e-05,0.00039562136086004543,0.0006629548588534817
18500,0.0020768254692213944,0.005033108555869182,0.006438866143677539,0.0004104549783593169,0.0034688438627429753,0.011377961773957525,0.00439895167887845,0.017574219055948595,0.031610647940431565,0.0069746521330671385,0.017291950075840435,0.0034824990450905884,0.0020123299874478216,0.011919599776526658,0.017371960072898006,0.08839820212839793,0.010530450448554586,0.003067439141564655,0.004463959044577288,0.0165764867971302,0.007474326958799793,0.011602548708781666,0.007607976442280536,0.027118575592370082,0.009705439833764797,0.011295120837166906,0.0035988160771305575,0.008124472729832632,0.004659410242183025,0.013677719856082883,0.014204658151914675,0.02581621346493753,0.001415983188548554,0.0015817606377865115,0.0077213446956092315,0.0005726358257415346,9.549748705090248e-05,0.00017366105215511527,4.273564325281571e-05,0.00025014842299242446,0.0001828877934035808,0.00044931470620213076,0.00023605156661687943,0.00017517532499991111,0.00014470840246040575,9.704132952979957e-05,0.00027465416318942485,0.00017320994114200516,0.00025585062769158833,0.00014838963695431383,0.00055051704242802,0.0009688468320139995,6.05287875259819e-05,0.0003259977745946511,0.00033666514279722266,0.00025666865952768023,0.00041150222259798335,0.0002341162826269283,0.0001618281697422693,0.00024316785386243003,0.0002646590934697694,0.0006475676381126906,0.0002490457740712507,0.00015910363108232232,0.0003792253889211376,0.0002668496708320635,0.001392392125386063,0.00037194508707082445,5.76156831471053e-05,0.000514034688467673,0.0010049550226540304
18600,0.0018315374891982002,0.0047391970114808325,0.0036650944554518596,0.0003946512673372546,0.0029893749424560684,0.007577830726014716,0.00299625342045,0.013625689901970212,0.02634027858864067,0.004385422027553432,0.013631065603184663,0.0028323128389441694,0.0014616791948245725,0.01111107802452435,0.01667337313419386,0.09326060869352659,0.007196801466523625,0.0023107648205639843,0.0026176374002326547,0.015846485198683997,0.006441430040404856,0.008165942286203582,0.004458295177028049,0.023914990502332027,0.006676384823795016,0.004560809442773461,0.002380170196873575,0.0063448956208655245,0.0032411838332978625,0.010767123354467443,0.014270496227545663,0.0168954274961904,0.0008364223660132316,0.0012642737314160703,0.004976793190811198,0.0004394076744702602,8.224075818630856e-05,0.0001343053961177661,3.18774052130085e-05,0.0001518478734965356,0.00013858780621763374,0.0001977618603632436,0.00013710901348531478,0.00015494499113724727,9.581986681663885e-05,6.868582029052764e-05,0.0002611397937487294,0.00014206745885481098,0.00016114964218259283,6.134796297952893e-05,0.0005373378765275797,0.0007498898933893846,6.140921614132822e-05,0.00023676792881481245,0.0002805755116398735,0.0001360964175980619,0.0002643338586925091,0.00013614839190267958,0.00012669391925928467,0.00015207738449414768,0.0001039655254620205,0.0004889875475628874,0.00017549001204399787,9.83023180344537e-05,0.00011625917543117086,0.00011959825762353937,0.000511831864969281,0.00029412858393817304,3.303346183258782e-05,0.0002922433489616464,0.0008346547969267703
18700,0.0011195864805838053,0.002499706723567754,0.003718554214477384,0.0002297655088603698,0.001716121399769253,0.006431349012668112,0.0021444920310958906,0.00799633879361471,0.01912917445652862,0.003935740098313545,0.01190972533857595,0.00231472915446811,0.001138858109532686,0.0062075440021572195,0.01152799011555651,0.05409808937596002,0.004833538766996796,0.0014980775969105926,0.0024435097127155003,0.009535484866282785,0.0035925528971242435,0.00500917847447064,0.0031398281668468067,0.015930260702346762,0.004685037938485501,0.004862501798197627,0.001836678644101466,0.004799664364024163,0.002444835341456757,0.009370188793904926,0.007506536175302851,0.013946279766969383,0.0005487201844107841,0.0009030027589434149,0.004108410689797084,0.00042607615027228415,6.499182694372656e-05,0.00014997599907928816,2.699153087400169e-05,0.00017168644802723065,0.00014934992551398534,0.00024708983073651325,0.00016437777769624519,0.00015762673607050122,0.00011192771778735875,6.139596024386914e-05,0.0001954869844866424,8.880979694847468e-05,0.00013951558092285582,5.576756190996755e-05,0.000495998203524113,0.000821827850813861,5.4390059631259646e-05,0.0002254074377523633,0.0002983172147149413,0.00018698388389152981,0.00036762983897157636,0.00016295832483592676,0.00013192618024030858,0.0001725416809257205,9.684345241112169e-05,0.000600838052182504,0.00016080078654988905,9.084327422266421e-05,0.00027729405347700877,0.00013040875622020583,0.0008234156278246831,0.0002572451370845615,3.0284702475569247e-05,0.00037824461265363656,0.0006193118118972052
18800,0.0022703338220437857,0.004423896938937509,0.00477697080350481,0.0004100480112846036,0.0020660520649126058,0.006499866672259357,0.003300771466793747,0.010550002026623892,0.016918836945035452,0.004291232951800339,0.010465661106368148,0.0021231076017863173,0.0019272779763648005,0.007458688542872992,0.010390589020115679,0.036535952637981005,0.007302179997428279,0.0024177572093874544,0.0036301277411569443,0.01105737600880578,0.004268040906425505,0.006833434734289767,0.004987109081315187,0.015281634929124266,0.005423308799291835,0.005512529006227851,0.002634811639279266,0.0064159355973364045,0.0032922901019714224,0.009121824536240667,0.008164109578744198,0.012912232088498198,0.0008971376945532064,0.0017334112570118354,0.005662361628209409,0.0006404554165087006,6.194042430625981e-05,0.00013926860808830745,2.6852258402534545e-05,0.00018245988849230343,0.00019905492856312466,0.00039321256736002397,0.00015501657298955251,0.0001818461933955979,0.00013587810938732122,8.266566134328254e-05,0.00029201687362058834,0.00012616588442426746,0.0002124965995057178,6.28487314315862e-05,0.0004909415142282552,0.0005908948751311982,6.960698192415293e-05,0.00023957853712703098,0.00027193088743811603,0.00013850793745653144,0.00046161792165695523,0.0001178134152723942,0.0001369328796414493,0.00018811662967331918,0.0002174747608175191,0.0007020251032225778,0.00021758035605519885,0.00016898739690700208,0.00017345371856612878,0.00024066211716518564,0.0007126282573933297,0.00031244099433398595,4.398689804929745e-05,0.00043964340297594285,0.0006796575835323893
18900,0.002439916917078458,0.004146574303848427,0.004939692555732715,0.0005226165639844392,0.002896925483007261,0.006457639957911202,0.002533717701578186,0.010581374602100136,0.01846519066459476,0.004663204552343814,0.010616113341880177,0.002680670698820756,0.0019619492558183883,0.007513613143105017,0.015275984783040578,0.05682976761697015,0.007544942165709688,0.002619110979139805,0.003968358152113589,0.013513682213088032,0.004364597307875766,0.009094917213328049,0.004515757428792616,0.018114664572446298,0.004571381194037958,0.006543562980368733,0.0026046085749986824,0.006304854771769897,0.0027289460924186963,0.009264455300463822,0.00909690686724692,0.013640126079105986,0.0009350683231271153,0.0021332429355530873,0.004253126519567256,0.00046281110326771923,9.809749009323958e-05,0.00022988266052627958,3.27487846553562e-05,0.0002516700667456462,0.00019982192566687367,0.00034348677763773594,0.00020143588817518322,0.0002093545448779447,0.00018187093226419837,8.129101017370235e-05,0.00033573174417605306,0.00012482631729682225,0.00026717268617866124,7.019280441123887e-05,0.0006494816910652355,0.001470004032550302,7.224687960842857e-05,0.00031771676486289145,0.0003218693536523617,0.00019483716476481112,0.000505065402306769,0.00022063615688239224,0.0001997405727141515,0.00024382895245742895,0.00020915426733457328,0.0006660204962142699,0.0002263798552011967,0.00017319516165354126,0.0002441602015702908,0.00026444088365820646,0.0015205378861407684,0.00038043199486350525,8.633535954061244e-05,0.0003970658013759403,0.0011308129272947554
19000,0.0019822744748002937,0.005161847318824449,0.006583646473397191,0.00031101350018266553,0.0029594216375468784,0.010345375398173928,0.0032119816951894937,0.012607545827289441,0.024075274860329447,0.006113247320172377,0.014715902232255981,0.0032801863631086274,0.0016852452637536,0.008883329914665823,0.014421563599898945,0.052545817408827133,0.007145700383695103,0.0028428828464953605,0.0036281244205643554,0.013358127441752004,0.005693224336923427,0.009579676125473011,0.004774659595374639,0.019550049405855436,0.005479036855802637,0.006571368826553225,0.0034869643561485702,0.007077281418484442,0.0037413584368015803,0.01116958190581382,0.010901750351379936,0.0196784676428741,0.0011544055958049389,0.0018670361567083725,0.0065560228009012966,0.00046589631672791905,0.00010521060761448098,0.00014057447147437912,4.0770519099196575e-05,0.0002636403201563553,0.0002507170640814017,0.0003620557672547875,0.00018262159601363238,0.00021923945620839827,0.00012718816426154502,0.00011866842231305392,0.0002676844976856062,0.00013221824006848237,0.00023757255100996378,9.11437189808401e-05,0.0008057382452254667,0.0011042373056019035,9.38149928515486e-05,0.00037141761469906576,0.0004080522537998181,0.0002601877918095852,0.0005375749191326547,0.00021951061899017077,0.00020746187962888344,0.0002381115477174507,0.00014294467327999883,0.0007381928035957445,0.00023331157659303817,0.00015584501684193005,0.00030112826061667874,0.00021927609351495177,0.0006508115654599221,0.0004030063355678008,5.977811312618542e-05,0.000567790587846495,0.0009520034873276018
19100,0.0013738428064046988,0.004027401418877869,0.0037062274592850977,0.00028227749633935253,0.0020365001235151357,0.007295985839196614,0.003983390967116593,0.01127949401822715,0.025833286963323283,0.004896442074823426,0.012144472611122004,0.0023207667455070044,0.0011893711361511978,0.008085179795285292,0.01382609747511999,0.04919589974694342,0.006349909831399037,0.0022813301161189467,0.002429700695626837,0.011769538077229906,0.0058333430113984485,0.008187958722763662,0.003553933302561442,0.022205204675750188,0.0038619681851871845,0.0055922928499057886,0.0024832703476286334,0.005259023734197399,0.0026291171266861696,0.009330430634778872,0.008908393009623978,0.014390085548466932,0.0006918539057707562,0.0015771722337482314,0.00592544170437274,0.00038918350809830874,6.745159014312058e-05,0.000134714956526626,2.785818363060779e-05,0.00016469610375224875,0.00013260945152456346,0.00019661718852148624,0.00012461026367418526,0.00012105056152665241,9.501847738599616e-05,7.559405937221137e-05,0.00025031599918229244,8.403008150636992e-05,0.00012231793491997874,6.313544343521988e-05,0.00047174974987193797,0.000720873725488976,6.393638468580321e-05,0.0001989063185526308,0.00020812882613772046,0.00010424255660010121,0.00037408997533969353,0.00011880043439305155,0.00010758468541638422,0.00012977648461156394,0.00010819477156474023,0.0004522227934716949,0.00015785529709504503,8.207293901889627e-05,0.0001816209378881063,0.00016491027099914095,0.000554174777010173,0.00019603659321013134,5.136782652925831e-05,0.00035975399775085533,0.0007164521288359538
19200,0.0016374495437441903,0.0032983779469591187,0.0034603698901870907,0.0003231454963287643,0.0024876351465686238,0.004422978564564671,0.0025377228394063422,0.00979951783290958,0.021410293619415433,0.004651484196074307,0.011111783415990319,0.0018435825711224294,0.001231148091557605,0.00687966439484929,0.01076384748919415,0.04757811166079288,0.006272921880822867,0.0018820989878090759,0.0022776469621541245,0.01186151643601382,0.003268559394057145,0.007827519999929271,0.0036851396518371377,0.022004844873057056,0.004205067167738831,0.005847207875922323,0.002190430315749836,0.004635448829200565,0.002071760589195251,0.008920716761725001,0.0101880928404474,0.014199731370004324,0.0005511244280126649,0.0013700420008294608,0.004912476417555606,0.00041981804635936114,8.236245538964077e-05,0.00018726144375333124,1.8961259377500804e-05,0.00015091817351731152,0.0001840529284068675,0.00017389157346769935,0.00014416754552257772,0.00014037772780284286,0.00013558977904099982,6.369470554424034e-05,0.0003531159614842756,0.0001065635827401934,0.00016387839714337228,4.532383854893851e-05,0.000449402927639452,0.0010408867346995976,6.424918460652407e-05,0.0002574346289645978,0.000259496687719767,0.0001748272387554938,0.000446730339942689,0.00015727349773442256,9.988530691234448e-05,0.00019279284552584824,0.00011231830970549102,0.0004244872878614608,0.0002033987268490549,0.00013668780964606512,0.00027185521846857027,0.0001372381480202669,0.0004630942552726732,0.0003149283159321077,4.590195918297013e-05,0.00032986199509474974,0.0008896940016711596
19300,0.0022099630434633975,0.005449518088695455,0.003607871568722961,0.0003660891374098495,0.0031402708316565185,0.008004602127974587,0.003498093325619735,0.014193591153361565,0.026052055491854385,0.0037705890281358734,0.011747176626046478,0.0026655904610156634,0.0015966933437580751,0.008883716557510055,0.015485556150259285,0.06491154425020795,0.007284821598226526,0.002292383623459005,0.002733578741234461,0.01457039376909961,0.004428575161735073,0.008064933343640794,0.004484746465653492,0.023414386129782847,0.004103401786923069,0.005658532935194671,0.0019840115010817,0.005592362943085997,0.002571750877883888,0.008729311513302345,0.009276696816668846,0.012780645956249477,0.000600782626397981,0.001577882913828267,0.005850212335139481,0.0005532835925582244,9.390392796149172e-05,0.00018829910744567644,3.7923784264487306e-05,0.00023745008729747497,0.00025387598996414764,0.0002764210330497008,0.00020896088940389746,0.00026037546884158234,0.00021352725663123956,9.575420070534944e-05,0.00044890014080585007,0.00012520091647871823,0.0003068887823552547,6.830594065831974e-05,0.0006166170405112307,0.0007815347944415407,0.00011345672373863636,0.00031768128127976304,0.00043959527867063397,0.00017625728775204732,0.0006822516560953196,0.00016658772710798075,0.00017822948582748823,0.0002416720092556856,0.00018127323528460693,0.0005978268099945263,0.00028989923700666824,0.00020976410214315947,0.00016751333330628567,0.00024555946440939024,0.000789393234819207,0.0004733070832226956,4.83019721286837e-05,0.0004332118650526958,0.0010562382594798692
19400,0.002198487239552747,0.005226718460714134,0.0031272868897455433,0.0003513945565618297,0.0024391567246852845,0.008422237779346428,0.0033866664003330844,0.013039097246826928,0.023319297449009506,0.004646218800189672,0.011789900996024508,0.0029695724384806938,0.001503773089180785,0.009092868647492265,0.011862653185551821,0.0610254311383566,0.007114338279539619,0.0022579672787068823,0.0031390015990057562,0.014356232098361944,0.005097532841003927,0.006908816846199832,0.005153598503578299,0.023668380576418714,0.005343140137079495,0.0038610425777733325,0.0021324670255595383,0.0049460636507016415,0.0028272160692722537,0.009897337674403624,0.011663899424408252,0.014885990215519156,0.0006587265619493529,0.0013831542649440538,0.006537408375152154,0.00037471475389188366,5.610461149941377e-05,0.00014309401399259514,2.8803502702721086e-05,0.0001810800328030382,0.00017689510315342866,0.0001882966726043378,0.00015805746552359777,0.00016208254160837417,0.0001022741981925815,6.821249553346271e-05,0.00026550074202085644,0.00016067240734418675,0.00019373502803726546,6.546152251923394e-05,0.0006019391503042033,0.00046311678731096134,6.888574025651906e-05,0.0002492352440064994,0.0002926397529367462,0.00013781933867821036,0.0004952728797571161,0.00016152311764017213,0.0001404143924111799,0.00020346873943883392,0.00017234147962881253,0.0004996167995574969,0.00021808365835551268,0.00017933008792432055,0.00017708889127890061,0.00021394855576108493,0.0006482896209750574,0.00035417409922120576,3.871454079273917e-05,0.0003772724218772758,0.0009155759427812882
19500,0.0027031504091487354,0.005907922160177905,0.00235223814524943,0.0003302583020111062,0.0011818241969022098,0.005499398635168161,0.004184886138377366,0.009695032073924428,0.015177541966168755,0.0018029373914032476,0.008520867549426233,0.0022431862328500885,0.0012041335668816994,0.007050874008476085,0.01099064101376023,0.018898524501613185,0.004518353618117371,0.0036896366452506472,0.0019540431104750106,0.012432874121683805,0.002908105327354021,0.007118641552161924,0.0026572701837479446,0.017996954933429756,0.0025190515732411147,0.002748165698722005,0.002692953087922257,0.005010857934394153,0.004792006691465811,0.005085795768800674,0.007436215636359217,0.010098762996047018,0.0012016596877471714,0.0016642391991660778,0.005298115707167502,0.0004570322063922764,0.00019604448196356602,0.0004400694589011519,0.00010985557171708539,0.00031294506629819807,0.0003185322730616385,0.0003088796202064259,0.0003632704176197876,0.0003543023494306621,0.00015182283277442223,0.00013819050485445975,0.0006064774733954037,0.00015570900379202612,0.00029530466356626333,8.117221576950132e-05,0.0006667299239255114,0.0008411297627996343,0.0005116287466080394,0.0004947295622384575,0.00031601879790882934,0.0005480587431686052,0.0009603613002728971,0.0008598246949986788,0.0005310990462640398,0.00036026845451627966,0.0006044746032178712,0.0006508888284095578,0.0003846884994126648,0.00017154346191550307,0.0002844149639713578,0.0002679260524196075,0.0007553673863835034,0.00045842803634484644,0.00011548319628218451,0.0005512568386467986,0.0010085092508234084
19600,0.0020578384026865367,0.0043684673723031735,0.00465404966234928,0.00034704449682556937,0.0030208250981662715,0.0051673084297882655,0.003233546709980733,0.010205148885171522,0.024549385779497657,0.003987533797044307,0.01195738571128279,0.003141934256281998,0.0014132093576446289,0.006917436304678576,0.01138454925697742,0.052476121207291726,0.005943141313937737,0.0026349590014065087,0.00352188253600616,0.011199062298910576,0.005859360454430246,0.00783021193897834,0.003983594477176666,0.01829723415430635,0.0051491035681840635,0.005052519007585942,0.0025531580074511433,0.006202890155691421,0.002775091217207613,0.00869572911711481,0.008235685924106898,0.016562826271043517,0.0008700823433039992,0.001075342884326156,0.0058879892783099625,0.00037248764721908856,8.035356150434094e-05,0.00015950352483493836,2.891558010533008e-05,0.0002167963611441337,0.00017840722433263976,0.0001762923393471283,0.00013855100380624207,0.00018839234651654566,0.00011990438402718658,9.055969079310802e-05,0.00039247673307647604,0.00015624779668854671,0.00019846729969489826,7.407442684449383e-05,0.000577653328390135,0.0005583776928688167,0.00010520320497562353,0.00023764759394647887,0.0003193814203580681,0.0002699385747746419,0.0005155398977818081,0.00018334432479605312,0.00021158412028891385,0.00019528938833340923,0.0002187154508040597,0.0005267225859120851,0.00018489068093088094,0.00017477247978489572,0.0002823057847207464,0.000274769885743501,0.00046961566918720825,0.00036854499906131686,5.3431474981380234e-05,0.00042703026741289533,0.0007778032857459038
19700,0.0012372935064598317,0.0027610452668374854,0.003843485813073736,0.00031837437081076833,0.0024412664139232174,0.003346615579045777,0.0026031988454926778,0.007226755820738617,0.014554149086253819,0.0029406185130937956,0.009436615885612282,0.00195331709834804,0.001238272955313071,0.0057074986365147524,0.009920652170737466,0.035234331347358726,0.005197488637133488,0.0018030370571252689,0.0026719599845819175,0.009038509185290118,0.003688664159538418,0.006395468597474974,0.002952612927474547,0.014579513164547583,0.0036040223929751573,0.004284328990615904,0.0021949361716319653,0.004056301336277102,0.002144071551361669,0.007528130691371776,0.005527959379833192,0.01397851419572432,0.0007367954311169237,0.0008391276044486129,0.0042992630628254525,0.0002923804227462158,5.9963027750523235e-05,0.00017887720134074863,2.2958804914632233e-05,0.00017764852492518912,0.0001762148114740991,0.00013887552177038742,0.00016332906438947247,0.0001790892103216672,8.788442412543718e-05,9.255283112971874e-05,0.0002974232245897088,0.00012781487352953036,0.00018573184807392268,9.059422601157249e-05,0.00046319916110895487,0.000435660424955131,7.083779037202476e-05,0.00021070581083315157,0.00028359217083499095,0.00014628216839892875,0.00046798217437988627,0.00019126440292893676,0.00012265208322048693,0.00013303879056296024,0.0001334003368053042,0.0005130467482788562,0.00016476975543953273,0.00013538831574207817,0.0001498017705267153,0.00023709171884027974,0.00044304221825898694,0.0002777576045177409,4.9617987500027994e-05,0.00031157567767296627,0.000726549954561051
19800,0.0018486562760675017,0.0035049725640284896,0.005120179079919278,0.0004754312093819653,0.0026741243414050322,0.0052833845007366365,0.0034493312126165445,0.011890029234243283,0.0287544467888622,0.004506217221205588,0.013976005791195303,0.0031821237916657844,0.0015533963561403762,0.008173719424865505,0.016267894474431693,0.06497058485547313,0.007657301207689757,0.0021845089849873,0.0038438304472947493,0.011796460646485988,0.0053122569127341335,0.00826143239360785,0.004237699591612909,0.02152565699846794,0.006190557836484842,0.006002846849150955,0.002928106331725552,0.0052958760485732155,0.0028629676967872964,0.009187855581389627,0.008760771137507012,0.02029251534706698,0.0008855750711540203,0.0011126953437946383,0.006059874631521072,0.0004268028416183662,7.096150736772775e-05,0.00012007498815530033,1.5643071086597376e-05,0.00011862452470268181,0.00014338186389900232,0.0002449424864607863,0.00015696917771492735,0.00017584455073167766,0.00014031156483964113,7.0510977256585e-05,0.00034008353571136885,9.664299333422832e-05,0.00021127510567880406,6.0129484898590654e-05,0.0005578624455210956,0.0006608190281743495,5.095843857816362e-05,0.00021628447851127224,0.0002929215517160001,0.00010634623946647149,0.0005456828602614076,0.00013261691094612615,0.00011474762409117527,0.00014496323484448881,0.00013380752394975086,0.0005968767135275919,0.00018054303060447788,0.00013512178133464044,0.00013791125204281544,0.0001857191262671848,0.0007220511033665389,0.0002720656847763562,3.4142103018552916e-05,0.00032820199461096637,0.000705501799529884
19900,0.0013951539969295137,0.002366306186660141,0.003821877389176128,0.00029229901549395154,0.002867423627690244,0.004354464838148228,0.0018431770606712821,0.010657579655041141,0.021230860783880073,0.005180352440220304,0.011571426897582435,0.002127854294281415,0.001268788774861164,0.007161323945734749,0.013014232209089267,0.05835334184666863,0.00663486209703565,0.0015288463260800154,0.003765555383454609,0.010856062670548757,0.003862254570220522,0.006967802059599697,0.0038871494164535157,0.014696931334522862,0.006570952451554712,0.004698381666094065,0.002246096046116192,0.003613530615136066,0.002097649081106818,0.00881642558529312,0.00855783797892703,0.016544776713439766,0.0005709599407343655,0.0010327550247375469,0.003982974725861115,0.0004273987826956776,9.270553503507759e-05,0.0001426033576204976,3.194272589843674e-05,0.00013976431114315346,0.00018274879753431725,0.00019358876761543797,0.00014470799308128335,0.00015931142479530536,0.00014179083443770267,8.010440300592693e-05,0.0002592528158107087,0.000127356385085875,0.0001915585819245217,7.415587093749888e-05,0.0006104030777630844,0.0006941057242026242,7.698138888372341e-05,0.00023615746025899747,0.0003123661998211776,0.0001289781657347207,0.0005051066069740124,0.0001486775663579465,0.0001259951344915559,0.00014481815255049487,0.00012114691126043908,0.0004683731653062506,0.00021082866146571178,0.00013659892031248568,0.00011157068466774136,0.00019263012832020828,0.0003937527448475261,0.00029854920605628413,3.7942941844448796e-05,0.00033033944994697955,0.0008058887993684039
20000,0.0013994602661015862,0.003155938643397315,0.0036487954518330903,0.0002899149242833888,0.002434159880205606,0.004776531431291785,0.0023598568455459063,0.010175120137265528,0.017156037120854953,0.00400432241440285,0.010622436082126058,0.0021410596859730464,0.0011595668660116974,0.006483754445071099,0.01030106100736114,0.06319837839328102,0.006787262651501112,0.0018514064865450587,0.0029358226477467853,0.009714571306515912,0.004037962283277571,0.006761256558352865,0.0037679486830408376,0.018151906648805987,0.005518924799934399,0.004336937982589007,0.0018455925574310259,0.0043625991796337376,0.0024001019494094447,0.008018339267085051,0.009342045414426441,0.013352136541820632,0.0006312722245284546,0.001045289612388948,0.0038777455760686686,0.00029149713032999055,7.440973222490979e-05,0.00014377671930725972,2.3094853024320467e-05,0.00011975110595585647,0.0001294692030201754,0.0002123000440406031,0.0001341876254628005,0.00012274802750318102,7.642337726505693e-05,7.354559450456171e-05,0.00022963603713945129,0.00010960127353953908,0.0001280243499254225,5.028961335152747e-05,0.0003536296438142017,0.0007480066700130313,6.233660387806594e-05,0.00017378128949512386,0.00022371658865424628,0.00010773863314997553,0.00030118605342087455,0.00012558414937302587,0.00010885207993125177,0.00012779001885449432,0.00014821449185546952,0.00037303260705812136,0.00014748654747883712,7.82705948032336e-05,9.741495584118336e-05,0.00015159381598698325,0.000699656562833947,0.00017942933067390202,3.226297832270575e-05,0.0002775513214142664,0.0006480423209723086
21000,0.0017632596518892937,0.0028733024912610374,0.003589688861514636,0.00022984968083199838,0.0019594617047523225,0.0066249576546917,0.0031709412473534732,0.01324871062295678,0.021348532908229537,0.003964087176427711,0.009719730618554074,0.001963177703294846,0.001034044071936726,0.00831682910630303,0.011338884564975161,0.05665769313175891,0.00589455707701009,0.0017142366903246074,0.0027377404102091013,0.011503653235219341,0.004220745517054288,0.007028680662447836,0.003828816704626661,0.02125808163546026,0.00574778592429553,0.004009526059962809,0.0019576376561740143,0.005030022244833769,0.0020554062519188257,0.010468949866809718,0.007838974460222137,0.014853576360530077,0.0005609606042988538,0.000959056521857514,0.004430442365143487,0.00044694464070005324,7.281474160804105e-05,0.00012485198801021562,1.567270321739199e-05,0.00011379319016668887,0.00014996548733787232,0.0001286991246161051,0.0001602731781986222,0.00014563706085219134,8.969574917404986e-05,6.0156892250721025e-05,0.00024023971787245135,9.427289655761228e-05,0.00011117862885710346,5.904491825441999e-05,0.0003609868571734646,0.0007172524819907267,3.165074595017359e-05,0.00017364497116246564,0.00020325251566175902,0.0004490684704127158,0.00028398256225984606,0.00016812434978419333,6.738012727680598e-05,0.00010891365410106328,0.00016886425019038142,0.0004048921161853208,0.00015549391066458526,5.532013281620633e-05,0.00011290278282811212,0.00019336860048662692,0.001368179268086221,0.0001500267255290242,3.0846265403283724e-05,0.0002705104548571582,0.000576764931611251
22000,0.002470272505520001,0.004876188305961141,0.005081980142373747,0.00039759341803241675,0.004339899043932033,0.005840739110551242,0.003507627794606965,0.010987250066439932,0.027047211219793053,0.0040812373445078265,0.01127842863929856,0.00322628279907952,0.0017009227608055385,0.009389230510736745,0.016054839801354855,0.0647472574855783,0.007819869355184242,0.002728615914724909,0.00344416408084466,0.014331689907752056,0.005877505421603229,0.011995422794175934,0.0049850439792498945,0.017557536019012332,0.00542735791757531,0.005183920008130371,0.002317922123409282,0.006959627033817621,0.003525945960855632,0.009192692581388157,0.011547644226326762,0.01620220293989405,0.0010405084390699725,0.0017424223433091504,0.0036805260273872088,0.0003460500451564842,5.3470598002927783e-05,0.00015575666243834846,1.857490435866906e-05,0.00019093475145837147,0.000199404172728967,0.0002841764317054185,0.000165370244803853,0.00022131799328474843,0.0001484820633059395,9.331961830006159e-05,0.0002894697105834335,0.00018150134225436432,0.00024648636508278944,8.384291603843766e-05,0.0007811573543152078,0.0007153655124056968,6.561834798048948e-05,0.00024675685507441367,0.0003945527201596696,0.0001394568654094738,0.00047872415752765366,0.00022474616275758308,0.00020107635981661233,0.0002175511365399311,0.0001761631838841519,0.0006593421664598693,0.00023191087450834824,0.00014990245268268768,0.00017639163626073342,0.00018819853980917229,0.0010321813462204382,0.00036474370745146015,3.425922135136261e-05,0.0004773265563315118,0.0009966596058802678
23000,0.0022503512677389693,0.004997609966839837,0.0050438365833542775,0.0005109337202436738,0.004319214364944786,0.007696937021267202,0.004401055459296795,0.014930463880791292,0.029646722455634263,0.004759991563332733,0.015224873407005138,0.0038875544174070643,0.0019818372137237793,0.010693591215055098,0.016752970169524335,0.06594181865996991,0.007865667584805383,0.003221504420448755,0.004368098361218082,0.015037590909693487,0.006094108646091347,0.008944692870240292,0.005211199619128214,0.02534906396564717,0.007941311847707045,0.005113182449713349,0.0030796411894639716,0.007124328352801967,0.003341981552212554,0.01154756377183085,0.014090054453893875,0.018456899997545406,0.0010555303882918783,0.0020238096231920744,0.0058310864204839975,0.0004710600450112322,9.463231934528506e-05,0.00021314145078576985,3.413499009454142e-05,0.00018749322998701246,0.0002611629348451815,0.00017720764844852965,0.00018673344857234042,0.0002593163578574987,0.00015035900644905172,0.00010476962416337951,0.0003280116226258606,0.0001488616403868548,0.00023983525107657192,9.505294970453674e-05,0.0005756683607265026,0.0012306635593025324,6.036373433744302e-05,0.0002403520837811366,0.000321086005238487,0.0001979307817236986,0.0004976199621543406,0.00021250009694995242,0.00011387330102429082,0.00019766602850512964,0.0002042098608702266,0.0006118235645703618,0.00025683296072892753,0.0001744880039352522,0.00024080600350215618,0.0002076862532136714,0.0015136863832075115,0.00025316490510821527,4.196383744670129e-05,0.00043923909538725713,0.0007899635515059344
24000,0.0011216540994388885,0.0024236548291540843,0.002643170257215388,0.0001856787560637503,0.0016525888165659448,0.005079965697534915,0.0023658928308181674,0.010957599349828396,0.018682845735303447,0.003181438281899318,0.010576541101356808,0.002189791771881425,0.0008750613273922213,0.006888197502341813,0.008631089669463965,0.05767884131516136,0.005800441199989152,0.001109240056670203,0.0019708079177819726,0.01066584679098014,0.004209694550018656,0.006347637629525187,0.00345097186761753,0.019798766414169222,0.004486138788923286,0.0035310133011080326,0.0019026312395527061,0.004114381822091673,0.0022162880894029515,0.008545244700320425,0.011235445407607281,0.01420584121772733,0.0007813713092631885,0.0009466168115089437,0.004188052905899692,0.00023156465511371089,7.811066382146237e-05,7.46451873138457e-05,2.3391301347858763e-05,0.00012323622638632514,0.00014346350556169977,0.0001305796645283408,0.00017973549497583008,0.00010435340846015606,8.929213480841051e-05,7.389945407437283e-05,0.00016747094461702785,0.00010619360070052153,0.00013043225341832489,4.981058249210367e-05,0.00038581832247753205,0.0004288243665844978,4.507608973653987e-05,0.0001902317674333118,0.00021375760203729192,9.807661229966801e-05,0.00037283061365381016,9.429357874068955e-05,8.697024924862894e-05,0.00015916591592730794,9.630087333789561e-05,0.00037361560785200863,0.00018143619003875824,9.273881637086192e-05,0.00016958389217810085,0.00014816670906614714,0.0004310183439234346,0.00015996642864712202,3.5173051685433165e-05,0.0002900038204811493,0.0006847915319667663
25000,0.0018398519805732823,0.004328848925069906,0.004408060619122504,0.0002605847623202023,0.0028282907635601286,0.004966714336270732,0.003862524490276912,0.013148785931180636,0.026009606444375416,0.004459434694581432,0.011110986453359933,0.0021463411542995622,0.0011773387148313111,0.008561225271864025,0.013734493861813782,0.06359945525279424,0.007721124335668199,0.001758970801266871,0.002532792853474218,0.01382775466425907,0.004032924812502013,0.009156350371735502,0.003958076613489538,0.02134783542715013,0.004701367794791983,0.003513406228739768,0.0023429785836807213,0.005933416097832378,0.0018148858818355675,0.008188294418423244,0.010080407678566796,0.017383854863090582,0.00043828741213211775,0.0010101817510985711,0.0058088066948079765,0.00036717801495253103,9.09190304292607e-05,0.00010321964030233424,4.028880787053965e-05,0.0001572192870753497,0.0001552126692026735,0.00022664944754069438,0.00023813088928363867,0.00015105114279752966,0.00013317840200431275,6.787168145763189e-05,0.00028721505955936184,0.00011443289493051623,0.00011475245051526835,6.669091370978012e-05,0.0006621121403528517,0.0008559067052071138,7.836757190489152e-05,0.0003058544136031426,0.0002429377922265397,7.686001733666423e-05,0.0003002759856836522,0.00023191254103949177,0.00014626297171894799,0.00019199517611503744,0.00017689498272375204,0.0005505180045936927,0.0002896561486185992,8.943421610367934e-05,0.00017848386940184154,0.00019192018315790209,0.0005040730026978833,0.000278222128093876,3.999481475602806e-05,0.0004283974185072868,0.001039676833897829
26000,0.0014505751952448328,0.0038990212369417014,0.0039518882780006,0.0003110242827180907,0.003064487403311363,0.00809107519619699,0.004855508935883512,0.01589986786412363,0.023675023798435328,0.004635496043192688,0.01424269785117904,0.002747376134535369,0.0014187332002841163,0.009371503848810928,0.014319995999069171,0.07785582094220445,0.0074018966769515485,0.0018534165273528824,0.0035412221373657565,0.013589240612733798,0.0055214878674493,0.00814034234697049,0.004120330386892117,0.024693928527024886,0.006683133149404995,0.00460136195179075,0.0024175624629635658,0.005409508331013058,0.002801892616245074,0.010869209781606427,0.010435392089323916,0.02321095558223673,0.0009061002326962336,0.001053827614457479,0.006070001544988675,0.0005565398449139788,7.542410076822355e-05,0.00013001118999124049,2.481127129741768e-05,9.608580478470685e-05,0.00016237498505475704,0.00017851403572421987,0.00014581682269181328,0.00016891961681004001,0.00017476613786464825,6.924571126104086e-05,0.00020627217870577099,0.00016226259221951977,0.00016417951557373114,7.114896735319317e-05,0.0006409015866001238,0.0006471346035444488,5.166168739378918e-05,0.00022144346745075642,0.0002527822373316479,0.00010581827981778505,0.00031705667114820046,0.00013577378422269248,0.00011847146536562529,0.00019442166821695886,0.00016460965938070634,0.0005116287955490006,0.00021713182417005118,0.00010636517576589999,0.00010807227898921055,0.0001353882244370357,0.0007660847914589145,0.0002838151193129403,1.9922707309660836e-05,0.0003145301632096508,0.0007524814995122142
27000,0.0031163330293910237,0.006125047895087239,0.00602649902733295,0.00047287605958934784,0.0053884914629139255,0.006984196470252105,0.005835937538787191,0.01955618184886179,0.029904233658075836,0.006820386974141002,0.019020507112414903,0.004114675669834655,0.002005600521277467,0.014662636685732816,0.01858401946096017,0.10415091673106265,0.01204692874446101,0.004202514980798823,0.005569846943087343,0.020461367418198886,0.008050149279740883,0.010799014296415927,0.006729648211815705,0.03436664007216071,0.009444476897312728,0.0058930512517690655,0.0038070755101451198,0.012328228175950548,0.0038031823689165965,0.015285995371560867,0.01800751298860026,0.02716145808629405,0.001172454007475975,0.002002128417252395,0.00533192992528105,0.0006297456850948688,0.00010586266778408284,0.00014540048720267475,3.127171804402657e-05,0.00013670618773176102,0.0002391762094161327,0.00019313480152050033,0.0001849445898187696,0.00022326155177372704,0.00017864996759367626,0.00011959111149459595,0.0003499557184719985,0.00012824719321713474,0.0002743255921508347,7.94611656932499e-05,0.0005124733969681144,0.0014228060341944608,6.405942094716011e-05,0.00024074165984140045,0.0004008879429953783,0.00016416219593586655,0.0003897437596136907,0.0001916552821512596,0.00014547533472055975,0.00023823281849217893,0.00017522914531582502,0.0005812752728484009,0.0002586149636777514,0.00018137613168873285,0.00013784907706495788,0.00015142807003869238,0.001143257461340649,0.0003459414700760392,3.692629856999474e-05,0.0003442874317213772,0.0011734060783055611
28000,0.0013494870636350242,0.0038180980476749094,0.004878946124032761,0.00029416231021129463,0.003328232940867001,0.006491922424174845,0.003167828012289148,0.010413898236555386,0.022728264902680973,0.00416913643857697,0.010786383213273416,0.0028507844149966593,0.0015792578602541294,0.008321429560358714,0.011036560494754025,0.06179895930593678,0.008137478563488306,0.00174782337093854,0.003986329139609422,0.013061084392829799,0.005417216077085658,0.008061332037738924,0.004657865959743503,0.021511114671981583,0.005657760394757451,0.004084883886389434,0.0023668501133567678,0.005162862516347862,0.002613252290586174,0.009764317460423862,0.010902736750382853,0.020463185214724105,0.0007910858276300831,0.0009302877939410602,0.004225047970774338,0.00034583031491714725,5.092073959495361e-05,0.00011145340749862953,2.0182986462665017e-05,0.00010812670825544046,0.00016020596969726884,0.00018903899581346195,0.00011929940610571066,0.00015254849298990418,9.051752859393577e-05,5.721578458803833e-05,0.00016667921787111002,6.523467039087905e-05,0.00015658683935859292,4.7443608640275094e-05,0.00047298292599687276,0.0003992516437089459,7.728615710220766e-05,0.00016869746032542173,0.00020652160874933228,5.890638398010527e-05,0.00023227169984199454,0.00011511374577821698,0.00012921392923380558,0.00016479256061861984,0.00011563521802600007,0.00046178052897268706,0.00016010770728506167,0.00010074491301729886,0.00015669644552771287,0.00012154027064587518,0.00035881165409331776,0.00021552620318808816,1.7477931791631818e-05,0.00026305898247775084,0.0012399037470459007
29000,0.0014048336421011128,0.003332362576555978,0.004238188850043419,0.00019380596542340264,0.0028543820515067957,0.004918477281795016,0.0037626559668194294,0.014174643792691366,0.019042300563411073,0.00495354164741002,0.011745595461131112,0.002615036344130723,0.001976534546084815,0.007565982616914412,0.011490620812486776,0.06338027712627081,0.008634442654034674,0.002370840890290322,0.0037724648136645555,0.010534501117047816,0.004728147298718655,0.008900403960329381,0.003920808590919478,0.018837257920919608,0.004963372890790832,0.004888792475685477,0.002154248090465121,0.006530420334229348,0.0025146128737319755,0.010009401500640032,0.00819869122094436,0.018850807673656024,0.0007795966673689656,0.0012691619239122637,0.004216763259844609,0.00023684182193660166,6.54322552923017e-05,0.00016049077132927116,2.06742015760587e-05,0.00011546907330739486,0.0001860484591883931,0.0003087180366492248,0.0001589931916896603,0.00012090431633432193,9.043988456931785e-05,6.569175582760473e-05,0.00023033430843816748,8.879405033290766e-05,0.0001488392923226127,8.094772147160256e-05,0.0005780241973140549,0.0007021066733917299,6.0785568712162787e-05,0.0002486246724457691,0.00020689476821581624,0.0001254533694712088,0.000459138659705356,0.00019044070177187677,0.00014240800078684716,0.0001644302193408993,0.0001217069093399914,0.0004413456629477604,0.00021309736837127747,9.911130521416183e-05,0.00013608733257165618,0.0001376150765565115,0.0008695028431507776,0.00022822724685320116,3.634445363331906e-05,0.0002843501037961626,0.0006490746411145665
30000,0.0015377110172217676,0.002743622755655519,0.0034122860106435837,0.00040194023453155893,0.0028019425571292693,0.007102701879505601,0.002831128645216414,0.011651798720242154,0.013377268349059602,0.0026863928069360554,0.01016814813664058,0.002154601578342631,0.0012086511106286762,0.006935384444053246,0.009839347922816695,0.0349251242732862,0.006514452844861634,0.0015588215756918234,0.003071986130505268,0.010511012169833217,0.003422605519947935,0.007814714028167405,0.0033955076724426665,0.016264600035113593,0.005651121047401194,0.004626669525168836,0.0018450478623450299,0.004590362858834851,0.0022566530797014234,0.008114518031840318,0.009298897840368832,0.016062066523143306,0.0005586607506885982,0.0012227133635945415,0.003848439575045227,0.0005023150710558509,4.3125561714269246e-05,0.00014031277741692477,2.1159933438865203e-05,0.00015294217246264452,0.00016122524866756414,0.00026335793882026337,0.00018687752030928096,0.00014928513347082402,0.00017457078691126968,0.00010250580736672938,0.0001949702982688394,0.00011387777753668615,0.00015520578282760276,5.956936415300747e-05,0.0005100534118285465,0.00042544178450043546,6.927724916749867e-05,0.00023215664924111702,0.0002027169044469764,0.00012625829989784424,0.00033275217209584004,0.00012918713446197216,0.000153193800310684,0.00020499454363534123,0.00016177652153904394,0.000499461023116632,0.0002676424941249159,7.876413560593433e-05,0.00028053694930147484,0.00013980738179140775,0.0004318287007793385,0.00022376577459776707,3.280129811855659e-05,0.0004336281104357312,0.0015265521928085946
31000,0.001578522784945341,0.00294792066361643,0.005618808232005297,0.0004200191415853064,0.003955140926129527,0.005654392115372632,0.003681102231483589,0.013426038750171131,0.0260804270822553,0.0040419953293167055,0.015527383950860512,0.002966927794418274,0.0019496814982796257,0.00822827395368773,0.012904365688326138,0.08449634688198178,0.009498265369508036,0.0018133346922143032,0.0029918786853418817,0.01428140153652445,0.004920845206012158,0.00822682319345144,0.004999467290957303,0.023949042179932198,0.006831515895014274,0.00584681557957083,0.0022715179702866026,0.005014890268891274,0.0031335982973413434,0.010687219846952376,0.012359270254188839,0.019718914315140303,0.0006814921210517555,0.001791043923593713,0.005583251849707772,0.00045077815463352114,5.931511615873014e-05,0.00013535741628733047,2.7205859559414302e-05,0.00017182532326387445,0.00021022327870652704,0.00018526405801821966,0.00016868189923116005,0.00016853807449622668,0.00012806065470182435,0.00012695574768437318,0.00023128876304518169,9.687155728066443e-05,0.00016657089904309282,6.225899563684256e-05,0.0005393735354573437,0.0006327136215986684,7.830295253370423e-05,0.0002463626696857207,0.00022090338461566716,6.977692765469163e-05,0.0003960393228666245,0.00023646623731110594,0.00012232658426588236,0.00016260893174918376,0.00016296826906909702,0.0005595386857494695,0.00024286676944450814,9.874675558691977e-05,0.00019890018009189388,0.00014316709591373903,0.0009078235418980642,0.00023780181950745636,4.232105698065425e-05,0.00036049618231935853,0.0008728024011361412
32000,0.0014537304216630858,0.0029440145633459367,0.0038336755521110413,0.0003021899120889989,0.002741188834090879,0.005795878557754415,0.0031139854624832935,0.01232318440573484,0.01952910764707149,0.003991480705735739,0.010190206224464935,0.0029805521614379156,0.001398491630838676,0.007021195762332134,0.011652297417629812,0.06211348900978919,0.007041619900086343,0.0014994999300706926,0.0029000419142123845,0.010002906416921177,0.004001540437268257,0.00585247418920127,0.0037404099864458353,0.016488193875799577,0.005758939611012696,0.003651505266316235,0.0018781395754617293,0.004824628401668936,0.0018009308389189435,0.008762546546823879,0.011507900227491822,0.013993901216263812,0.000683164748996144,0.001050055888193784,0.004545922084717959,0.0005098910389246417,3.305833113574265e-05,9.1952011499333e-05,1.760825180386987e-05,0.00013908658092987025,0.00015182506788907166,0.0001575191599840764,0.0001809260347727104,0.0001289783224245567,0.00010061464590762625,6.7537852505747e-05,0.0001741960024302994,0.00011544584403822,0.00014113869470367622,5.815332497149939e-05,0.0005035247198380742,0.0006391629685822409,4.7657610775786455e-05,0.00020042043825571677,0.0002055332935987249,7.944309118101955e-05,0.0002989040421716611,7.410775197058683e-05,0.0001077011133803454,0.00015009210378943513,0.00012752595915420292,0.0003903963618159328,0.00022350940107192704,9.332332524536469e-05,0.00016615042406758422,0.0001105205687963462,0.00037747221634682707,0.00021883590961804185,2.4756129903380497e-05,0.0003772387688078205,0.0006321538450720255
33000,0.0011853373416178747,0.0024767298293429324,0.004265166776652525,0.00024325650065992914,0.001967180381131895,0.005371122729099754,0.002283118409268941,0.010691849541734544,0.019205866660263093,0.0031282751078833826,0.011007090057521256,0.002034804593101714,0.001224212234250665,0.006763490364116451,0.009410362612363636,0.0641407699440606,0.006167576108834639,0.0014511162711803277,0.0029358355137186925,0.010857510748804393,0.003564210227960547,0.007193213315726358,0.0030976971610895514,0.018515741534065454,0.004677976322729216,0.00433982586255297,0.0019128560919442303,0.004692009951061967,0.0019324968038691784,0.00830863821060883,0.008627885543440546,0.015169729738352964,0.0006379022742580586,0.0007270581494076608,0.0030309044983975277,0.00036616692940632286,3.5982559138035773e-05,9.724491465848669e-05,1.728098265999391e-05,0.00010029924067112006,0.00014248537582532548,0.00017292203847318888,0.00016519872169737937,0.00014075361270060008,0.00012437185283057547,5.753302547800234e-05,0.0001544499755374617,0.00011216072386233122,0.00012760415819849217,5.452713586154542e-05,0.00046703877814637126,0.0006505719578247712,4.59129113551171e-05,0.0001465317412724716,0.000171733729201088,8.748664365818762e-05,0.00025793676797880463,0.00010333176192034443,9.566265073601699e-05,0.00014558628736267566,9.739998646788688e-05,0.00040082883668718193,0.00018461275127029458,8.49247883149826e-05,0.0002121098558644816,9.525526533630532e-05,0.00044923511839962363,0.00017328132733312839,2.339516309746159e-05,0.00029861461601614196,0.0010424697131384165
34000,0.0009996965908047404,0.002367226243222831,0.002549777917617272,0.0001809025321003551,0.0014331710914074725,0.0051577242640113196,0.0018973542418749393,0.007522341179020598,0.013714356644005086,0.0018003284858423285,0.006600979041369426,0.0017223524069888707,0.0008686307145663621,0.004349246622234315,0.007943600269679925,0.0510365997555103,0.004266933302893622,0.0014826358389275155,0.0016022233238410471,0.006741030534273402,0.0024048713639479922,0.004823409611812427,0.002039768322283635,0.013265032016594585,0.0028737092436622045,0.0030952051747590303,0.0015029834523316353,0.0032607088681591754,0.0015657976696007501,0.0058659535233962215,0.005733130440057721,0.011042822675125744,0.000453527507451449,0.0007019672672291817,0.0035568918704787698,0.00016005187225281197,4.8191369854210185e-05,6.172890535212487e-05,1.3825176495003458e-05,8.81302365769443e-05,0.00014274921581177973,0.00013594944948636112,0.00013982927462166116,0.00014533744596471814,9.79342807831448e-05,7.806066761020247e-05,0.0001929300924211132,7.429279716131276e-05,0.0001431851316350072,3.9229922549566254e-05,0.00048841415519886,0.0004597861961883609,4.560617417155299e-05,0.00013057505483796987,0.0001463134393471309,9.728690762048328e-05,0.0002514823640579976,0.0002027283180723316,6.765636103504373e-05,0.00011070157786959428,9.308187466861758e-05,0.0003495652318421097,0.00010816283394290251,8.99426660850565e-05,8.171011162024418e-05,0.00010947815915615846,0.0004132492630170808,0.00021273602696686612,1.3883219388333146e-05,0.00022991931284019958,0.0005591023356828373
35000,0.0016114255853903455,0.003491714642559937,0.0051765186478102505,0.00024035559204443977,0.0028801774956551942,0.00748051842674613,0.0033141186925223017,0.013135402741432236,0.019492382298612707,0.00388990086139529,0.012967385489002796,0.002689497245562367,0.0014402319101271023,0.007808912715435409,0.014172758540628232,0.07053128002007725,0.0066157012662144896,0.0020133280524095415,0.0033123616449302062,0.011572545531525974,0.004086541976139065,0.006540898910835884,0.004604609108258349,0.01816055499948561,0.005353153621746017,0.004409296717494726,0.0025553626573744095,0.004761322337950939,0.002527464562530547,0.009715785125257342,0.008579743358034951,0.01932211293024011,0.0005426629468985311,0.0012364095272787805,0.004280224116478671,0.00028071700712116254,4.9963481562767096e-05,8.800005149499735e-05,2.1599089166787063e-05,0.0001549844324699734,0.00016952651247343153,0.00020762508029292803,0.00017513031716589466,0.00014009536057289407,0.00011078425012735687,7.728663522194828e-05,0.00017480604817951404,6.707539805894669e-05,0.00014460690339280423,7.356510286626872e-05,0.0005607692878934009,0.0007801152338894705,7.856781303416938e-05,0.00021993337495772796,0.000210715257457321,0.00010033465493754854,0.0003662389351453013,0.0001512236949565704,0.00012011461254878163,0.000162209291441356,0.00012034847956480614,0.0005259953857710824,0.0002941365726095918,9.532938293387315e-05,0.0001366349087119387,0.0001681435275666492,0.0005371576184448454,0.00022776860868867926,1.7798501431798286e-05,0.0003567879143549301,0.0009480549633735791
36000,0.001754195266462252,0.004559138712701733,0.004307140806001068,0.00034983518298059395,0.0031593848849942206,0.00914286173480962,0.0035526470060029815,0.019009864587489718,0.026126114637975924,0.0035718007275136188,0.01252979041228285,0.002353396760869999,0.001681220693915913,0.007903290157132275,0.013150539631982717,0.09544453029229771,0.006769163318408357,0.0019270967636139521,0.003283098905480334,0.012807911393416967,0.00408673808812217,0.008614137115988083,0.004116637684055604,0.02341209165363883,0.005239342890692771,0.006988070253282785,0.0018968531325035361,0.003822957548739699,0.0022805808257544413,0.008786401329064487,0.011002350213530007,0.014163610982135512,0.0006118507334065271,0.0014218803626770454,0.005286430040238581,0.000538583506681789,6.595051780179442e-05,0.0001280703486579362,2.823750210380689e-05,0.00015975423843883618,0.0001912344043250143,0.00018580830055725528,0.0001847690687100112,0.00016971801180357273,0.00012963108677611576,9.503773745710273e-05,0.00023455494241269453,0.0001746495127932235,0.0002278073130016451,9.22702504546826e-05,0.0005708679235725027,0.0009062180979526602,6.918802719155793e-05,0.00025301439745817333,0.0003342607183028655,0.00013642513840750325,0.0004117254868927581,0.0001451476864531287,0.00010722335017653172,0.00023407581319798528,0.00013854164365814843,0.00047366418733119683,0.0002697560021724038,0.00013777457482868708,0.00020244723954318842,0.000152196537293129,0.0006750700609440433,0.0003303580647026466,2.7956712870036426e-05,0.00033765459501287795,0.000987917651218595
37000,0.0019516568621887978,0.004225632459026572,0.005741635393254303,0.00024773257356663144,0.0035775545097576585,0.011527629469388298,0.002932386511020013,0.013560475754881432,0.02298766256542508,0.0037472274489118718,0.014239479164924561,0.0021094811069202963,0.0017455885086250914,0.00828265056616422,0.017779429955579178,0.09211435589531902,0.009784108469916862,0.0025620347478712874,0.0036586776113836095,0.013534647616373453,0.006526869311867883,0.009658838588230927,0.005425952725345269,0.022598033347943178,0.006524265340727103,0.007232878915965557,0.0028688207214966704,0.0061799021392895765,0.002813396707257626,0.010061268381715279,0.010564176250384966,0.020548767598274235,0.0008100361167923718,0.001223074184781052,0.0034937771553005506,0.00029982131065813585,4.291513377851468e-05,8.739040851485862e-05,2.4315504323983833e-05,0.00010397395598715775,0.00017997727060775745,0.00014764905154152075,0.00017269674112867505,0.00019865417413568234,0.00013075756931740264,0.00010260862296880597,0.0001718536609028856,6.676057054022522e-05,0.00015416231041328877,6.161769901651e-05,0.0005648319477971269,0.0006071001641127319,5.869508531759493e-05,0.0002049947392226052,0.00021513626478704753,8.99185774249583e-05,0.00034318756734724195,0.00018115784359906684,9.933814341265033e-05,0.00013158147631447018,0.00015364646545397895,0.00041107441937969936,0.0001517658150402423,0.0001179099999061945,0.00013782899597774504,0.00015186868001494856,0.0003527976279136575,0.00027133971174693683,2.4891122613723837e-05,0.00028830203231367354,0.0008037006089580245
38000,0.0016377372558975833,0.0034990376653796476,0.005214116565184668,0.00021862316346484407,0.0038617180550398742,0.010153051099873014,0.0026150599823590564,0.012837615155648581,0.021673455177722047,0.0037270638276822865,0.01670887714113004,0.00290292176021244,0.00154218353572739,0.008433828796445265,0.012623911356401068,0.0567255003018848,0.007785589611991045,0.002205670847155189,0.0037035947357903103,0.014345539107404572,0.004104663922853783,0.009326000365295581,0.004550800189899746,0.01806410539429635,0.006841223369447685,0.008124763239175081,0.003111715297446579,0.006236025970944563,0.0033907544591142247,0.013369300707939059,0.01247730069134074,0.021530199800438892,0.0007722541484506215,0.001130477979047079,0.00346297614345935,0.0003423068117659308,4.806049003784545e-05,0.00012367580062676677,2.002896572887028e-05,0.00015179817842181365,0.00016591427172298086,0.000166766370057303,0.00020246619519639352,0.00017816871523360819,7.988721590663772e-05,8.180907400807362e-05,0.00018438907017968487,7.386248746854562e-05,0.00018057943882144532,8.380696487041529e-05,0.0005180610900844421,0.0005116948477734695,6.755132517355378e-05,0.00018710082280895036,0.00021666822236699677,0.0001478717617932158,0.0003047193102697405,0.0001149854820141627,0.00010523298637584351,0.00013017403367624725,0.00015532333175845756,0.00047138443040884955,0.0002075458194318108,8.10310964220457e-05,0.00027681890292620263,0.00016571636781139074,0.0007042261114033213,0.00020867544423819686,2.292182279006738e-05,0.00034566253076195034,0.0007376882058451883
39000,0.0017438411763873159,0.004268089422516318,0.0043381353346679434,0.00031655155688405594,0.0039091687545414625,0.006014935555867851,0.004504883422140987,0.014709019867273038,0.020629202576752572,0.0026568109860818367,0.012924271170274473,0.003010066235331077,0.001768869210288606,0.008604495844889298,0.014416004250019529,0.08456259479862638,0.008983346609793011,0.0029572725535114003,0.0027574271766103004,0.011861768916326886,0.005649978974277194,0.007192538000318953,0.0048359506332296106,0.020488062326330693,0.005883781237658002,0.006030578864738345,0.0025679209146537395,0.0055611337187049985,0.0025446870641591137,0.01013916314531666,0.01030180869876252,0.016730675979768142,0.0007670993765108628,0.0013742346355409313,0.005283802225474372,0.0004063661591706997,6.23926414570968e-05,0.0001890112550261785,2.29782627726933e-05,0.00016827303954869421,0.00026167227367218307,0.0002273964237247128,0.00023962042778293834,0.00023608014108551862,0.00011077565234125742,9.210274273852649e-05,0.00026035356498604206,0.00018145544156311644,0.00018154707094379712,9.998528829865708e-05,0.0004441475245165258,0.0009126111914762683,8.986386292235693e-05,0.0002409331987202714,0.0003081299242882684,0.00017757259444227782,0.0003756987151905133,0.00018363832259638002,0.00012345710265530366,0.00021182041109568672,0.0001561236533234478,0.0005720611959801043,0.00023536987838160376,0.00014594815900079435,0.0004074284877586049,0.00016064954289716994,0.0008072032058277857,0.00023682161500047523,3.124798493558956e-05,0.00034166558283373397,0.0007218587212264538
40000,0.0018146801988936007,0.00402279610473973,0.004778418618419285,0.0002647824681284524,0.003607444538794903,0.010641377020095075,0.002591090216341282,0.014370989418096667,0.019037858866311902,0.0031007172365207225,0.01080527799197704,0.0026043200850836,0.0016073776879982854,0.008183735922488488,0.01428448567081325,0.0602072922726317,0.007990705655781008,0.0025282564512756063,0.004255778669695636,0.013462094372759264,0.00441028564546811,0.008210227813833626,0.004329138989948357,0.024033006754082938,0.006130551603125659,0.008086242340505123,0.0032222799103281785,0.005801908872551091,0.002654950375589953,0.009493705685364999,0.008933559502329444,0.017757364530832723,0.0006890135681903058,0.0012086435942872539,0.003325411378076145,0.0003053080789834033,5.6899802099283794e-05,0.00011517846422231577,2.1449217296135594e-05,0.00017941158466783236,0.00020239226099913642,0.0001689132823230466,0.0002476048121934582,0.00025553403582690456,0.00011718072062553562,8.213605247452246e-05,0.0002611853885770088,0.0001504626784587515,0.0001946131043464918,8.564326741510409e-05,0.0005687763503286848,0.0009493977498398939,8.987994297058322e-05,0.0002620598838338807,0.0002472963463740849,0.0001638288487645861,0.00042192919323908075,0.0001896029007184552,9.747598181775174e-05,0.0001494479495739562,0.00016738334985954377,0.00044671513051168884,0.00022560472315599664,0.0001518803282460221,0.000292415127761261,0.00017392110200855856,0.0017037410031792075,0.00024226190495915768,1.5607198939449063e-05,0.000358114100969155,0.0010660811618436127
41000,0.0018032203596138406,0.0035770020435005856,0.006502790748830496,0.00031138503095112704,0.004130291778397528,0.009227166588451447,0.003198253191194747,0.016253004754082,0.01754883451637478,0.005021797333029099,0.012366389995400419,0.002709558644264875,0.0016516218624240014,0.008934748634794343,0.013192364886858474,0.0710099567368161,0.009478318679785366,0.0028345505498818275,0.0036931568943795617,0.013188331860486263,0.0046018535281483796,0.009209190402283898,0.005114725217911958,0.024026549188420177,0.009615532077741734,0.00586755801923573,0.0024152745539199275,0.007204582882574566,0.0036357613985755427,0.010913182053745033,0.011363128631977209,0.020457083525028653,0.0010174854405092376,0.0013374389188335722,0.005490157472700553,0.0003463464706443225,4.231750060207081e-05,0.00013052699091531395,2.3290213123523958e-05,0.00015355862990418245,0.0001544032138167011,0.0003159098932883353,0.0001830800269090105,0.0001854241909313714,8.620153952458503e-05,7.253340942473383e-05,0.00018986093304543798,0.0001535812379511725,0.0001289548078881157,7.341291182621552e-05,0.00039271855193786766,0.0006845501708691396,6.443894308176823e-05,0.00021089919632964776,0.00012556876657166365,9.800341101915613e-05,0.0003411249077954938,0.00017854466386779677,8.694496183557653e-05,0.00016749879948397742,0.0001531116204811648,0.0004933136830635292,0.00016840409689098965,6.114373627087434e-05,0.0002503623803325657,0.00014237761737982132,0.0007396013863529204,0.0001302162013673531,2.5130793744665425e-05,0.0003968968520447018,0.0007233639946207405
42000,0.0014139166706455227,0.0029226728325334583,0.004979404059364849,0.0002306593771698737,0.0026393846364263034,0.008617271586055202,0.001817467222985391,0.016200237754317497,0.016929632903859012,0.0035506489875842817,0.013746588274061874,0.0021800146580285306,0.0014527083787305112,0.00780500205980912,0.011880021557290628,0.06056641372075925,0.0075314404772749794,0.0015691435764892958,0.0037588044111284296,0.011533429702928212,0.0029317846480580558,0.0069494672575923944,0.004381365025571237,0.020271510592040916,0.007579602192443359,0.005141319078393281,0.0024491498261340894,0.004772068879295451,0.0020408738009042708,0.010848831528663493,0.010070184009285488,0.01786029825766141,0.0006147288078291415,0.001056383834079603,0.0046680170914138825,0.0005596839250391181,5.2197049298959095e-05,0.00011235182715939696,2.926520645327269e-05,0.00016654806256610755,0.00021423882995766187,0.00021182350428716745,0.00020672129994636634,0.0002686409092539658,0.0001458153288718964,8.211001687316508e-05,0.0002561359855574489,0.00014846712448957078,0.00020195657574778784,8.108466706537662e-05,0.0007146934940325221,0.0008236520140296003,8.476670882373583e-05,0.00027685413023187275,0.0001872975908868127,0.00015603165886866256,0.00042547477096377406,0.00022477146421806538,0.00013520438229066813,0.00017323643611024845,0.0002192287562744847,0.0005985921505525376,0.00029929477759504117,0.00011910826510798001,0.0005142113334133885,0.00017699634455819652,0.0010843780167176323,0.00022298786436685474,2.3209347460806384e-05,0.00041159162909774324,0.0007674637483432889
43000,0.0016291008595470812,0.004343953623632573,0.0061904961991482805,0.00032076742765219443,0.003142221063770401,0.009001267708039709,0.002815284037252798,0.013405747740120311,0.0194361362214928,0.0035929208679590374,0.0128208844631265,0.002183419459841537,0.0016865832911924263,0.00791972087664004,0.012575334620744208,0.07640267104822367,0.008051919080095277,0.0018731179585716469,0.003484035484559302,0.013530944961579128,0.0038521887645419366,0.007980982424799419,0.004856577388612398,0.021357130352407695,0.007261997839599471,0.005765507882460952,0.0026073744988788085,0.005462812008166414,0.0021807639626786114,0.008648759064653273,0.00839391896185892,0.01494874031497882,0.0006884469543706473,0.0011024936135590694,0.0025511792293602615,0.0004711846411648172,5.3190575988836776e-05,9.796606416950289e-05,1.929743198551675e-05,0.0001669064258749131,0.00020136842818161275,0.00018494701816962333,0.00021422293875730247,0.000125537375520492,0.00019548506606473605,8.667334554388618e-05,0.00019696829669332497,0.00011225378351653603,0.00013528000640650948,7.390643325131599e-05,0.0005514129762349722,0.0007710185900577926,7.803686858096626e-05,0.0002155968699187316,0.00031466588151143416,9.074877581579958e-05,0.0004015737321844759,0.00020703356585727306,8.651342681926306e-05,0.00020685070313237913,0.00017662009443787004,0.0006858358964080018,0.0002399345732484377,0.00010158762403522348,0.0002732948317619351,0.00012492334159908857,0.0005176339571854831,0.00022438901160420015,1.4558747359671997e-05,0.0003430263202230775,0.0009123797106440179
44000,0.001251000419747347,0.002827197180455119,0.005310179589893475,0.00031393279396769893,0.0030046955562053734,0.008471404052605587,0.0021945468819643383,0.014140900974869546,0.020806195249912854,0.004345799265138339,0.013436910977979107,0.00406892197868877,0.0018183171425445119,0.008343762639318205,0.011911029448332128,0.06024032435137391,0.0074771622211777695,0.002507391529180967,0.004109920838215787,0.013039627292455407,0.003860148786233927,0.00939475622570691,0.004610579991106836,0.02124874674870322,0.006866469182164615,0.007705966662615538,0.0026688485004049125,0.006697532789075922,0.002932194457303815,0.009533417509021914,0.00980182537935131,0.020541088418282855,0.0011112413591766095,0.0010299126909103506,0.005748642005023107,0.00039395840276971024,5.723676899175476e-05,0.00013580792822474243,2.1593827169448538e-05,0.00018785599229431682,0.00024771272268132654,0.0002750513549472089,0.0002127839958120603,0.00021843890365409223,0.00021575756173469447,6.767291924916207e-05,0.00023139729560888985,0.00015322484266633296,0.0002125459380389155,7.810748039363799e-05,0.0006740851221121165,0.0013005956225242699,7.738929962215479e-05,0.00024048922609743348,0.0002554189282066012,0.00011295439017802974,0.00041907270772959063,0.00034663140286284033,0.00018055146048507394,0.00024331223747909602,0.00017328969576434853,0.0005834800090220812,0.0002411233767089824,0.00015671770875456246,0.0006064611209997869,0.0001966356155160658,0.0008037720455312021,0.0002929050862971944,2.0551085285092086e-05,0.0004214409748806438,0.0012657684012083337
45000,0.0012522992805365043,0.004197449203477138,0.004340806417834149,0.00028521110118442895,0.0025896799852949998,0.007154071121476591,0.002924392915203146,0.012126903767684959,0.018037287914967812,0.0030279513375717215,0.011455816648046976,0.0023997214006418028,0.001325709111177165,0.006469715636767708,0.009618096868935562,0.058620327108656056,0.008040910012780279,0.0022396178836153256,0.0034910283429780975,0.011570208662839528,0.0035807332976096756,0.006188097607394282,0.0032191387742447355,0.021224800671916455,0.006248972160045966,0.006172001734375954,0.0018589229908215084,0.00448302162597732,0.0026877821419689367,0.008085935498750205,0.007871745475179825,0.014794064869280331,0.0009045499961316112,0.0012271583246295681,0.003370889063565604,0.00042471780239290117,7.112453261763556e-05,0.0001587144273881594,1.985862545634847e-05,0.00014791426167448662,0.0002215006789288538,0.0001742875338095473,0.00018614914879435673,0.00020320057515882102,0.00022816230799722496,8.931594301527314e-05,0.00021066057256017271,0.00015049607256756303,0.00017449952010675305,9.592582368482412e-05,0.0004790071961801564,0.0007974474820002797,6.846261239843444e-05,0.00019039868926038438,0.00030085522679467526,0.00012439606205754734,0.00032959318214271924,0.0001739869471748534,0.00011357447353867024,0.00019519683856882554,0.00015438223781529813,0.0005154355798641586,0.00021721960504489997,0.00010938487006618793,0.000290993407462439,0.00015929766650279144,0.0010209383230436028,0.00019455382629706536,4.898901649852405e-05,0.00036418563952204697,0.0006084035354433581
46000,0.001400273034007753,0.003930779376619116,0.004090724201281167,0.00024996591518384564,0.0033450161976867968,0.00866017904731312,0.0024502710431049983,0.01224689593472445,0.018105854074885335,0.0026102084084413946,0.011283098154151194,0.002523048300014236,0.001304958587173711,0.006628070454704964,0.009768654906142996,0.0649706706062716,0.007052664673557004,0.0021685893938226826,0.003881992880321507,0.012381517556495964,0.003630010735577116,0.0076612867399359985,0.004381806227368846,0.023416434631993374,0.0063695343222726864,0.006418922380544245,0.002199670707928054,0.004976573827661923,0.0018352057940586853,0.008274227119874277,0.009485384574897277,0.01525258935670046,0.0006678501143168292,0.0010584604831418017,0.003409107730274425,0.0002859770927524811,4.300205054918431e-05,8.4765201977048e-05,1.600839176585779e-05,0.00012840902502375684,0.0001395396386282726,0.0001373955042254238,0.00011151185431117483,0.00014965662069842342,8.418038165760471e-05,5.010229188765639e-05,0.00014519884527480667,5.649028135934486e-05,0.0001054355892747559,4.58087121263485e-05,0.00031745961470225944,0.000804108815221601,3.617134289015667e-05,0.00012990971191004287,0.00015035524963956238,9.629247675878683e-05,0.00023012256054522778,7.134767633942829e-05,7.433979484261499e-05,0.0001359542484841278,0.0001121839979532524,0.0003670743775073397,0.00018839368781889925,7.248651652369042e-05,0.00021703229807220245,9.496099695835173e-05,0.0011207856602725638,0.0001697473577463698,1.1976112872957856e-05,0.00025207879974639105,0.0005866502098797355
47000,0.0023611463071279717,0.006646959558970088,0.00543848738016095,0.0003095313049505841,0.0037177864459742604,0.013699032831937075,0.0035677025413068833,0.016490101404462408,0.025681625666234314,0.003612560121837305,0.014472845312007444,0.002725194991751555,0.0019036746146439602,0.009325030042611726,0.016905832330196383,0.0837007825357432,0.009088311075174715,0.0035366590011937107,0.003731018025843826,0.015060391460816997,0.004550002478941468,0.007320944136413995,0.004804123961900283,0.02605243241802479,0.0073523588854143215,0.006062252190895378,0.0025624171750032766,0.007146408393964521,0.0032843435785787946,0.011438322291313295,0.011936948898073752,0.018408220458345916,0.000810993737620545,0.0016107727089632157,0.005340364168255797,0.0004834022894044665,4.676837664425492e-05,9.714206064679523e-05,1.46018370870994e-05,0.00012738357941088907,0.00017092764275072656,0.00027546721867111046,0.00013655350667249878,0.00014345398540172027,0.00011235394855774709,7.476699341931894e-05,0.00021694373822755186,0.00017167139426632616,0.00017531225619967669,5.4836308332927395e-05,0.0006146578006652047,0.0008706203473896797,6.567552500200691e-05,0.00019278775120515741,0.00025674161764166866,9.593830407600927e-05,0.000360643799399196,0.0001304612646890746,0.00012935251486586216,0.00020275948975792673,0.00014974277849736002,0.00041690087626252093,0.00022976477749512856,7.781553752768862e-05,0.00026869897717713483,0.00013368144822993895,0.0008728202088345175,0.00025898307958524097,1.1252686888951757e-05,0.00036717694688797735,0.0007197221915703267
48000,0.0015691260540414667,0.0036107321772120755,0.005147317112763024,0.000274860690443837,0.002662786210115698,0.006445003166196069,0.0017861647792151122,0.00949103067236423,0.015230402208820848,0.0025017210136866197,0.009469849572404335,0.001946478761000231,0.0010710439016816742,0.006900738888031232,0.009379830515236416,0.04407518281368539,0.006021073881995454,0.0016216778417804598,0.002760817824829636,0.010847309114712213,0.0030817322371149204,0.005759572520349009,0.002620262268416506,0.018541014609703175,0.0039034014121243094,0.005458873603492976,0.0019621220435657315,0.0037159236274722693,0.0019066186512217802,0.00840662783329824,0.007081464333023178,0.011866624209617909,0.0005280062727483534,0.0009038782990300269,0.0038090920795891886,0.0003613421761932451,3.862476966494461e-05,0.00011974145187113291,1.3113134919165871e-05,0.0001119562391522777,0.00019861938672159128,0.00022785562850913266,0.00011051685191887373,0.00010736447134867806,8.244192524312224e-05,4.5792440902557375e-05,0.00012632428457324925,5.150051514490883e-05,0.00013483911485850356,6.319574760544293e-05,0.0004713218767724706,0.0007890751351927369,4.916840234727715e-05,0.00015338819458539008,0.00015749063095427118,6.522404309676362e-05,0.0003717044422496314,0.00010000216161643039,9.369088408088071e-05,0.00016557127545148922,8.968632070415576e-05,0.00040218491102878424,0.0001446842349542555,6.567432153239786e-05,0.00019262557280954853,0.00010006925876714613,0.0005421143435212018,0.0002001503816306959,5.605831645993931e-06,0.0002748787022968475,0.0006230188992049079
49000,0.001643042298555146,0.005555689401700403,0.004349848236112545,0.00030003921578659524,0.004573752521997748,0.013370770262554288,0.003012445824336488,0.019549245535659687,0.02382242251904337,0.0034384361206321046,0.01230750190469409,0.0027415555426957825,0.0010189371823798865,0.01040924928466583,0.018211040904861874,0.07626449505672402,0.008761279842257778,0.0025669287683337608,0.003225960763562138,0.016361013684848633,0.00503118093712636,0.008608307254430006,0.004802042448524541,0.025444476481061427,0.0058655005425588035,0.005779240140691399,0.002369425806459584,0.0059792509340089355,0.002841428645307828,0.010211829255680524,0.011961259936069836,0.018000489991838828,0.0009153018277475466,0.0012825676214169805,0.004016357772343326,0.000545631146020956,6.469859153107312e-05,0.00014484917731103698,2.0496963904258655e-05,0.00014935734964183212,0.00020390079109173267,0.00016833544759720098,0.0001659181242757768,0.0001991904465333056,0.00014109445063408395,7.192589381231431e-05,0.0002687104992889401,7.080577037044122e-05,0.00019179129456711836,9.97741810186364e-05,0.0005624561816812974,0.0011347620866217767,7.324625003093387e-05,0.00019354115456549987,0.00027366626366936796,0.00010935152634126346,0.00038024940252604037,0.00014105343962000916,0.00010367897938421165,0.00020348211837699636,0.00014638117312036533,0.00045897192902669706,0.00019890537615512786,0.00011958162182251013,0.00018653951893712574,0.00012657625263993584,0.0014238086210493098,0.00022796310754767633,1.2676570108283158e-05,0.00037329639784148953,0.0010342086025048047
50000,0.0008822912265738548,0.003204555273879561,0.003658059365382845,0.00023522829816591603,0.0025187439011311145,0.006773007118941418,0.0020026153523788033,0.009548090518650248,0.012727366403212243,0.0021079732505313586,0.00829178233699942,0.0015394906929904377,0.0009010421278865331,0.006750932493367035,0.007143379985320601,0.04760782547236886,0.0052382977401066455,0.0013585616116076,0.0028607324670052287,0.010329120784930031,0.002826674666301607,0.006248969527795063,0.0030647123413412676,0.014281268016202376,0.004373949524066004,0.006034268531948328,0.0013258917394318081,0.003659718486839362,0.0023611245202653877,0.006066645529626252,0.00611601733621986,0.010603829531016974,0.0007975487853587337,0.0008158836450822787,0.003995275271437195,0.00033271078911362953,5.638677965772618e-05,7.440517414248792e-05,2.299519835197228e-05,0.00010552440687661147,0.00015614320785816552,0.00015824456295376876,0.0001411425825608603,0.00010101137291042648,0.00011411078512058961,6.427064159392363e-05,0.0001090235682727724,6.576302619620833e-05,0.00011099172217521707,4.662282051206355e-05,0.0004497748880357204,0.0006687342229270143,4.7651882505306274e-05,0.00017181850721592165,0.0001500554697423499,6.521447053583788e-05,0.00025515036536343097,0.00010655340565790539,8.513208820204454e-05,0.00016133982777808762,7.42422523520266e-05,0.0002927855675917242,0.00020693217408788937,7.040024537025863e-05,0.00011999532812802095,7.582246774456343e-05,0.00032627647825782854,0.0001554366149875822,2.5867864437145727e-05,0.00024354469051180816,0.0008953884924267185
51000,0.0011200208286567973,0.003704087811692497,0.004038256685210702,0.0002795783746548225,0.0029464982509597565,0.007903925384328301,0.0023865921516957197,0.01207150818121519,0.018677831161157076,0.0025719930745253805,0.011922729637453701,0.0025996458799101897,0.001245860962433543,0.006738521174873203,0.011560369944302639,0.05393551692880768,0.005672654203278528,0.0023704844438898246,0.0035512767769562614,0.011222057144720262,0.003478711550600075,0.006420125817125414,0.003384352332044121,0.016911616467405112,0.005017947703313511,0.006973003642633558,0.0018459955202953069,0.006652093641605461,0.0027364269897054115,0.008447385432983508,0.006842984163910539,0.01475022225909365,0.0007596403554308914,0.0010796375755770112,0.004342617462397256,0.00026832938523365816,5.52060233167439e-05,0.00010684241959262926,1.4934270151329602e-05,0.00013564212304117973,0.0001514995683718785,0.0001749572420521872,0.00012120124051762105,0.0001043315926022172,8.769063738806213e-05,5.326922962061482e-05,0.00015702830916795887,7.239895602140223e-05,0.00011323327727111597,6.282618323893985e-05,0.0004471248021375756,0.0006645549680494393,6.179542251629754e-05,0.00015737283230956396,0.00017584503050251254,5.719855886871466e-05,0.00027504022747267806,8.528962553100428e-05,8.347356006765949e-05,0.0001277419382334371,9.027778232848505e-05,0.0003204100058727847,0.000184857885855123,5.643085775797797e-05,0.00019358891000188628,9.111032299093589e-05,0.00025120568411044327,0.00017568499841230835,1.984114825859251e-05,0.0003130331917586658,0.0006893568228406366
52000,0.0012746399953799926,0.002925941014163308,0.005828460278280545,0.0001962874783203006,0.0020922419713729776,0.005741682651984904,0.0015409779043693561,0.013168565101474159,0.0160600593402924,0.0032888693640416022,0.010220000076964268,0.0029097252069676667,0.001298503303780418,0.006865038357787082,0.011205648890309556,0.05640187396299249,0.0064047535000836,0.0018461476659156896,0.004303669958192456,0.011544092622255751,0.003743281459110921,0.007169858012015798,0.0035877338450518437,0.016683074719427773,0.005320777958707093,0.0070667672669515015,0.0022948316845647623,0.004987613232515287,0.0026756060842137016,0.008788856028273116,0.005788793678705891,0.014105306524120701,0.0007139793237900432,0.0013239577887636483,0.004322045686017696,0.00042206586494687926,4.657981661032887e-05,0.00010073791372633423,1.7681906389914576e-05,0.00019452372248451866,0.00016539760373776284,0.0001358659519610228,0.00015183351570158266,0.00012022869228339435,0.00014613705197677376,6.066257599184967e-05,0.00015128708275625015,0.00012819901336769135,0.00010709691985339462,7.79201549118046e-05,0.0004809809543758092,0.0006540594173808737,4.936330788041232e-05,0.00015647916242581843,0.00014468285816888213,0.00010758157437025643,0.0003724930533847924,0.00011838331511171418,9.269967378915883e-05,0.00018195291588479168,0.00010840637175230464,0.0004557290847524885,0.0001759073947766865,6.556525122833009e-05,0.00029317859177050803,0.0001075294225030392,0.0006288999595978696,0.00016164458986840522,3.1155877096011864e-05,0.0004246337892239529,0.0009557975019561127
53000,0.0017721626216469402,0.0035802687101143724,0.005272207770455377,0.0003039704221219626,0.002594040161977917,0.007852318971085228,0.0024504359847806853,0.011572311412701132,0.01516935297144001,0.002749313125605113,0.011356861514039697,0.002596426209567319,0.0009728000092736418,0.007465382326369185,0.008572936579687794,0.05444848918583981,0.00624044670396307,0.0017330074701528211,0.0027183068398569177,0.011062701850848195,0.003775576546150625,0.006246108010860293,0.003779798222700871,0.018228835542686284,0.005729828812902616,0.006187209626659751,0.001997976933888558,0.003808970936006517,0.0022694989269332246,0.008743168207377406,0.00657187797575413,0.014190230178288542,0.0006627830614051461,0.0011106306519994094,0.0041855704055504045,0.0003965801513225691,6.946976658415032e-05,8.637973674426162e-05,1.933127858463589e-05,0.00018183651923209254,0.00013506761988634373,0.0001370161003251269,0.00016706662718206643,9.982142852861311e-05,0.00012538562102571105,7.32127395565385e-05,0.00015548437302545368,9.030007014843022e-05,0.0001339720195530923,8.778163167087108e-05,0.0004613170572436222,0.0007825229446704421,5.41024632184417e-05,0.0001720431983089003,0.00016363665261075045,0.0001216658927412275,0.0003222538979747286,0.00012128952312195906,8.41252840725954e-05,0.00022545115151353037,0.00013604613195639104,0.0005508284941624292,0.00018317438895004907,6.379708197364216e-05,0.0002852742394073478,0.00011170747352066842,0.0015012903324662017,0.00017698635106959897,2.3318194394050806e-05,0.00039881775888762075,0.0016896113644179422
54000,0.0013756333535614406,0.004483879675886042,0.004672609986300813,0.00015088595264037743,0.00253903716168944,0.009730385267175734,0.0026676500122947244,0.013589180601497098,0.02290975691582815,0.0027449056797195226,0.008911631708116024,0.0017725446812210995,0.0012006991896531404,0.007330716713333844,0.013692257833334973,0.06785705864240299,0.008633372885448071,0.001875749778264435,0.003942592331441119,0.014229495910136999,0.004122075774744889,0.006367863086260124,0.003944993101128299,0.024540007452014834,0.005255706616726312,0.00634777769446373,0.002225368668728005,0.004394401703999999,0.0027215240020750037,0.00839985319544212,0.006119412351739205,0.011826895403478725,0.0007504165793986973,0.0009361211334503106,0.006406678465484422,0.00034603365440537867,3.087452526828154e-05,5.256804351202763e-05,1.2643796426811648e-05,6.849008491371933e-05,9.153569399881661e-05,0.00012211596231281874,6.824945135122106e-05,9.370734740418572e-05,5.0566460950712526e-05,4.727020411507965e-05,0.00013011880373756357,4.596755608154979e-05,8.593643097312985e-05,2.9817859451048374e-05,0.0002474252674888843,0.00041309559249687783,3.138123365715728e-05,0.00011640846386566112,0.00013117932381834994,7.730258870320871e-05,0.00031589898699949315,7.369654258582159e-05,7.599308848840438e-05,0.00013228154684838956,5.256840231595561e-05,0.00028346710770478316,0.00014863659351741867,4.461011822099904e-05,0.00010377947796769149,5.264918120276405e-05,0.00025488733211074887,0.00015869096622470494,1.1625162493089647e-05,0.00020563545221759203,0.0004411801077367272
55000,0.0018364871680082492,0.004394392448712433,0.007037522833343246,0.00026296256714536306,0.0026116901637026247,0.009086996666155756,0.002670432412771568,0.016171917098879076,0.014800070560559568,0.003068613412324339,0.012059457191585184,0.0026604402780637374,0.0012196800358431187,0.008188824277209333,0.011167422279814834,0.05066787256146199,0.00647971330486793,0.002283383967401681,0.0036495660824584775,0.013362527995365478,0.003916814847707428,0.0070767933061038745,0.0035661713088241715,0.021242953732144087,0.004070820073961624,0.007576752989552915,0.0019389668500040106,0.00541525449261826,0.0026922963819850016,0.008713852888538367,0.00829695982276462,0.01614880611529001,0.0007754817452278163,0.0013622688198549524,0.007126643569790758,0.00037543391691282783,7.54213915779713e-05,0.00011404742753546253,1.8040624948172486e-05,0.00010942395965685137,0.00017090897081482368,0.00015039269146654988,0.00011835920995508786,0.00011853824870693068,0.00011386781447503094,7.899338054033121e-05,0.00022177698178494577,0.00010433248890251434,0.0001456661332026905,4.893055442649215e-05,0.0003415083020067519,0.000683070395704514,5.2869224236928855e-05,0.00012027988256649019,0.00016092699034147542,7.800320031492447e-05,0.00027064602500593204,8.342991600329697e-05,7.7681527140309e-05,0.00014874833385734886,8.56635667635904e-05,0.000307680158993139,0.0001243727666191161,6.74027622323535e-05,0.0001245970992284937,8.45429217258845e-05,0.0015071884762229665,0.00015089775586069949,8.61866887191809e-06,0.00021582096658622664,0.0007611751898366492
56000,0.0011279133125729434,0.0033415659273925012,0.005418867590075631,0.00021964149094716188,0.002178442875032764,0.005006424113941778,0.0018802223699646175,0.011349399123954593,0.012875813679893556,0.0029448367313307244,0.00996182759155528,0.002630362249447546,0.0012555061583759998,0.006106015323728736,0.00964407747669611,0.05208423043707929,0.00632616224737874,0.002078280365499786,0.0031343907726945224,0.010232555163966026,0.0041090695356790375,0.007026070838037413,0.003143362738895424,0.015274969684348131,0.006084067408029648,0.006480415491387248,0.0023519227388679874,0.004268869646693929,0.002230564356175498,0.0076962533374523535,0.005311449560686014,0.014885587496862102,0.0006456169668638267,0.0008190417347630627,0.002750169466606975,0.0002814921615075556,5.619762543879484e-05,0.0001100757006249544,1.6882098175739818e-05,0.00010784531298213551,0.00012207014088850902,0.00010156540611205855,0.00012629039374587592,0.00013708322608420675,0.00012925559250872635,7.888153280565088e-05,0.00022442062615019704,0.00010155285689705806,0.0001835488213318654,5.4981443471743575e-05,0.0004449671596096148,0.0009539987659081817,5.9544008036027665e-05,0.00016086569104693492,0.00019340374625432464,0.00011065790158681921,0.00017200783053516306,0.00012844278580814716,8.426168662683469e-05,0.00015059339054390036,0.00010088547539150265,0.000346741232809803,0.00015637920072280126,7.616480520113869e-05,0.00015760037452613082,0.00012708361804494392,0.0006007710115747093,0.00016718235755224816,1.478898950324492e-05,0.00022645161148646657,0.0008474932707031258
57000,0.001411120628905042,0.003135890103294514,0.00521235692698004,0.0002019855089271844,0.0022337761964288665,0.004788254208896043,0.002185815012536853,0.010781965384761434,0.01390936097934311,0.0027648999603115954,0.01181911803647426,0.00227303957417833,0.0010630790127448342,0.006708714629701607,0.012408543593996643,0.0373420974635034,0.005054835043838899,0.002298663526514097,0.0033954688468449084,0.011145375968020137,0.0028782628471774913,0.006589735238126845,0.002898158333385557,0.015518132593327513,0.004922692643872108,0.006878628907725215,0.001975920076860817,0.005359271061630959,0.002048064813553698,0.007362698521788961,0.006840712432967848,0.014099937207692374,0.0004962692322939469,0.0007510917714202954,0.0034369353521065526,0.00032705612794968274,3.899155784979843e-05,0.00014748922743282574,1.7114075295598538e-05,0.00013532961622786388,0.00013395533409628967,0.00014042321481610998,0.0001497772954280663,0.0001155653797372667,7.408527823204886e-05,6.856331427716863e-05,0.00017643476818001976,6.850993643681136e-05,0.00013853886528440381,5.1524434514827924e-05,0.0006247437237666768,0.0006651320351617566,7.025861141300993e-05,0.00015873648061067203,0.00021029793562524118,0.00010247729204076512,0.0002573261965094829,0.0001353316943095706,9.665268201312453e-05,0.00014660166714468057,0.0001470745911016517,0.0003708433694662999,0.00018664791129670752,6.584846267140017e-05,0.00027206503960365406,9.385001376594791e-05,0.0007447559562154181,0.00022527540821834412,1.9622040070998992e-05,0.00030193239034196565,0.0006647066111327149
58000,0.0011722861379009398,0.0036601268829717475,0.005397089972878651,0.00027424188808883906,0.0022890674136542195,0.006140204961411655,0.0025675818327022906,0.013000945658574231,0.012818321309203361,0.0019297921789984684,0.010261891433738466,0.002294044095796547,0.0011697623659997728,0.006987901005865724,0.011093849420328351,0.036154161477801004,0.005344587440915694,0.0017269724994548596,0.002624002821643704,0.009816405609696327,0.003410667589103538,0.005563244444991662,0.0030973099856540405,0.015548283785271148,0.004699816841272719,0.005244385846890509,0.002203179773929268,0.003909614895140597,0.0017523250814359499,0.008033949510483522,0.006782367499060153,0.01381453003985091,0.0004587620556938313,0.000894936398367463,0.00544828436088412,0.00043018180531362304,7.896367359637082e-05,0.0001513663759066152,2.659019689023139e-05,0.00015527150549132784,0.00015819809858201437,0.0001626644589123316,0.00018791082075040322,0.0001767793706006303,0.00016126369783035587,7.275838661736803e-05,0.00023635609565181976,0.00013132467302767736,0.00018004841346761042,6.643445968537972e-05,0.00047548080338646496,0.0005697023116226774,5.693251368938945e-05,0.00018083391578515223,0.0002731269924597341,8.143085754206616e-05,0.0003643336015664572,0.00016715562333047274,0.0001200347187477746,0.00020489040453657462,0.00011286000280961162,0.00044590509637063046,0.0002132783769857943,7.991034715667263e-05,0.0002078779766129123,0.00011343065718345363,0.0003380853523010176,0.00020676944137240907,4.797462784722484e-05,0.0004298120074352238,0.0006093623167544137
59000,0.0011955199793315056,0.003936529189458169,0.005057651269453345,0.00019525521839008995,0.0018917647896067806,0.006352128776987749,0.002534556305686091,0.011544388764128135,0.013237347396090074,0.002222168965090532,0.009728823258127604,0.0019189095343178024,0.0010986894703819416,0.006749709894255361,0.011204613605599769,0.0304667425371008,0.004767929366218076,0.0020422986847193044,0.002742593677664575,0.009635564392519882,0.003552355310031229,0.006525970342149127,0.0031718209321358395,0.016491027587714296,0.004405085711267829,0.005481038498692215,0.00204269808707449,0.004343289896496572,0.00264384554063915,0.008624116720907736,0.0057018008252877435,0.014019296526944695,0.0006900170489846966,0.001126837966723521,0.003305651827758993,0.00038704366422491276,7.775288380840768e-05,9.108256745093968e-05,2.4144590894133195e-05,0.00015491462545469403,0.0001703342913534722,0.0002000905751629034,0.00016655359095238965,0.00018748834530637586,0.00012044454331197286,9.6161098548464e-05,0.0002147611287096209,6.189550798829657e-05,0.00020903999315621526,5.151388805560683e-05,0.0006145068011881869,0.0008354478292555237,7.070866358844796e-05,0.00022054680871684578,0.0002815127596665567,9.137447589389261e-05,0.0003773957953619115,0.00011212618665012997,0.00010977311425285229,0.00017538496929493983,8.643481214676285e-05,0.0003867212208572915,0.00023821478975639398,8.330893320112614e-05,0.00017470433956785,8.782828186880366e-05,0.0006390625766731059,0.000229736502683592,1.814364176766503e-05,0.00037819498725222744,0.0007287890592124313
60000,0.0012334981589397962,0.002908333474166553,0.005491306653614932,0.00023411016232225497,0.0023917053983461326,0.006002075346519372,0.0035225631808932503,0.016295076813834134,0.017300749782038962,0.002706100458453875,0.01276943342487851,0.002363331448874788,0.0013282863223911122,0.007746252669235357,0.012333230259109233,0.04147141719537709,0.006071423153636195,0.0021584763213191947,0.003143057840393989,0.011874430593888975,0.0036999611935418495,0.008105815422563214,0.0041835729128797535,0.017900074704084546,0.0055530618271390384,0.006280019762925804,0.0024171371442500986,0.005219274748621198,0.0033529190315782806,0.011220150279592828,0.007077087727957405,0.019027025441083915,0.0008792060176213786,0.0014247561010020142,0.0049672789708792055,0.0006575542388174784,7.682194748482336e-05,0.00013927451705471455,2.412862167317823e-05,0.0001805505590937173,0.00021007041957642634,0.00024244922406069236,0.0001578043936206086,0.00025097334927474886,0.00013839226760051373,6.6759690350539e-05,0.0003346715781302472,0.00012531783024805065,0.00022806539417897826,5.745106707102175e-05,0.000556154076202102,0.0008960946227792496,9.236759433406405e-05,0.0002360447994705078,0.00033554312101151824,0.00014030232668202106,0.0005166681343599589,0.00014819969601376215,0.0001458812188591057,0.000292387170440214,0.0001445113157387823,0.0006820940997659886,0.00026652432540088367,0.0001450413982646759,0.00037538529209592123,0.00017385094735221753,0.0033317857345147267,0.0002466076382094592,9.327364480782308e-06,0.0004604346723689017,0.0008584861920098774
61000,0.001581619677258336,0.0035168639251087035,0.005832514026527254,0.0003262082154973401,0.002839521136996189,0.005878879006819001,0.0024784509093860245,0.015516959702711343,0.012210621436161436,0.003229701083910186,0.011773095504462684,0.002277438683486995,0.001409689345481721,0.007315343959183365,0.009508339655482867,0.029698499376536347,0.00685090728767959,0.0018088239476934246,0.0034843032969677423,0.012226503063114553,0.004068890908465269,0.006874981652799761,0.0039046400741062828,0.018629467906430365,0.005277373852362553,0.0071968686068430545,0.002708518943607839,0.0042633140674297465,0.003083708718237604,0.010016826585342642,0.0071987659145330936,0.014638777587186689,0.0007505029407594266,0.0011719104070168616,0.003231762398677852,0.00035406440135586436,5.783875173087357e-05,9.831955970763705e-05,1.1846417044605103e-05,9.835113894496317e-05,0.00015041654839304566,0.0001300476492360758,0.00011362229170117644,0.00018521315800363051,0.00010524229456725726,6.74959596344544e-05,0.00018880993495753372,8.00212167320069e-05,0.00018520815432299874,4.824590537695754e-05,0.0004341641036822134,0.0006756462110691549,5.478813582158182e-05,0.00013462385318141931,0.0001864181389903714,5.594975833777095e-05,0.0003036443717680794,0.00012269392300368054,0.0001246060553970412,0.000175841130938072,6.987123603418392e-05,0.0004488358645102703,0.00014306061212070946,7.01677466020408e-05,0.00015549339766746724,9.386885725004279e-05,0.0006143082882122794,0.00017898498294579855,1.554210130905176e-05,0.00026977122919973935,0.0005980152636766434
62000,0.00129707907659837,0.004226476972016152,0.005997251496107007,0.0002185716980280771,0.003141830786331365,0.008962917391077749,0.003137932451394473,0.021403707527639985,0.01586537366191909,0.0031483790444326587,0.01444809383568178,0.0020637213544562527,0.0015599378867508758,0.009036759147916613,0.014240288039111286,0.06638210192977567,0.0069367178026541725,0.002452683674106728,0.0044744809232984805,0.015777334990852977,0.0047144139478632495,0.007642340221147086,0.004870149753721004,0.02499011535352717,0.0068340742735826,0.0076430054847151045,0.0026909773934617517,0.005825381197913278,0.0033506829373757627,0.010526749622165939,0.009505186723545193,0.018074110139143437,0.0009192212690359943,0.001219779702476148,0.004085084651402819,0.00043008138630235796,7.026749147305629e-05,9.939845540429815e-05,1.6670889296170592e-05,0.00011534460145412595,0.00012867025153122705,0.00010834259001057944,0.00011624944218056044,0.00014624038938468163,0.00018722172152305767,6.669103194911129e-05,0.00016439805776507566,0.00010570082488214894,0.00012518152896024635,6.204601008490003e-05,0.00033903739806121917,0.0005385919776017545,4.964935051248176e-05,0.00011788524295056681,0.00020141890917298514,5.080384816706514e-05,0.00017596920048573895,9.995647815230768e-05,8.846742715225749e-05,0.00012701929540176373,6.428179555465856e-05,0.0003508978625152957,0.00015779947605138928,8.273800240859346e-05,0.0002623525945940249,0.00010899924419898927,0.0008895028289706326,0.00020304134546317835,3.14134510972508e-05,0.0002064831437870575,0.0004876038605289068
63000,0.0013341520850460526,0.00446947544144307,0.004546140994837818,0.00022441390375696265,0.003333288974248763,0.007131188060157001,0.0034751097906747974,0.013830341204119773,0.018929432186982748,0.002685695442778524,0.010215345479756015,0.0025358727663323016,0.0013453266063041872,0.007463945166598547,0.010985503600001239,0.05162280924802568,0.0064274974298487424,0.00284767653721258,0.0037088578153218676,0.012517691196941693,0.003299329083263449,0.006726443167281104,0.004566902685570919,0.018536303797736763,0.005120545447136956,0.007554193888790905,0.0021706460117838426,0.0061624704073134735,0.0035529982430435826,0.009102825961646533,0.006826380204001907,0.013919118415707579,0.0008345095702920319,0.000867450103584794,0.0025270582098326283,0.0004034292012582747,7.619154102282042e-05,9.140707805437904e-05,2.6846550399404147e-05,0.00016502504399795725,0.0001448131657728849,0.0002238114420833881,0.00015785273199071527,0.00015956123259361208,0.00011876339575744503,7.532669778080552e-05,0.00016867655292292496,0.00011271667844781064,0.0001600413669021252,6.077589998974211e-05,0.0004765462733582983,0.0007566049450057714,8.22598694867338e-05,0.00017292338844174306,0.0002681939291380394,8.798335610746025e-05,0.00026346509462542913,0.00010891276815527817,0.00012718242044229555,0.00019443539519600634,8.098619109659921e-05,0.0003569083777747242,0.00021089474786027427,7.636156482607607e-05,0.00017939009760286554,0.00010155918171930553,0.001314637464799619,0.0002620514509168233,2.361903109715513e-05,0.0003447677605367398,0.0007867296597396489
64000,0.0018557796352438713,0.005121720926884639,0.004044319760093155,0.0002768968335098739,0.0029087414241306,0.00661171817254009,0.0028395009881757188,0.011563274614209328,0.013509990012515787,0.00201614381512627,0.00966664021163726,0.0021500237959042687,0.0012176600174632658,0.007354289417421431,0.0100457606737858,0.05391881216928596,0.006532865823828615,0.002112380207707454,0.002818228844262194,0.012003472558814489,0.0038741776063864982,0.006896509229721103,0.004589866807691578,0.01618769036916395,0.0047592549649596635,0.006472507934086024,0.0018039191933689103,0.004521825126175827,0.002680371657205636,0.00854853162848984,0.006948966411873698,0.012939774376438716,0.0006837397305037467,0.0011418764024975368,0.00355530437789437,0.000316065197373356,5.496806774748333e-05,7.298314945232546e-05,1.3450369643381357e-05,0.00013750798655109975,0.00018789871383171673,0.0001344571032859676,0.00010024608250205346,0.00015670563008921148,0.00020680058412979538,6.709910146197119e-05,0.00017454890777164684,8.925143910332167e-05,0.00014564687273538516,5.064903887779854e-05,0.0005384293129701781,0.0009388311797617158,5.2094047168793624e-05,0.00015204668256863405,0.00021194946020841599,7.252048375118069e-05,0.00029036741484218196,0.00013470099793266854,9.921975665052842e-05,0.00020101379371646126,7.980784727503002e-05,0.0003497306313126882,0.0001509634987605245,8.806054637233017e-05,0.00015228299758342069,8.63270281481707e-05,0.0007499933724050477,0.00014880289484428812,1.5134689213880392e-05,0.00021509206479853704,0.000672279906575568
65000,0.0015881682432557903,0.004848252362097372,0.004674388005999693,0.0002441152219104809,0.0038737137497091797,0.005994318651833704,0.0031121657804115167,0.01329299883703546,0.016067572581879533,0.0025564632305759005,0.011167120599835741,0.002197711285719249,0.0015368054437479286,0.009380250419670836,0.014250595306443488,0.0438179015351731,0.007053120754573597,0.0020704718356026643,0.003268140075046436,0.01527233237158119,0.004143488039167446,0.006782108668890682,0.00402718993347662,0.025058839035530887,0.0058069329518022844,0.008102047583088278,0.0023342351509962746,0.00468829561820409,0.0031833379750263275,0.009838013042509931,0.008847005650556336,0.013148382133714711,0.0007823205674930897,0.001308160278662145,0.003621381551460622,0.0005791660263899498,9.178255976992564e-05,0.00016219741225788974,2.4138603196042165e-05,0.00021960239701002138,0.0002393989507931729,0.00019702255758602405,0.00024102998304442735,0.0001919282233422181,0.00024151145971221635,0.00010523487245563956,0.00026996969055497237,0.0001834142297596486,0.0002075192842410396,0.00010654542645418339,0.0006172081584911491,0.0014697062664102607,8.218046414185665e-05,0.00024385846911766803,0.0003132564013177561,0.00011908317008584908,0.00040579700884023546,0.0003328176453578635,0.00011151276262763885,0.00027618217069315366,0.000128838485761662,0.000530447161636207,0.0002537203373401974,0.00011656288645738371,0.00037019730613489327,0.00015461315089922137,0.0015256851880362124,0.00020073850396145997,1.9969942769648696e-05,0.000447563572860792,0.0010439305384352337
66000,0.0014368482888794214,0.0038152130609550687,0.004437593727440496,0.0002930450678377383,0.003105223862527239,0.006442439821382452,0.0021991361202913875,0.016447050492798536,0.014783477000123581,0.0025149109205813147,0.011954172980309792,0.002612254180088972,0.001569313963762287,0.007439938162309717,0.009494135326188853,0.040082349888204284,0.006545637912495295,0.001891879773038569,0.003681768816022668,0.011944696578284493,0.003200727003566219,0.006473145168586468,0.004842799646333636,0.017107491024459402,0.005642861935022723,0.008476589480414987,0.0025207726939257672,0.0036844175101578003,0.0022577448433045953,0.008433707029795304,0.007400264265694811,0.012864602566248952,0.0006918357389983279,0.0009836866471380555,0.0032580314210564312,0.0006594724896688474,0.00012624862807498224,0.00022929331602096102,5.567136537570972e-05,0.00027610607185124536,0.0002690706391744475,0.0001844795124270604,0.0002886506155846291,0.00020868418476694436,0.0002673706536968798,8.329639506022041e-05,0.0002843694470006117,0.0001962325488591432,0.0002155604244002273,0.00015821428116231056,0.000541478643462002,0.0016494275550940074,0.00011470977842691355,0.0002761321846598864,0.00032569629146219714,8.567918790835061e-05,0.0004552496091746043,0.00024476199087075656,0.0001521472457852724,0.00031854527769610287,0.0001484774349592044,0.0005722324042307587,0.0004251833317404682,0.00013278152695633466,0.00045515695829736715,0.00023213139664150803,0.0014130386448414356,0.00024942633099968704,4.138321037316928e-05,0.0005024945730838226,0.0011561319231987
67000,0.0012894058588760861,0.003682339209330234,0.004708719948515257,0.00023504754405551538,0.002960987492240494,0.007741542208740222,0.004472833536173341,0.013003420497447151,0.01552811937686277,0.002711532326429733,0.011389705604493811,0.0024645469103623846,0.0016497302400018793,0.006686600957519576,0.011997796291903154,0.04792758691473864,0.006156460202484075,0.0026676122558191183,0.004621626241714694,0.010910448443319183,0.003853323747577738,0.0072039051000112,0.003499870753488115,0.017740749897590526,0.006595671785434538,0.00859403507784009,0.0022359818292076645,0.004311181650033784,0.002414232944326667,0.0077696283732356895,0.008436852798622567,0.01233858612473481,0.0007123732118740323,0.0010680778110369385,0.0045412623876472935,0.00035277403482528565,6.169006555835135e-05,0.0001286473644251435,2.898653133137574e-05,0.00015888471625657985,0.00014533913387841747,0.00015085989434737712,0.000158774104238546,0.00010381679227353551,0.00012116263563400839,8.484641415569578e-05,0.0001496631607870656,0.00015744336326051211,0.00014728615912649104,7.764080270466035e-05,0.00048185750664253227,0.0007405045592652945,7.395267621177482e-05,0.00018647582185492086,0.00019678170592042393,5.147161286086802e-05,0.00033023898491611823,0.00019017122758668847,0.0001121325737093078,0.0002077482794237977,0.00011200613140924057,0.00044806563505272773,0.00020513321934837828,8.337310901543451e-05,0.00022888596989408447,0.00011458697970254009,0.0016466014030811493,0.00013655309995251922,1.68417188319836e-05,0.00030300834643120264,0.0006857537133328151
68000,0.0014005849347626823,0.0029879041370198442,0.004788262917524359,0.00023073538069673724,0.0031076064068069563,0.006340389738657645,0.00221920327414644,0.017563623264269315,0.014347474251597396,0.0024754792721068952,0.01388487653475525,0.0028727184115417245,0.0011449569894025583,0.007121199472308173,0.011886591890652198,0.04787428322257862,0.005886960784577934,0.001577766436927464,0.003534836012737027,0.013903706033888739,0.00427706232473191,0.007051324115309399,0.00419823927187584,0.020960046269465238,0.005360799723146354,0.005706153297796846,0.0027024790967164246,0.0037985181358332434,0.0023906575312139466,0.009988059794611013,0.007826560749599594,0.015117719606048642,0.0008085953252499569,0.0006882517895180996,0.0034981059765818324,0.0004175269824031602,7.794115643976416e-05,0.00017635850392914355,3.703692909383165e-05,0.00015226998129946878,0.00014343199578395295,0.0001943141514857416,0.00019259930977568728,0.00015427248954916935,0.0001624252839112734,8.2189073374853e-05,0.00019040079570530857,0.0001318358768003236,0.00018237478344488033,8.407888576171403e-05,0.00046653428693948975,0.0010189601028590307,7.600480057590175e-05,0.00021859411338352532,0.0003017785221063291,7.090153146484887e-05,0.0004279838031902972,0.00015246595876305946,0.00016235215874063315,0.00028560808661075917,0.00011479952512066423,0.0004169268948718,0.0001886930341959846,9.669354905601542e-05,0.0003408042396889262,0.00012176630216699424,0.0013937626928444452,0.00020474593875905516,1.2808288019527936e-05,0.00038812282551940877,0.000710548298957292
69000,0.0017698264368723234,0.0043855022651971215,0.006516299737995723,0.0002035351655229953,0.003275566346629499,0.006290751496895349,0.004931056217526108,0.017470790974281652,0.016028353405976924,0.003383509665582096,0.012776238666031722,0.0019174971073100875,0.0009917901863280515,0.00850701084875089,0.012862707805128165,0.06869636755921722,0.00850052102240235,0.003386794757267425,0.002986091406325743,0.013381988711334997,0.0030821372066261923,0.007269565111658137,0.005007015080943044,0.027037228849561265,0.006540006215858277,0.00726199122145772,0.0023972773973318616,0.004934816639130683,0.0025615531207329374,0.00969378994705039,0.007224158109117222,0.014718378130615188,0.0006364031414267839,0.0010463965086220798,0.005672368250290876,0.0007093463063288904,6.004475459962434e-05,0.0001263954262536903,2.905419716258971e-05,0.00020092654483505612,0.0001295284463077088,0.00018282348901266232,0.00018424442841933342,0.00015084138139124996,0.00017718343937016663,6.760709899700552e-05,0.00022215408082621778,0.00011636803199976953,0.00017968023691874522,6.062531317432083e-05,0.00044616553583672123,0.001118877567932941,8.383642652916023e-05,0.00024403311704654883,0.0002712262930486006,7.576893577524143e-05,0.0004781530110693727,8.441111276624724e-05,0.0001280068771936587,0.0002446488456161415,0.0001001538104901556,0.00042828673137288814,0.0002884921807477709,9.742496644862144e-05,0.0003591326058085542,0.0001584408279387543,0.0004125931749123473,0.00015732678783518482,2.6945188110971685e-05,0.000347271276725315,0.0005838784425577614
70000,0.001027481908135382,0.003242198087213587,0.004734312367872917,0.00011869345955276983,0.002437208640084107,0.004708329332061112,0.002185236587343576,0.0164543865289934,0.011760131989278675,0.00215807368294918,0.012852922993867347,0.002246113116356986,0.0008487608177926053,0.007719413780278322,0.009244679383418235,0.04094787540937735,0.005637309836553565,0.0017240349158403005,0.0030145886682605904,0.012288162954743408,0.003194574765406672,0.0075363947112886565,0.003950581532092959,0.020077272190246732,0.004960059713849905,0.005119943525642157,0.002288092692255774,0.0033472225471390025,0.002160832169722519,0.00870777612339401,0.006980181372103592,0.01828209650613224,0.0005353310538658626,0.0006840429595428738,0.005221749540497613,0.000298702979981564,6.0297353851829506e-05,0.0002030985839899751,2.494768634267486e-05,0.0001683864381902822,0.00016434336738919885,0.00016800529147076304,0.00020501936569417012,0.0002028446658522099,0.0001560424759190937,8.018762842709748e-05,0.0003256300620115214,0.00018637410199318083,0.0002092716332428828,6.550506569427935e-05,0.0006231878280686942,0.0016076022087266513,7.802724649081938e-05,0.00023930491439312724,0.0002477816087148626,5.05632772480815e-05,0.00036430876628802125,0.0001772132591213449,0.0001175250199120607,0.00023908446375851502,8.82145028905749e-05,0.000497514750169171,0.00026534642003955215,0.0001086699958578138,0.00025422266884965613,0.00013430326816297246,0.000737686072170618,0.00022281757996355986,2.449733162990242e-05,0.0003774232505373434,0.0007973416570166592
71000,0.0016672522171476787,0.005367677189631785,0.003541794426685859,0.00023040927330489816,0.0032152441246258213,0.0059154326861192074,0.003308451106931898,0.01311056133757423,0.01675730548713891,0.0022635179630015045,0.012187188114133019,0.0028384072267764,0.0011109015106216468,0.007625966553612009,0.0130539674192465,0.05229966443827531,0.0070918736955285396,0.0026797171033914437,0.003716654640032045,0.011404973160048636,0.004273043842956143,0.007145663626683277,0.0048120425054852,0.01833344598999247,0.005174086298298096,0.006434750836342573,0.0019085881680028602,0.004345648034889867,0.0033026524631114785,0.008677893988914871,0.0070292133936406265,0.013466511206038726,0.0007711680277335648,0.0011961161368628044,0.0052559369774422115,0.0003841585007080539,5.6687306339067856e-05,0.0002006719362477518,1.999652662827583e-05,0.00014460967315699236,0.00012037367622376242,0.00012875549555246835,0.00018416375496599358,0.00011048329116946613,0.00012760436150433395,7.311445104554487e-05,0.00022549424317587277,0.00010237727555306719,0.00018317163303220634,5.937060963002626e-05,0.0005235889137496158,0.0009822899955906905,6.52815400826512e-05,0.0002103589488296147,0.0002673548590572519,6.753007201868141e-05,0.0002749728218302436,8.589416347604129e-05,0.00010562267604304527,0.00018837592320918562,6.165485832146564e-05,0.00037277332899432827,0.00026703482550542674,8.673646224705662e-05,0.00017779372006366935,9.943846262044703e-05,0.0005149838828921409,0.00019416374740074155,2.1132918575972326e-05,0.0003103173309563997,0.0005317667186318431
72000,0.001580814761443951,0.005151580264619379,0.005540750869840849,0.00021695229032817363,0.0028117648067517956,0.007494155001560492,0.0027968671164994557,0.01638235936151628,0.014535381852603009,0.001991790373722324,0.010207045963240634,0.0019105226635975688,0.000971627245951712,0.007625402021651759,0.011839918392241303,0.044528953168385975,0.007318562863864437,0.002234649819876745,0.0033495902285462114,0.014111226237606994,0.00381400152984952,0.007411230336271858,0.003580768184092449,0.019653311100167534,0.005715939152304643,0.006132097006775439,0.0019074981702737381,0.005042004199519094,0.003456943866673528,0.009433775089893326,0.006463620085948302,0.013859096836173333,0.0008206547305856195,0.0009696924039047211,0.004584176115814544,0.0002927287299598902,4.716675085459979e-05,9.64400597199115e-05,1.3033224724977227e-05,0.0001402993352712656,0.00012118297636189187,0.00011142573066535988,0.00014898412700858898,0.00015422198339365423,0.00010490678493959805,4.904898414009397e-05,0.00015872167011222796,5.1435355956641615e-05,0.00017845002843904664,4.3458752770675346e-05,0.00047014920438903993,0.0006229670555815877,4.3387015466578305e-05,0.0001618399000646456,0.00019762717909480702,4.981694098143469e-05,0.00025232101173363236,8.139476608448604e-05,7.19182400475107e-05,0.00013461449397814598,7.286590577374834e-05,0.00028785595161944687,0.00019241564486147008,9.055703479109955e-05,0.00018360765878039983,8.048499202610023e-05,0.00045132067517832705,0.00019091989732639684,1.4702812677569455e-05,0.00022728047293399227,0.0006002350775816013
73000,0.001762366394015427,0.004612519904859019,0.005478473286833226,0.00032557946200400834,0.0030703402490077298,0.005618877293142889,0.0027915899618751756,0.014991818515708848,0.016429889278582247,0.00254133838461712,0.012475600879604176,0.0021209652723901315,0.0014279318213194722,0.00894187678728265,0.01131773378515123,0.047633925770545225,0.0072767154155631685,0.0022621892780011013,0.004210278635062943,0.012664641028726085,0.0035706166840852277,0.007303795069414524,0.0038236221402864127,0.018412369939809044,0.005389323480047761,0.005463995737954974,0.0023299849503854923,0.0042277148935075575,0.0033549488770350925,0.008441138221021374,0.007180251917646577,0.015343534496003905,0.0008223842579866414,0.0011724582974281031,0.0046868505164133645,0.0003318942472105846,8.662909407214077e-05,9.607915289548559e-05,2.6251197298224504e-05,0.00012298194894810877,0.00016186451986331644,0.0001456408003832621,0.0001467804700951092,0.00011209286984874205,0.00013531339894526403,6.787272739481004e-05,0.00014130767794995336,8.196663680415384e-05,0.0001377656558821823,4.792061504717408e-05,0.0004924122239747074,0.0008185774107308438,6.856882628198946e-05,0.00020186880455908901,0.0001954402367996879,4.8964276412665306e-05,0.00026865224526284115,8.721530912225717e-05,0.000109564701686635,0.00018440010794270516,6.350996360803644e-05,0.0003879552906983986,0.00021407702845871663,7.089096767550793e-05,0.000528811285322364,8.32536855595409e-05,0.00022414061790446534,0.00016931038026100505,9.22766945876674e-06,0.00039845917726282805,0.0007723148286459036
74000,0.0013180338070211488,0.004241045910964237,0.0034415799388322434,0.00022223263145301295,0.0022740906364491866,0.004755383548659405,0.0027748633058382118,0.015441569033368175,0.014285819509398065,0.001814925082726404,0.008942562891195533,0.002601942852435263,0.0008104788576019928,0.005998271233693231,0.00996990892886328,0.043888065955494916,0.006234108295150993,0.0018876677550227364,0.0027418759247146746,0.010410892120465481,0.0032200682786599198,0.005170498158544693,0.0035668105413302936,0.01689564858485634,0.004199797463505612,0.004319153050892055,0.0016265272143139173,0.0040222121121284244,0.0032635192560573,0.007360056779068527,0.007265032055195964,0.012870105567764347,0.0006268539206250632,0.0008202317220170592,0.004992374978125251,0.00018638098602658765,4.3324570568577323e-05,6.92266906774173e-05,1.9508867907973812e-05,9.170308965167351e-05,0.00012468892364171205,8.320862571054022e-05,8.056845190367312e-05,7.437319383921261e-05,9.705927886180258e-05,4.2618596530376505e-05,0.00012171621915114341,7.131398308501957e-05,0.00010870403777070006,4.6018881965375677e-05,0.0002741445456807084,0.00048103027923692326,6.366436764437822e-05,0.000118862573038555,0.00011782781470613153,3.979897604205524e-05,0.00019898049451942933,9.105449316848535e-05,7.287147028654949e-05,0.00013650142289826851,5.4739158137332804e-05,0.00028625035546884717,0.00011095235684350698,6.578060778305339e-05,0.0001832818019869996,6.670165833844743e-05,0.0006597502955238659,0.0001502187487574247,9.553348231605696e-06,0.0002257456847630482,0.00045189268530521076
75000,0.0014270679107416858,0.0040150186722274625,0.005690819503191354,0.0002731284438316204,0.0030124093817776847,0.005462432962044009,0.0034078039902998435,0.015381863569286103,0.015599770718341184,0.0027102495259896386,0.012308787804939152,0.0023758292478231278,0.0013469456343128431,0.007374942886654577,0.010880848594859023,0.043593450071057305,0.007479085015542556,0.0019555740429403824,0.003687796837766655,0.01299205562240483,0.0037724785045261692,0.0067986898081601665,0.004232707900882815,0.019118483605173726,0.005500173165533592,0.006451532943174243,0.002243904029323711,0.004219614183966769,0.002969458296737524,0.008398909136068992,0.007587736799468985,0.013482941842924517,0.0006917075053656582,0.001017203619021741,0.004560255750321731,0.0008265783528713655,0.00012119415678201126,0.00013187283085161735,2.8994028309899662e-05,0.00016897104455892986,0.00019353186408949946,0.00013517357820092002,0.00018736040601652348,0.00013517327227562323,0.00022682725777102813,7.332501253805341e-05,0.00018932015154859982,8.657795801525481e-05,0.0003111587728097157,3.885862820011839e-05,0.00040626659881756776,0.0010189620055219468,0.00011524258661665954,0.00017977019650766587,0.0002430431400014264,6.304340842110501e-05,0.00035762946902562567,0.0002256718034914229,0.0001487190963934558,0.00020924993981540096,7.438334074928813e-05,0.0004412672968135334,0.00019222419479724017,0.00011872445823731444,0.00022350409421455374,0.0001319792998153637,0.000703901876737031,0.00023826623689366728,1.4960752643844444e-05,0.00029062593859955943,0.0005717945648939348
76000,0.0013138900130797992,0.0043107570311770324,0.003879080561697871,0.00021210971728158676,0.002728070189997324,0.005414624149645013,0.002608178842086589,0.010490445685147778,0.012491806723280402,0.0017330096761725144,0.009879648241891388,0.0014965805245565763,0.0009252250319784225,0.00655740824406552,0.008712852131429827,0.04547912457201164,0.005580400322374078,0.0022909275201849987,0.00284259400879299,0.009569676387084959,0.0034631634928928177,0.005935250442105046,0.003357313959058956,0.016323630911453318,0.003956598325188795,0.0064002478960901495,0.001990082511838409,0.004012514099789162,0.0026568560347454075,0.00815818184538887,0.006350291750083367,0.01182298785380016,0.0007655844116773489,0.0008095261790342277,0.003306196697546208,0.00019369166940919058,5.827272111583912e-05,9.286403882346018e-05,2.3361785722445127e-05,0.00013570946066465694,0.00011047954530490546,9.835426271820324e-05,0.0001493234389272402,9.790053531775668e-05,0.00016345035313095554,7.224429577783148e-05,0.000173527538879027,5.455837122525509e-05,9.443578849558874e-05,5.8297288391755004e-05,0.00039685747295921967,0.0005857649733419142,7.31959557015216e-05,0.00018613882008250993,0.00016498347677356676,5.280181246482905e-05,0.0002014982144496033,0.00011564165970412432,0.00010443619699332076,0.00013379592877614554,5.997426893979234e-05,0.0002870702784577823,0.000176784786581855,6.017737379462798e-05,0.00017932628381661035,7.959731565042839e-05,0.0002055523710363819,0.0001435489088631555,2.2216598978275215e-05,0.00021566388138790984,0.000442400425527012
77000,0.001232127229114495,0.0039026858066790737,0.0075254967086948454,0.00019825451904580403,0.002438549690390274,0.004104228232920702,0.002127522583665972,0.01586974166232668,0.012103350574497072,0.0026796883284987416,0.016121741683300682,0.0022858238505937246,0.001024029451373005,0.007848890331153983,0.00843253795447869,0.029335435572041508,0.006410378731202183,0.0016382091060314693,0.0033274161765543147,0.012496688977941327,0.0033839974215578213,0.0065919958194302,0.0052690807713588585,0.016275520799293494,0.005938876558618162,0.006483117770403624,0.0025621496669696025,0.00491339445579797,0.0027045404716559193,0.01092550099800123,0.008346603823156329,0.01728886672600101,0.000748537821436912,0.0006437217771553003,0.004137192306896193,0.00040506021430327825,6.385987131283712e-05,5.82757189601001e-05,2.9301804305025843e-05,0.00014484128109870653,9.619496174619076e-05,0.00011070312302763341,0.00015660808403481497,0.00012012151603956131,0.0001700086616438057,5.9521267148251615e-05,0.00012958536633864002,8.508707856691444e-05,0.00013116615476237397,6.645207345586228e-05,0.00035703313528406746,0.0006700469881858832,7.100508646544768e-05,0.0001553922999234174,0.00015638480450935936,4.77680143831094e-05,0.00022009153045835636,0.00012007076429654262,8.536757091645895e-05,0.0001415811156151064,7.358386931931212e-05,0.00031648370151488443,0.00015390605742343015,7.185519620064837e-05,0.00024172091252694372,9.816665040890765e-05,0.00020221318410611793,0.00015781936848099115,1.2407236908984487e-05,0.0002542894795631949,0.000663704223552486
78000,0.0015283793574437023,0.004660828406890182,0.004671402245245797,0.00027528779892935955,0.0029922878566600347,0.0066627261445059306,0.00296652827109351,0.015763363416601138,0.01689413754736017,0.0018978641128342133,0.0097890096165676,0.0014053700195996053,0.0010880465944699774,0.00790989982945603,0.013088201397091753,0.050597206281963736,0.007483286330452323,0.0024957667347861607,0.0031775843464337023,0.010915774118038825,0.0037502025047388087,0.00606706727817904,0.004983750415485702,0.021174409279289343,0.005020593117031182,0.004638723190873861,0.0023628861022189085,0.004805980572806827,0.0027398077411549715,0.008103640135818897,0.006345201405129047,0.011318610557981838,0.000584746793348446,0.0009942110484274075,0.004968457892977717,0.0003938291961438673,7.259780749049433e-05,9.046153844461845e-05,2.000624827809566e-05,0.00012275444612441788,0.0001246529537188798,0.0001382858226861572,0.00013619148894576937,0.00013971575825914777,0.00024175588540808685,5.733119386215029e-05,0.00015396379070041708,4.151387804540718e-05,0.00016870890576703052,4.2964459680661093e-05,0.0004437480899189093,0.0006881186509417603,6.83143749483861e-05,0.00017815529623030856,0.00023899711024945457,3.874895715357111e-05,0.00029258593375773,7.366889985860325e-05,8.431185680516744e-05,0.00016521714007047613,6.953125066502252e-05,0.0002769854736984158,0.00017209178001406953,8.373711728848787e-05,0.00021034533771550437,8.383266144728741e-05,0.00028777957628075716,0.00021325171080056567,1.7494328361067346e-05,0.00022064379717097332,0.0008560929036320886
79000,0.0020439849287032376,0.005656491879091374,0.005553666189977473,0.00024405550133311548,0.003903907691765889,0.005374415045870202,0.003233045871961475,0.017877982757864612,0.01592868961847959,0.002496188273653388,0.013576425899957008,0.0036004833801060307,0.0014758948637983958,0.009194813530760284,0.012895355045603699,0.03697494733205531,0.009167616199279326,0.0022877444180382173,0.004707214229191388,0.012270269955139763,0.00491425727628194,0.007645517180208117,0.005688692620654668,0.02199611800024286,0.006796003975805,0.005590212158858776,0.002903108073716735,0.0055184001160644884,0.004008670959720963,0.010460223204591461,0.009208870527872932,0.017537581506006133,0.0009510802356931419,0.0013835721686064062,0.003389858404868088,0.000348459515363077,4.371093454312215e-05,0.00010859531068325106,1.8512015487433938e-05,0.00015946007874845236,0.0001483743655403777,0.00014109404355622246,0.0002190944085668889,0.00016086647215879087,0.0001249213703096374,7.983648054375538e-05,0.00023638910261070123,0.0001355054295544278,0.00019141361099663112,5.710497597729872e-05,0.0005563237440653141,0.000738203366684805,8.007159212866099e-05,0.0002133991776125705,0.0001895312498477167,5.092685023555532e-05,0.00028396527771888864,0.00011682354079312063,0.00012309974254915486,0.00016352433143975548,7.541022114310181e-05,0.0005165243553913188,0.0002506841345532646,7.72962245415935e-05,0.000387053718441166,0.00013372196006504916,0.0008699703939133282,0.0002078407767440225,1.5434995674468155e-05,0.00035494857403297345,0.0006844377530796919
80000,0.0009465331773458889,0.003359023525128443,0.004378472691314528,0.00019593469986340587,0.0024537498968497913,0.005577619719718184,0.0031381620565298363,0.013956587538974845,0.015430264084345622,0.0015219088763842592,0.008429604574853273,0.0015622849975758925,0.0008452287473835785,0.007035232653751419,0.009626294717000907,0.03755865176935913,0.005435845359118373,0.0020148605503373237,0.0031048823075252585,0.011199667890784137,0.0035125021297937147,0.005779465783624411,0.0031041980834076335,0.01918008632880325,0.003338675167354282,0.006447392515838146,0.0018168230882961765,0.003837576613401931,0.0025003013528048005,0.007226815033185807,0.006277793590124929,0.01036413596683325,0.0005746088233203969,0.0008394138697725752,0.005005933338705088,0.00028552521868212874,5.299679024741827e-05,0.00011912167620018657,2.599498946435222e-05,0.00014886464146002254,0.00010187014947739063,0.0001084206205632654,0.00016688939849700545,0.00012581598347376137,0.00010351099937882904,6.405187741052032e-05,0.0001743981473489903,6.360598143828611e-05,0.00013343889575143577,5.2506893635753926e-05,0.00043031129031917843,0.0007066490688885096,8.228580409195275e-05,0.00015651785140237604,0.00023070709922367,4.4009041392779515e-05,0.00031665195338944377,0.000106243298660047,6.490520500316659e-05,0.0002025244454951182,7.856749598431634e-05,0.0003560170541976565,0.0001491620587930558,6.821357862611114e-05,0.0002638349866780724,0.00010138585966538435,0.0002927686769648322,0.00017576739543759715,1.321451279068242e-05,0.000274527027491373,0.0005976659733278212
81000,0.0022072473327441272,0.00532039829273277,0.00478321686508328,0.00045884855666932146,0.003648263496502238,0.008726063833039786,0.0030592124141050237,0.018922755358325244,0.018784256466339765,0.0027115847151435446,0.013885059209168963,0.0034396362999378114,0.0012361303233774379,0.009076111148742988,0.013797705173013075,0.05295867247332353,0.009739492731439117,0.0038888115290135346,0.00510118595723595,0.012383026512543438,0.005898556137285246,0.008776790521161664,0.005459858323883964,0.02168068791118761,0.00735393024349053,0.007407852308824658,0.0036078761882421414,0.0073753908412375795,0.0037637763287741966,0.011852462562185997,0.010042009230067681,0.018326791482440267,0.0008454897358420182,0.0011138823559460518,0.004754543216727648,0.0005985784558382486,7.741921314163847e-05,0.00016931646033216649,2.8756604179016652e-05,0.00018503786191104155,0.0001298815710528133,0.00014879801847200724,0.0002882860319004976,0.00013025539307196405,0.0001701043990291701,0.00010833115512939782,0.0002063775093056233,0.00013052602100316335,0.00019613200243713498,0.00010215401810207616,0.0005872686405872138,0.0010424219581182115,6.816246495873201e-05,0.00025320528354258183,0.00019445575777228503,4.723671314753698e-05,0.0003745856152055503,0.00010105471392307663,0.00012984685808861387,0.00025789522033637,0.0001355681182758417,0.0005303619539087669,0.0003303166378903673,9.583136000048955e-05,0.00031882905366526556,0.00015420760291227133,0.0002912541474090956,0.00019632754417020146,1.9186709693030934e-05,0.0003597985347414961,0.0007750266675429884
82000,0.0016885661290527078,0.004564914398576581,0.004463279118984549,0.00022315617127857806,0.0030635322554753886,0.0074100747421783,0.003136237588888992,0.01575832372769832,0.021068038494319544,0.0025326304603368044,0.013942633650138439,0.0028871269696166416,0.0012280056830742537,0.00818632108403659,0.01193200491821592,0.0415338009649228,0.007005983837492143,0.0019071584414678577,0.004378680620512958,0.013075169910783491,0.004114882208927366,0.008706329844114537,0.00408107895530217,0.020930618924709658,0.0056380853080583385,0.009571477957069873,0.002988099402031249,0.004139363227295689,0.0030353743582963943,0.009627254547540947,0.007701718676592767,0.015332723591619959,0.0006753544339427064,0.0011786847009113634,0.007575481416400483,0.0004081660093748139,5.144807163422851e-05,0.0001477549103583442,3.189446561324426e-05,0.00021518577796086902,0.00016310979030811025,0.00011539839806573582,0.00031030646241561046,0.00018633439494327545,0.0001394616198108691,9.968170331831061e-05,0.00026917398371663516,0.00016531391482033087,0.00023872480458772644,0.00015218100783055309,0.0005893048286207676,0.0008091852469078731,8.796344518486876e-05,0.00023527234572277532,0.00020274455898194494,9.197104191116523e-05,0.0002806694411222168,8.685843476996524e-05,0.00010263115090462331,0.00021401668779547507,0.00014273830292950153,0.00047302346817843345,0.0003022479494811031,9.170769334281152e-05,0.00040532030652684625,0.00023798989699476902,0.0007034371678206039,0.00021720139982371915,2.8621617417456946e-05,0.0003412414084892635,0.0007131100224796683
83000,0.0016633168020603448,0.005413960523717968,0.004583311290237664,0.00031051162813337915,0.003282719378597604,0.008832903528985168,0.00409209631623291,0.015014762031034265,0.016428525411091743,0.0019478779831842985,0.01254966670877579,0.0021809552271573624,0.0012010002211547653,0.00849737715047509,0.016603124772047843,0.048929628135131985,0.007308938436576032,0.002347359351201876,0.0034442214923079257,0.013992549313431179,0.003989621925841045,0.007722541802130374,0.0042940273914670495,0.02251070917894443,0.006346159970942406,0.006840402819216251,0.0024775761601543516,0.004644099065747771,0.003100794722302132,0.009113041515980337,0.007871655230701435,0.014737861181716792,0.0008154721899033418,0.0010570763649972177,0.005913339748884836,0.0005125307475444581,6.347353155583253e-05,0.0001985134688104815,3.655581370268525e-05,0.0002056799085039529,0.00022025548360808046,0.0001802618562578573,0.00027782900197053094,0.00029756763720606135,0.00017695534135279893,0.00010814437074486704,0.0002817573046916534,0.00012036352462985178,0.0002679892373411631,0.00014507241443921387,0.0007685083964343693,0.0009497910020096848,0.00011167512020620052,0.000257085159838815,0.0002810511608098248,0.00010911398612734047,0.0003531174671890415,0.00012690662560999044,0.0001665128693117721,0.00023086741605836254,0.00011753935256516948,0.0005796286397418699,0.0002715062197866987,0.0001765133614802884,0.00042585155521616497,0.00018833924074791063,0.0005854828362186838,0.0002891277869606813,1.6379589538928485e-05,0.0004365553945373766,0.0009147118442342616
84000,0.0018029903367769785,0.0070337522306039724,0.004283790061890613,0.0002866323445092488,0.0034935370088913006,0.008209037794066327,0.0040770507658605985,0.018998873090858265,0.01669589858350644,0.002069627687887987,0.014120486993317487,0.002586155957886854,0.0010791700712588588,0.008231128895590011,0.010513193232798264,0.05089489208330633,0.00840207496029117,0.002232531421041246,0.0030075626114661907,0.013329607770526006,0.004630661294887571,0.00864249951804855,0.004555316728049851,0.022780387739961345,0.0045253873106828124,0.004557654750533402,0.0022378864040870066,0.00492386843082689,0.0031160088901421713,0.009781337375546085,0.007718445499291799,0.014339465021084134,0.0007857155910401686,0.00117065450519455,0.005453056754858052,0.000505897539239543,7.261766501337182e-05,0.000221008639486668,3.0335360545094258e-05,0.0001590078916251514,0.00016411425654138276,0.00015509958689108316,0.00018948405577248195,0.00019532846121556328,0.00015767724475584767,9.11180313827182e-05,0.0001965168209624193,7.743502776236255e-05,0.00020836152984021942,6.772235759523359e-05,0.0007463421829995171,0.0010906525155102524,8.625149021099788e-05,0.00025247431203380833,0.00025320576310934546,7.65600714823284e-05,0.0003079643981231305,0.00014567613152394188,0.00013408816297063217,0.00021901301508758198,7.576724037789972e-05,0.00042277043167394035,0.00031749641453660406,9.878892727077048e-05,0.00029695881534684706,0.00012499502771753248,0.0004020131934469516,0.00025198007646745353,1.1617140138753257e-05,0.0003518436828467928,0.0006468041705375071
85000,0.0017100879971916878,0.005570580657351659,0.004513388552974599,0.0003255286051101463,0.0034210573193135295,0.00608681165613234,0.003670526070304585,0.01525466287999092,0.017356020248054754,0.0025043493369594216,0.014030796101041581,0.0031836426927356466,0.0009610908755073042,0.009055535957017899,0.014071300261660808,0.06413912256781866,0.006547632837932075,0.0019656894258827653,0.003463925379557103,0.012483374987350544,0.0053253224098791805,0.0077547606171200255,0.004815952107516447,0.022831736345930647,0.00546513028082642,0.006351743894629181,0.001986527528676942,0.0049105245798273245,0.003207196602392394,0.009774663155528083,0.009066550776381821,0.01616724865408077,0.0006800874288844538,0.0009113612720051775,0.008740623606879834,0.00032575001312449913,3.795975556828891e-05,0.00012347833919854813,3.329325792593814e-05,0.0001610885516356575,0.0001286163204695113,0.00015317199904529843,0.00018788499319271067,0.00013848700664790444,0.00010020074926399645,5.985753192143355e-05,0.00015509624002637187,9.345654113523949e-05,0.00024399734281657935,5.787267855339451e-05,0.0005043088405885171,0.0008744196359960673,0.00010951591025332164,0.00024289811317059355,0.00022429101045418065,5.2238360250488434e-05,0.00029825461513277704,7.468525973308715e-05,0.00016529890922988165,0.00024784992116250437,8.018151365831727e-05,0.0005092012251988044,0.00025759218094536764,8.17616347429574e-05,0.00023664470892173186,0.00011988421725949262,0.00040311672156739017,0.0002418839218727216,1.3097597530986604e-05,0.0003364055281172343,0.0006470529020589311
86000,0.0013371248804941315,0.0036576088384242247,0.004906458606759164,0.0003651548216671822,0.005012547218478785,0.007844478631990828,0.0027313051130535785,0.014926986994111097,0.013406854163810138,0.003502280575048644,0.01459481673346427,0.0034085394287771756,0.0016352608716150633,0.006802894286396842,0.0110188820906949,0.04442223232157024,0.007415066967171567,0.002027078053265253,0.005336040358607923,0.012633447709837735,0.004606687118930844,0.007810327286019206,0.004805389795801602,0.0235065915583012,0.0070005197459457645,0.007951321848668157,0.0024341660648661352,0.0043791886564577,0.002725814931224758,0.009335698782618442,0.009443957460753154,0.014569801200055875,0.0007019314837748425,0.0012395611881275241,0.004731694799476018,0.0002864467260711275,3.362289322395602e-05,0.00016437463692785639,1.4506782452328305e-05,0.00012474051379740558,0.00014407961679537153,0.00011655628577500465,0.00015227828407660127,0.00015160534415994525,0.00019251398160983961,6.495863539644883e-05,0.0001625571089789446,6.370322427073916e-05,0.00019154367931872098,6.358507917783837e-05,0.000500163624797796,0.0009140023406265149,6.428713695640908e-05,0.00018449255495230616,0.0002551029475429898,3.67848460675966e-05,0.00036405094234856164,7.163410691646277e-05,9.252391224852848e-05,0.0002090679234662765,6.96910272987831e-05,0.00035988730268820624,0.00018984242576944207,0.00012452923408443336,0.00021632048608605855,6.804465089488359e-05,0.000271006917955674,0.0002160059383333459,4.6174145893473906e-06,0.00029074667652041953,0.0005040523315983592
87000,0.0017899255470036075,0.004850633683855887,0.0055199837624968495,0.00023706392791539727,0.003527350418890025,0.00720087906977694,0.004315482285282116,0.017211695543878972,0.015485065263361965,0.0025560074209352024,0.011384326069763816,0.002553234290403174,0.0013386979447783563,0.008589241986280258,0.010244585825421381,0.05703135066626904,0.007653902417847088,0.0023660328986784118,0.003798803014173505,0.013176381359735388,0.0045327106235198205,0.007546194741215524,0.004893505126371262,0.02093273023298631,0.00573948471953502,0.0061900286003947255,0.002208607882611461,0.005411813987393543,0.0029567706956774653,0.008514577364211061,0.007103201737918425,0.011603858644286027,0.0007702249021072852,0.0017280289643283966,0.007105856754100791,0.00039436128453270873,5.1370948298019934e-05,0.00012184187452972269,2.256355541035246e-05,0.0001666848768309137,0.00013207600633367814,0.00010112322115674033,0.00018799785339069787,0.00017599877489709272,0.0002159545834729215,9.639482832588848e-05,0.00016287811172731924,0.00010267381326301006,0.0001620305985993739,8.650188746369994e-05,0.0005428381120719468,0.0011075444187251076,6.657356570940464e-05,0.0001741833167791495,0.00017050937113426384,6.883315416995505e-05,0.0002677050285152897,0.0001184125412692083,9.515457393957958e-05,0.0001641137855515878,7.215811656351434e-05,0.0005018194393141062,0.00026241091371014555,6.268063045993315e-05,0.00035540889358445484,0.00011748653855352427,0.0003804112157013151,0.00013587397226211989,2.2974051432811393e-05,0.00032993257013340323,0.0006553886541951215
88000,0.0016997102433674012,0.004504169492402407,0.004941085278308795,0.00027964899502946466,0.003240932497531883,0.00859638094802254,0.0027144797836920207,0.012974210171259805,0.01395071107581431,0.0021351916948333383,0.01099185774461305,0.0022282355825971496,0.0008709255725438143,0.007549313905959328,0.009033221849291723,0.05382124532055362,0.007538470068885502,0.0021385390383686542,0.003174657491139702,0.011629684718500358,0.0034084595450569674,0.00791855365475515,0.0037772248032221494,0.021562943463989844,0.0046012502339253265,0.00665444303303957,0.001955319618006005,0.00496436665859316,0.0028121096028960037,0.008538567299124665,0.006984321107253588,0.013358380840285324,0.0007945261871388818,0.0009641176279781702,0.006397552505505801,0.0003246275217106488,4.594277748469123e-05,0.0001020826569360493,2.28155116276987e-05,0.00012772607180977502,0.00010381691332111857,0.00012139715227021952,0.00015203501152427634,9.346596530840064e-05,0.00010809869052799944,6.425958992265026e-05,0.00013628936559191636,6.578984816840716e-05,0.0001478232411676768,6.42537085943993e-05,0.0004983241433295076,0.0011668980441754684,8.392790132347728e-05,0.00016627567663595166,0.0001630658058776793,5.2729789527719816e-05,0.00017194874842932213,9.18151642963494e-05,9.90997457629798e-05,0.00013877410706649804,6.244792499880229e-05,0.00031108466083040146,0.00018827567411697736,5.803933546049594e-05,0.00023473195263553256,7.995939528303676e-05,0.00016601063777800716,0.00015280839316217555,1.719472868444427e-05,0.00021071175373848548,0.0006019760898198001
89000,0.0016524680709030567,0.005640184701877405,0.004823144258504423,0.0003313692857703315,0.0035674680807978457,0.004774060299886125,0.002765859303215092,0.01685199991562495,0.016590610051198267,0.002664996682142373,0.012365635211384039,0.0019763766575829787,0.001062859106847706,0.008467253062201164,0.011085680377308402,0.04005820430271948,0.007645247852668122,0.0020434149181813993,0.003330986742054977,0.012923507872086097,0.004212608782463926,0.006361951539604759,0.005027044654064714,0.0241622179086941,0.0054121386439210115,0.0058536659460514786,0.0025782972910776388,0.004498920830277105,0.0027317568911016947,0.009505387322391354,0.007709903839083078,0.01390314332764739,0.0005977761811265098,0.0014494955451556412,0.010583434311734486,0.00042607269861199323,9.462245875107256e-05,0.00019828439086598917,3.886203348774432e-05,0.00012161921483766491,0.00012217303472599714,8.118607138385414e-05,0.00017861398755485424,0.00014122195625532186,0.00031537797564229356,6.154547502075859e-05,0.0001648018920493262,9.327134109327062e-05,0.00017621849343248838,9.324240438052749e-05,0.0005151093539097929,0.0011117981885035988,5.56712189791142e-05,0.00023575323896749272,0.00023263444595143264,4.9407188266121175e-05,0.00024296922851702816,6.784581387364597e-05,0.00011666437351070474,0.00025904657630655074,6.427206978211567e-05,0.0003948073774706724,0.00024588283868406843,0.00010325226176146398,0.00040347234688750986,0.00012163922009050738,0.00030265063229048143,0.0001768572965315321,1.3961982357812985e-05,0.0002722828498984681,0.0005443054506031331
90000,0.0009187228979745005,0.003938888018806379,0.004014545898826327,0.00021949400568771054,0.0028370512836197203,0.004915801400784403,0.002516089240485129,0.014525346570057902,0.012079199135959116,0.002126152907294454,0.010926681643917462,0.001441426549569528,0.0006601582808247203,0.006271267987165519,0.00942248765632565,0.03680279710897594,0.005909228528859482,0.0021896286425659656,0.003042195272947928,0.01014221147634089,0.0034788420021746227,0.006009783049583868,0.004083397119623745,0.01876223480406528,0.004939683993807338,0.005109195178374648,0.0018168921612795525,0.004166613921370299,0.0025267318752251896,0.007328951868041786,0.00637090977965272,0.01094607958153714,0.0005259339010155355,0.0007781403735460244,0.006014832170977671,0.0002465038610962113,5.511891377433418e-05,7.743851419532307e-05,3.396726218392338e-05,0.00018087974922309513,9.20431803217767e-05,0.0001430188813174027,0.00020480533985391957,0.00010795788835151286,0.00012820311561474802,7.293311631997312e-05,0.0001342405173585448,9.360250777490364e-05,0.00016843535488846853,9.320590503524396e-05,0.0004946766365894571,0.0005818154089259527,9.12478391910554e-05,0.00017659461041241267,0.00021531197019393058,8.593700973010114e-05,0.0002934299255166577,7.962216375290154e-05,0.00010771335783172415,0.0002145863251616202,6.947196234250442e-05,0.0004077282548570766,0.00022935291545528108,8.213448987786447e-05,0.0003851672771715029,0.00011873240560675328,0.00016979149274577918,0.00014741100739804148,1.221363143599774e-05,0.0002901772858567405,0.0005281450190523174
91000,0.0014915648488494225,0.00453084767812268,0.005983629387628753,0.0002816254018258545,0.0033159299127873965,0.004924944535429988,0.0032947776069176464,0.017958260519163542,0.012314033885380738,0.002633036256156629,0.012914196745969317,0.002436144970005796,0.001056773860579018,0.007914121056301432,0.010585878138611888,0.034393272827098066,0.00642267831872665,0.002661537369171635,0.0042878632884821855,0.013884988073720402,0.004013602879831523,0.00751275160759438,0.005202855046300101,0.021707869588863105,0.0062515788304731285,0.005062252236530185,0.0024066162364291695,0.005737247958677472,0.0032894910631619174,0.01169411725418139,0.007686070610191867,0.013860046049768034,0.0007032589726557822,0.001036044195622475,0.004367693052093576,0.0003601885617042301,3.956498519498478e-05,0.00015154437480966655,2.1219647067712696e-05,0.00015113460813154234,9.6171939868869e-05,0.00014076244997340837,0.00023525486030848697,8.078699889474113e-05,7.205244614133814e-05,5.521966649126853e-05,0.00013978720840225977,7.561087846852388e-05,0.000141675411894398,5.694113464084115e-05,0.0004260635215779565,0.0005586008883256,7.33818033040734e-05,0.00018278227548298488,0.0001606460516933143,5.823850913409181e-05,0.00021450039092439597,7.774777895974694e-05,0.00011515108679481677,0.00018256807248130476,7.334222997693966e-05,0.0004574406193960483,0.00023983208076414384,5.805617978374947e-05,0.00042369297362812277,0.00011837900740226962,0.00014117076521610476,0.00013681192885886987,1.2684284286024194e-05,0.0003434450606863636,0.0005655808381561656
92000,0.001196957623321666,0.0037231985676313612,0.005732522042914449,0.0003464887401955471,0.003593504953285078,0.00571334472624585,0.002245019376049083,0.013749891247083297,0.013710306037853425,0.002479421309544705,0.010339088076256707,0.002394591037695396,0.0009892172696929651,0.007818431588957814,0.008690615111759946,0.03146543433710273,0.0049581349675939974,0.0018183481565699103,0.004341903955459462,0.009733908676134889,0.0026808380295995867,0.006283137870923383,0.00389725922451665,0.0166862440489543,0.005146798297949043,0.0038087225868366657,0.0019758495938599335,0.005053696453008645,0.0032351130770300243,0.008992213440632764,0.0059248967549986745,0.011343055977844275,0.0006364917954077607,0.001027021522204027,0.0038578216036613514,0.0005435701613935505,5.850896736834138e-05,0.00019529483961377991,3.0284160633998975e-05,0.00018032387856692367,0.00010821448801321976,0.00013697228087039548,0.00026821547562576596,0.0001467544709732082,0.00018193804652535044,6.556818181187346e-05,0.0001679295764277636,6.87212234815604e-05,0.00014644431150278754,6.643737502930559e-05,0.0005063250091692541,0.000917832221603021,9.715626802062616e-05,0.0002922556692394618,0.00021175886449155174,8.147995452583763e-05,0.0002471860593100099,0.0001312262620558613,0.0001372021606837532,0.0001875651842195881,7.809902951218343e-05,0.00042199548206358435,0.00032197061729540884,7.292185686769248e-05,0.0002726604264656392,8.460038868309181e-05,0.0002382799978996835,0.00017063196430131615,1.7123214682612797e-05,0.00035148398077229507,0.000708172559097875
93000,0.0012542029473381164,0.0046375821672242,0.005031233918998623,0.00021436910993333395,0.0029382290516809053,0.0048884341044218415,0.0031704288768460466,0.014914597951977995,0.015328016596833572,0.0019027916350751184,0.008480333382819626,0.0024226209979114712,0.0008626182239051118,0.007873742448502911,0.009731014981405358,0.030022123573871795,0.0056139040484378625,0.0015703920371033977,0.004385553088858225,0.011352716765541117,0.0029714975966096692,0.007650323298678684,0.0037411002728549646,0.02253197565830002,0.0031032406463314794,0.0046147196786478165,0.0016169462766752517,0.003876320929218006,0.002528458252816242,0.006692037242476457,0.005859682202280964,0.01073746576394814,0.0006455425712083787,0.0010293276534359267,0.010850094995071736,0.00025726759449591033,4.511390239551809e-05,5.8999341903968755e-05,1.806640977153061e-05,0.00012949513779858535,0.00011084555275219634,8.430585239693755e-05,0.00012117712931285496,0.0001179321418117309,0.000133412144800547,5.5669937191688796e-05,0.0001000982615471258,6.711552644489416e-05,0.00015013387717474337,7.266081526970744e-05,0.00038321563416817436,0.0005730829774014031,4.808073945241631e-05,0.0001530762818182833,0.00015833951699184174,4.114777530875554e-05,0.0001819397380376192,8.711968484931276e-05,7.78890010464137e-05,0.00014903561698772068,5.84139919737936e-05,0.00028365928500856933,0.00017914024078312127,6.636908530528492e-05,0.00020425186105260055,9.114928283239564e-05,0.00020654015211870762,0.00014887845893535849,9.081144398237484e-06,0.00022043896607261987,0.0008730701832973864
94000,0.0019820590151367295,0.006025236148464804,0.0050076570648040315,0.0003434059908893407,0.004046077612449291,0.009398820261204881,0.004095727826244265,0.01734485601392568,0.021955876980712937,0.0029113180353306234,0.01519770312244626,0.0028153269492521556,0.0011980008707861557,0.010500314843242946,0.015150693140201517,0.06130014754792986,0.007830066317442938,0.003475311061518806,0.004645479717250315,0.013674246459025501,0.004786760364693412,0.009215150868320572,0.004395921070451247,0.03076541752088815,0.0059471075183677065,0.00801146668381989,0.0026032880446439687,0.0069462573422545875,0.0039032720139777453,0.011638473496854967,0.009646456637904824,0.01613594644676106,0.0008098559117345216,0.0014236621571843326,0.011836285244498868,0.000270407898552451,4.475758903616248e-05,0.00014516817159140126,2.2851608167410446e-05,0.00016465660746689537,0.0001422490259693269,0.00013261610956760705,0.00016376642388422625,0.00015220406495293566,0.00017047008343165784,7.308912545300115e-05,0.00015490869763150266,4.746445958936363e-05,0.00018949214369736809,8.52505782776544e-05,0.0005279178140793962,0.0008421683269261848,7.153673395805526e-05,0.00018000955550428907,0.0002724773294175975,8.530947107746297e-05,0.00028200707344782836,8.636595953248616e-05,0.00010893866358211805,0.00018558071229003522,6.291723257163539e-05,0.00040500956852547557,0.0002120422173624724,8.252307906012582e-05,0.0005416983818172917,9.398123537213504e-05,0.0003287663688362435,0.00020539444953107756,1.4076758816372603e-05,0.00030850331230252196,0.000630665435892297
95000,0.001315094152392408,0.0048168735560870524,0.007609049517971774,0.0003179895012390961,0.004516986527062416,0.007088618810355131,0.00329374049153792,0.022041796838725442,0.013975848477532308,0.004412859692820348,0.015499634808674959,0.002676393167794045,0.0014111332963114944,0.008477266485125725,0.008952058851804503,0.033473612666663634,0.007485154267799642,0.002102938689375473,0.004108936176635325,0.013574464831035584,0.004446328867641988,0.00731475956230757,0.006458465853089971,0.026689505747829873,0.009190888949195227,0.00753423860296607,0.0028695293975679013,0.0050281160171531765,0.003295168521649697,0.010798025000352231,0.008832844490631639,0.01673607193627574,0.0010394824460593537,0.0007014175347976984,0.008118756091991801,0.0008838073881268624,9.486533866421316e-05,0.0001721677369294577,4.785217320560665e-05,0.0002485764894117892,0.00015413347819048795,0.00013931238845543703,0.0002500810300261946,0.00017886027389498564,0.0003071681627261569,9.74829637730831e-05,0.00018415908860397554,0.0001252494891836875,0.0001888195974656967,0.00012564945460656997,0.0005860051877159723,0.0017551313818936858,9.053381654666737e-05,0.00028016364049850677,0.0002581028297597719,8.49758479158812e-05,0.0004497156430985068,0.0002293167990501388,0.00019275243519384984,0.0003020607242013704,0.00010468108715334286,0.0005126210186791536,0.0003386171153570777,8.99065689327062e-05,0.0005312604815925523,0.00013387057069022293,0.0002478157779088568,0.00020299813926894308,5.498047471519385e-05,0.00043844691013613816,0.0010855383305170107
96000,0.00106699646811329,0.0035874918833508638,0.0035319473427080084,0.0002414052836299491,0.0025161449525570143,0.004288968546981258,0.0016551128515387855,0.014860358410991394,0.012236263304916803,0.0019197338369849604,0.009048823384804519,0.001997057415569636,0.0006501634777647048,0.0067381473182842565,0.007444807659682256,0.03155233759268109,0.005859064620381105,0.0013587809719900156,0.0020554623266174792,0.011428901820036117,0.0032341381740033843,0.0044957166898841805,0.0035815564024839356,0.017695821169763804,0.004586212654012054,0.003918570198584348,0.00150026487802191,0.002881697149556809,0.002418450989866602,0.0071550041093066665,0.0062789439295738705,0.010337699632285736,0.0005894950191079628,0.000725801213405269,0.006070223107195084,0.0004832264081642279,7.510122898679583e-05,8.577625277956196e-05,3.4585116064859155e-05,0.00019787334235843446,0.00012702140185304395,0.00010121144441654906,0.00029154972962714966,0.00018304970662460333,0.00019579787717224177,8.621278706836425e-05,0.00017519063098996157,5.993904139600659e-05,0.00016141949847855327,8.648336403315294e-05,0.0005315531219296715,0.0010346821703327198,6.966877008380834e-05,0.0002755879613501673,0.0002437641465050923,5.55071539813732e-05,0.0002888626755931557,0.00015902815334811748,0.00011987504779792996,0.00022193581477180347,7.589748417255274e-05,0.00045766818351039156,0.00029740670661403275,8.700118307494556e-05,0.0003297227386711812,0.00015261169748153808,0.0002584973230373829,0.00017578031225325724,1.641527239826246e-05,0.00037759795483196726,0.000869718930334784
97000,0.0014492253244866701,0.005976160858052835,0.006166350930167634,0.00024942879732547084,0.003493504386674834,0.00647167960414663,0.0027800645145450082,0.017817528362702076,0.015547704429864789,0.002730375919782091,0.013077311579067616,0.0033705877117891038,0.001201924714691951,0.008090652445444544,0.010157261200776488,0.04085541873064358,0.006829608473621886,0.0023734503948974095,0.0036644711414867614,0.012298088909713746,0.004839464164491311,0.008826006613422319,0.0036888467661871497,0.021261303157856067,0.004966106857849924,0.006662203394807875,0.0021308028272767022,0.004944446989005276,0.0032089162314899596,0.009409815799083463,0.007871156890323618,0.015349403919222264,0.0008207159509378943,0.0012476187880195561,0.00428054220436833,0.00040241083487809907,6.560519550715214e-05,0.00011223183171502818,3.736368867258391e-05,0.00019164418563377694,0.00014364355077527472,0.00014699175426358124,0.00026544963848209593,0.0001576272645347911,0.00019066091956694052,0.0001006945326918997,0.00024426415726147273,0.00012913968251737629,0.0002129643480676852,9.988770249368496e-05,0.0005175182927639701,0.0010194287339497048,0.00010092282373079798,0.00022672326018177306,0.0002468383399587012,5.50803659858833e-05,0.0002767412423650889,0.00015128680888665258,0.0001317565734508561,0.00021848412865298227,9.386002790658191e-05,0.0004567914077680505,0.0003240371317621827,8.801499963967446e-05,0.00022355119694515856,0.0001722439609658103,0.0002316377730754279,0.00019417515098453923,4.144020974194973e-05,0.00041482603590247124,0.0006816113098466303
98000,0.0012314347405982837,0.005687824867318677,0.00669201433629496,0.00032755734748486875,0.0036247460997908057,0.006898504374216178,0.0041715422226961014,0.021730505459166962,0.017385016137487132,0.0028517513746919576,0.01689663086757337,0.003017206229946614,0.0010264733507276767,0.010205982035283038,0.01309541982751826,0.034255320051064096,0.006625804719251825,0.00197898657615606,0.0033656911967097714,0.013749412789353906,0.00516083473474352,0.008341194425676284,0.006074613011393618,0.02968769516640653,0.00630233362328057,0.006933676335029304,0.0023570207775616926,0.004550883146900257,0.002985353174239315,0.010543268621991193,0.009843694125253629,0.01571424324020672,0.0007537762288768371,0.0012225573850311014,0.009753427781914879,0.00031692289408421663,5.9789061586008374e-05,0.00013337346509119513,2.4986838810951688e-05,0.00019380220101083978,0.00014736958518311594,8.102856918412726e-05,0.0002819985156747862,0.00017414060254706878,0.00037794844784720655,0.00010380201871872227,0.0002626386565584414,0.00017733045372381184,0.00015450117404788185,0.00017716362278654495,0.00033855758076522483,0.0015808738486763711,4.844971804232046e-05,0.0002231815113339749,0.00032885606360023617,8.44446689039945e-05,0.0002720573766299655,0.0001866471984612872,0.00011152733464806867,0.00019071643907339492,8.917240963152532e-05,0.0003461893532877644,0.00027210671148138855,9.79906626157203e-05,0.0003268420841777697,0.00013254676401606072,0.00027354899222180914,0.00016556431730686155,4.4856070843479756e-05,0.0002863623290029848,0.0005980612921121064
99000,0.0013975079571266818,0.005658089426072332,0.005424913979368284,0.00030627183286924264,0.0035462172038276986,0.008169646994377087,0.0025752216907793837,0.015866403765161807,0.014750001719975547,0.0032882180166780017,0.013611435262399387,0.0023065362620400265,0.000826217760649425,0.00770873030022344,0.011312798783011899,0.049362167041787565,0.007589594944615133,0.001867618004556029,0.002385907781509949,0.011415763205198649,0.004179454985880791,0.006095806570166522,0.004617603723454522,0.022065761677610377,0.005931796467920653,0.005535588250495493,0.0018766178116111992,0.004234819893705814,0.002835306257560767,0.009720391544584756,0.00833176843188994,0.015541288287540037,0.0006604914995252697,0.001104553194879774,0.006682776292816723,0.00020134001339247983,8.371356698052965e-05,9.353372994072825e-05,3.591722319872834e-05,0.00019062324122387508,0.00013914013015650236,0.00010665179706847994,0.0001807687351174536,0.00010896447919980059,0.00020612776000138852,7.617955538827509e-05,0.0001499586764702256,9.644046666323902e-05,0.00015842237312936364,8.997928439798257e-05,0.0004156018784285082,0.0012713146194679819,6.89697988491389e-05,0.0001844461917244189,0.0002150284122637521,5.405500041888445e-05,0.00028109524263067784,0.00011645754284472787,9.688903360130198e-05,0.00020831477380012914,8.097467610544603e-05,0.00041359665403668317,0.0002169485637119174,8.455387985925775e-05,0.00024361092710023513,0.00010635626790940183,0.00035165855225776407,0.0002050834892458859,2.4150417274881875e-05,0.0002872144132790036,0.0005933500855462625
100000,0.0015753166047746876,0.004525301120506979,0.0050147376690195715,0.00034104256078185596,0.0033408572830173596,0.004916214001631098,0.0030451527093558277,0.017346333553480992,0.01258731666945395,0.00253239177618525,0.011973673027557792,0.002912292429643959,0.0011449273517813929,0.00810410357602946,0.00924463952841881,0.034966220400140934,0.006588980083809777,0.002385178381620237,0.00380432928276215,0.011419132314525389,0.003781582410869515,0.006741568384573579,0.0043704987918317785,0.022060058265924453,0.006606220972152807,0.00369114208733663,0.002179290932468986,0.004510481657537942,0.0030309792509583262,0.00994753847689642,0.006842340090103486,0.011371508795911303,0.0007882405120631994,0.0013386675996116537,0.007240937854577269,0.00047233797963031066,5.1094770452514716e-05,0.00015744127501255372,2.270315232556323e-05,0.00015077142984409875,0.0001567760966712198,0.0001211044564115582,0.00018512063770685926,0.00014632731833779346,0.0001980572185665982,7.134268195240371e-05,0.00024624315323818705,8.229363857736871e-05,0.00022419510648809404,6.884667593774132e-05,0.0006064490000391323,0.0007302882950170897,5.760970998380799e-05,0.00020643718365748526,0.0003015376340923028,5.292607383208551e-05,0.00030355623467555906,7.204113148873148e-05,0.00012500786669988884,0.00023539187970107798,6.948632629549441e-05,0.0005192477544555278,0.0002563945871016855,0.00015973780068019846,0.00022766643410755528,0.00013154793155140338,0.0006052252765584853,0.00022823194870025623,1.3560703017390097e-05,0.00036413709351888556,0.00070742019561294
101000,0.001710517921076865,0.0073195375706644784,0.005175653936021263,0.0002785972026686068,0.003004243405127995,0.005928470827971718,0.0029105097895250854,0.021701420518522852,0.018194131999435637,0.002905497207393637,0.01594718795069953,0.0034908179076577357,0.0014714568070220676,0.009231216797629851,0.013247386906261776,0.048695265511923935,0.007993754371584925,0.0019786327694545653,0.003869989641576207,0.014483054793405852,0.004856172818010516,0.007197419448597689,0.00617356259207251,0.026610824496795735,0.008002618290072224,0.004280965961515904,0.002828593209106921,0.0053978449065349805,0.003042956906831344,0.009966547917781187,0.010805196254853702,0.01523967401142447,0.0008194859064824064,0.0012817097486562447,0.007149969089975154,0.0003004760853916163,4.908248211907712e-05,0.00014692699869556236,2.4474464653969818e-05,0.00015117650741558464,0.00012535406338845358,0.00013504428034138982,0.00019560507644200698,0.0001192840501588714,0.00017704694490882839,9.1799627165301e-05,0.00017788955964485802,8.891268641164629e-05,0.0001836518437248115,0.00011241048874084795,0.0005105013402638948,0.0008275146731951585,8.867293618095574e-05,0.00017886263947507452,0.00022022057086799359,6.374934929970715e-05,0.00025620987253205385,9.551020411890931e-05,0.00011916766363937213,0.0001855307240125862,9.898357432878887e-05,0.0003881330098235878,0.00020616310417541104,0.0001005666983949161,0.00029636774151084764,0.0001407009575188284,0.00030651844917883864,0.000198461549327674,1.8688365713614985e-05,0.0003448450473252943,0.0006892862445965875
102000,0.0017758898134898856,0.005970583378425713,0.004128706195236494,0.00028555218302174653,0.003911639447439104,0.004859825895567026,0.0030807450710111177,0.017527928160287795,0.01665996213228027,0.0018676662912184838,0.010609576766045741,0.002089490010747591,0.0010522769739371583,0.009367731514099763,0.011988229992301272,0.0390804081580427,0.007736661772166069,0.0020976939480924902,0.0035815270675811917,0.011798177631790167,0.004054069899360422,0.006929475646757055,0.0051550908406109855,0.02472613493834312,0.0052008303398560244,0.0032327872468158603,0.0015624772255514766,0.0033713959070761725,0.002454940112468595,0.00888093415321031,0.006895130366538069,0.011579590610031469,0.0006326027978076354,0.0010216569110440992,0.005187485562297904,0.00028206418498249216,6.19041606769674e-05,0.0001596457127768438,2.275592415785413e-05,0.0001637887916103864,0.00012344485857129065,0.00010988358735630754,0.00020358867395771086,0.00014464626268531183,0.00014436226451116933,7.446958021789994e-05,0.00019067451507668776,4.88321752118992e-05,0.00013655772476466093,6.371860002797224e-05,0.0005360726225175173,0.0007894983840136168,6.744897891621803e-05,0.00018989092872548748,0.00019321744473237577,4.938559926482743e-05,0.00023933008351768975,7.436765781676513e-05,0.0001225870152899865,0.00018394828155998347,6.666335348199936e-05,0.0004803667254569147,0.00023922551093636247,5.200138496461846e-05,0.00020456501695460046,9.641186892173659e-05,0.0002795903459887735,0.0001427631610263527,2.1842846535946592e-05,0.00032131704484859755,0.0010765755905595142
103000,0.0032456543205036134,0.009620935580136979,0.005077520194997002,0.000385498655081252,0.004287996025158452,0.008094560970286173,0.0034975275141644695,0.022194025588795935,0.01846264158406415,0.004510004197072703,0.01744631234778129,0.00324422268363842,0.0011618870039731546,0.01083422230239552,0.015210828701246475,0.05421955724887084,0.009628551000440936,0.0033979664204028415,0.004170709694985167,0.01301086903559432,0.00681077778902783,0.008796984258619236,0.006425259993266081,0.027163900869588056,0.0071366683231543805,0.006238682684488595,0.002804590042182275,0.006555640461253158,0.004023679756894981,0.009900702355216414,0.01002946629509097,0.016675539256539196,0.0009834175717922623,0.0014663792474726336,0.00544914397081205,0.0006185437196108978,6.000098757771124e-05,0.00011624757543028285,2.478138934561849e-05,0.0002109303707129584,0.00015924309358998723,9.628429052099818e-05,0.00023893584084362375,0.00020261907392475558,0.00022369769743291776,7.941922060703227e-05,0.0001995231327782676,6.297198223315092e-05,0.0002351563350050034,9.388329950028988e-05,0.0005673149558945694,0.00110118584537607,8.602984671597369e-05,0.00023361931007271703,0.00024146140916353283,6.246095849540076e-05,0.00029638444149934925,0.00013436806739264284,0.00012667704555408617,0.00020249068796916758,9.158142226321313e-05,0.0004974044181737984,0.0002655202675201609,0.00013320885221850126,0.0002626364785101032,0.00015303867115273368,0.000556638815916293,0.00021702425986481718,2.7098506237166475e-05,0.0003802437761599421,0.0007166647032136097
104000,0.002034164507406515,0.006651270240480598,0.005625482482476703,0.0003723182931165726,0.0060833999253455786,0.008212894143071026,0.003417764090485317,0.02058981231090786,0.01842435209684044,0.0033114612160716206,0.01284881204907081,0.0031552619323946952,0.0008266405220087054,0.009356301252740774,0.01388408600101042,0.05501563145480759,0.007935279445692209,0.00222769525015205,0.003649550012466664,0.014653660461384182,0.004938046793041359,0.009712811206554761,0.004948475169403537,0.02729003019242858,0.0049793673533713445,0.006621104571968317,0.0018837056283715473,0.006095508004364092,0.003878059396896895,0.008802694368979803,0.00875678618637418,0.014331711018502783,0.0010347283419251268,0.0018377581124569102,0.006128952808972422,0.0005257671823274888,6.959206636362356e-05,0.00014673190090971647,2.9583057063661387e-05,0.00022146300216263626,0.00010786738995735272,0.0001087082241610915,0.0002597514120679989,0.0001431155281974689,0.00018971312635681227,8.17284119940658e-05,0.00014918106336680417,9.634177719775039e-05,0.0001584490502064627,9.592368066726273e-05,0.000488554880670423,0.001170970534682662,6.698134930047673e-05,0.00020877322122589471,0.00021048422466515932,7.317383282993846e-05,0.00026809309903949737,0.00010184750226471806,0.00014217366442892398,0.00021326815767679362,7.774479017825797e-05,0.0004678441731560377,0.0002197429281901956,9.80867544385874e-05,0.0003282475956641267,0.0001225487479829311,0.0003881112178143147,0.00018576228766993417,2.6784543763369584e-05,0.00031457994914833897,0.0006668762762274127
105000,0.0012304064479197936,0.004039679990253515,0.006287684158451157,0.00023678421776611894,0.0034751591388330664,0.005419889997158732,0.0037471684474381147,0.017810190141865273,0.014944162375735388,0.003177122951456113,0.011269375959980406,0.002581234115124823,0.001151810296560694,0.009187085021535908,0.01140971240700524,0.023073650805599755,0.006848045052373934,0.0020424449785768728,0.0032507162073410916,0.011875274629564956,0.003904124981304099,0.006619721344447628,0.00450209247872408,0.020676840872814257,0.005915546031650997,0.005304888472892344,0.0023472160499720977,0.004415545518592505,0.0028490864452632033,0.01042464407251945,0.006427800727445477,0.014311307385259379,0.0007830269822455613,0.0015122126459002259,0.006857229246735288,0.0003599629460810304,8.285642579190715e-05,0.0001984705115153867,4.553402074322208e-05,0.0002644819355737127,0.00018799128022140956,0.0002430455961075495,0.00037870448777539424,0.00022762247236211182,0.0001922768924247832,0.00011736164154691713,0.00030976162034085863,0.0001017506028873072,0.00023132508133506956,9.921247378356797e-05,0.0006584487660312824,0.00091792584983826,6.601542063435772e-05,0.00030972068820193845,0.0002540338172021338,9.964900618797401e-05,0.0003252748151142989,0.0001847174585236644,0.0001022905434019271,0.00029698050988932105,0.0001157819050301138,0.0007519072968123862,0.0003352539962996296,0.00012263996232250393,0.0004658702448270762,0.00018534528778938882,0.0005368600043636564,0.00021580315483003774,4.9237281359637564e-05,0.00045241077646287597,0.000628203649102943
106000,0.0016533882967573969,0.00613964938707391,0.0054031986655900255,0.0003393707280828004,0.0038423810478025763,0.009538500287037874,0.003469390632744762,0.026571204996905767,0.014199185793292796,0.0035686380724655464,0.016294551655857817,0.002340986641888312,0.0015658413432185735,0.010650574401745072,0.015195856360557682,0.053854261575907,0.008994162345039686,0.002544502423110247,0.00508577535531783,0.014689962263510097,0.006926951551527229,0.00888165890241258,0.006843482333982441,0.03138754989486188,0.008712918707051215,0.0046114154858514665,0.0024097973936580185,0.004927088029944571,0.0040557428477126555,0.01400050274511863,0.009663724448691936,0.017177484148235705,0.0007702100667461747,0.0011674776112666348,0.006207385186927341,0.0005530328984702594,7.315895018154463e-05,0.0001417109453582684,2.7658088435233717e-05,0.00019160371653015318,0.00016638893763190434,0.00011068143066950142,0.00027151824051543374,0.00013600036501022834,0.000147665371935689,9.483590168193651e-05,0.0001707171350302049,6.293799446766002e-05,0.00017007749196526958,9.190624917788558e-05,0.000573988077048153,0.0008972498969039103,5.945611555944197e-05,0.00023653463221289341,0.0002569128471115054,5.6472462698696866e-05,0.00030911977606710056,8.963921254689922e-05,0.00010871911624437619,0.00018014376480725611,6.433943344745785e-05,0.0005487475530679402,0.0003049705106432325,9.685347080866868e-05,0.0003776858595503856,0.00015161221483447356,0.00022993763468548423,0.00019749209772337582,4.245929324042663e-05,0.0003315085572956209,0.0004936599252687301
107000,0.001968421100074822,0.006639473962422926,0.005828702573732396,0.0003385372004966205,0.004806861571880659,0.0059893949156893155,0.002562602566344609,0.014892704137488253,0.01215826644899803,0.002499709320545662,0.013085367942241848,0.0016076575482991164,0.0013782795462192912,0.008380548173370313,0.011929404290447778,0.03220499863709847,0.00699213012575499,0.0018121120380863985,0.004001380337285809,0.011144843467579145,0.005038011293919016,0.007775356440106407,0.0043648516245593785,0.021071490886000296,0.005412409268458197,0.004652717430144548,0.0024244226490795443,0.003682330318648989,0.0026092461355694788,0.008774315481376459,0.008629184694655123,0.01263401096198672,0.0008282302353662247,0.001252808696695273,0.00949722792534481,0.00035871318174075995,5.228634953661975e-05,0.00011040873499206845,3.0667720773728804e-05,0.000203022950245213,0.00013882659315418385,0.00011875906557179405,0.00023237209024955517,0.00011912472798844407,0.00020076737722966325,8.408678622434504e-05,0.00014361399122096548,6.011269114836182e-05,0.00019370501701524548,9.652979580013462e-05,0.0004908086123787843,0.0008158653648327648,6.308870815701084e-05,0.00021856673545847356,0.00024903719895519316,6.996006145114238e-05,0.00020242688076181642,7.387651794488193e-05,0.00011031209796404558,0.00019193627228490255,6.467452221841086e-05,0.0004797218308237549,0.00028500718193063895,8.244856078137902e-05,0.0002704074811643093,0.00010313736629541381,0.0002149537574171388,0.0001676683572397099,1.2045445430430846e-05,0.0003407451396939729,0.0006137286305602174
108000,0.00134252761993569,0.004732447061137969,0.005824418517780335,0.00025003852472134613,0.003228859955119264,0.00780408297682048,0.00198076192741463,0.01518722550035283,0.014823590669004284,0.0025502334246993996,0.013678576779191778,0.0026772645416750325,0.0013265779822232257,0.00785572674304245,0.014199768993421458,0.06581971103999724,0.007541247335254974,0.0023425488881589963,0.003228513904884624,0.012229780928125062,0.003621553776305903,0.00697992895740234,0.005056605547967289,0.019635546459661177,0.006092625712087269,0.0044092407915741205,0.0018704607189412796,0.005058181090438059,0.0032676905326832852,0.009069467754377383,0.009710696133649131,0.012718587059330625,0.0007211820039211366,0.0010188463908973994,0.005022322923145516,0.00025132476699291876,5.481123125300177e-05,0.0001534233525614003,2.8073300190460787e-05,0.0001817527931962104,0.00011660559022538052,0.00011574343807296827,0.00027138835703226504,9.970692241567074e-05,0.00010119726587641995,7.739279210576505e-05,0.0001376648337291523,9.801751589577634e-05,0.00015959162713498104,8.690168149107855e-05,0.0004261891932803617,0.0005438707982345173,6.102678835304687e-05,0.00021918120446385653,0.00013770604010491735,5.4985429332274094e-05,0.00031849178730157957,0.00024521667592125596,0.0001362396980463624,0.0002166231830205316,0.00010592044448761347,0.00048044674881028736,0.00027303113109543054,0.0001030572289002996,0.0003185439626476081,0.00010143427347098954,0.00030625514045823365,0.0001475112091947223,4.145080202988538e-05,0.00037916197292926746,0.0006022473004122731
109000,0.003080119647141121,0.008777562184992281,0.008811415117331004,0.0004791344204302452,0.006020821004393481,0.009140954203238445,0.004462515656262938,0.023647479378483053,0.024771709463107937,0.00439951669977745,0.01841592397025203,0.0039959714601852225,0.002523755809913079,0.012554139379503657,0.016529631112044786,0.06776754108674747,0.009852105681299387,0.0031867734211533114,0.006573011756699998,0.01669127788646923,0.0074411789559130385,0.01048341965516946,0.007612837032259752,0.0317625787264357,0.007871882220541242,0.008643735549412668,0.0036979286583852127,0.0071024963884459185,0.004424376480164938,0.01475893886034159,0.012574627636737811,0.015314754727744283,0.0014199295584048216,0.0025284555459768663,0.005984092391574652,0.0005858885906816015,0.00010942727582711373,0.00022661684606232896,5.195275321605013e-05,0.00026721363474280224,0.00021063618025214345,0.00017007357973852777,0.00035946267144026933,0.0001810266346518275,0.0003328143452132568,0.0001278287856613198,0.0002226928273206827,0.00015134487753698522,0.00030854962483709675,0.00014451765739729373,0.0010245797464239542,0.0016358202798680093,6.196158910825034e-05,0.00035765084976446815,0.0003624828793269036,9.418979830529265e-05,0.00046140628363832304,0.00019070085318162455,0.00017570334676343514,0.0003325612647761143,0.00010016781743615866,0.0008188901129693888,0.0005023243889952398,0.000140865240179689,0.000534389561734214,0.00016442227678890522,0.00041750462014533696,0.0002782486255579985,3.232661343588461e-05,0.0005669670447351571,0.0008841349132126197
110000,0.0013165607775787263,0.0049785771733257675,0.0070442298795872675,0.0002530501031147791,0.003571955626756778,0.008718638739082962,0.002530492324313532,0.018512409737477177,0.014566254670614709,0.0031679863132012542,0.014496221510696305,0.0025182567947848265,0.0014362025617491313,0.008887943560749232,0.011105021460303652,0.0392285803706424,0.00679086326739967,0.0023933768844944087,0.0035778096477900234,0.014596508105484341,0.005546603734178636,0.008477678670585322,0.0046710475936803655,0.0251407003592855,0.005851478423296828,0.005216753901913762,0.0026249932729878046,0.005798195394163486,0.0033713921194088044,0.010779712838543233,0.00946424696254932,0.013436011260357471,0.0007959897546105419,0.0011205797454326679,0.004898806563586631,0.0004316075970994656,9.231395954594446e-05,0.00024844525329502755,5.6792965132587254e-05,0.00024880222076717473,0.00021990253588789548,0.000164737029990647,0.00032629394136165504,0.0001545675347044476,0.0002473910548360436,0.0001275416918612596,0.00020820330291028592,0.00011425196054659637,0.0002779665572994606,0.00014455120931829285,0.0005003287981708126,0.0009330360408057459,7.23930688764085e-05,0.00030625078071185567,0.00030949433255892506,0.00011062591054476137,0.00028071554962841994,0.00015142338543228107,0.0002267534275435739,0.00034054640471787515,0.00012367255440040025,0.0005767262178945017,0.00032649679956488464,0.0001535653758937032,0.00039607205002943776,0.0002070989868328767,0.00039531833837307725,0.0002284911189128303,5.842752088369707e-05,0.00045886647123032683,0.0006693387560517295
111000,0.0020045268157028243,0.010203786821404248,0.006156706516776467,0.00029794528206646365,0.003835689120622399,0.0094322473243145,0.0031144811937044705,0.025389961830239605,0.02214581458546594,0.004373132174805505,0.020090548722006964,0.0032359484653820153,0.001244001555746901,0.010596674712525617,0.014552938871801256,0.07458636325463885,0.00979225294676802,0.0027028877093586362,0.005189909067537103,0.01721327146141751,0.006033368987526116,0.009972897790118753,0.005903363551066528,0.03500756586436182,0.008378944088199494,0.006001631869003177,0.0025218478327411913,0.006182887957644804,0.00444826217734611,0.011349050508391472,0.012687404509682285,0.019267879204842478,0.0010653315771203499,0.0016942255455708005,0.006861845497244051,0.0006556261883149871,8.012394537098244e-05,0.00012345254317965143,3.702467391160252e-05,0.00028521223339339485,0.00014289609063787773,0.0001455539804737782,0.00032044864656199934,0.00011767858498052719,0.00017655949559651306,0.00011354348585541629,0.00020916392618904896,7.581896343111794e-05,0.0001808671159810258,9.564196046664041e-05,0.0005966309214814968,0.0011436247235299863,7.723936541879085e-05,0.00023368804806745991,0.0002525509676945211,8.489241652527694e-05,0.0003034242617036153,0.00010681467665563105,0.00017037630755112332,0.0002638380053912652,9.83367327232069e-05,0.0005947640921691854,0.0002452028412394443,9.044461330222066e-05,0.0006522898306179235,0.00018039743230025573,0.0002599854380735321,0.0001911522056296862,5.508405911314185e-05,0.00045043426639456796,0.0007895823942817515
112000,0.0013841696750328206,0.005499248485311573,0.00653111758462425,0.0002575370951000458,0.002966554357528044,0.007168334692583552,0.002664598969967037,0.017669941797459045,0.018830105397544778,0.003333722474053502,0.016974948259438086,0.0024964036531354376,0.0008325860231486855,0.008142314590727576,0.01242936029944651,0.06264974325798296,0.006492399913917151,0.0020097827879989026,0.0026490306609048275,0.012473733035270319,0.004387758849680687,0.006277322174875215,0.003914410280412994,0.025972170491392412,0.007076710203176527,0.0048889910569414495,0.0023259032147448563,0.004002243261008213,0.002866920123393784,0.01050163703363186,0.01029530024495519,0.016506629559444264,0.0008520078424484067,0.0009128218957865228,0.00822463472630059,0.00040363783784463133,9.472800040031728e-05,0.00018011710769563004,7.79960826819836e-05,0.00041469519692327594,0.000168912007390471,0.00014024178472027415,0.0003819511113761109,0.00016733618074220815,0.00036013823094818736,0.0001262205864999747,0.0002735965658598217,0.00010497135177445216,0.0002192498672786377,0.0001616562780823601,0.000589847457572782,0.0013266358388743054,0.00010283355586580001,0.00035264592039237295,0.00031573051405600915,9.07702196855098e-05,0.00039304187507647147,0.0001336458030891663,0.0002344465439768505,0.0003212086059228078,0.00011675627216997478,0.0007424526616222299,0.00043364679060299815,0.00011434197062339376,0.000679168651711532,0.00023573648160016966,0.00023708665724240876,0.00021709747885588807,7.0464286409333e-05,0.0005188286205575882,0.0008241103110776749
113000,0.0012513212074146715,0.005959177689402606,0.006269232272946586,0.0002513771130067583,0.004625396573966917,0.008030430097798151,0.0028032827128681085,0.017341277671149846,0.015390496036501115,0.0027925694012083113,0.015735633766050826,0.0025420901511097327,0.0009491922731588905,0.008754614133949595,0.011247928755362997,0.05383658744055234,0.006295932070835468,0.001972593646441274,0.002316778729436919,0.01236972103344063,0.004997759502078644,0.008101141062590094,0.005254448466463751,0.02683691669177885,0.005939667014351313,0.005529182264581323,0.002253441007005383,0.004212292057824622,0.0025738991407492635,0.010186792479808285,0.009638740745576796,0.015523084707987996,0.0009998512683280908,0.0012261778921277065,0.006448161047349761,0.0004744452250560828,8.08382615494003e-05,0.00015413252324172143,3.529361644328915e-05,0.00024305961483150895,0.0001580700824472436,0.00016689499716449063,0.00025291096026194284,0.00011366881953060664,0.00021760443034126136,8.591637433101239e-05,0.0001813010598708755,6.664114034293789e-05,0.0001469218134192927,7.81756633924405e-05,0.0007781331638817881,0.0006692144027814114,7.257713514263742e-05,0.00026974895705019923,0.00026487780193966843,6.489710139331609e-05,0.00019450470152991995,8.265262090390024e-05,0.00014712389467932654,0.00021446011861861244,8.187927499723932e-05,0.0005460224811960421,0.00032608391487193094,8.37408647303082e-05,0.00037982179269925435,0.000160293112145013,0.0001599156698180845,0.00017082041526992402,4.239928000515647e-05,0.00039610701402553413,0.0008324570073455107
114000,0.0010405014516166105,0.004526912627894759,0.0050888051719084615,0.0001751499478639464,0.0024033076070172454,0.006047074683010578,0.0020660297001790415,0.01639901814401217,0.013608717054374879,0.002913531156082172,0.012358523102047462,0.0017423376261181797,0.000688089185242654,0.006954965808042537,0.008745798784537542,0.03249985259026289,0.005390715982035285,0.001852137802116782,0.001917689690734343,0.011034369495149198,0.002809994482924612,0.005387286181498244,0.004235255298020396,0.023627094745946427,0.005090857732082238,0.004713139100931585,0.0016002524857867684,0.004248857141950187,0.002802936429575579,0.009526270809029454,0.0066039855808291276,0.01229602950759447,0.0007356615251814866,0.00087573735889998,0.005507182826477219,0.0002736251092808776,6.308068550634074e-05,0.0001365817201779216,2.1264641422492853e-05,0.00014224987319266802,0.00011025298519424278,0.0001237157857758575,0.0002575360455011833,0.00010633717116242654,0.00013788067569389808,7.257937633044418e-05,0.00020286194037174012,6.135569889664794e-05,0.0001515340819219875,8.35149321160729e-05,0.0004696335216312246,0.000950439910714825,4.589245017996291e-05,0.00023394101002367632,0.00026154591169274524,6.196350337135796e-05,0.00021417163480368947,0.00011280403759883484,0.00012843207887966755,0.00026919042909587286,5.136083588392163e-05,0.00045729501504709294,0.00026075636471297776,9.12968715031614e-05,0.0001731632756774262,9.125083189636436e-05,0.0001593518154550111,0.00017876874229999328,2.3466019769102786e-05,0.00030555024677558307,0.0005389397570979782
115000,0.0010071162145003335,0.005944652068676616,0.00555892197007779,0.00018140996173245254,0.0033015151880423635,0.0056797919678501785,0.003101620487922769,0.01892590548866828,0.017171830061324958,0.0020772112256963737,0.012771773505251693,0.002471314738038333,0.0009186933208239321,0.008271412503028952,0.01078558451246114,0.05008985700745446,0.00669578416950788,0.0015754975128275655,0.0026300880698337486,0.013069103337196186,0.004466329502282371,0.006962981184187811,0.004046238657465438,0.023444855430473883,0.004786380409588298,0.003504690120462328,0.0019436095672062947,0.003443891228622912,0.0028271643990164567,0.008553482175850677,0.0076746856771327055,0.013450998240911689,0.0008471713225431516,0.0010702189224502945,0.008701613032422352,0.0002793558906038892,6.717865847493063e-05,0.00011512928828820309,3.228448097654262e-05,0.00016157622690116114,0.00013680213726516703,0.00010997714980476303,0.00022399616982511362,9.510079517464252e-05,0.00015211724773124796,5.908255243168371e-05,0.0001555650383882797,5.4023432253913484e-05,0.0001484059931305308,7.736006715607469e-05,0.0004712978880976292,0.0006779638849063,5.4861784883541985e-05,0.0002529793813553216,0.00023111994257839075,5.193185240221448e-05,0.00023002327266259535,0.00010670415349522955,0.00014501162695208022,0.00025768762170628177,4.536231335805496e-05,0.00045223686765893945,0.000241738325470393,8.622984478688932e-05,0.0003830301562225537,8.262022747835368e-05,8.208451822611096e-05,0.0001757420724334591,2.6224672097896473e-05,0.0003360077618227104,0.0006533621992275585
116000,0.001997169956568443,0.009107554352441285,0.006943851976150957,0.00023268423220333017,0.004134863954012745,0.008664866161000515,0.002896111157951964,0.020714250758079717,0.019757455636167084,0.0036774966720258817,0.01607261436071928,0.002733399158647184,0.0013494863530716182,0.009202539710465564,0.014011784572572008,0.05698318382686315,0.008371263492119311,0.0018675684822701902,0.003265593012786537,0.013428664246336363,0.004625703014086796,0.010899722687359567,0.006105514308340693,0.02273216734950741,0.0090643370850081,0.007434943551197648,0.0028475566508155505,0.00429553652429604,0.0024763198833063463,0.011142328476829964,0.009249604907090543,0.016985448945958454,0.0006904432571625071,0.0015981565695446355,0.011548218813610825,0.0005683330247348652,7.501816389552267e-05,0.00019387629760620422,3.765941308696469e-05,0.00019585025484047947,0.0001384694937672627,0.00016789923392934725,0.0003541709227647516,0.0001280551315223994,0.00022199271417991297,0.00013279498241648265,0.00024352605347750095,0.00012442423529535063,0.0002740703121358381,8.75241178370991e-05,0.0007590596613620339,0.0015975368199481939,8.05349183792714e-05,0.00027571709833122145,0.00039062765822093533,8.873835707328743e-05,0.0003520648279620844,0.00014532137765854714,0.00016655164764579745,0.0002625992622947356,8.900670648775607e-05,0.0005301923387578817,0.00030891424036646504,0.00012405807708116323,0.00032579511611806485,0.00014931705218613944,0.00026268328494032697,0.0002221982869151185,7.826414071132604e-05,0.00041369139711712385,0.000844189359122538
117000,0.0010068368379703512,0.00641540769828242,0.005016229153018988,0.00014398436542950759,0.003318897889090018,0.00799981304278065,0.0019743768334739152,0.016563705097652537,0.016072091419475697,0.0022596747476200107,0.009514922079059617,0.001830681994352763,0.0006740679095717937,0.0074089870525340575,0.009376245700139622,0.04689245238841977,0.006036732666654557,0.0013808186641090057,0.0021432380142089513,0.010494259173841176,0.0035793408981904715,0.006287590493489655,0.004388615328377151,0.023713004398935787,0.005214620386487652,0.0035737502854317426,0.001452064361171412,0.0029669531301503107,0.00258897342838977,0.007968630114074556,0.008163140982517992,0.011654328816803172,0.0008838579919905844,0.0008903960199457415,0.00385663215870914,0.0003141895288923787,6.171550244528732e-05,0.00011020774892048476,2.5417973917234142e-05,0.00011888724219488722,9.479105175798511e-05,9.34401055019407e-05,0.00023165992115536937,0.00010179599501881105,0.00013296099463284343,6.14912186149143e-05,0.00014253395339804692,4.904853761544814e-05,0.00016466816124263993,7.813514623028988e-05,0.0003996092746520984,0.0004823195328450917,5.367350222513778e-05,0.00018458335908894233,0.00015500454957936168,5.933707025591998e-05,0.00016266503118497904,9.148082608589903e-05,0.00012797298866631636,0.00016562896077560325,4.821204120162292e-05,0.00035591113927821227,0.00022899653603863717,6.74306394484046e-05,0.00018046112220165215,9.276713579801217e-05,0.00023674818606065986,0.0001684746003479998,1.4944746922651575e-05,0.0002693297840419329,0.0004888464194664266
118000,0.0011613873360061375,0.0061370937754098255,0.0056146720332132345,0.00017864374797052452,0.0038143725173483026,0.006198142705086086,0.0024787956746965185,0.019119267539530947,0.023151876017454002,0.0031936930427036714,0.011589858448941313,0.0024929531724150627,0.0009371373715552953,0.00828225593883844,0.013766987923351253,0.06192584816017188,0.007611855425975158,0.0017093575569549413,0.003588758739559645,0.013358287807059242,0.003845436064959638,0.00567644420243596,0.004555650931870332,0.02823562966271614,0.00842153501536005,0.0032697590766474606,0.0019519792944074946,0.004428941840236196,0.0027851609955712986,0.00936485170255295,0.009707525090440565,0.014264685556274624,0.0009105527279608885,0.0008604888413216497,0.007203215322483124,0.00045782353320435377,5.914826817394513e-05,0.00011572209338985637,5.0462819815383696e-05,0.00018116926287348178,9.665038097661269e-05,0.00013803465117234737,0.00026257114950567484,0.000123089402127095,0.00016369475414361852,6.142698238440809e-05,0.000150615301807097,7.221211950536599e-05,0.00023080816028345124,9.970776359709403e-05,0.0005229169531625862,0.000906799939305832,8.035606879275292e-05,0.0002821513278794722,0.00022688430413083928,9.260227627485371e-05,0.0002609994784976269,0.00010971125425385253,0.00020316783599443825,0.0003214181332833295,9.746594211416475e-05,0.0004618672948405826,0.0002804998467830181,0.00011396647148906489,0.0002818146292863983,0.00015760621798037463,0.00025121867760650015,0.00020218065408046884,2.795815623812814e-05,0.0004550358044357496,0.0006269750192586798
119000,0.0017400203148861544,0.006064732290084336,0.007971171207221536,0.00029161627220533913,0.0040988093021007465,0.011731569189578295,0.0019452052710544048,0.017329240738463876,0.017835433071669758,0.0038135216709633823,0.01936666992211637,0.002938663724474894,0.0010135722043218486,0.008288875454816276,0.01215724784297516,0.05746431682503802,0.0072865105284152035,0.0016743271787359108,0.004157555219405497,0.013134280256490456,0.004673201398777739,0.007972583152357922,0.00508950435561322,0.024746331859690447,0.007435837580198986,0.008561572898179293,0.0022798277621316836,0.0045686076155107,0.0025165858118698986,0.011693385010960722,0.011324163056172742,0.019098835927882016,0.0009614209443120977,0.0008896827724996445,0.007357435565508139,0.00046016970337145073,5.5186841071244284e-05,0.00014536675879836284,3.513381779546499e-05,0.00021337184489311767,0.00013853648220766502,0.0001513424326731183,0.00039397484160872407,0.00011292660345038472,0.00019699815622851403,9.774934422718421e-05,0.0001977708934566436,8.237047848069778e-05,0.0002529145138176883,0.0001378800645232497,0.0007214706502963964,0.0009608069716099029,8.84260363818612e-05,0.0002904787646800788,0.0002887872496071866,7.624764415678246e-05,0.0002896208291492248,0.00014254318966777646,0.0001875982223901297,0.0002750126681768541,8.189831399552834e-05,0.000608813876766284,0.00036717170533612025,0.00010707277207886266,0.0003790984442780933,0.0001743081389140098,0.0003113610026567975,0.00021220649157412702,5.159750315897327e-05,0.0005103661925135721,0.001020571359549649
120000,0.0011262551525219719,0.0066964434163647064,0.005607340767407247,0.00019919418908872244,0.0033725042377239023,0.008291445705773575,0.0032591870019367036,0.01907711246395575,0.01643054676131076,0.0031527903338428587,0.013495818752733297,0.002473677845083163,0.000976651156441111,0.008121434177927298,0.012425897710122894,0.06472326190820847,0.008385349837269695,0.0016782904045681744,0.0035255808428960984,0.01264233060583744,0.00538309766102342,0.006725643924645348,0.00532682244037763,0.028530756294882546,0.00774994757548917,0.0038541094516403975,0.002216741859522318,0.004137131470997701,0.0027061383451355676,0.009257846534667132,0.008952977421661975,0.013560591984199934,0.0007621597090996182,0.0018163621058235105,0.009337435281445828,0.000477784629081514,8.684144315165405e-05,0.00015707884916661317,4.2355045597576527e-05,0.00022619964511250146,0.00015230723153202214,0.00014069491771806497,0.0003870719761835062,0.00012414612755444403,0.00014527993771001714,0.00011014656789062168,0.00027076531933632573,9.88322443049583e-05,0.00020336134480987373,9.840521207396787e-05,0.0006718233602284202,0.0008933098591417851,8.131424729072024e-05,0.00028429689942009755,0.0002745613950662965,6.713266735790636e-05,0.000365272334938611,0.00010110895300385891,0.000188261699952995,0.00038619959346900803,8.572333954361965e-05,0.0005423052607902816,0.000335310942621921,0.0001091230932869875,0.00042759474308695644,0.00015247100420263498,0.00011808083919666907,0.0002507348418017929,4.3530301098826385e-05,0.00041890672590310133,0.0006832223800302018
121000,0.0015481801300961091,0.00625312441250706,0.005965175187157001,0.00027425778622063474,0.004506126067824396,0.007979101950435765,0.0030071723426918916,0.02206663476506804,0.02213397242936089,0.0027306645570206456,0.012946757382541151,0.002432427379081135,0.0010746012595711472,0.01114056983748345,0.014832343578960076,0.045470965601756085,0.007777123170377482,0.002473938219310772,0.003307298469215831,0.013261129939855891,0.0037937107696559627,0.007298944715460364,0.0057560774348530686,0.025175351991007726,0.00563539886631285,0.0046420730883255604,0.0020031760962029373,0.005727830468610288,0.003380966237883138,0.009941249274209352,0.009153453589897253,0.014545784302754328,0.000756012296065478,0.0013737731286667884,0.013528851384762675,0.0006501379520378643,9.085152847295543e-05,0.00027355811260514946,4.1619662386394164e-05,0.00029548077009167173,0.0002274798140554575,0.00027384605346014723,0.0004737691373520647,0.00023847147885566015,0.0002640309638847707,0.0001818066079376227,0.0003415203958419417,0.00011302706815286001,0.00046133828105463057,0.00017858099553532983,0.0008307455533982787,0.0014799478449276648,0.00011786956947617,0.0004116724795698692,0.000485193958317315,0.00010952593460057291,0.00045526418778790294,0.0001606406513019465,0.0003287723153562183,0.0007256208560088103,0.0001228994286672484,0.0007643089478714041,0.00039226137913054253,0.00020043440704161972,0.0003611761272218751,0.00024498239116093663,0.00041344149407710314,0.00031123812671709063,6.263029257524977e-05,0.0005316234262772158,0.001113335335685406
122000,0.0013219869807791248,0.00645367857941892,0.005135967129414591,0.00023603966759625248,0.002588659648516781,0.0074559903088291845,0.00288164887616961,0.018281192063238683,0.020521446841646335,0.003034336339624133,0.017214412444355943,0.0032761859953580473,0.0012440369570289147,0.008778096979354317,0.012720776505696396,0.05362376292941917,0.007688971741334258,0.0019980224145151222,0.003925215004918365,0.013130299676922731,0.00459494224102435,0.007855217471972407,0.005344524865358835,0.028475629701279103,0.007448721523677892,0.006243560696020722,0.0023490989023552938,0.004447373091807094,0.00295141192019561,0.01087824333843591,0.009681223957741167,0.01739306715451396,0.0008127790442551067,0.001260902476059168,0.01098448834960032,0.0005063761928616779,8.972883432235042e-05,0.0002032761530327579,3.787760671462842e-05,0.00016871047466793243,0.00018145066018347434,0.00014433392652790644,0.00035391914934734814,0.00012953177252041459,0.00019853651360072515,0.00012163019280576139,0.0002513094918468963,7.418006842385694e-05,0.0002595113583397349,0.00014042572712986095,0.0007734394523035567,0.0011049735306490522,8.988856898213271e-05,0.0003252267725118293,0.00031666850742928136,9.66684039915642e-05,0.00038487778612605287,0.00010724871435741079,0.00017404057798684234,0.00031709113761910256,0.00010189743631296248,0.0006665061663214499,0.0003047186359615942,0.00013107556205304227,0.0003333521494318524,0.00016290896261338063,0.00023251092417402624,0.00020485456664045483,4.3070558390923e-05,0.0004113735794702688,0.0007224722983664833
123000,0.00129229400841428,0.004973430795534687,0.005100508116205067,0.0001927485659647433,0.003447226878328181,0.005986171741304653,0.002173589272270845,0.01629957679766698,0.014507948800747968,0.0021311772943590768,0.014163224498240456,0.0024762716573010894,0.0010240273373765926,0.006292594125349724,0.007506342791149269,0.030866192744724685,0.005791243541396051,0.0017664103387100504,0.0024662329160491936,0.00966570066603405,0.004023331286220337,0.005640430531327313,0.0046063343138181756,0.023164050112245604,0.005573056148759427,0.004450416821055114,0.0023454503418707325,0.003983868376053579,0.002499052624197622,0.008808828554221338,0.007198499681107933,0.014929454997540094,0.0008101477830695541,0.0011002772692991975,0.006539097139870541,0.0004562119398120298,8.707926303941349e-05,0.00011557239279434064,4.4241969725677686e-05,0.00021087579602863116,0.00016248336049663541,0.00024922786178649403,0.0004032940025354037,0.00016008022076245028,0.00015224136527888874,0.00010127101035907669,0.00024617535504340164,8.746497537970299e-05,0.00018012333909358985,0.00012130878059741173,0.0005729142606399434,0.0009113707152816156,8.918009916669689e-05,0.0002764355147296648,0.0002544777449531529,6.938412364186e-05,0.00035492412608882954,0.00015538144089077832,0.0001644273194819511,0.0003388983493305904,0.00011383598636408958,0.0005812666011171396,0.0002995738953578203,0.0001053672396116232,0.0005014069221134479,0.00016808451128817034,0.00025262155694300806,0.00019345976346218572,3.650111472097706e-05,0.0004357803467076742,0.0007554096970125102
124000,0.0019233781778303957,0.0070317636391673995,0.0065276656253748415,0.0003331835707565635,0.004238233212738952,0.006619734406870391,0.0033620514973776035,0.020387518180416685,0.018384986375840986,0.0030614491734013427,0.01384514241039546,0.0022713342898024,0.0011645662655637627,0.008914264969159072,0.011082378355358207,0.058105617371135544,0.007954822421327532,0.0022090499560478366,0.0037399398217010976,0.012410816190676997,0.005042479195575512,0.008388843934101584,0.0058819081977708266,0.02459850787029912,0.004825747082923911,0.005750631727278232,0.002465437933536915,0.005303637013942837,0.003160978201605544,0.00930813507488159,0.008205818838614504,0.012613623391818972,0.0009466536111277107,0.002078403625704976,0.00965679587696084,0.000653430552298622,7.078888830248711e-05,0.00013367124777439378,5.263600059951857e-05,0.00024348674128304992,0.00017664811876213517,0.0001955298912434955,0.00033195775667991254,0.00013956914859878262,0.00019743975766399864,0.00011532204264962535,0.0002874667016888117,0.00010150985584189698,0.0002441887366503265,0.00012040400724799838,0.0005836711379008473,0.0009558338060742244,9.640061034588143e-05,0.00034042993123578955,0.00025908763400993534,7.592982369301767e-05,0.0003384403218308674,0.00022267127678787801,0.00021349482594561979,0.0003459081887110817,9.890409298047113e-05,0.000681278598911435,0.00039574100092236393,0.00011945945080033444,0.0004541848817704401,0.0001700682086762258,0.0004913156397898481,0.0002676196597522012,5.107916095425935e-05,0.000389598510644325,0.0006856476509710773
125000,0.0012821119460666621,0.0037419041929954095,0.006266662104584005,0.00024353942284366124,0.0028425283578800663,0.006062231034905251,0.001987666651148761,0.014439236173654767,0.010458234146996422,0.002160578384064138,0.012231028228115188,0.0021936071647434465,0.0008968832165313264,0.006570500974069573,0.008427566617426826,0.029206054607432936,0.005560211388087953,0.0017581670537213,0.0028201342676246505,0.01037001036133006,0.0032589266273834465,0.006425749055259595,0.0038519125538975154,0.018915921438019723,0.0038707051928992897,0.004381118016317487,0.002008540789604247,0.004093702945586604,0.002994574969232096,0.009038107614258243,0.0062060352608386896,0.015146126382975265,0.0007634213840001044,0.0010282758243467765,0.004915276475710723,0.000397957144568092,7.700728412666984e-05,0.00016541020766618948,4.215769722413167e-05,0.000210312990247985,0.00011278698536898446,0.00017893376616484602,0.0003021877801074879,0.0001675255117381886,0.00016807624842122575,8.008293123030593e-05,0.0002444661147325078,7.312045745777596e-05,0.00018113909341513262,0.00011800329279636075,0.0006984105538497086,0.0007448196580905156,8.954346303653437e-05,0.00024021876637264966,0.00019153940837864428,5.358104937675473e-05,0.00028459136653695443,0.00018182979601988336,0.00020322304817455006,0.00022885772700297261,0.0001057541277987184,0.0005982254608185148,0.00037809964415676706,6.466418893945924e-05,0.00038728842365445517,0.00015155538169319815,0.00035738629347698795,0.00017958334046852542,2.8149254546860902e-05,0.0004929265132581227,0.0010133777352166363
126000,0.002184249211790597,0.007464577312930487,0.007672247846130631,0.0002977653694240591,0.004305850678986333,0.010188589737351452,0.002414316648018059,0.01941180096051254,0.02147941408648427,0.004721279550722102,0.017855430337577773,0.0033777802994020985,0.0014190172876238428,0.010030806609200115,0.013432811569852193,0.044205345777299954,0.010940892746865367,0.0027271360731786825,0.005086314406071324,0.014681496592966142,0.005559711379700834,0.00918758076919143,0.005928442897663142,0.026058155961800368,0.007934517810777862,0.0076754265930503605,0.0024325496798713086,0.006347450013587756,0.003853827504259671,0.010445494430548992,0.010315824796853121,0.01727972360318885,0.0006596208619762059,0.0013537249925468851,0.0076307283163461965,0.0002724949393179291,8.508575619190963e-05,9.225325700092732e-05,3.9659980634003505e-05,0.000178017395455754,0.00010114865588238512,0.00017984349142352585,0.00029054919978079854,8.482875852534657e-05,0.0001589673630310005,7.80876390121778e-05,0.00014801611832968264,7.460559960037472e-05,0.00019437914764647098,8.473090945864732e-05,0.0006563720598705914,0.0007787563336023595,7.409511963487602e-05,0.00021899484680925154,0.00022604220060296436,5.6402220913944554e-05,0.00030813505274088904,9.728665918373736e-05,0.0001447042162238985,0.00027064030357276073,8.726952570820382e-05,0.0004430120525602854,0.00031621790877259763,9.045640840790961e-05,0.000291972583909228,0.0001396498931277968,0.00014417907186725643,0.0001940208533531793,3.002606470658975e-05,0.00034978880395873364,0.0009031729816342704
127000,0.0014872842579820458,0.0057062426023077465,0.006690267725692441,0.0002219881479574654,0.003749956553407703,0.005777807141255055,0.002467474785017628,0.017032841921415336,0.018281884781986897,0.0024359024682780728,0.01232238301236066,0.0026296943779016146,0.0012842774414104606,0.007452671370573984,0.00931815371997586,0.059262979148115846,0.007623697469604113,0.002321781162727002,0.0039036077952394927,0.011127165996173667,0.004041096507106746,0.006912029128605874,0.005147758615300215,0.01938400890988608,0.004924354233119788,0.00519458781927824,0.002049750193530218,0.004873808854123733,0.003627012182080173,0.007828733811860025,0.00761456612808009,0.011814558150945231,0.0007485132686818693,0.0010428136479488383,0.008155347038660289,0.0002867092842758926,7.651043675519089e-05,0.0001731763370778274,7.640477578896967e-05,0.000298184405437496,0.00013771904318770232,0.0002051070532615995,0.0005035032128944295,0.00013527956257588047,0.0002587368647685875,0.00011445794804306582,0.0002471616223869077,0.00011070906996479835,0.0002566990498633396,0.00016811850251873363,0.0005635713431029917,0.0008583829512645025,8.130822388920932e-05,0.0002869485164484679,0.00022950795699153818,7.12559290977052e-05,0.00022905982186980557,9.854975769485463e-05,0.00018341532720316737,0.0003597134132248287,8.905164886527928e-05,0.00058251493204543,0.00040354841011052214,0.00010192449122064522,0.00041560759988594026,0.00022829924171662252,0.00021257775928721197,0.00020322168021842175,9.917313286678109e-05,0.0004975431402042794,0.0017478691872383934
128000,0.0015107063248718544,0.005472430558627282,0.006735205799486721,0.0002198711631885649,0.0028226638010270524,0.0057983421720564365,0.002877772972697717,0.011795009953643517,0.013547655417069916,0.0018347772347624414,0.011526391196021894,0.002633427012499721,0.0006996566091512443,0.006898983533822254,0.00997270460750716,0.036808487219483745,0.006974986669385024,0.001631863751132601,0.002428587571817583,0.010388496212108293,0.003815207097542183,0.006476448324974626,0.004412441385914766,0.01834710342809558,0.0047697104172339235,0.002934710215777159,0.0018928597128911684,0.0036854240678015535,0.0027785099539494908,0.008352152197931577,0.007742638754716608,0.014005409186491026,0.0008115543811480454,0.0008662581086926281,0.00455165415425856,0.0002830195366933757,7.355125223727412e-05,0.00016346679628689097,3.19876678367361e-05,0.00019929381119254685,0.00011315659726895493,0.00023894104560895357,0.0005086458044388564,0.00010330823974264174,0.00015723040012888208,8.457200346307607e-05,0.0001876058800885323,7.387124688662539e-05,0.0002063157401897993,9.986025014024398e-05,0.0005996767099601969,0.0008588542162518328,9.111525487242034e-05,0.0002767487320462741,0.0002291037576626344,8.442161827753642e-05,0.00027791956810727255,0.0001306019262301561,0.0002516200699965844,0.00032730087780062325,0.00011135358799947425,0.0006500554397158945,0.00040428633294216826,8.847618868548215e-05,0.0004290022570785368,0.00017558492577661257,0.00033437715774198296,0.00018845887595238118,4.4302783180683036e-05,0.00041647050022006356,0.0007345977923250757
129000,0.001818465245267706,0.0055771637125872076,0.006694526337620725,0.0002620810887667456,0.0034706016550801366,0.006870307938827734,0.0015823223843067207,0.0167330036112581,0.016998237339858183,0.0033041437782230787,0.012861167307333003,0.0025217207650563736,0.0013594142016672502,0.008298881600487883,0.010529489334658138,0.041014523811099934,0.007401626828401017,0.002027961976613991,0.003914593784429599,0.012812432470503458,0.003871612913604412,0.008258546562761435,0.004321808180017494,0.02382642109102259,0.0056156338720635786,0.0063745998311787845,0.0022908275662068206,0.0050676506267942996,0.0032660881806377265,0.010237389347762913,0.009586502169986489,0.014663123252550857,0.0006303809007481329,0.0010365593603256817,0.005097242219562759,0.00023171950289630722,6.239888314496511e-05,0.00010080912230395452,3.433737160721429e-05,0.00017418264269508654,0.00012671763706893738,0.00013508690426533576,0.0002802897919536917,7.455798666007085e-05,0.0002093326499274745,7.298185861758709e-05,0.00013832553024353968,0.00010433196460013505,0.00017427686164190727,0.00011137601474977352,0.0003451914187892796,0.0006023402626548583,8.749561711738352e-05,0.0002182671291198598,0.00020955607635250059,6.762315142209859e-05,0.0002707102699562427,0.0001236599191543064,0.00016514178699683017,0.00024011094749836886,6.643564423332766e-05,0.0004055164763204503,0.00030481277209488597,7.456903924899175e-05,0.0003305113720368051,0.00011787232924748365,0.0002022708010502226,0.00018222673848719472,4.08407494489893e-05,0.00029639032504937934,0.0006502487667603418
130000,0.0018505676081396224,0.008823957812705042,0.006035801007480283,0.0002372503300788454,0.003810519459852625,0.008937373557793242,0.002853597054889824,0.021312960934914835,0.020039797825995288,0.003308703799120849,0.01631081433035074,0.0037953755553997103,0.001146672844642484,0.010690565026049047,0.017176826607336645,0.05199085382688887,0.008451803871226037,0.0024293877158234416,0.003878743214694883,0.01394886480520654,0.005294596024936464,0.010291266422427725,0.004924554186291061,0.025358564523048698,0.006750844092046406,0.00636457703076303,0.002517535058542865,0.004962381566656404,0.0038900024716413636,0.010803841897746504,0.0117650154006454,0.01809625152964145,0.0008792532028383431,0.0014319270299935408,0.006688964044062434,0.00046117773623117434,8.491958731544975e-05,0.00018324370276704113,4.2446506450325985e-05,0.00024129786891080585,0.00016039183982045755,0.0002851588051271392,0.0002987662513987743,0.00012816589486120441,0.00024323026037372504,8.926882808363449e-05,0.0002879046541031066,0.0001313683228119089,0.0002460033267535154,0.00010463354704949201,0.00076691827094132,0.0010611200535398286,0.0001347609155345708,0.00031151717420081174,0.00033572486245248,8.95070825208677e-05,0.0004236011710144271,0.00011482577701826813,0.0002461493787172407,0.00036325040978576556,9.159038521223313e-05,0.0006573492298415932,0.0004237306130789875,0.0001314725444293193,0.0003436299319016851,0.00019543786547492582,0.00023164727359211871,0.00024038488280739916,4.7198827076044836e-05,0.00040965786928907373,0.0007681613336899318
131000,0.0012927105428782336,0.005311577365285269,0.00640324923612449,0.0002295936498075417,0.003666181650006837,0.009136944161062794,0.0023537487093621638,0.016430499694608587,0.01730623452729422,0.0032471628255734686,0.016420295322960656,0.002691211667872861,0.0009261408380222168,0.008585962953282322,0.012379350112742566,0.04984459976973691,0.006925555030821194,0.0019979525214360284,0.003357577573426949,0.011462366036854897,0.0036545428677684936,0.007706056697186016,0.004476741522157681,0.02339018783532083,0.005772961543611711,0.005567580088973045,0.0022087845249364863,0.004353537342770626,0.0031869631581631598,0.010822812453684051,0.008757545137802178,0.014780425921064587,0.0008634395106963228,0.0010786285311200497,0.00613079506163356,0.0003844775695662455,7.603125413430989e-05,0.0001540996045357381,3.9742069497239194e-05,0.00014724998573001358,0.00011987587957148517,0.00017610662871447857,0.0002456888795677514,0.00012482271966674538,0.00022955307107335295,5.535089639790515e-05,0.00018332423172451903,0.00011485583402404131,0.0001998550301107508,0.00010523479200359857,0.0005815959864461408,0.0009243002884128751,7.834372008801438e-05,0.0002110831016524367,0.0002512411146795032,7.079719836672831e-05,0.00026868626659912697,8.281003647425678e-05,0.00017136957328350237,0.000289241933723343,9.925013910105918e-05,0.00047008579774658865,0.00023206255181346732,7.848797117771978e-05,0.0002589932949679981,0.0001265646741537487,0.0001691646780273004,0.0001815273747814947,2.6499867274765165e-05,0.00030736305639000405,0.0005736522402003174
132000,0.0016509133292611049,0.007648041051450289,0.005048678197757302,0.0002165484948258941,0.0046292613282552155,0.011057843171459223,0.0038481746236679864,0.019616615439208188,0.018713957097237586,0.0032805415030452423,0.013154740226543064,0.002921447634435026,0.0013699120340099785,0.00935802453397738,0.01754180965692606,0.07972279201082226,0.006761286722827381,0.00187099463483385,0.0038328694650512523,0.0143336948180513,0.0057239554819594,0.008488441635563504,0.005443237342963887,0.02370230937182593,0.0055515476973423145,0.005740045523270965,0.002690908066890716,0.004266562136763241,0.003257183535264202,0.011224359525752538,0.011074783468599586,0.013779823480245586,0.0008953351860834748,0.0024739625652072453,0.008064953425168319,0.00027278422567178495,5.800334483147277e-05,0.00022602341546602972,3.603799133754299e-05,0.00023333013541559922,0.00012060678001092883,0.00021831291633134242,0.00031614899344276635,9.362100646333267e-05,0.0001754263679662185,0.00011262627660195384,0.0002107521903414173,0.00010586731057316001,0.0002198453890645757,0.00013526143398352858,0.0005307899323899899,0.0008918795762535107,6.942105210328009e-05,0.00021798183902597994,0.00021303672750444343,8.509893723385176e-05,0.0003252090279054618,0.00017648375160206342,0.00021122745305193448,0.00027387351051752024,7.965294983781253e-05,0.0005502714479110094,0.0003031645777414101,0.0001064771616887532,0.0004259223153187324,0.0001878519268190415,0.00018823807691400622,0.0001773067437396996,3.4724619297321624e-05,0.00036743797163045895,0.000686033127567498
133000,0.0013116534246118798,0.0061200898233908915,0.004881028638313485,0.00017406134648948723,0.004038697620890622,0.007640780997462571,0.0030253625615343127,0.01613458241634219,0.014757673996842365,0.0037824114915565588,0.013079723761216478,0.0021323071218737784,0.0010357711011734368,0.00834997156672409,0.011671547087761984,0.04993879379859815,0.009705607814361255,0.0017408227606579261,0.005002011573066868,0.012598122726194561,0.004296458602384343,0.006261970921124365,0.004186837444376579,0.024218594733004768,0.0050901396940995864,0.006214192928746342,0.001585405634291566,0.004827341603383199,0.0028760082786474786,0.009592750422833037,0.008590448462006559,0.01143793492743638,0.0007364022399557895,0.0019784219217758936,0.012056183876767237,0.00019925464807865216,5.3573329205092755e-05,0.0001059785013239889,2.9243716557701474e-05,0.00016524654233762703,8.651241473986142e-05,0.00016973391166175134,0.00024105619195324834,9.122007644404413e-05,0.00011075294666960345,7.425730797357183e-05,0.00015354353108944596,5.080524819689458e-05,0.00013114541741386128,8.349728787751783e-05,0.0005515009926599445,0.000631173876778727,6.519405251310672e-05,0.00018047844364167648,0.0001663865884344479,5.229391833629713e-05,0.00018869858688479434,8.262310575446463e-05,0.00017085836460258483,0.0002030373289156929,8.70122771326957e-05,0.0005107282661943065,0.00022940576407656273,5.6552081473824184e-05,0.00020765246558261829,0.00010255523335371283,0.00012557003122180634,0.00013078054651683238,4.647506798960421e-05,0.00031271548889989613,0.0006787907215766609
134000,0.001657328030973617,0.007483765462691533,0.004455608176310004,0.00021314073190016922,0.0033893630726784586,0.00747897377836385,0.002217902334538643,0.015520916240062682,0.01389812418096593,0.002343934142118087,0.01207800043857226,0.002934091672706964,0.001060692126471126,0.00805957262458502,0.010026730880695943,0.03649428054389622,0.007415289608529531,0.001605137064399071,0.0030126018713677433,0.01126001849033249,0.004708855910929253,0.0064919815408107494,0.003985714272639598,0.021883546677418052,0.004691351806084438,0.004543750826269388,0.0017073647765550226,0.004498394049126849,0.0028073001826936996,0.010162437562089068,0.009248307792731794,0.010628791052463034,0.0006175514593510256,0.0013408362674877132,0.005987297865633284,0.0002769084188705457,7.07309660703303e-05,0.00015453989840352733,3.715647572373353e-05,0.00021718415177929273,0.00011147491967521807,0.0002149620477212011,0.00022752907261747168,9.504329747008007e-05,0.00019983683754330023,8.451635416650204e-05,0.00014829956030313807,6.627813600346144e-05,0.00019045148892395258,0.0001223917834894647,0.00047263465557289934,0.0006756253763645267,6.321365599433193e-05,0.00023710606272251593,0.0001934888683724145,8.660966308194806e-05,0.00029023729079473084,6.869312869639543e-05,0.00017845447963477708,0.0003172419407537046,8.498389488522661e-05,0.00048021047651643803,0.00025404943871173464,9.353736271936345e-05,0.0003487856166531047,0.00011723506933375067,0.00011206221409208541,0.00016892099438703758,3.8176434628667266e-05,0.0003089994119967619,0.0030267977745097596
135000,0.0014424895804483174,0.0074368024819435686,0.007364147822954692,0.0002729915987611793,0.003957531362244435,0.01009587461261877,0.002576687953713249,0.019254022882224116,0.014949520265723043,0.0037294440226105507,0.014368683116600427,0.0035311895063591227,0.0009893787381853062,0.007860687767485311,0.01050445061230087,0.050923750667910404,0.008507569958965178,0.0018975444147628555,0.003897220735130499,0.012910336553492623,0.004731236470315008,0.007628783576365095,0.005361472105820818,0.023899357963819055,0.005203032613916014,0.006631026882678271,0.0024139842435180335,0.0045246344019081635,0.0031481742092771183,0.009662072010894095,0.011286262380162953,0.012622149343279978,0.0009473948607472074,0.0011962541646129846,0.006148185820064909,0.000546632795687531,9.90140429525797e-05,0.00023876727763391418,4.5818050130969004e-05,0.0003455492492321355,0.0001652904988261187,0.00018757229281618493,0.0005238355090114056,0.00012841139648930709,0.0004651892711894777,0.00015937607533779945,0.000289456005575311,0.0002409281769075733,0.0003002759109998304,0.0002442499667681246,0.0007291186972137298,0.0008051307813730091,0.0001108014499550336,0.0002868961390940596,0.0002591986167630992,8.173320830709682e-05,0.0002891207813488392,0.00013942644545750227,0.0002926102008586895,0.00041500296937066683,0.0001043403432656002,0.000774627197970599,0.00044669399393468565,0.0001390663358481991,0.0004414403390708483,0.00025561406244071203,0.00017369464883034067,0.00023220180048014988,9.015404918955028e-05,0.00047598749299767473,0.0010569908634352032
136000,0.0014329339003816622,0.005152459405373385,0.005090896932718654,0.0002575578671614774,0.003826440801760005,0.006426396343158558,0.0018037991942272188,0.014625327816425924,0.01289766114521488,0.002479400714946678,0.011693028279869058,0.001893083671700656,0.0010030272698548454,0.007598538636474669,0.009623426305231131,0.03452133267364843,0.007431854266802215,0.0014826932872179159,0.003061656926417657,0.009164949878346913,0.0037489904208611665,0.0069068053110510974,0.004217212311826491,0.01814220247712607,0.00430903095761933,0.004210156481713056,0.0021147653829728134,0.0031272917409902825,0.002332853761104429,0.008494618878866012,0.008624680113959282,0.010467657276491921,0.0006497460386065348,0.0012730485737784177,0.005887963920435545,0.00025078833594806483,7.664636351322722e-05,0.00017886028730241708,5.453889603671427e-05,0.0002498819046650169,0.00013747701736394177,0.00022546397849509958,0.0003325446187773196,0.00010095282701322024,0.0002225988540502792,0.00011393870714755394,0.000180853065621864,8.802901210458458e-05,0.0001622711265221024,0.00015261775743883018,0.0005317294913975974,0.0007565016130683944,0.00010137479312106734,0.00024287840427191719,0.00023031759601194765,6.137241871329024e-05,0.00027787388339626194,0.00017265212773054373,0.00016785889924146127,0.0002699657653115887,8.11738398624584e-05,0.0005274887964054458,0.0002566326662729437,7.896675088550756e-05,0.00034853689329692215,0.00016265624859065079,0.0001680925319565826,0.0001891599156041155,2.837025289892381e-05,0.0004035699841242298,0.0008504503770382143
137000,0.0016983632594191648,0.008430011954193038,0.004878458153446748,0.00023728147358409703,0.004022982284552683,0.007384724125066506,0.0037834232410997146,0.019803629770167926,0.01698349188411986,0.002497209672583267,0.013108884511579455,0.003040664871855834,0.0011329352580077918,0.009796536172044316,0.01275556802035734,0.04744978113012621,0.008039801988637746,0.0023331383760901363,0.0028417580875351894,0.013194190323750566,0.005491061312736397,0.009230629303471818,0.005152226632756841,0.02730716854954759,0.005089702022959255,0.0060524539090693,0.0019994530732307587,0.005123647531945608,0.0038552724990843085,0.010809845582116395,0.010398869536681257,0.013183183251665188,0.0009837391787772714,0.0013091241785755407,0.0072812298644243535,0.0002224670692174056,0.00010710352881391684,0.00014858539307996662,4.0351642224826915e-05,0.00024137792433975847,0.0001415843494940302,0.0002142014232049405,0.00030001077266206266,0.00011873474738278769,0.00018517303764814354,0.00011608654972811954,0.0002031075294868507,0.00012468109532903782,0.00020010565798586334,0.00013162830129493324,0.0005140729123713054,0.0008645777779747732,9.815098565013614e-05,0.00021050665347910563,0.0002246584216632543,6.702990586663046e-05,0.00024351308685811914,9.863990203484718e-05,0.0001768899571238257,0.00028300003365215023,7.309468286014938e-05,0.0004773969735578571,0.0002712960850085774,0.00010866081200564056,0.00037848541291572876,0.00014656371697081388,0.00024405731781891,0.000194111841514013,4.0847282292588716e-05,0.0003212706191020936,0.0007089031307259575
138000,0.0018778935040048767,0.005946853272218033,0.006536521210364299,0.00024254235228139665,0.0034754538502528693,0.009457720235721874,0.0023209407891631745,0.01600826146650612,0.01814108098128427,0.002756295281869825,0.015014556430410997,0.0035900962554237317,0.001069230121422813,0.007663318396666771,0.00974437897966709,0.04143456217934727,0.006667954357821838,0.0016855125732151083,0.0026811524590552188,0.01041610051178092,0.004090756413247968,0.00646731021931503,0.004370664150022397,0.021333869042185444,0.003858789350488223,0.005381196574307978,0.002220225751414311,0.004094043907116429,0.0028404111936277546,0.009452940595374751,0.007751408154338908,0.01437143456580368,0.0008365596567658101,0.0012354125949143985,0.007494875901506425,0.0002460845478720687,5.899806591077992e-05,7.76922655735358e-05,3.0912505442493826e-05,0.00018107278174284147,0.00014624573450757762,0.0002142073890354368,0.0003053564169931633,0.00010123654134842677,0.00015327421862916947,5.6116661530073284e-05,0.00015596221472454394,5.414324592223352e-05,0.00022054615299464724,0.00011238177433948626,0.0004770594668605974,0.0006945536503432473,7.029993503238074e-05,0.00019983917456779544,0.0002000993545466215,6.3346842797397e-05,0.000293733730153866,0.00011038433058274677,0.00018532224568288156,0.0004185090396696558,8.781999864974448e-05,0.000465306025440656,0.00024168435680638613,0.00012706204511601213,0.00036712648761749733,0.0001772191831519962,0.0001670191052523608,0.00016125335841411838,3.132568645014544e-05,0.0002924748166816328,0.0006652940850472078
139000,0.000799889646259544,0.004818770811080294,0.00451698847488539,0.00013583940679102224,0.0037609282998449928,0.008538925355034215,0.002058016473388453,0.014459077961766846,0.016998946393140948,0.0021441423341457266,0.012802126294951045,0.002431247293520291,0.0009050754518036476,0.007285619457792508,0.011341776785540039,0.043074194548050095,0.006121195205023035,0.0013292076117160164,0.0025406443705183585,0.010671762096802316,0.004871879825262882,0.006307915018753972,0.003947480013424259,0.01763896061456762,0.005138616787383124,0.005081581557169557,0.0019171173919183334,0.0028131010940342094,0.002400298735301476,0.007814037638332418,0.006500425731646828,0.012450653846966676,0.0008469856878478438,0.0009849024062067084,0.00912219966741961,0.00027132253233982543,6.538569171628919e-05,8.092309326457325e-05,2.6767069916293468e-05,0.00016206712393795897,0.0001327534579035457,0.00016983326895569917,0.000274988119599584,8.355721494904413e-05,0.000129453514740051,7.96446762901074e-05,0.0001959741984648102,5.324339578294257e-05,0.00023703051133177973,0.00011473591604788618,0.0005473374835883777,0.0007045503734843805,5.887926163268275e-05,0.00020164261012705167,0.00018859365740479854,5.107138936595716e-05,0.00029550359272189947,0.0001548859845570405,0.0001680889663365153,0.0002982624540681382,7.86250708188163e-05,0.0004509554894711347,0.00023240095280412047,8.98389617464705e-05,0.0004229070407543784,0.0001491506444593839,0.00013619929404740105,0.00015952571019379173,3.242985033580226e-05,0.0004102745430881281,0.0014660284883575513
140000,0.002256386388961727,0.008827943302296463,0.006162148919126291,0.0002854339587079616,0.003993728110799566,0.012212042738350906,0.002551214583358923,0.018006728660753545,0.01790081362195785,0.0022186439855431672,0.013064514978350978,0.0025568361698806628,0.0012694566213405888,0.009075068213750263,0.014818429880131804,0.06693576779252908,0.007436191350453079,0.002078846220960074,0.003534454178796815,0.015252991771121742,0.0041139317734964955,0.007714743540418567,0.0050308440170435155,0.024863622485039136,0.005298896124850939,0.005902542220428586,0.002016888288058145,0.0045424585156676285,0.0032905673137386604,0.009710892551435878,0.010120481659056773,0.01361473056469829,0.0008089081346757718,0.0018249709536216551,0.0065627293216594905,0.0002835213288615738,7.648203724461142e-05,0.00015563072082097113,5.378072178958184e-05,0.00023726761355646886,0.00014113639768920813,0.000210357601645228,0.00027198421048524324,7.795563851686893e-05,0.00018885353136786426,8.021768711980063e-05,0.00017878299859786924,8.206518234032956e-05,0.00016671706283698863,9.97818694734385e-05,0.0004908195270707858,0.0008886857673739238,5.5284996778937054e-05,0.0003018738689392268,0.00020986669937099516,6.667691801257288e-05,0.00028957312836228673,0.000123134179830231,0.0002238885476483827,0.0002675166942656058,9.761343620387683e-05,0.0004943457215142522,0.00038440430245566823,0.00010594846676090005,0.00035403457513893954,0.00017335174134752214,0.0001663015725301063,0.0001949404097751261,4.10132856529799e-05,0.0003449884446111531,0.0007635665104317013
141000,0.0015822882697967863,0.004703970498397852,0.005330030634771295,0.00019916531253399554,0.0045638437916324295,0.0073995205540476105,0.002306624635527823,0.012529766390192284,0.014958607156649687,0.002981449699291261,0.012701142549674303,0.0020588523467286366,0.0009374602282839602,0.007798958302649253,0.009049800425375853,0.042952084107885945,0.005860895810179673,0.0013276009159671036,0.0024516219691577135,0.011144286426939895,0.004714415944845139,0.005917056658810387,0.004451976826409615,0.024426210306895277,0.004002569786698875,0.004189296392723918,0.0019276557499867317,0.0027132399591209833,0.002149975824046551,0.008229556200545161,0.008642244050085235,0.011243387218340874,0.0006027995252231641,0.0011742415740892008,0.005442872520587925,0.00021482051601040553,4.16040166135489e-05,8.8364267660588e-05,2.7372218248701648e-05,0.00016384880836994853,0.0001172738635587132,0.0001273364400731225,0.00020031121084684855,7.578083496857864e-05,9.223970704935805e-05,5.8052171475050534e-05,0.00010751000640515198,7.58318039970618e-05,0.00011911226704439977,7.51721474278549e-05,0.00037459530710223657,0.000522115208999215,4.257303171470994e-05,0.00017206389993960477,0.00013497953945073373,5.426328829633514e-05,0.00017330922861141497,0.0001424392717126466,0.00013645560505261124,0.0002109751177718303,6.444591399485944e-05,0.0003712909465174298,0.00020786851313632555,6.129044561578314e-05,0.000337559548117699,9.298124725567256e-05,0.00010397226066873242,0.0001554908813992762,2.5311487519275033e-05,0.0002738860628524133,0.0005644253156788182
142000,0.0015454932638169488,0.006309207430738887,0.006592890535102924,0.0002524719389209797,0.003314240594671544,0.007802886514192713,0.0022958995293647015,0.016518819554096575,0.01579499456069174,0.003490424598567188,0.01588400733857674,0.002412222201962081,0.0012122535360200952,0.00896294011170429,0.01043807675540687,0.045899475408077706,0.007216776661715855,0.0018547782426220336,0.0034088114287962007,0.011974031833306071,0.0046022089401748624,0.007572052851173794,0.004562605222266332,0.021969590293398747,0.0060003281735892715,0.006065404112450779,0.002321358591196317,0.004970058693894923,0.0032591977283385966,0.008534672367336644,0.011020458433777094,0.014043619464456033,0.0008688231922928497,0.0011716432058651556,0.008848754345510516,0.0002620043674903221,4.0963582403276777e-05,9.359850553830091e-05,2.625884531793067e-05,0.00015549471345366328,0.00012924154725563777,0.00014935734998289263,0.00025101936735154594,7.904668241041548e-05,0.0001633044099722419,7.898250073148054e-05,0.00017599717655589062,7.273192518297833e-05,0.0001562517527775816,8.627389913520098e-05,0.000593926250145999,0.0006034358587688379,4.517092729656724e-05,0.00022675798754789867,0.0001984149807397224,5.8253068190920615e-05,0.0002882989049853237,0.00010737957654782804,0.0001482976097217185,0.00027966849116077916,8.564663809617438e-05,0.000543296714117518,0.0003211473716646651,9.234981179533124e-05,0.0003009528358638312,0.00011508068334106528,0.0001679973546353202,0.0001568010945723861,3.061504094148404e-05,0.0003133619119171654,0.0007951837418659124
143000,0.0016388613393664363,0.005285341945030571,0.007278470920330922,0.0002952192846910643,0.003101489646194497,0.006767460710502097,0.002315052093000568,0.01772069365959432,0.015163321668354266,0.0021900412284594495,0.011990294462049389,0.002609382270822273,0.0012498126770052213,0.00958407564857308,0.008561886675477795,0.035007707986551395,0.007058037842528263,0.0016036646262778682,0.0033934493777841063,0.01126501771066008,0.004044048120607176,0.006758893977218706,0.00392390024685786,0.0172214560462938,0.00463736104097373,0.005675412365235388,0.002052282039908131,0.0042038587641097065,0.00237629497945925,0.009975259067775164,0.007461294778089117,0.014046286354781702,0.000842718242049264,0.0015181624917838849,0.007137307467524402,0.0002792436852396512,8.0171070017717e-05,0.00022131925718647173,6.398504541973223e-05,0.00025148443319267244,0.00014400807151318114,0.00025602001551305875,0.000354621589940507,9.781162617927246e-05,0.00019529368629790905,0.00013230946130014283,0.0002082281344691613,0.00011077212993626517,0.00021942697278597013,0.00016046302467161283,0.0006986355110571961,0.0009667968091283304,8.53887504490558e-05,0.0003205143525241399,0.000272932758419082,7.19374795814722e-05,0.0003139407487886333,0.00014206585547071882,0.00023599907309011946,0.0003982308909494,0.00015986489743227139,0.0007231216194257638,0.0004670558181361331,0.00012775057132842507,0.000633936425098606,0.00023199001134639434,0.00021161483216149333,0.00019742831384592723,6.0032030560819294e-05,0.0005264460925304354,0.000853329091478372
144000,0.0023237196660252143,0.010198878782695694,0.005141900578867838,0.0003366813370960769,0.0035664611455506964,0.0066421254887245595,0.003872960989610874,0.02445841587092111,0.018168643495053264,0.002252474105262081,0.015810752634776836,0.002899276582587734,0.0011014671831755109,0.010022901145875398,0.011631268644893734,0.05159295989202898,0.00791255359772116,0.002081705725697846,0.003257939740641242,0.014947040651143955,0.005387496724745233,0.008501886507864194,0.004562334418684865,0.026656739037328712,0.004668818914574836,0.004780780873261392,0.0021786433782630585,0.0039976741506203934,0.0038905907053370303,0.011647262204449714,0.010220250899971386,0.015560853525620097,0.000997329874414058,0.0017291967372985646,0.007923935822064878,0.0003748281643599479,7.783904825044517e-05,0.00014923854918048494,4.304303537817058e-05,0.00015958890435285866,0.00021429785321520575,0.0001736338226692169,0.00036589356741387744,0.00015293295760593058,0.00018529607019493263,7.531209832945608e-05,0.00021713186285061265,7.201997368611046e-05,0.0002074000430701713,8.485084477301412e-05,0.0005752042376186113,0.0008686102197922688,7.832155461073853e-05,0.00028047586301352347,0.00029552301284325197,8.051165832512197e-05,0.00035212323754060115,0.00010709138041420374,0.00017986057306668753,0.00031517319783653456,8.887309280301755e-05,0.0005019344865383075,0.00032006566730750046,0.00013246071653115864,0.00043319325565486605,0.00010239400809091598,0.0001703021081474227,0.00023982023018499104,3.499422216179937e-05,0.00028804516616693043,0.0012415606681315694
145000,0.0013956360152332235,0.004223057612694835,0.005010486207235469,0.0002305543890717952,0.00436011675568968,0.010929454167905663,0.0020582909180208637,0.014951713514557352,0.016542090462418762,0.002378639514063252,0.011432253804685636,0.002106820030664438,0.0008233693678806903,0.009232290497190357,0.008249770722742302,0.049316416302948106,0.00592571916509076,0.0015068265882153447,0.0026223728839665584,0.011872137298147815,0.00327514272274724,0.006784637271266547,0.0036794903283286357,0.019627282159247746,0.003423676177546787,0.0045688501326367256,0.0015141893189490562,0.0045820391196684795,0.002063618157819078,0.008524978224511048,0.009029407457176907,0.011020031759891516,0.0006617431217950281,0.0007980882087976656,0.004952317819212719,0.0002524151934315861,4.992183810851489e-05,0.00017723580317992443,2.544331441750257e-05,0.000201716499759641,0.0001286006071050577,0.00013646887873619562,0.00030843178819850436,6.524972391880031e-05,0.00019568541299936203,5.7897505234499086e-05,0.0001525049322146132,4.7313322180997375e-05,0.00012877716587887523,8.31806215005186e-05,0.00048205490805300474,0.0006042278801032808,6.893977588333655e-05,0.0002242608231928007,0.0001551805529241643,4.5699172786002734e-05,0.00019885075911960123,8.920738900997094e-05,0.00015452589636942725,0.00023117277141864178,5.666764148675914e-05,0.0005496549640586744,0.00032116185964999505,5.041286932192544e-05,0.0006259064034060834,0.00012083920397896821,0.00013161106354735757,0.00014416969435618768,3.555135680244348e-05,0.0003269713465994885,0.0007418886962113902
146000,0.0017864818006716166,0.008085435479895549,0.00648339363639631,0.0002270731532287475,0.004763314400245494,0.010701319809803473,0.0037335470219512635,0.0221706626306353,0.015574904272968145,0.003595989546738565,0.01478707045855656,0.003783670683555918,0.001361314114712348,0.012772295973594406,0.013868380524260883,0.057169443559056767,0.008151557116521178,0.002178264424435815,0.004524643699759119,0.01480235533209149,0.005763120923853211,0.01079859881584915,0.004622425604708648,0.02446953346952796,0.005594937032886567,0.008651428250595927,0.002710814555763547,0.006297024653576955,0.0033295279042624103,0.012106176662787366,0.010150169452802706,0.015032806209861659,0.0008721216350124905,0.0015408847757287223,0.008975728435770079,0.00022239951103740298,5.6943031391429746e-05,0.00011296663691692547,2.5310967000321793e-05,0.00018341122768106288,0.00010268402001023051,0.00012660361608141102,0.00028650850526901195,5.626314218955629e-05,0.00019437499645152313,6.413201959268072e-05,0.00013446426158368827,6.49972722062131e-05,0.00020428717564182706,7.399909211678526e-05,0.0006298759388440745,0.0007508671818262277,4.973299310222501e-05,0.00018121277183553856,0.0002226453572865435,4.3230270379849984e-05,0.00022276531016877826,8.925324345909758e-05,0.00011984908079890981,0.00027911328984023736,7.710659368361424e-05,0.0005428444750680594,0.00025452873655417026,9.909334595077608e-05,0.0003881945143196693,0.00010319322841895256,0.00016782567120441984,0.0001904274849788261,2.593046551169209e-05,0.00031014275571257765,0.0005794446940853959
147000,0.0012196242690373077,0.005224804430057433,0.0051312193042273675,0.00020431498339978414,0.004217712686447238,0.006237560966318207,0.0020304724251130417,0.014756660515273573,0.01671061556734331,0.0022646769903076347,0.011028544111603103,0.0020221615825216665,0.0008991858677208339,0.007289606655610965,0.011614907852494713,0.05002639879239723,0.006825355010386417,0.0017753383226015184,0.0028119323932125034,0.010683086590919023,0.003924507569309718,0.006428706376027549,0.003707165202649776,0.018948011777441327,0.0038969573650695292,0.003421752667054534,0.00163598086555794,0.0042477300157770514,0.0028040636165635935,0.007523507148782242,0.008032140135765076,0.008602408753806511,0.0006158614073388418,0.0011163913584686122,0.0076015325272843865,0.00019173208684922623,5.2149588981365014e-05,0.00011433481216210401,2.7292613566145057e-05,0.0001288825039864605,9.233805259158389e-05,0.0001447457625545212,0.0002092800848913612,7.069930734360241e-05,9.441919734112354e-05,6.342010135012645e-05,0.0001341791206023277,5.057667448937764e-05,0.00012698527807672157,7.16699562624192e-05,0.0004396754894164937,0.0007867189463771259,4.7140919741650576e-05,0.00023944540749207776,0.00017387122114024381,4.760202723859534e-05,0.0002339867116011534,9.46658647080767e-05,0.00010927437294109647,0.0002137355351246347,6.223706674669908e-05,0.0003734911273915459,0.00026921011427745087,7.033356706693946e-05,0.00030644745614457253,7.418322487652616e-05,0.00018691823255981684,0.00012580147529894065,2.317220189240743e-05,0.00026892794210484793,0.0008234773253207095
148000,0.0014430099132073952,0.004717379406361875,0.005181667443139304,0.0002594881641576089,0.0032926425810268184,0.006440925154103232,0.002407649577156506,0.016640638367629006,0.010033130411778685,0.001727277794998372,0.01124996889639415,0.001906753602919967,0.0007514476149508757,0.007611547419924826,0.007655264336276827,0.026594866594071693,0.005381146861292932,0.0014690575467111672,0.002599523792533936,0.00968465396280711,0.00357206372042793,0.00595415777310596,0.0030345535080414264,0.01757334206874172,0.003620893611797429,0.004839461343362927,0.0018357532396162096,0.0033486213242213125,0.002209376396957155,0.0082786689674263,0.008541646424637292,0.00951939932285593,0.0006940306405109726,0.0010789924128434799,0.0072467061124067795,0.00030019274790658656,7.519877765180114e-05,0.00014041763746387335,4.212166344400594e-05,0.00022275413084571483,0.00012061995763612318,0.00021199843286012765,0.0003468224367679795,9.61553263981554e-05,0.00016476653098307955,0.00010363743432354308,0.0002270518760173888,6.216359502708713e-05,0.00016136013446275057,0.00011752116882813756,0.0005102761110720166,0.0005684888480269971,7.928381164674647e-05,0.00022158393297716855,0.00022021442362466618,6.80214859171842e-05,0.0002500455957928235,9.021737264447438e-05,0.00018538122062257875,0.0002956466030739718,9.508685428348448e-05,0.0004891167362323221,0.00030526159757839733,7.870791550844801e-05,0.0004267974311207783,0.00014034470364714997,0.00014423950584127203,0.0001749072909521854,5.113609181250922e-05,0.000354742233972089,0.0012788213589374209
149000,0.001258682194038802,0.0068099881668954535,0.007298806725278458,0.00022658970765405685,0.0036232399099758424,0.010667216955750649,0.0023196816224123223,0.02133838408297058,0.015284435082643932,0.003770846193219768,0.017456149639824784,0.003125251229996175,0.001305022519028915,0.008982199805331853,0.010497873958785717,0.03432588969796294,0.0065351126418785755,0.002024804145710018,0.003955505658398449,0.011992166486743372,0.005772559667619904,0.007200030650242947,0.004408894340643504,0.0200606884706455,0.0059298571368922165,0.006820751773193479,0.0027739601427745056,0.00485636278547948,0.004068144641154076,0.01307571682827397,0.011424817241956285,0.01607105922840464,0.0012319554021451916,0.0021277223770909564,0.011861917346525135,0.0002719772704113309,6.961575742611546e-05,0.00012788562693541198,2.9083369005854684e-05,0.00021436661609186558,0.00017683657075936703,0.0002704357721086126,0.0003675844136523665,0.00012169702562172653,0.00021482103880579847,8.848841040105526e-05,0.0002135820491235918,7.436513258696209e-05,0.00020254054049536504,0.00013503572253367483,0.0006272214743411006,0.0005807861562061589,6.328849558485672e-05,0.00023840749891322196,0.00023639264662929707,6.222879255801672e-05,0.00024265161243019193,0.00011273817892742954,0.00014477858729833315,0.0002779783822776293,9.478072230801141e-05,0.000631785891155281,0.00029074680503105845,8.975148937491024e-05,0.0006628970002364238,0.0001293859156555902,0.00016008465542784376,0.00023559960678336402,5.682963285380538e-05,0.000403540650999841,0.0009621000455808826
150000,0.0016342104324418895,0.006058415055088483,0.005405496081948513,0.0002874199078667936,0.0036881872464952802,0.008328689994024379,0.0017809719744447297,0.01877629659301259,0.011746709021787831,0.001962619338883087,0.012337830991816224,0.0028424690454831223,0.0010025122619205804,0.008602997361969867,0.009431672717704821,0.03210601577969404,0.006475195978748074,0.0013971768238189737,0.0029265741613926366,0.011425623898515673,0.003436974140132721,0.007177174753451254,0.00448634474259355,0.017335461596182235,0.0048066644703361645,0.004998150910250842,0.0019092614622364167,0.0039314654253151575,0.002636586821651744,0.009200622725691046,0.009698771599602574,0.011105396863198481,0.0006765801702608944,0.0013151960147984767,0.007676405392784445,0.0003738018225608438,5.186742137578006e-05,0.000148927218188791,2.3142546320379926e-05,0.00021403408811693225,0.00015316145281564999,0.0003562873444025172,0.0003343265960666031,0.0001303183006664193,0.00016002219165928085,6.0693654265670765e-05,0.00016466494149394668,0.00010828604700208189,0.0002496381686094945,0.00010611435837662694,0.0006828209308143694,0.000865101465024054,8.703106741450028e-05,0.00036577764728221786,0.00024149011432169135,6.0760115089082816e-05,0.0002784021694179667,0.00011061128054734581,0.00017032680221025961,0.0003086206118006465,9.127997030494347e-05,0.0005598570842135369,0.00032977357974080707,0.00011451878596769372,0.0003971887336875726,0.000124912573323559,0.0001912123062928523,0.0002473011965249835,4.097681641468398e-05,0.0003617319805719589,0.0007583234848425491
151000,0.0016861481263313672,0.008985331739057545,0.005939947541871031,0.0003415144536400196,0.003949791283635541,0.012095151153126997,0.003081876521367033,0.020913493456236228,0.02060104968639487,0.002956736439955421,0.015887841731365582,0.0037131707102496282,0.0010616809952559627,0.012009456410658348,0.013961717003514744,0.06367618449985457,0.009502749173060735,0.0022614442106392353,0.0033325013937428594,0.01538152114151065,0.005193450029789277,0.009555056944788833,0.004837422593894492,0.03207020182162523,0.005728196229433201,0.009983853111043573,0.002179417585642612,0.005050581654359121,0.00320487255744143,0.010726535487910657,0.010321819308155683,0.017038462336551256,0.0013558158284741222,0.0013603172670352865,0.007756361853252101,0.0005021802116199783,8.973524398027764e-05,0.00018756364199196634,5.563041443713383e-05,0.000272761031283153,0.0001634442752277964,0.00023872492420196068,0.0002955725872197945,0.0001427801779707232,0.00031428044528040213,0.00010515225991168466,0.00022405945896695668,0.00011781138940847313,0.0003073624973112522,0.000136533889334797,0.0006953469656064743,0.0013492727145300403,9.684091928647831e-05,0.00033776725798147987,0.00028219967467082134,6.53968676984236e-05,0.00041206419577534804,0.00016211164574997383,0.00019280213591501807,0.0003323497634063152,0.00011696619427918147,0.0007899949377120006,0.00045831107702606796,0.00015712762827099945,0.00048356106829790707,0.00018506255623065813,0.00021728115812688235,0.0002588510597951016,3.447900363084955e-05,0.00035202734386625745,0.0010528114937187639
152000,0.0021197243068068142,0.006400652994974128,0.006041518573814149,0.0002806783445941199,0.004056112030469459,0.011602534064357834,0.0026226085632398252,0.018611495123218,0.018257559111422284,0.0026502701020945096,0.014679380603029354,0.0028681046808612465,0.0015008889436792356,0.009209615831699039,0.012982243733045727,0.053599721604769,0.008311824280012627,0.0017551299022647694,0.0032319738997362685,0.013015505986259087,0.00477251479978979,0.008014065149576968,0.004850727510104965,0.026155820745043457,0.0044533179948519405,0.0064225173089653255,0.0023860550380402036,0.004397912874992471,0.00313583303042619,0.009855629883531947,0.008722326643570947,0.0129772428682862,0.00089957682482669,0.001550788425045666,0.014315806629787807,0.00034106491191161173,8.793458277978061e-05,0.00014811261127595736,4.7495547790506876e-05,0.00022954193059376848,0.0001579065042689879,0.00025947156427719165,0.0003320089368571644,0.00011741237358364742,0.0004325476586090142,8.371614833078768e-05,0.00021611651480494051,9.80761053739343e-05,0.00023791159669246615,0.00011126971019786487,0.0006906068272375985,0.0010177117170921217,0.00010397926635050681,0.00025784670280551593,0.00023452849883800935,7.697754596268747e-05,0.0003187953525118627,0.0001095283937502245,0.0002118498697301321,0.00033506145118735733,9.2364675947465e-05,0.0005799059233130945,0.0004205380453028182,0.00011904965810105284,0.00040396558769215416,0.00015829576969801046,0.00018741945340090233,0.0002289721115537011,3.928366780314718e-05,0.000349874881044152,0.0008444196835625916
153000,0.0015553303696464896,0.006483214966094776,0.006487491800726275,0.0003269836095219384,0.004259194139943051,0.012522503933204072,0.002296726011932591,0.023834048491741724,0.020385300266269363,0.003752416363568045,0.016908416915095675,0.0032480137601758503,0.001360334702026607,0.010567671915906072,0.012632440101108788,0.054472053268909804,0.008806068629426244,0.0022608720996974132,0.00404352637685536,0.016171639939736148,0.005770290593512493,0.008075546464949315,0.005973108211328508,0.025755174102960153,0.006739891094415696,0.006261100224219262,0.002194788798856133,0.005247722533871031,0.0031414273403831483,0.011768865370662927,0.012870871796282397,0.014973381097661331,0.0009842588438507742,0.0016269658717435452,0.012432567069077373,0.0006137175567723878,0.00010707773263543698,0.00020295426119529029,5.9345438129289015e-05,0.00036385722069098847,0.00014281085690469054,0.0003390127149032196,0.0004780016137374332,0.00013990017329266075,0.0003127974194141739,0.0001184616545409816,0.0002793104793199107,0.00012308306622088594,0.00040062771689337813,0.0001867471063715956,0.0009121958928342513,0.0012136661874440808,0.00014282612610259094,0.000468515799982516,0.00040490515456095355,0.00011443436324043432,0.0004254266118599629,0.00022298654585028999,0.0002660807097577668,0.0005288473815408697,0.00014456288978787296,0.0009113043128130597,0.0005723300598295585,0.00018605864613926168,0.0009731512769172292,0.0002909972435554074,0.00023064512749572583,0.00032817049372850293,6.582647662867203e-05,0.000592869530548739,0.001153760120359948
154000,0.0011886684823907304,0.00492627108582787,0.005113459644538428,0.00023281467523562381,0.00316815392916051,0.006864475618515696,0.0018284181619345609,0.014618834917914058,0.011862483000361896,0.0022259058059717063,0.01242201416778384,0.002613190070554324,0.0010972710455958309,0.008089405521538785,0.011397360564468032,0.039264765636895994,0.005770760612947578,0.0016856764794030386,0.002379544923834536,0.010265071708490723,0.0045599682513074394,0.006348391606739564,0.004392930821159098,0.01680077493462401,0.004207248357502861,0.0072025002911686896,0.0019316811587868283,0.004281077060416767,0.002636351806765614,0.008725424480226432,0.009828227825443415,0.010746314559722893,0.0007783306059175962,0.0011033333501970003,0.01035422545101028,0.0003253303652286377,5.766854567923474e-05,0.00013050779009724712,2.9609952577290194e-05,0.00020311073603807017,0.00010256520999369155,0.00016408860574301798,0.000297006266828248,8.255002060315364e-05,0.00017462435553170508,5.75494385563908e-05,0.0001490992676416793,7.861359836169868e-05,0.00015490059587854187,0.00011430707011393018,0.0004949770088300144,0.000669062081821418,5.0511259723862166e-05,0.00027349360399447117,0.00019325131274697548,5.270016555931017e-05,0.0001917957111135199,0.00012008317798972712,0.0001367570155568703,0.00024467840321799135,8.22705582928999e-05,0.0003478362286193837,0.0002883328272715786,8.086259013325944e-05,0.0003431423652323752,0.00011481811376429446,0.00015557828010059893,0.00017144330395902512,3.2393279020936916e-05,0.0003057908235645942,0.000829317530588014
155000,0.0012537003104208034,0.005051746072610884,0.005545631453666526,0.00021793051099708603,0.003050817123235165,0.007303475859641496,0.0015773452829718384,0.012995366435586452,0.012042181132505615,0.001715978460651968,0.011000135869745676,0.0019979806598266992,0.0008801597081897357,0.006173935496531847,0.008024967861231691,0.03499991927522691,0.004785313101820066,0.0015916018955861927,0.0021462330072868747,0.010451721160886033,0.0038944504733028503,0.005541502854092479,0.002924700050643878,0.014977418689522893,0.002269453852600164,0.0046755059389397505,0.001565413992293983,0.0029459734193248246,0.002462164395461407,0.006456558601067011,0.004737980557729315,0.010884540368211813,0.0007824049477792327,0.0009398980457717698,0.005177289585440626,0.00027690001210852903,6.500196456583676e-05,0.0001216765091488593,3.966852048243566e-05,0.0001900754177768249,9.073875782918394e-05,0.0001724545063552796,0.00024125282961904305,7.29246199912986e-05,0.0001218020272852683,5.9065653516248466e-05,0.00014524207333459728,7.622156118003431e-05,0.00021165280813894744,0.0001277455027196662,0.0005295045808260021,0.0005287959793349728,4.8632857215125114e-05,0.00022558375662718353,0.00020503998906672773,5.046391161365384e-05,0.00023604779020662203,6.396103708539158e-05,0.00016284356468077021,0.00027941460744281915,7.347800474235555e-05,0.0004604987324802751,0.0002916691474318348,0.0001038787957703142,0.0003526584005157929,0.00012781667119462361,0.00014522723553714708,0.00020199211879542184,3.329427352127823e-05,0.0002816313444018,0.0012102994420274626
156000,0.002096931894000689,0.009519560817689463,0.007454710696644422,0.00023654774060140392,0.005149506006494483,0.014623003795609943,0.003882629563885266,0.028150016717000993,0.01969721539610217,0.0042075872552231885,0.01960471894306937,0.0035861878356200226,0.0017484338701857876,0.011214801762958594,0.015544218395627788,0.05408425978203013,0.010261449841501806,0.002947649369576262,0.00419158062556692,0.01702682417531226,0.007060078055997984,0.011449885863839881,0.007659218014159705,0.029269865675208468,0.006822619644611093,0.010735801700502635,0.003141417037025554,0.006798928102549932,0.004453743239847587,0.013978782922006962,0.011080499172579342,0.01874670823991227,0.0009814010651467697,0.0024810201170915864,0.013650479192619969,0.00042617862819278277,7.77502595646614e-05,0.0001047936741749502,4.9481771221310856e-05,0.00027833057356474455,0.00013771348126477066,0.00017580538042238913,0.0004325435023929458,9.738039788269242e-05,0.0002429430072927636,9.02443788869992e-05,0.00018776398446948805,0.00013279630402251996,0.00022821861325649575,0.00012675015155268326,0.0007033472848259127,0.0009277091388260791,9.056476555997506e-05,0.000318719123688239,0.00021416784505257463,7.334352054303136e-05,0.00034773154964822943,0.00010608442562443088,0.0001664972734324187,0.00039198809049244466,6.991061291046207e-05,0.000611885036240897,0.0003300601774332824,0.0001306803279509073,0.0005801962431885638,0.00016304471693741096,0.00016544107555611326,0.00021220624591818699,6.790370656517553e-05,0.00041010640168434375,0.001291912855958799
157000,0.0013925970247205318,0.005513700375794778,0.005873797686945181,0.0002339569285595644,0.003765798770381238,0.007664987892245075,0.0021093235933632615,0.017579037453377203,0.011997347778793781,0.00262287200166611,0.014463693026670997,0.0021840449911794666,0.001110161351265781,0.008118346188756263,0.013962968589690075,0.042175964269214695,0.006991310171239699,0.0017449149497305015,0.002948349829239305,0.013325819035671885,0.004069769909150322,0.006365279187126102,0.004844308082247153,0.02264759080329289,0.0037374587487748715,0.005071765114553273,0.0024413980424704334,0.0037767483521141307,0.002459526069886873,0.009839166401082278,0.008705068788015828,0.011914433547644876,0.0009062402760727869,0.0012033524632559336,0.007267738464785604,0.00027859602796809213,7.331534836764244e-05,0.00011185015360255916,4.226278742890027e-05,0.00022191651896719122,0.00011726444833894153,0.00018551704579294892,0.0002920916583207145,9.139957522788073e-05,0.00019560043768395094,7.498103473478426e-05,0.00016913420680347163,6.558576190585086e-05,0.00019516193005082296,0.00012752319509507453,0.0004873277960926386,0.0005365477403150484,7.26737640434294e-05,0.00022604470225870703,0.00019950544058168628,5.098321267641123e-05,0.00023446475958041046,0.00010470250072103227,0.00014508185913402686,0.00026967608030015704,7.024394568967788e-05,0.00050315464939128,0.0003265680688518505,9.001335612444015e-05,0.0003644748335823857,0.0001620340610992122,0.00015213170432356752,0.00020401171103080447,3.538242717127105e-05,0.0003322960925028643,0.0007577362957817968
158000,0.0017832339409397792,0.005692987361355874,0.005603093119134428,0.0003006854213149032,0.0032644641986838835,0.011741496481200946,0.0020340679232122645,0.019940046698834254,0.014195520348237874,0.0025515850757074077,0.01489606868127328,0.0028231329440076276,0.0014413545837724637,0.009723314308509791,0.011613585859766531,0.045957864369484014,0.007133576156168904,0.0026333596412043817,0.004151977921407836,0.014161376216482799,0.0039104734165247325,0.008378153172608498,0.004329010960415569,0.017406875933132445,0.003926735617665505,0.005661422049161047,0.0022299580118743186,0.005100662389850186,0.0028848701594945264,0.011170469546003358,0.009334003731006912,0.014194606008599155,0.0007474959478912524,0.001181036487703877,0.005960274682870982,0.00032261656661246107,4.707838416313854e-05,7.579577980074895e-05,1.996941146414308e-05,0.00012614820752787637,9.689129332003931e-05,0.0001305707173742121,0.0001702893838228192,7.711404587577195e-05,0.0001260171983858527,4.591728076783446e-05,0.00010743639034827586,7.332418903871485e-05,0.00015574966592119945,7.420952169923112e-05,0.0005258067478525146,0.0005358255936395532,4.877671672147699e-05,0.00016513407070083396,0.00015692400029365672,3.618017911900427e-05,0.00019684483570545712,8.654928410578577e-05,9.325874253186662e-05,0.0002498624838083812,6.80433323092681e-05,0.00038943036146317245,0.00019771883422158175,7.864745280663178e-05,0.00029718374642268626,0.0001012589930542458,0.00016522786641611935,0.000148420289736033,2.1989636493913167e-05,0.00021844446141471008,0.0003876497892633779
159000,0.0023042270099599468,0.013208374796333912,0.006584426843498174,0.00023675765863187664,0.004491769172943085,0.012366225352577333,0.0030853458920172406,0.019096961225431204,0.018807062388054584,0.0038949197696638294,0.014130490751411366,0.002670329535731628,0.001301148900176596,0.009496760753818584,0.01774193747979178,0.07638292560235034,0.009354006594332446,0.0032887985401464878,0.003970091043031841,0.013672147417552575,0.005978166455803638,0.008030477260815263,0.004624351391636689,0.024108910320016243,0.0041286514071746045,0.007190191582776606,0.0017203202030780249,0.006006148392164808,0.003232803452085457,0.009306138696340513,0.009362996087681192,0.012800123110467281,0.0009783524255679,0.001833211433465696,0.006603388142846395,0.0002704406700877777,3.845036877617316e-05,7.553722577375248e-05,2.643665781092805e-05,0.00019851497734180157,0.00011628143064544542,0.00013043288163316902,0.00022635063505731522,6.327514395372036e-05,0.0001025534178642087,5.234013373061381e-05,0.00012086484907501329,5.733262348339707e-05,0.00010702639833937155,6.0601708355534356e-05,0.0005219519058510531,0.0005535379641514737,4.375841235741973e-05,0.0002460457725071453,0.00012612246374719063,4.6134251750696755e-05,0.00024232278052315002,9.881926564503374e-05,0.00011960044966170042,0.0002263559956575661,7.357110607699723e-05,0.0005621396597559265,0.00027571983591727714,5.701521510738596e-05,0.0004465886324598816,0.0001174754373841091,0.0001306380244646529,0.00012885167547670834,2.642729706536784e-05,0.00036867026898765006,0.0006519779624795774
160000,0.002212462449991821,0.007051145071239228,0.0076530744445335586,0.0002645834154393994,0.003928572093645005,0.009362546976522676,0.0038719050570498147,0.02005752018907087,0.022022119490993877,0.005008295898733195,0.019228716757537272,0.003601017279927001,0.0014029480349343044,0.012382009606385096,0.015004339729784988,0.0646276197797609,0.00866467973284151,0.0026298291669275076,0.0037106933154323735,0.016826396115114526,0.006077119658346839,0.008499721073478992,0.005824367221139255,0.02825870323382939,0.005854377471180106,0.006530468771234155,0.00226678123818792,0.005817389635922154,0.003949893857455155,0.0131729993640141,0.01213671372422444,0.01862500514387368,0.001057342731730142,0.0016374162458220758,0.015522843655667707,0.00029793042852637494,6.432887442997526e-05,0.00013892872266296763,3.520624637991226e-05,0.0002475538362887164,0.00012488591705200536,0.00029996710873092525,0.0004268457096259226,9.62583476872456e-05,0.00024535119257626845,7.428212160667563e-05,0.00021536989431711974,4.986451644484191e-05,0.00016568310172127392,0.00010242907493110661,0.000650748491226785,0.0006685288159739381,7.803683729434852e-05,0.00033306229366013323,0.00022884182989996746,8.849324355899377e-05,0.00030652013168535984,0.00014536172784573864,0.00020538655580695477,0.00033012565867326113,0.0001227630613357178,0.000627466047123051,0.0004536697296868152,6.32049484414614e-05,0.0005437923779633517,0.00016773378429915485,0.0001692238277298332,0.00019960434867707664,6.907668756639396e-05,0.00044661042150383927,0.0008404127569519914
161000,0.0017829286796375134,0.006123093518706608,0.005210872604341906,0.0002998200558557493,0.0033329364908505467,0.007665351864748767,0.0023488618329675745,0.01785791619277363,0.01521492184784171,0.002745374345977325,0.012286136883002329,0.0023852586002286276,0.001287887604893044,0.008005935161870157,0.012099741185589022,0.04027518638607338,0.00763694546653174,0.002446348847426427,0.0037000526884055163,0.010854259426293235,0.004267409011659031,0.005879255882713811,0.0039577425101015255,0.01752845445104564,0.004279500505314597,0.0043369817547500135,0.0020769633423579734,0.005341180290997727,0.003384629013153779,0.008880039569058066,0.00933909503093067,0.010853041327209212,0.0009173588683604696,0.001648916185437228,0.005888648039318569,0.0002918569218520263,6.140063745731008e-05,0.00010712171330272791,3.3362459717009404e-05,0.00017907065739564132,7.92555757940097e-05,0.0001553935808260576,0.00029342768148126196,9.840676432902815e-05,0.00018070484111855253,9.724680410719039e-05,0.00020133049034292956,9.597607144229414e-05,0.00018483041162849548,0.00011440994388646108,0.0006444059545873853,0.0006854976102962004,4.731928784167394e-05,0.00022065481956518368,0.00015004023495340994,8.553538956138337e-05,0.00016591821341408117,0.00010655431378836511,0.00014224010664065645,0.00018757014368020464,9.946637431615576e-05,0.0005911721407270668,0.00031630975068445104,0.00011571949218770962,0.0004450356401422242,0.00013465668501431218,0.00015322416376355768,0.00015669427333276167,6.194165257511486e-05,0.0002991106921131979,0.0008549232323275646
162000,0.0016976596428788537,0.005979668322079642,0.007694679857195297,0.0003421082673132612,0.0039892392380375275,0.011451239805735116,0.0021252207966280102,0.016307852053061796,0.01472644722084221,0.004290616561775096,0.014063611594107819,0.002179745253002062,0.0010174370340378532,0.007428758508247098,0.011693942498009967,0.04811011824313027,0.008022297650833414,0.001540648837489462,0.003802452529531105,0.011460673748176001,0.0035313650134246297,0.006748129944493745,0.004952776441011035,0.01678084153099917,0.005195894978102828,0.005880197160877287,0.0023796480222553064,0.004111044197998126,0.0030999481830376145,0.010143495630942315,0.010100439136294881,0.015118752109209219,0.001176084230181118,0.0011256885644015287,0.010887915728138372,0.0003574773276113774,6.4609868414173e-05,0.0002026878919423325,3.240097168644018e-05,0.00027843096722790506,0.0001275659442495801,0.00013620536356029334,0.0003415174136534915,7.968695052496562e-05,0.00020505403069699625,8.083510117233216e-05,0.0001555385551910149,8.962859571326476e-05,0.00018039897768097756,0.00013754223255091347,0.0005626031618353759,0.0007393514291228106,6.734300950483885e-05,0.0002762958823839245,0.00019386617939995505,7.370967370496311e-05,0.00022818046670758493,7.621561735504656e-05,0.00023465013567955693,0.0003315022452905116,0.00012029655305620205,0.0006466029894065814,0.0003448494563932164,6.689764942977392e-05,0.0006923785925512979,0.00018616749527636077,0.00021210812272849061,0.0001762549048385887,6.447629488093298e-05,0.0003725460307058321,0.0009116555309446994
163000,0.001503913570755882,0.004735167626037124,0.007202643994484485,0.00032488429094603186,0.003313605439214808,0.010674984992614813,0.0027151581912661523,0.016853881654884283,0.014235897567065382,0.003372751121787587,0.014172079224127955,0.003125795847896667,0.0011372510004245366,0.009455200875946144,0.009281101098124911,0.044056278755306266,0.006832514038121319,0.0016167985998931094,0.0034847450749241815,0.012392948726580168,0.005781297824780898,0.006777830360598662,0.0039043886992294573,0.017854224213321383,0.0048697450692998245,0.005827631196007132,0.0020764632929292986,0.004911190697688046,0.0033383460804008577,0.011046879611028763,0.010327470239280956,0.015418131370097399,0.0009074823450517372,0.0015204976429612183,0.010399915976045627,0.0003038121048766535,4.7221442243701526e-05,0.00010436196031481482,2.287476660189512e-05,0.00018501733916309604,8.360093827958097e-05,0.00019762157717195805,0.00031701046846137614,8.960315608419478e-05,0.00016807782453485598,9.963043639536247e-05,0.00017898018493150105,4.8222167897904455e-05,0.00017818614427487147,7.232144988930403e-05,0.0004952507967573184,0.0007454751830664463,6.146932446426945e-05,0.00023710867417878258,0.0002171949470658578,5.264519336378726e-05,0.00022808070689377499,0.00011740776562874089,0.00015702319560912455,0.0002666278931148834,6.794839349216394e-05,0.0004801338806843095,0.00028429106600082443,8.450863152075226e-05,0.00033232454673755757,0.00011149521645331168,0.00010524780457542095,0.00018195228159540068,3.7140864691309616e-05,0.00026048577156878675,0.0010131286268006078
164000,0.0010879362361437587,0.003841166359052295,0.004753947875239343,0.00020062725996537596,0.0032481809771697837,0.008979118736793421,0.0021825283179315457,0.017197334955377373,0.011461588386846645,0.0024843816136126406,0.009835566065849429,0.0018888930763769538,0.0007739240333621362,0.006175909915934123,0.010445257791348816,0.041912939207880605,0.006180799727493043,0.0015153557670612517,0.002810276543251738,0.009292983228733646,0.0035645614561797875,0.006062826910368001,0.003701167424939437,0.015393612357244516,0.004343792664546945,0.00343233976745978,0.0015079849464757812,0.003920917069081042,0.002554090007127824,0.009031803517803295,0.008246265625445327,0.01190073352951843,0.0006609237967788536,0.001958123118753107,0.010422096112051804,0.00033656580719463946,4.922892278844565e-05,0.00011371901549947242,3.213613781376095e-05,0.0001788887698239705,0.00012598961043198522,0.00018801636088028317,0.0002695217899599811,0.00010107364629986573,0.00027357999802485496,6.467639705708247e-05,0.00021688163019860984,5.475738540994257e-05,0.00020186431210676942,7.58914536411546e-05,0.0004056129927361186,0.0011130364970692124,5.545939056901261e-05,0.00022244276739484677,0.00020062301691409787,4.655104541226055e-05,0.000265010502575493,0.00011487202846183209,0.00013603766012693086,0.0002954851888716803,7.219908256956842e-05,0.00045065125147498146,0.0002525744057577497,7.291098625722264e-05,0.00031199153151343734,9.380446333018987e-05,0.00010175667050914074,0.00017465261424281527,4.020145716765455e-05,0.0003075916790405107,0.0005809279195091221
165000,0.0015992725021607003,0.006837077489493553,0.0079656231670621,0.0003700252206447028,0.003349017607537393,0.01498660956609196,0.0030423281512177653,0.02012772078438395,0.019538719182186977,0.003337155379995238,0.016788678595068274,0.002841472542504376,0.0013863397338850932,0.009209177767457511,0.015849808560811012,0.0552990843182973,0.008589676059273188,0.001958678142739389,0.003725049906019454,0.012714410522797455,0.005109783123420514,0.00843825677631165,0.005132796670914104,0.025026877725031225,0.005707038182302471,0.005334138427861035,0.002065169194763932,0.005802229438207481,0.0031300123820341575,0.01166743426725706,0.01044367059628712,0.014480674544197077,0.0007767999971045688,0.0020918817024848553,0.01743235447378942,0.0002656731097496439,6.284576924773127e-05,0.00020245681372960627,2.887607580436978e-05,0.00021296654699654027,0.0001500755977981208,0.00015250641445163637,0.00042460335844225484,0.0001242274147922504,0.0002834605990875915,7.271948582732486e-05,0.00030090443020893424,6.563406992921017e-05,0.00024978608959566704,0.00012860583757918158,0.0005703466702365964,0.0013094696393333531,6.765822654415387e-05,0.0002779452736701517,0.0003223688049886199,5.868815585265772e-05,0.0003092887209472841,0.00010362502519001282,0.00019003180698796819,0.000400778117559989,0.00011063413664184434,0.0006178615044720368,0.00038857480275409116,0.00011103020257930464,0.00046958630041950126,0.00011935797853719171,0.0002031254011853889,0.00023079784882712272,5.075261575626655e-05,0.0003882523223748511,0.0008488937601214275
166000,0.0016067060037990764,0.005823620591938918,0.008600629501112659,0.00023137527517484648,0.0032060815453716506,0.00967862837881382,0.0027208089473025475,0.013872960022483454,0.01519629353604994,0.002939462319773156,0.018058750684567824,0.0025225963906209195,0.0014277584180518081,0.008124641301974683,0.009450667617099551,0.04571022455699373,0.006518943026180966,0.0019345697143497874,0.0044191413279414905,0.013057174810116218,0.005027213888105892,0.008051490870067417,0.004042540095348765,0.021750204478545736,0.004746319006381595,0.007015863410197198,0.0028626125020808457,0.005042021460819039,0.003549390596248593,0.01208390254220332,0.010431734831945505,0.014980499836383387,0.0010908255953289915,0.0011891223924617089,0.00899973907811121,0.000435637855170106,4.5764154782097266e-05,0.00015943739807963456,4.0476492836753466e-05,0.0002867979869733972,0.00012014565420921575,0.0003032971526408801,0.0005389474437833997,8.238763755224155e-05,0.00014550931575860505,7.361650226869187e-05,0.00016157416289468274,9.214874315688348e-05,0.0001928458598991585,0.00018941200902521484,0.0006567283499197611,0.0013255823359941132,8.050439701037248e-05,0.000329099789770244,0.000185944524077811,8.69309619908811e-05,0.00028424979555766384,0.00012030564357701223,0.0002555625751609922,0.00037355240938967866,0.0001052502854387664,0.000555650833568448,0.00045262993979509636,0.00010457315333091223,0.00040065800324858475,0.00016899815164396823,0.0001489423722367584,0.00019836874295536643,4.166388913517949e-05,0.00042077189432691874,0.0009853385403403082
167000,0.0017050587982855693,0.007010534066702584,0.006879233954047474,0.00036387212641364805,0.003165676715416109,0.009490181326067873,0.0033701924061930303,0.016715280908173036,0.01681234813303824,0.002512667788323597,0.012538318542350747,0.0025916631756426425,0.001524934101546409,0.00945392727953731,0.01085475461620851,0.04429943859698445,0.008677311919373529,0.0018634051642188348,0.003624078749583402,0.012899730903724654,0.00547228676999881,0.0062358595979666075,0.0036756412339551997,0.01912699391444524,0.0046555805183165905,0.00635242466814816,0.002522334280852632,0.005225683813629682,0.002152653285285102,0.010334000273771028,0.00976487631094642,0.012236659943412703,0.0009739891706727322,0.0015570838202747413,0.010698651459481172,0.0003836755910496338,4.746672015854576e-05,0.00010975907550594208,2.7127918030370882e-05,0.00019568416587389947,0.00010318112289583718,0.00018413227917335462,0.00038895127618161497,7.489771264533231e-05,0.000155460763797141,8.997156002184932e-05,0.00017137063444176435,9.839841943914962e-05,0.0001520196880870446,0.00010158802863522645,0.0004551316801518204,0.0005988270956246803,5.7256335276179014e-05,0.00025750149198961017,0.0001817134118404095,6.648937423134075e-05,0.00024696670390610923,8.210334408431663e-05,0.00013535212438379554,0.00027515535363748384,8.718546359887114e-05,0.00047728415315014086,0.0003229570679145076,0.00010508084351140251,0.0003125391782911417,0.00014090001575250543,0.0001264627656902511,0.00017662892046594664,3.20247656304673e-05,0.00026977179046688046,0.0006992602517129854
168000,0.001089294452585081,0.0058265563090605646,0.004731339573481819,0.0002616318970467546,0.0032692931013519264,0.009029658993573062,0.0028702602957925974,0.018189177615247045,0.017924372015374813,0.002342755477002356,0.011202957145284062,0.002012701895683695,0.0009704713222824714,0.007830013376157942,0.012375887127992053,0.04913934826223946,0.006898411303111408,0.0013707511632075485,0.003038523665704166,0.011353435113245117,0.005441979093470413,0.006343335883034992,0.0037163946794559403,0.022473702649585904,0.004472577616705542,0.007084451336413622,0.0019355352064995977,0.0035601956660684664,0.002402516944515382,0.009583017838468226,0.010294554197462275,0.011458424365488239,0.0007897694015311502,0.0013150769924471016,0.008553086696034976,0.0004562597623549079,3.706518080997213e-05,8.091597204508038e-05,2.2234125975660118e-05,0.0001622873487576726,0.00012079042360884604,0.00022079747941461392,0.000299311701382976,0.00011558088599964609,0.00015188117311625224,7.342239596133432e-05,0.00017942765920483987,4.9811932038679174e-05,0.00017921015493933392,6.841168644975617e-05,0.0005489269228187018,0.0005844077180275539,6.90665274305502e-05,0.00023390781532317323,0.00018981060515968772,9.700758484789482e-05,0.00025909968387354004,0.00010284925531323097,0.00012581081785533065,0.0002671321346917046,6.964324517563606e-05,0.0005275116503570086,0.00031970203318636506,8.63956244167049e-05,0.00019760568728896842,0.00011969240566920483,0.00015006022204033798,0.00021193190047891756,3.8487038594325895e-05,0.00030251450570780315,0.0007189545329310931
169000,0.0011538430878956845,0.0042472159881678335,0.005687288448825711,0.00020926048338459132,0.0025699939656136203,0.009920484299072996,0.0016002007864552715,0.015533496436332558,0.010420753608747262,0.0021511708218895365,0.011442996723933813,0.0025222045546148104,0.001013983396026588,0.006633843352822375,0.0070658308264683,0.0229140936001689,0.005321995090958981,0.0012362134694060992,0.0030218674271184553,0.011206398114736657,0.003030143139466628,0.005315345894684599,0.0037880413841533786,0.016367112360118577,0.003655105323891875,0.00606489252531901,0.0017463983167544939,0.004265266049325571,0.002549890302522245,0.008988051698730898,0.006656919544402626,0.012578267148525741,0.000699731733797867,0.0009375434695748693,0.006230681468069734,0.0003068991669315275,4.8709865414988793e-05,0.00012265367716033572,3.493847630700229e-05,0.0002629958341913152,9.509017741764066e-05,0.00017274071979045402,0.0002940243854027358,6.917456362555783e-05,0.00010103394965163285,7.012269323049784e-05,0.0001945387067567744,5.694346647011628e-05,0.00016213551958211108,9.710470856754745e-05,0.0006410701176999003,0.0005159367083251709,6.650653485849035e-05,0.0002894860337656443,0.0001805502800787759,6.044760382130996e-05,0.00029289345328961446,6.646508245466975e-05,0.00017281718740175874,0.00024307475974078094,8.152303568446466e-05,0.0005226476482009705,0.00038688444627681476,6.65389913432886e-05,0.0004049751425756969,0.00012211746988001536,0.00010103007519189435,0.00017421954072506564,4.8922764079861736e-05,0.0003111176464997453,0.0006082186202547746
170000,0.0015109751071282222,0.006338492410173381,0.00691473258818102,0.00020366515528761597,0.0035213446024937194,0.012405967581019337,0.002159163220576668,0.021036605316968396,0.01985091394876575,0.0024471690485370345,0.015913329073544133,0.0028196793159158727,0.0010271094334629279,0.009632446843445932,0.012886145400775336,0.0634962613900522,0.007153867821346337,0.0019784233552371327,0.002450484239878798,0.013973261801778184,0.006256170697731879,0.006774371418682027,0.005555642577043424,0.02163553353360233,0.004552774412014327,0.006603500200435519,0.0023333203740372893,0.0051836888208830105,0.0032360283791443662,0.011522641875349255,0.011742138187255478,0.020362843494065322,0.0008019160876999037,0.0010974818328736017,0.011637834078202205,0.0003506589049087389,4.9642992130160514e-05,0.0001084873350588499,2.7987417346791398e-05,0.00024283981360895268,9.273294824893999e-05,0.0001706639704934787,0.0003157021381412051,8.183459100875648e-05,0.0001616746183524236,5.5162354593919966e-05,0.00014289473379473124,6.033533231786237e-05,0.0001591832160086377,8.936752874433296e-05,0.0005598356197669301,0.0010446234634097589,5.334671222954057e-05,0.0003346633899981294,0.0001963199136863013,5.374621667380614e-05,0.00037261676593956393,0.00010530525196372764,0.00013860886826932983,0.0002962678348852093,0.00010438482189177497,0.000580455262301653,0.0003741881968237606,0.00010641775791325697,0.0004034105756242449,0.00012974621137856672,0.00019792570278046436,0.00019071691048799084,2.9115013219893626e-05,0.00038445193147999205,0.000785418160376139
171000,0.001946243522881461,0.006890371719944394,0.006410721155892436,0.00029690735324878077,0.0045111822727898175,0.010588736356502133,0.002986706060842299,0.018949931528814155,0.017574479413989263,0.002234462750493549,0.012349372175338902,0.002953163669765357,0.001029374456927392,0.009433137288920769,0.015374444058140986,0.054415406531309905,0.008211088230035827,0.0017285841935333764,0.0030816739165727214,0.013461952406384323,0.0044971984263488946,0.008667484082252486,0.0051166955916778535,0.025226199888857083,0.004553539099625985,0.006895918911322951,0.0019010845484987635,0.004899738665926634,0.0028398711357594413,0.012104530018639766,0.009207501071238463,0.014267799050475542,0.0008150081575953786,0.0017036301468748248,0.010957233757027198,0.000387277606433502,0.00010646562772589469,0.00014314176083148183,6.364314371984871e-05,0.0003062572022827226,0.00011451342260820542,0.00019457516646070872,0.0004224386004352709,0.00012118497124902206,0.0003061551279068609,0.00010160637949111009,0.00019088540797016767,9.50839703293127e-05,0.00017593117703309589,0.00014126241843438368,0.0005805568177807939,0.000686451911557621,9.078747752937489e-05,0.00026614536263692496,0.0002192445995049262,4.3541860246808604e-05,0.00035849344082820883,0.0001966163481483818,0.00023003854748064137,0.0003229717352951411,9.760651173564838e-05,0.000719330737683532,0.00038525900377332317,0.00010004849342327393,0.0003874638401207954,0.0001596417335249144,0.00018713722822992298,0.0001743291370750681,6.335477726793215e-05,0.0004216376884655534,0.0008275580599729438
172000,0.002113310561219043,0.008909846901520656,0.006917976686660647,0.00024344148098232556,0.0038277365129494073,0.01137118598645819,0.0038219946785419223,0.02126954643302038,0.015768187153914565,0.0033130926894955337,0.014014344641992343,0.0029599756897517424,0.001360023026019476,0.010225508628178486,0.014005502337685731,0.04184567095035163,0.008278713615990932,0.002841868244323001,0.00392859715170094,0.013919911188349943,0.005402511443891783,0.009014287689102016,0.005327212074116687,0.02471725466117884,0.005885160086108954,0.006858743773773312,0.0023655203245623617,0.007072608252201462,0.0038704243070456228,0.011997987790363691,0.008965131786923545,0.016948290507291228,0.0012127177763108404,0.0019541450056368734,0.01751999044447277,0.0003598676458511006,5.535057596860401e-05,9.701409668526718e-05,3.38309359862996e-05,0.00019294593766971957,0.00010879996710371493,0.0001863404413597891,0.00030047383725104735,0.00010169637650841124,0.00023438619889595047,6.803362355916371e-05,0.0001642779101602125,9.585787293886483e-05,0.0001655910163353367,9.515284860257948e-05,0.00045299593210494584,0.0008571667567593977,7.492406712117372e-05,0.0002454543067201763,0.00017762817207830236,3.999880085426742e-05,0.00025648361039417575,0.00017441013983443554,0.00014606262035006998,0.00027342917238946447,0.00010873183758424906,0.0006317882361088934,0.00031195838230949584,8.657987398913286e-05,0.0002751684949342032,9.991038298237556e-05,0.00015715554270302943,0.00016306952002856457,4.9132403390217405e-05,0.00035342776930772117,0.0018038059432001318
173000,0.001816772719516971,0.007997684472044327,0.007553221451113738,0.00024099535410361848,0.00406037851243576,0.014190223043052745,0.0032153569573863698,0.017767454203196538,0.018458390262649234,0.0022940965500310995,0.013450447586589611,0.002033381636001464,0.0010602176842053957,0.009675601381648889,0.012575692783181748,0.05713447578576355,0.007695249945711458,0.0019742601758434256,0.0026369652342899436,0.012846338671770353,0.00492322833023746,0.007854400824986183,0.004124494426056723,0.021878634121579428,0.0044178098201911545,0.006402826867997646,0.0021669835042567066,0.005454673478197947,0.0026988058421171875,0.010251910033759722,0.009233250674927453,0.012745567821324445,0.0008084820053725777,0.0016730500467897506,0.011007064642197091,0.00021158149336132835,5.691321591203441e-05,0.00012384714570792065,3.50490296409863e-05,0.00020981172292522388,7.851809719466744e-05,0.00019348965906829108,0.00033289094394604033,7.420342320217874e-05,0.00018641107547074696,7.458046750343783e-05,0.00012955720386711173,6.166213686142896e-05,0.0001374970879329998,9.946752156379675e-05,0.0005896334542320311,0.0008747666809843698,0.00014226199746190105,0.00022245111098787414,0.0001528322469500287,5.2927461829519665e-05,0.00022928245530776074,0.00010252409038002952,0.00011724293825131503,0.00030334803478371426,8.567978978438381e-05,0.00044983887221405894,0.00023220230868101107,5.729780195087277e-05,0.0004518927910087061,0.0001288612262161731,0.00012154181052080406,0.00015664143926084849,5.82683728396205e-05,0.00033279410942722116,0.0010254587192321195
174000,0.00114037408878028,0.005733485323920225,0.0065635833567891195,0.00023298015847523438,0.002749104818645673,0.00813422490942425,0.0018422184518767021,0.014662907430700964,0.01335621822923264,0.0021182651398703456,0.010595049640858318,0.0017378866046338047,0.0009397322534244846,0.007182573995647324,0.008942406482888413,0.04113231723416296,0.006272593493901825,0.0012626291788330514,0.002390373827698308,0.010480044942160021,0.003013628756529075,0.006918293070806872,0.0032056763724055298,0.016648055422895897,0.003410406608848476,0.006267639831639827,0.0016770403023744415,0.0035599067772030444,0.001993565486105474,0.00824561897306628,0.0069334414578527985,0.011549583539957754,0.0006173753157357764,0.0008183491205632298,0.012220071869200587,0.00018770442975072195,2.9978301225092335e-05,0.00010418745544236366,1.674198687724074e-05,0.0001494295952397806,7.468130845633456e-05,0.00015572460961266188,0.00021362150014283542,6.0731242228939664e-05,9.838349395331056e-05,5.0816166111035594e-05,0.00014976672600185563,3.710761941455587e-05,0.00013403318918539425,5.733961759026649e-05,0.0003737815253386473,0.0004742125941750904,3.9179517807497176e-05,0.00024818614088426515,0.00014251949223448876,4.5528360885782604e-05,0.00019492559612865413,9.960463967217947e-05,0.0001071338457702748,0.00019830861983791693,6.520631377497921e-05,0.00036595017623004686,0.00024050375285006103,4.20565727166389e-05,0.00024063728031049122,8.008905597780068e-05,0.00011636291310423985,0.0001322036922251223,2.578512952666756e-05,0.0002668868352097392,0.0008070092342677526
175000,0.001580188912931909,0.0070023499760686215,0.008454416440144996,0.0002542131941901551,0.003930062798748553,0.008104943495709449,0.0027837420538778515,0.01790351621542975,0.019331946773203112,0.003269639619247755,0.015508488624573708,0.003151315804309573,0.0012369894790357318,0.009972030646167696,0.01203377595726017,0.06089402862441299,0.00855483533251529,0.0017868624886144557,0.003671943675726652,0.01487705590956466,0.004878957186596941,0.008969103433108623,0.004698208423784915,0.024023591249715537,0.005025579503357192,0.00660672034136951,0.0019232231871213908,0.0059652018674872425,0.00306853358505417,0.012773507502589059,0.01032342210994102,0.01694093115824776,0.0009226795909175787,0.0014304675814855727,0.007071988293521119,0.0002696120845787472,6.270756973124567e-05,0.00016554274125982457,6.589109415313307e-05,0.0002904882010170695,0.0001281395854695144,0.00016007406611606712,0.0004459196809875721,9.119459776373237e-05,0.0002739735503717767,7.314006362792367e-05,0.00019933336357337938,6.002997873011395e-05,0.00017922693730015296,0.00013828702983367046,0.000540125472728575,0.0006953058388414016,6.760286432836438e-05,0.0002912401937557698,0.00018402750663818582,5.250330049090156e-05,0.00027490876655847585,0.00010405760372123041,0.00020414128135826104,0.00031174769786118233,8.520356071433829e-05,0.0006484171112549941,0.0004089416242204943,8.13991163000652e-05,0.0003563694073010184,0.00015402472169401558,0.0001278936103972228,0.00018074916474120073,4.703786277104882e-05,0.00038902071844308883,0.001063452588277869
176000,0.001251657117348726,0.004591182079079941,0.004637534692543947,0.00025354233691289737,0.0027690750345605412,0.006438334946454104,0.001718961110122285,0.01894715346615532,0.015808032784526645,0.001956541544132051,0.011832386248078152,0.0016540313745095699,0.0007895439129876622,0.007858991550385712,0.00986385289018953,0.052637002107076114,0.006399002435933826,0.0015129559140612263,0.0023525998372601214,0.011806976310799655,0.0034870534158900368,0.005760632386487227,0.00453910006484269,0.017808062646266384,0.004671939560336925,0.0048746821237728,0.0017035400558216356,0.0038192630286554654,0.002453293245557956,0.00929875894648684,0.008366660809988389,0.012204434428265533,0.0006911693696758028,0.0012635418993975395,0.00594112357258483,0.00037019365058808617,3.971056319553973e-05,0.0001444392080016273,3.152705426693874e-05,0.00021488774859790283,0.0001168014700114172,0.00016595174520261935,0.0003322592495351273,8.695232339194167e-05,0.00018118537015269747,8.792141592225886e-05,0.00019662066926142425,3.9101421174692064e-05,0.00011947047381525032,7.592266857417681e-05,0.0004933829712312078,0.0006747828980830187,6.574388626177097e-05,0.00024432464618127724,0.00019320245757688977,4.917992644302351e-05,0.00027838395261071166,0.0001016493802126206,0.00012489663583260658,0.00024882404250092804,8.963698043468563e-05,0.000581887554011901,0.00033941260371269283,6.520015445399163e-05,0.0004282706623699697,0.00013692458332139698,0.00010541527821520244,0.00018219143359465124,3.7877470404623637e-05,0.0003183931733611881,0.0007626163027453003
177000,0.0015186442830191801,0.007141592090327457,0.007288164977580891,0.000280018297235074,0.002911310935653805,0.010395128421285855,0.0024231822784009462,0.02016691708976235,0.01797603349521385,0.0024958622598205693,0.015087870032279349,0.0022956923212219334,0.0010399119619802204,0.009400652507434697,0.01835585941324312,0.07010505539074074,0.009013681624180338,0.0018764903169183158,0.0036213104311692795,0.012569302182807102,0.004998093092439586,0.00783449971952775,0.004865649798084633,0.02289889631404852,0.005049739656290815,0.006685405783355236,0.002248048679938796,0.004701728176466228,0.0031954538204017275,0.01142724504602337,0.009896028179112667,0.016130180693625543,0.0008290773391211614,0.0011998879903658659,0.012423949667006835,0.00037398673935383286,4.696526169978872e-05,0.00017490695948006098,2.5359549828085234e-05,0.00026962899778482097,0.00011493629160377942,0.00025631026710470906,0.0003201360845196177,8.602810212802356e-05,0.00021046721654113896,8.103365350718507e-05,0.00016265044175605383,7.167951393327598e-05,0.00018345543776033852,0.00016078051686980126,0.0006340578007578957,0.0008830836777633522,6.488894414360402e-05,0.0002831681506403565,0.0002618804701969252,6.474902879331653e-05,0.00026808938818375993,0.0001687689837126527,0.0001394479316698178,0.0002336824461193688,9.887348848375647e-05,0.0004190463640633601,0.0003465041072474748,8.199082674616727e-05,0.0003197892062113776,0.0001382436827743259,0.00013858542875563477,0.0001922559478882227,3.5310234352436964e-05,0.0002968147998652959,0.0007490230469556991
178000,0.0015494607662214941,0.005365860013828044,0.0053189756933231065,0.0002821567638280752,0.003268614330673826,0.010654351740543331,0.002753102795058141,0.0173674904538476,0.018908243969520563,0.003612548447563313,0.013664885858928262,0.002764171001347547,0.0011009062304351987,0.009322099431632192,0.013767209908538088,0.05254012367731775,0.009113653352220094,0.00189514880373822,0.0029286301817462246,0.012722897864332481,0.004241532296201128,0.007786200784071947,0.004223059218929848,0.02473377141286619,0.005526798375242271,0.005681332480162382,0.0019153426648347617,0.004204396779565893,0.0029925884548848603,0.009624785644841576,0.010833931735323859,0.012674135984315608,0.0007838136928659021,0.0014651492588094444,0.011941786174752956,0.0003625698055356809,3.3610033597890256e-05,0.0001501317198166031,2.834398737174623e-05,0.0002373755271491973,0.00013064539059674896,0.00013930875593359815,0.00034206845762128066,8.579254983344167e-05,0.0001597560339225885,6.931119232851707e-05,0.00017417664080392314,6.886054923249674e-05,0.00017124328748595557,0.0001290586887162962,0.0005255199254161898,0.0009254487971096145,5.731226428906666e-05,0.0002685868728024486,0.00018855596963789892,4.949230080083825e-05,0.00032672052217211817,0.00018983067866429337,0.00014907138749246465,0.00029515496459610476,0.00010982981754447489,0.00046075819724383256,0.0004201964056741653,7.55229819513441e-05,0.0004307253055028721,0.0001561516694333808,0.00014037076003400477,0.0001698191464734761,7.331160190915398e-05,0.0003258119460164793,0.000982404564274475
179000,0.001825546208213357,0.00529255063938089,0.007661593564989744,0.0002031459667355543,0.003180722018580035,0.008617601640123342,0.0031197665525283928,0.02121137549325866,0.015494446958425065,0.002946871336462209,0.012572952015528435,0.0021812256350780706,0.0011687868457308716,0.00801056080352723,0.01240095117566799,0.05369385823541961,0.008422763118622762,0.0021692184363237637,0.0033903107224822243,0.011428280871696188,0.004709671608190127,0.007456297388801302,0.004450542696467892,0.019871004659216852,0.005615732089479154,0.006117617478594184,0.0018317290848332754,0.004637977070918471,0.0029979741952368332,0.009502795214141388,0.008337579342163129,0.012723150495171117,0.0008629549025923867,0.001503948525005187,0.01434201843161039,0.00045013386515181864,5.350446424382713e-05,0.00014157924942992395,4.318177933459609e-05,0.00029755875539194676,0.00015380248923418818,0.00022584258886126918,0.000366415706139378,0.00012801762683298685,0.0002420972892219939,7.928483052026536e-05,0.0002535011970458232,7.838960594952482e-05,0.000281549209141719,0.00018362743950009727,0.0005629831268694173,0.0011140468953575085,0.00011441559581726324,0.00038202656989077307,0.0002659151491414001,0.00010134335883032526,0.00042539040067069475,0.00010926303366431966,0.0002363607553914133,0.00036580468302138165,0.00010911813903173122,0.000753975409446211,0.0004858174112356479,0.00013784285966631524,0.00042054217717830196,0.00021378698016639186,0.00016700583260639438,0.00028557713654602104,7.269512781249432e-05,0.0003548112458129024,0.000998015697405208
180000,0.002074348258284354,0.005686775811934947,0.007978862658395277,0.00025413861547069524,0.003535496481566077,0.0076622692535498315,0.0021114462914180966,0.018878847854734083,0.014102001151669253,0.0021199768380029127,0.013813075566208737,0.002643365108696696,0.0010653886865563409,0.008317559833151543,0.01263987533576951,0.03456175221253943,0.007194765174755871,0.0019052327523793424,0.003579279060691728,0.011303824249819931,0.0055550059211563725,0.006720306052687063,0.003796582246274435,0.018810096024147547,0.005102671932642504,0.007252065045759082,0.0018786609219777375,0.004377335275042545,0.002898972154071089,0.010829748703174354,0.008239891924531548,0.012592264294373589,0.0010059309683666784,0.0013491558890225777,0.012425140446591994,0.00027987986020657933,4.819196106690302e-05,0.00013289883868723834,4.68047542240293e-05,0.00023964348338267882,0.00012675259070400646,0.00021267026295390679,0.0003875274965139397,9.969481078243054e-05,0.0001772082283411548,0.00011425378800424823,0.00020234539975685868,0.00010705106118180652,0.0002007862839322711,0.00022427827240211297,0.0005130117459115214,0.0007622910870850319,0.0001321169300354086,0.000275228497193151,0.00017770572055175355,6.342554967308057e-05,0.00021731874912998185,0.00013817464468957041,0.00017851772724952752,0.0002464116730222416,9.8392910452579e-05,0.0005691568242751131,0.0003826344879716662,7.462860126734822e-05,0.00047436351208792377,0.00019572688632239998,0.00016369176916798876,0.0002069400407714467,6.21742812256798e-05,0.0003296071976548483,0.0016082731337519363
181000,0.0013057021330828197,0.004933201606844604,0.005266963296890026,0.000195467813311832,0.003114127101140138,0.005122047982045582,0.0018812865690257064,0.01591522622042177,0.012870441611942658,0.0022781773477618117,0.010340000612510872,0.001601823168965318,0.001169414515474769,0.006808750896721684,0.010859498055052588,0.0328898883471993,0.005737348899076876,0.0015417533937073166,0.0034133992287804305,0.009583254040990141,0.0035982245785152584,0.006217233891480386,0.004306613810088796,0.015996561443898827,0.0030998855965215567,0.005001436895690858,0.0017220784935679764,0.0035210793838208096,0.002462268585633651,0.007822114444523675,0.006654590444765442,0.010037121994313426,0.0006339139567920973,0.0010387875316017778,0.008559559022160101,0.0003673321125481672,4.883759480004588e-05,9.062818464206595e-05,2.201882756754644e-05,0.0001589564099049312,8.643562573089435e-05,0.00019382914410925878,0.00031255444473572426,9.354487335593531e-05,0.00012117196402198859,6.536564713205248e-05,0.00012797574874256448,3.41411947069048e-05,0.00017758348415903693,0.00014507213861427525,0.00048240391780172314,0.0004626766461418204,4.5974910972290675e-05,0.00024203777814234075,0.00016639587939325478,4.613391696362999e-05,0.00023396181383651966,7.82445672484755e-05,0.00012137406895362801,0.00026079548699551827,6.192755893910848e-05,0.00039734721828256535,0.00030361284156562625,8.223293659554927e-05,0.000267231974753991,0.00011845672295235149,0.00014940837127142004,0.0001918778312976828,3.535935326226536e-05,0.0003181721360741896,0.0006915471531101502
182000,0.0011371413977178384,0.005784903619011554,0.006702573238423308,0.0002290172661769947,0.004700449294144659,0.00991858430539391,0.0021070987029581318,0.01797561121088174,0.018105407190058584,0.0022502405245177215,0.013855378531181127,0.0027608651525580933,0.001229815395852325,0.008485357764474236,0.011514453247817823,0.05859264294789076,0.007370852343661855,0.0016386686298873532,0.0030170617205190603,0.011983436911080692,0.0041555410080018895,0.006759675350622274,0.00482357977865225,0.024996002693660556,0.0045213532634772405,0.0063094946090132,0.00217582835044126,0.004591514354615356,0.0025430015126510306,0.010759924740282699,0.01240997685948969,0.01406107442632604,0.0008162802864181737,0.0009434417161015136,0.0071771462661066225,0.000352943101672411,6.158419133845727e-05,0.00012485435953832084,3.682611518014304e-05,0.0002742171418503858,0.00012665846190884622,0.00018396500172457309,0.00044822949403169334,0.00012615559583202028,0.0004247720025815445,0.00011175691832363555,0.0002562282476359095,8.67760028597786e-05,0.0002456686429135171,0.00016799184926309283,0.000752260447115287,0.0006369795810314827,0.00010552784260653425,0.00032333049135299267,0.00024229205393629823,5.454682962574059e-05,0.000262855455622885,0.0001373007326037623,0.00016815801246947458,0.00031616366792989607,9.655004954159571e-05,0.0006043233449836114,0.00036143661802051847,0.00010984281893265156,0.0003953132032216268,0.0001983401000644902,0.00013499744902998958,0.00025768480162010715,7.668792397907964e-05,0.00036891535799196473,0.001014737923105713
183000,0.0014527137935859886,0.005912195141987737,0.0071105703639962785,0.00035459529772896743,0.004819773956621213,0.011142216448206455,0.003284282516482739,0.01812956745583078,0.0134942608737064,0.00318053237060667,0.01550256812756013,0.0027222571127135686,0.0010992460200654793,0.009929402977969872,0.012387281943537186,0.053942252446480175,0.00881956277457686,0.0019481300750837213,0.0033758249987191186,0.013924150952104052,0.0051721651906737305,0.007909870884759584,0.005871021795586178,0.020395523168069,0.005333443342250475,0.007366465544328094,0.0019541427933994957,0.005525025200161811,0.0033962161913437096,0.011392443671572819,0.009485081449965946,0.013412849527622502,0.0012278317411493424,0.0016431906255368017,0.011744376040143025,0.0005319910374583157,5.442425966120218e-05,0.00010854776527677049,3.3335094926714884e-05,0.00023426523148373235,9.851199724907735e-05,0.00014014108910487266,0.0004087691661879944,0.00013454084027168727,0.00023555730435394876,8.913914822678797e-05,0.00019782903769226866,7.50003035818736e-05,0.00020194437333669095,0.0001348720478827917,0.000502992247178414,0.0006195070503357177,6.16800596617395e-05,0.000260972598045221,0.00021557152994601298,5.702479814896254e-05,0.00022399309715202896,0.00014864508739265148,0.00012417390985319798,0.0002884050337063225,7.839911710713446e-05,0.00047015120382121905,0.00038604767871253933,8.601909642468829e-05,0.00039649882455705665,0.00012375774894968794,0.0001071093799639909,0.00017661848423107393,5.122375978316995e-05,0.00030083654581810585,0.0006453429043176584
184000,0.0015160434658527437,0.005387525386241678,0.008251370714788209,0.00025502290690243313,0.003727384470476875,0.007491026281578732,0.0021378886097027723,0.017531028235448592,0.013256565351829395,0.0027969567163381726,0.01311121808396786,0.0022876913361480028,0.0013727431924604443,0.008597744406760092,0.010699987647154451,0.04924852909395364,0.007266257365483311,0.0017707729287314024,0.0038619130131597296,0.011916651773790364,0.0045200464221658455,0.007488684440821609,0.004185182367909874,0.01959710989613086,0.0042231952243922035,0.006832777010276914,0.0021961660813245073,0.004969624405930517,0.0036013628635213108,0.010411393029273549,0.008377466819535282,0.014251776113479327,0.0011380303786322743,0.0011941759462705556,0.008776220659254048,0.00024140389364544847,5.906452918823465e-05,0.00015736257004887605,3.820021287214857e-05,0.0002359791958497226,0.00012496062879079623,0.0001942958379004267,0.00030304145620903,0.00010756442134152167,0.0002265852598276596,7.410750193628246e-05,0.00020043679811558896,7.377966537980285e-05,0.000259637310313306,0.0001893191312609071,0.0006051511786993685,0.0008738305186852813,7.938320904941066e-05,0.0002753774552191465,0.00020391037833178416,5.943997757640318e-05,0.00037629748845007584,0.0001299448890677013,0.0001848022757131831,0.00032940775103130506,9.372907194726092e-05,0.0005111561125182386,0.00037629576531293825,0.00011415654544507888,0.0005194189398025628,0.00021147468924204808,0.00017868435673205698,0.0002385998062789994,4.488221762244393e-05,0.0003412011737008997,0.0008640991727588698
185000,0.0016821746564125311,0.005303601892524899,0.007259968269863748,0.0003075886876838642,0.0038848632841247217,0.0077570606704934365,0.0022413351625360637,0.02021636964116838,0.015194095040753175,0.003095965821557911,0.01414533011659471,0.003048476008745861,0.0011486472550049339,0.00944551329413309,0.01173828546067371,0.0452315341620609,0.008290638085652193,0.0018892286125610322,0.0032362008132622577,0.013085362231795444,0.005042418624653832,0.00742390188185839,0.005823022276805811,0.02009373139201974,0.004846247856336945,0.007558591780252755,0.0021622740389155353,0.004063244189637771,0.002861140962512068,0.011804824065034008,0.0092601264086746,0.016342029553085852,0.0009967612569852236,0.001795714137399553,0.008346022372683769,0.0006648171440214615,6.087678808566316e-05,0.00018423263736622175,4.225372455595285e-05,0.00023969394965206448,0.00015097978932820472,0.00018088117212755606,0.0003134009201858134,0.0001360784906290447,0.0002505744797609192,0.00011307914158343075,0.000280256181931212,8.23492149280014e-05,0.0002860965431646742,0.00011571963758879892,0.0006282075194366581,0.0011144730912443872,0.00010322480884497053,0.00035097632997126404,0.0002580972459013694,8.369815579747161e-05,0.000351059149315622,0.00011057311803597258,0.00019296240622502915,0.0003577955301107767,9.967164199527663e-05,0.0005171780496699352,0.0004114162415055068,0.00012183655229130857,0.00042284999653929844,0.00018067544296580356,0.00017484076917233842,0.00026831791771221266,5.764192650303812e-05,0.00031973637783075826,0.0012967348353413398
186000,0.0018425331952400753,0.008315483697245966,0.00714770694745918,0.0002937802639630368,0.0036364858687296803,0.010343978613881128,0.0024004510116590666,0.023933343055307654,0.017747602683858197,0.003047451999009354,0.01987338086060553,0.003919323490533445,0.0016605812230740082,0.011009477709277153,0.015597142188797828,0.07519226714915324,0.009009563174393926,0.0020480430008503873,0.0050359591036145245,0.015316097744653234,0.005675873118717006,0.007741423325049774,0.006467196987699329,0.02310311810579151,0.00580641247612105,0.00765570355579257,0.002634747001175422,0.0045747131968407,0.003488813541993937,0.016957560025114237,0.013147360007763686,0.018301579360223304,0.0008382432505151463,0.0012025138142097455,0.014839731931513396,0.00022226863118492344,4.8205218412907636e-05,0.0001379198785633145,3.354266074170318e-05,0.00024074875932456052,0.00013748573911577316,0.00014408661490961094,0.00025898858339132855,0.00010675551369020373,0.00024175352465662353,6.6346087413649e-05,0.00015933361432791826,9.546401132354276e-05,0.00022803080177537,0.00014986947280704044,0.00048319505210831545,0.0009570576633753566,8.52318814395403e-05,0.0002718046532895734,0.00019301011381120872,5.78517696009261e-05,0.0002596668296113206,0.00010520444766370929,0.00015949813166571403,0.00033583912960379026,9.444151667897434e-05,0.00044256135688788503,0.0002981935371895748,8.500338659310678e-05,0.0005522983794637386,0.00014416215597745353,0.0001404561300140423,0.00019335641450601133,5.352089743837496e-05,0.0002829999049072667,0.0008834120460960548
187000,0.001409240601443909,0.0049302841956280945,0.00531680440690252,0.00021392124016039396,0.0026715493631048887,0.0065123422204383784,0.0017545061828939416,0.017360260502898076,0.009984105702032241,0.0019792197235801723,0.01202584004343486,0.0022449890646162297,0.0010661656036091065,0.007365482541706914,0.00975623648495564,0.04020380806590159,0.006726466145404889,0.0017513374209844601,0.002937895161137151,0.010869635002612388,0.003719443194687791,0.005628770901239477,0.0036948905724663444,0.016057953588703336,0.0038704898593529095,0.005537190090399236,0.001970555660297959,0.004114129814600649,0.002304639009098002,0.010943608441794499,0.008661759979707615,0.01299437384855432,0.000701392705793707,0.0010449435658037422,0.008178973202625962,0.00026166606199394337,3.754596125148917e-05,0.00011153521973028546,2.354678516379622e-05,0.00018059122635349922,0.00011098810756614493,0.00013098630142849288,0.00022705243118252837,0.00012230772082196046,0.00018920148649110495,7.053597003375346e-05,0.00022670709385190429,5.373718506263003e-05,0.00017223770772559498,9.754626163075127e-05,0.0004735982497007941,0.0008041040139990704,6.264991188800195e-05,0.00020404097961786925,0.00015372968937299447,4.8799528444347246e-05,0.00021882694786214534,0.00010322547268515336,0.00010971237897036999,0.00024981499068067373,9.658946637500777e-05,0.0004028755467799627,0.00030239893455338325,9.17865231569833e-05,0.0003433245995741648,0.00012713921058967606,0.00013220114559382118,0.00017673632714877753,4.734660949168301e-05,0.00027828698800300773,0.001051977313181851
188000,0.0016349683706303531,0.005042887936589842,0.011306521671940573,0.00021430654541850695,0.004054101033563964,0.007205532539436328,0.002005094109482607,0.018778614680794656,0.01312945574816499,0.0026303396425646497,0.015032935744705883,0.0024937481044913995,0.0013712814367009382,0.008718103003874685,0.010061836190888082,0.04398445742299373,0.008326828445704103,0.0019012048490632096,0.004126908080901818,0.011979351255419412,0.004933946613364416,0.007963067702803528,0.005246792629914125,0.017910290268870692,0.004956008771610897,0.00945275672711432,0.002115088873955345,0.005097739449259582,0.0033496109392966472,0.00997054315103601,0.00814168209748459,0.01740109686551687,0.0011645266291953232,0.0014391173017984753,0.009368286501032545,0.00027443761229355753,4.392741648623063e-05,0.00017598959179436363,3.478039815879775e-05,0.0002522945292184886,0.00010890385699391854,0.00027745217630581465,0.0003118488417385379,9.89383032136079e-05,0.00024045692137310414,0.00012446927356332286,0.00017021788080615296,7.660429745115493e-05,0.00017499963272602428,0.00013384825830474836,0.0006666765819388204,0.0007562758401036263,0.0001066261387677514,0.00030431435568191646,0.00018505754485823703,6.426046095177959e-05,0.00031311939663145917,0.00015014388600320672,0.0001927175669733414,0.0003045128372552706,0.00011086907367522751,0.0006189507879684908,0.00037803999076981264,0.0001067040863319136,0.0006729975377513458,0.00013736131898605726,0.00013633854821039546,0.00019100797592279888,8.630596386183242e-05,0.0004360140218821226,0.0010532390457228757
189000,0.002330012074093542,0.006663174260110181,0.006483320636713567,0.0003098562508687162,0.004664234393733094,0.009795717196539044,0.002607960906941791,0.022384878045176818,0.013866453507978781,0.002140526346920524,0.014501981586138833,0.0030317293141558124,0.0012592639232576457,0.008799562050019935,0.011657540353553486,0.04439049036894479,0.008589835521455652,0.0019565632988538893,0.0030547661309745827,0.01467188030254571,0.005583137964396638,0.007269991992870928,0.004456571259579505,0.02010457291811084,0.004791455615780987,0.006849743332713843,0.002191786897407339,0.0043856469292222755,0.0030979696550810544,0.01235381388640587,0.01146140094390527,0.014848904731199862,0.0008438771861229646,0.0011683312438731793,0.007350788615440251,0.00047302947986135484,6.283825536002041e-05,0.00019357004649381534,4.413352925472413e-05,0.00033921054364327574,0.00014616092801859735,0.00023950389459059807,0.0004196263516860199,0.0001747627749002851,0.0003466538268328709,0.00011692895300419488,0.00023870681436739303,0.0001284527112233036,0.00032892499602659315,0.0002503668947611004,0.0005906265086440936,0.0011444959345681127,9.277107092202641e-05,0.0003239745450887962,0.0002127764639916332,0.00011217215197492888,0.00035209395987930223,0.0002491130344424164,0.0001783920261131142,0.00039592294834409796,0.00013718065347347874,0.0007149420790967504,0.0004222095751460815,0.0001896477557803902,0.00047498850027396757,0.0003498704656770067,0.00018910813923866954,0.00021960533335033922,0.00010611499766355337,0.00036935636084491926,0.0009711163620522711
190000,0.001404449523146763,0.0051813636021472995,0.006206854173494018,0.00019330227519626184,0.0025838719376926884,0.007768529949576727,0.0024582810354097035,0.018238945066353634,0.0162648850649976,0.0024840384321578313,0.013001229838024571,0.003018726105029619,0.0007822066305159366,0.007378949915260874,0.010438480917432838,0.05551412944199304,0.008616503640106592,0.0014539230912385946,0.0029691693359511972,0.010874279117100134,0.004197732316006645,0.005708874717778859,0.003893625084407783,0.0195475695344309,0.0035870152548759795,0.00449899525847286,0.0020565498251368898,0.0045095288589133515,0.0024785818556933114,0.00906110480484072,0.007658634792557374,0.01176917416719684,0.0005966313308740304,0.0013571331058692734,0.014113077102997017,0.0002806952911791021,2.5117472903066062e-05,9.224601622422183e-05,1.7453484833439062e-05,0.0001477982236792741,8.351590132198249e-05,0.00010655280448190751,0.00027493729421621536,5.5676712978119645e-05,0.00014346554822312004,4.2275634140358826e-05,0.00010786820118817942,7.881579199775501e-05,0.00016155425541832113,0.00011006148981157986,0.0002951463125135398,0.0005651097787146379,2.8506341095635435e-05,0.00020196207730564033,0.00015514470611566953,3.6439582117964164e-05,0.00021638622386108768,7.759476307001023e-05,0.00010085418658592162,0.0002642288936070914,6.314436092604107e-05,0.00035001387860692407,0.00028292231917564296,0.0001121084640376753,0.00039859795510387304,0.00011598656875666957,7.027905111759278e-05,0.00016363777980551907,4.734431315966958e-05,0.0002489604715097017,0.0005650266470183851
191000,0.001927256580332854,0.004747083198405259,0.007277019106065079,0.00032662370647533234,0.0029035435953211407,0.006361009544759456,0.0016685938507209593,0.020997659962506753,0.013560038293505812,0.003120670073258225,0.015545354749149367,0.0025558549846488063,0.0009901908922598302,0.008474272763123736,0.012566585905048722,0.03222305006844787,0.007687028720197088,0.0019868176629493466,0.0030533659820710973,0.011511577495706055,0.0036978749127093546,0.00641930349125427,0.0037725158279984803,0.020957822954126945,0.004765079093496232,0.005187646602280438,0.002905046352672739,0.005502499409885786,0.0029418799170183346,0.011046530429138652,0.00925423523503317,0.016703201592183456,0.0010053952012622875,0.0009730150132824303,0.014527560915262762,0.00038077783823808886,3.752593614897729e-05,0.00018139751508980143,3.326786550434304e-05,0.00024087362430691428,0.00012982543362437702,0.00022886353963258443,0.00031370622409667705,9.918063774181831e-05,0.00024711106981923974,8.818780542095998e-05,0.000263798998212064,7.987256358177319e-05,0.00026547959967713504,0.00014802539953961968,0.0005926434032027408,0.0009296166463172995,0.00010159248085983563,0.0003390188620851033,0.00018906591284231298,7.297999427051268e-05,0.000330341536790647,0.00016714470939405146,0.00015417923954272637,0.00039494046290761056,0.00011780603696630957,0.0005938715790488391,0.00040835704055131863,0.0001584270894864358,0.00045464521341879543,0.0002176311230169194,0.00019835591527745628,0.00021736703151204086,5.3681319684528717e-05,0.00038446001204999044,0.0007909873158496339
192000,0.0016327721804791017,0.005743010559753101,0.008044376103801673,0.0002593561867360432,0.0029839921186481386,0.007216439611511305,0.0026829175409118526,0.01831398197118331,0.01486714649523561,0.0030649542386527173,0.01486200302041439,0.0025268077620332445,0.0010287532429422506,0.008500580445439537,0.01060878875794194,0.05664088174732266,0.007130925855476346,0.0014671551845960402,0.0026611670436977874,0.01138385985873659,0.004376313542852673,0.007337341470702086,0.003945351786145087,0.02647273677866906,0.0045820263623739714,0.00857378584332764,0.002309176829429259,0.004270752072898176,0.002502411310321323,0.011200876035746337,0.009250708256052651,0.01436371343711821,0.0008023427996393961,0.0019699245527844203,0.014618193901393775,0.00033548337391055483,5.8453505162285515e-05,0.00018881016694649588,5.562393886910023e-05,0.0002915543395829445,0.00014639047119326858,0.00025522233954689,0.00034457220554031667,0.00011314135458393905,0.00016433505730004214,9.545464954417834e-05,0.00024935359717921147,9.211191624913795e-05,0.0002524406244435403,0.00019142396889616396,0.0007327445345656368,0.001040283206142097,0.0001070520364010008,0.00036452465885341385,0.0002749458185305763,8.142223230772123e-05,0.0004069655447716697,0.00019181806965207215,0.00020180796743337245,0.000357542922392895,8.75082403581473e-05,0.0005457707953892609,0.0004722290304315451,0.00013603515789909252,0.0004899541094750424,0.0002405099856911296,0.00019821717212055643,0.0002533509889463315,5.2505575808936555e-05,0.0005036520028434021,0.0009887678985251113
193000,0.0016413184414370728,0.005314813570024584,0.007673721802954485,0.00023288314686956604,0.0036584546788513833,0.007980492115685982,0.00229653495658098,0.01588706575556916,0.014233590400877641,0.0028246832989680115,0.012954090955723968,0.0026533907701526247,0.0011482067791141824,0.007589263606805065,0.010184731294173296,0.06043613252343979,0.0070250615419700764,0.0015159170989711957,0.003819555617415712,0.010743314945878712,0.004135390478393219,0.006386378890575932,0.0042044241240607036,0.018000513315200806,0.004226917116082202,0.006606383272446692,0.002040257383287685,0.004475035070072408,0.002775757319485659,0.010261026946805472,0.008091773259123632,0.01276917989553812,0.0008091451739591531,0.0011587195742116141,0.009679582446551649,0.0003191901140756467,3.751568925586549e-05,0.00020076048597481778,3.1770701213305536e-05,0.0003462537956693268,0.0001336350094963099,0.0001967499829333974,0.00041250287995353574,9.865958351216058e-05,0.00016304680509261074,0.00012350282555116467,0.0002596893329386499,7.631577104660892e-05,0.0001650670679690189,0.00015020633228149646,0.0005768382680344075,0.0010817699355053871,0.00011248143109696685,0.0003657357666474572,0.00019485186607951242,8.723142185441579e-05,0.00032930504081593023,0.00014258686769608175,0.0002110824544969445,0.0002518523326915993,0.00013582843360685122,0.0006500096541854404,0.0005151093890845004,0.00010225226547263774,0.0006967074595094244,0.00021183365211751838,0.0001261186440128118,0.00019053931187295074,7.209407849018135e-05,0.00046009094731140187,0.0007131358841434121
194000,0.0019718905659337413,0.006599221370480437,0.008288051648075149,0.00038882332824309395,0.0050573899304565,0.009015116624401085,0.003510846553669375,0.020005025763941163,0.018353473949066283,0.0029803401375829708,0.015402637630976653,0.003124861015340703,0.0012102323596605636,0.009406652153825924,0.013907544737423236,0.06457232070533792,0.009253521307766192,0.0027174367862727784,0.0036038781373853063,0.01340259374284263,0.0063976481286317725,0.00871979477441138,0.005453993574701599,0.02213929988211021,0.00515261141526213,0.010832372773438691,0.0022781155102488664,0.006632975392525016,0.003785603296230821,0.0123007441413187,0.011093239348459369,0.015943756803888112,0.001191871893676823,0.0013046749717495702,0.011095634274776481,0.00038919703263827287,5.374175955209562e-05,0.00014708885340620657,3.4153954177792954e-05,0.00021611611066418845,0.0001340025812732784,0.00013289048820297467,0.00027126252580274014,9.987200897548494e-05,0.000136199214921362,9.603505894639446e-05,0.00023420832206268147,9.290554905305726e-05,0.00017981675330051513,0.00014129464199703017,0.0004843228113713849,0.0008616057020844892,7.660178889636881e-05,0.0003046877686663683,0.0001963574678829273,8.214366206712756e-05,0.0002950820207452027,0.000263409441231488,0.00015867591548612836,0.00027679780351508483,0.00012543158203091783,0.0005288563813425548,0.00039263732908154824,0.00012654095948582344,0.0003925738512609516,0.00020069158556777569,0.0001105996175933147,0.0002105169673620088,5.956430700848614e-05,0.00028902045010802206,0.0006060378917027264
195000,0.0017627782449012189,0.00497777534770581,0.007403723441105588,0.00029726275745186004,0.004045854918319803,0.012732352861868483,0.0027699511592800263,0.01983342309704669,0.019418228697788115,0.0034906174732896034,0.01602245942652829,0.0025936225450708178,0.0011097957623970808,0.009487438932851408,0.012497009657860925,0.06462055201397258,0.007048506390804375,0.0018844300685037824,0.0029527541945364127,0.012613646640359851,0.006165489196629236,0.007159003864476939,0.005360749814596299,0.01918309713170553,0.005517823640946604,0.00640421318821609,0.002163210218316547,0.00436538286301887,0.00292981220426394,0.013257594050599201,0.010893315342060911,0.01812987445289484,0.0009846861465923405,0.001355124388177247,0.009270810942527734,0.0005469688358214089,4.840297325427544e-05,0.00015776372277865778,3.4984131452144636e-05,0.00024010143283703655,0.00013510593907269255,0.00016400647473346908,0.00031805608468857824,0.00014480574033146504,0.00031011346858768346,0.00010049028130509896,0.00024005550320700358,9.422240922418723e-05,0.0002715288896313033,0.00014584079723466527,0.0006464181200219452,0.0016750976198333471,9.739501092553837e-05,0.0003603127190625837,0.00022972488753519678,6.728060207127452e-05,0.00035456566530395135,0.00023419821764036897,0.00015920045158660892,0.00041147592627776945,0.00012918680185975974,0.0006182845655983925,0.0004178233342768349,0.000154592113897518,0.00043739639537913416,0.00020080024543338886,0.00041722525916806523,0.0002386687405309691,9.471810528793867e-05,0.0003385527849075959,0.0008706071515916846
196000,0.0013457238418030446,0.004373195412982669,0.005812285544683012,0.00019264861972400328,0.0024901256900515755,0.010346645747111844,0.0016403745105508865,0.014620403193903793,0.0159531315566048,0.0017725735960993916,0.009970996792976677,0.0015798736337218338,0.0008221332814586772,0.006904409041233135,0.010414234109874302,0.06538922253700245,0.005792871858700112,0.001129047898999327,0.002820102094639359,0.01012548055696243,0.0041693231000793345,0.006026010483765276,0.002899423463156078,0.019689544410600016,0.0036336916417649408,0.00381778865121305,0.0016797733316721978,0.0031986889019511486,0.0015030820964431555,0.008635464091375685,0.007056981260733058,0.009914016226852814,0.0006394298135712864,0.0011105093501238264,0.010563720495257358,0.00033819100396621185,4.1566033376595536e-05,0.00014105888319384329,2.960125970637446e-05,0.0001639599511236156,0.00014017696572346587,0.00015549389627267374,0.0003244762253416411,0.0001104978078058737,0.00036054342374547177,7.771913512511576e-05,0.00021998998674956836,5.2624444254689706e-05,0.0002109960425733679,0.00013657715234413362,0.0003906423971102413,0.0007023123738084299,8.026110517675989e-05,0.00027899812541400766,0.00021842266373980614,5.99973554797502e-05,0.0002523793264948816,0.00011481109004307655,0.00013338758457040158,0.00021123399822569738,0.00010624511439042787,0.00044981166542513204,0.0003377781883450047,0.00010898013839765997,0.00043913745786186255,0.00011914291272872803,0.00012419922976342996,0.000171840406991002,6.277184294845028e-05,0.00027164620774485475,0.002824177850561682
197000,0.0013659167690658815,0.006275775234152442,0.0057090088885161094,0.0002775639768585209,0.004782657550048832,0.009790551125271512,0.002031104918475443,0.015073856526214513,0.016474101544737337,0.0017416604096069932,0.011532127076839342,0.002457917418166976,0.0009107035862557082,0.00833953146723092,0.010147260858834403,0.05644375913804348,0.007693602221609451,0.0014086691577936512,0.0021404010221885983,0.011612036730730324,0.004631040562589288,0.0071718886080946375,0.003765714188751493,0.018825050517140576,0.0037152493095640067,0.006163865933194757,0.0017158786643507952,0.003937781124477624,0.0025226404206478035,0.008602062190484797,0.007428453166600472,0.011746420110844506,0.0011107049151479924,0.0008370850887542982,0.011656354869854921,0.000238026109717079,4.828119435199154e-05,0.0001406122365882435,2.953979199457579e-05,0.00019576313547986501,0.00012992009962250025,0.00021895145528105786,0.0002443696666887263,8.542435774104793e-05,0.00017935165526403963,9.263487080772848e-05,0.00018632369476204316,6.0209990701665106e-05,0.00017070963598822062,0.00014437355573384346,0.00042075016680638116,0.0008281274119023389,8.175091552402592e-05,0.0002836637993043821,0.00019429748537167426,7.25030271785892e-05,0.00032227293704831987,0.00011555312494238024,0.00018480890154629984,0.000299174132151865,9.823397873939635e-05,0.0005385912514044634,0.00030246354088847983,8.29206766747456e-05,0.00035860062376337335,0.00014314360837547552,0.00012357371458295217,0.00017936432527630673,7.859270192511758e-05,0.00028791557198409076,0.0006824097188655287
198000,0.0020176947853886647,0.00566254076127532,0.00834185483896969,0.0003030841094257015,0.0036610577774382953,0.009141176140734128,0.002169718837443901,0.015510856957381988,0.016802559434525598,0.0027065655995102134,0.016205249289478273,0.0026523694955822253,0.0011107913014711812,0.009040691151367906,0.010960980044910685,0.06771173841055618,0.007391949949773594,0.001767357210466591,0.002749824231744112,0.011737083634446512,0.004977482693906355,0.007247452338820689,0.00482350457610058,0.02132486308692023,0.004901408325283214,0.005319011153187603,0.002020100343660517,0.004627913428824589,0.00289928980243584,0.012056445203979234,0.009267093216719029,0.016315196560194287,0.0008894955512936611,0.0012190177952868188,0.008645329104739276,0.00023986855462457664,3.958299423569961e-05,0.00012130680302520473,2.828580869960666e-05,0.00018370003135714796,0.00014246660186274234,0.00016371872516174335,0.00017320533843303564,0.00013712509160924177,0.00021770521129119995,9.559781478206528e-05,0.0001792930516075374,7.748797783335704e-05,0.00020538254471665792,0.0001436509208526166,0.0006733269242466542,0.0006502369027051221,5.068871068942826e-05,0.00021012071229794245,0.00021331459651390043,3.851468626304598e-05,0.0002507716006181899,0.0002492486228220514,0.00012772741178600377,0.00025783056181143577,8.442053379743205e-05,0.00043999136726546157,0.0002817500161679871,0.0001317908949007491,0.00045925328716596897,0.00014403561244289922,0.00015733159904941983,0.0002371338276089872,7.739264484030173e-05,0.00025765303329718954,0.0006689990870654583
199000,0.0017371413950722607,0.008230845939747437,0.009705382458681319,0.0003087054436316696,0.004022776938102111,0.01028301239213241,0.00332763522954983,0.02082296678054263,0.017678842204658613,0.00382049377731164,0.019001514470554315,0.0024281532189758892,0.0014924905077681285,0.011422119993684728,0.015245173889835475,0.05770750422379933,0.011549897535869172,0.0021199652579019165,0.004396698572236346,0.013936585635795685,0.006892522793463321,0.007758792927363954,0.005850771019128539,0.026039300001381587,0.007196184042236887,0.008307371847331524,0.002615741523098428,0.005549568144639731,0.0030242251668823883,0.01329114328015543,0.011574779996008146,0.021338503883900836,0.0011374310243861775,0.001384396079026564,0.010012160859433707,0.0003168820882929627,3.445050827703031e-05,0.0001148477495834496,2.964301100165763e-05,0.0001734309937546641,0.00011483882535915345,0.0001805943338695215,0.00024148457414412404,9.029785432128272e-05,0.0001373095657431565,6.993785293656986e-05,0.00018049768961821413,4.594305090854789e-05,0.000159675399954957,8.397686922928023e-05,0.00047136889405779726,0.0007986738576922411,5.4557976000069175e-05,0.0002520950944314364,0.00018836960147194172,4.509844882250036e-05,0.00023603612348241406,0.00018059824287774973,0.0001501475608797086,0.00028165817304677776,0.00010359046076094577,0.00045146961099546036,0.0003388175089353522,0.00015644023957221334,0.00031543985157137894,0.00012425686410568102,7.62079288116573e-05,0.0001829245267704356,4.333453770044571e-05,0.00030384107227872533,0.000651413972809678
200000,0.0016515052938228946,0.004915717417100462,0.007138536098864279,0.00032709763375071184,0.0034938869605786196,0.01088477553899533,0.0027039088339616654,0.01587538502858746,0.014448614623766337,0.0029176459574955516,0.015055444826385262,0.002798377146305307,0.0011712514740683025,0.007881934503199194,0.009835335834170966,0.03630583163552122,0.007030716558628704,0.002019136047905865,0.003168727900369309,0.011243647902010706,0.004352585338505413,0.006389356583115712,0.00433160856984614,0.019870483236930643,0.0044444721429571805,0.007035115524195135,0.0020832386883211577,0.004661806679564506,0.002280268134713611,0.011033735208677113,0.008510529325139942,0.012280876244543694,0.0007344155415340153,0.0012599302788890612,0.008446443262578719,0.0002212870364977399,3.799971076103391e-05,0.0001309652551423245,2.7890229997624318e-05,0.0001909419477215124,0.00012435145776545684,0.00012043788774462882,0.00023547531054646242,8.288338190859097e-05,0.00017409901692142164,6.823334067210649e-05,0.00017752324498488043,6.531602519466162e-05,0.00020573954522899778,0.00011838426069681935,0.0004194805253553988,0.0006161570260398245,6.735347906214884e-05,0.00022870637536582261,0.00016840828350817399,4.36816675346563e-05,0.00024973149165132154,0.00010159605358239787,0.0001477897875222172,0.00027356832579243927,8.725373869917045e-05,0.0005166030755677512,0.00028768647003276883,0.00010958596273282253,0.0004972723189793113,0.00013397039515439246,0.00016247148544477698,0.0001714751424873407,5.207825435604718e-05,0.00026791931270795543,0.0004971947269950761
201000,0.0015226409169446088,0.0058079463900260935,0.006487107612277517,0.0003175831118824135,0.0040274059672212184,0.0108840497476714,0.0028489309287901814,0.014031528098320112,0.015399290761464887,0.003148281368339667,0.011234124471948347,0.0020956530664321057,0.001193789035879132,0.008116951451842342,0.01284373674836174,0.052531993581699986,0.0076444255955937564,0.0017588394858890591,0.003371561940834259,0.009889745190157555,0.005077442681478645,0.0076559813364188555,0.004397346238717243,0.01744655757987251,0.003958092315077097,0.006732470588758588,0.0017510093333740887,0.004055906183718132,0.0018167142489212838,0.008845948205787628,0.008123478041379712,0.010792522962079741,0.0006072349522139137,0.0012219675842420974,0.012248257668034057,0.0003167992814943383,4.126967922807604e-05,0.00012049391584283016,2.4446095693862396e-05,0.00017836665813319996,0.00011615931066686205,0.00015567236505376059,0.00024589944960098367,6.60058177154018e-05,0.00018845971345447316,8.245723952618228e-05,0.0001253402322562212,6.199109657956114e-05,0.0001654223607413863,0.00011741287215210667,0.0005000487343330371,0.0006741407990678757,7.055786063574488e-05,0.0002152284459025024,0.000169771604650405,4.302228254263437e-05,0.0002908848567434082,0.00011832077916551498,0.00013269533069938511,0.00025300162698420954,6.801494006746604e-05,0.0004188765504690436,0.00028293649200737426,7.99042014961316e-05,0.00043488822484505363,0.00011859119086699588,7.7328530356421e-05,0.0001882676060773747,6.030618148145095e-05,0.00033059056733630106,0.0006169769309053663
202000,0.0013508668348180977,0.0051245230677994654,0.006275066689037582,0.00016450227323310592,0.003144690569282415,0.00782901285648612,0.00292454082864424,0.015590990632892284,0.012637339251600507,0.0023002538982836995,0.011848359114397388,0.0021882215640994683,0.0010689137647701004,0.007937116645321525,0.010039132161781547,0.04407966102432207,0.006705132656038802,0.0015676703888063076,0.002920870628128926,0.011102762980784367,0.005183953901871518,0.006392387926358164,0.003993648040486733,0.02030806981298762,0.003959771030398741,0.004927002382464707,0.0017005619205072494,0.004476251134292397,0.0024017826347570758,0.009505421471042228,0.01017125253987615,0.01250572581641161,0.0007462852163677361,0.00134772687645869,0.009515669922822982,0.00026487556286269864,5.697871514305581e-05,0.00017105589507660955,5.918379611787725e-05,0.00028503693897619087,0.0001320350930700926,0.00016161971052497393,0.00035711630989680997,9.405959415169874e-05,0.000208323485087117,0.00011986789112086171,0.00018467876258766505,6.369792885152492e-05,0.0001954889064289342,0.00015103255546736446,0.0004837290152356498,0.0006838769792617919,0.00010922717610810651,0.00028312189893693693,0.0001907646633455819,7.03976922305959e-05,0.00026720848411294413,0.00011239486502745422,0.00018671459659142583,0.0003139511173615644,0.0001202597424708074,0.0005569915044131732,0.0003396986394627085,9.257446781047547e-05,0.0005462432038459358,0.0001678107180278066,0.00012883947127712809,0.0002257861293612549,8.657308816850673e-05,0.0003853754806033915,0.0011035468654881698
203000,0.0014950937898607368,0.005918640403251629,0.009134252224612283,0.0002488559200488593,0.0028583875518501073,0.007377388305030763,0.0020183885081649115,0.015635640782135193,0.016807752530859966,0.0021327631329768337,0.014570627485541698,0.0023334349644588952,0.0009449274937541111,0.00831222561497601,0.010923448895011782,0.05469274765043034,0.0060363220218278,0.0015054876325100136,0.002850474229489919,0.01159927459101406,0.004755600198793147,0.005353028797149558,0.0046602383140877165,0.017909308340555676,0.0051451667365639995,0.004790620726998896,0.0021800198798128776,0.0035075303993229077,0.0026809494378325967,0.011815701170205776,0.010777859702308585,0.016608787297557753,0.0007280566350752557,0.0012049597533214816,0.005479409154051811,0.00028954951874230313,5.910528956651193e-05,0.0001695915297287601,7.077205692352085e-05,0.000285581306570748,0.00014815882551456912,0.0001573130466567818,0.0003121814877886209,0.00011607022990670215,0.00020295287091644959,8.607466648576129e-05,0.00021602289343479098,0.00010509532129709953,0.0002935012341724579,0.00014201001646473412,0.0005072615357920977,0.000703324486191074,0.00012262899690540507,0.0002409346143766164,0.00020940260476671593,5.1168054565922915e-05,0.0003778640889078072,0.0001943237143677834,0.00018618425283673586,0.00037709725535863144,0.00011734111461313054,0.0006707842032629395,0.00033456928963249556,0.00011897130639021975,0.0006093794311002259,0.00020408816172002607,0.00015100524446357407,0.0002536363584119092,8.91757120911052e-05,0.0003911952154576742,0.0009041833814990241
204000,0.001545671082395357,0.007206261416690217,0.008454361124677234,0.000381449047332493,0.003939464062983185,0.011696885980200022,0.002478107934401182,0.01847543466761172,0.01920242512164517,0.0031879174821369816,0.014771359080587439,0.003367874772396005,0.0011279836436380829,0.010633639621642722,0.014416459807355696,0.07374329428603232,0.007917521036385248,0.0021013123701846734,0.0034771070256413494,0.012999398257379653,0.005182708911467251,0.0074954572225708815,0.004941571024913476,0.01851307862283041,0.005075604860906871,0.006554352026432753,0.0018143509005716213,0.005247768804262402,0.002836965927717221,0.010872532633760373,0.010010831543186214,0.016824134468781546,0.0009194117748154878,0.001417965548636519,0.012895150344775175,0.00029666928383725074,4.661921462911778e-05,0.00013540668996111808,3.084809749458167e-05,0.000166552742030035,0.00013471569487722825,0.00017014512604873744,0.00035204964151489546,0.00013188513701989954,0.0002475224748961505,8.656046503087314e-05,0.00017952006381069383,6.280919167345189e-05,0.00022557357896528567,0.00014217480301423083,0.0004465368873052984,0.0008633968251767025,7.62225958169438e-05,0.0002548154769064407,0.00017010413015166955,3.250227439883185e-05,0.00036995844676380573,0.00020673284075201082,0.00014181766274153537,0.0003098014531273153,0.00011783617519540712,0.0005172920013839308,0.0003759091407152516,0.00011296901375358216,0.0005091800216582164,0.00012446239474991365,0.00015592589599171852,0.0001878756221192508,5.328840943263913e-05,0.00036773756372505365,0.0009710240075946786
205000,0.0012092228496201002,0.004634592527037495,0.007573512028102414,0.00020183493580379247,0.0024946654502164627,0.007102143135853112,0.0021998261224707087,0.01958742716484338,0.012730337842982938,0.0018762979270832147,0.01299186325882652,0.00219468181417977,0.0009020796066827395,0.007455976698882737,0.010355953713416752,0.03558971343227313,0.005963449097418474,0.0017510452196779337,0.0029709327126121415,0.010320609036425595,0.004333029132613302,0.00529506599117927,0.004059639799355258,0.01424529345628495,0.004071496332255178,0.004415900353342295,0.001880488603821886,0.00481652576218039,0.002250290387618246,0.009951505115051048,0.0084580015716953,0.013122584827495022,0.0005150769447543377,0.0012356668060546812,0.009807378780250373,0.0003044692339163443,4.468864580076115e-05,0.00013358051910472568,4.027073582455411e-05,0.00019460389603409567,9.74736219970819e-05,0.00018149062179873,0.00030828648486931344,0.0001015175173386907,0.00018764538350823337,8.445020874197391e-05,0.0002325495216019478,6.253491624264029e-05,0.0002680640434548344,0.00018753430545488797,0.00042340751883784833,0.000878271396989779,6.712937974953092e-05,0.00023348114175359097,0.00021423518535749312,4.457924040934813e-05,0.0003175447086847584,0.00011982484147665673,0.00012572250297024666,0.0003177793331045765,0.00010960572314312836,0.000518174531747405,0.00035848192823727406,0.00011835204128015771,0.0005096830346802664,0.0002503350651454934,0.00013822927725673902,0.00023842834071782334,6.11969026067527e-05,0.0003338639623522619,0.0007059949486574624
206000,0.0011963589159996765,0.00696914332311954,0.0074599613223351,0.00024326090893877196,0.0033365569423823,0.011173678961183344,0.002453539873840782,0.019923651724621225,0.017280556390251667,0.002828300326655153,0.014913589634230492,0.002864798187629833,0.0009239740673255062,0.00992565299880384,0.010372574077979046,0.06154987433425655,0.007389547782665994,0.001703661402943102,0.003765281793935823,0.011868422312484956,0.00573084526218526,0.006350524844622539,0.005541266098334745,0.016691593336872756,0.0063274797467163316,0.004648671508766711,0.0021242619006971515,0.0038402731038331694,0.0022829392472939456,0.011834839799708025,0.010787900105497102,0.0162165286400033,0.0007626789264000203,0.0010988755037371531,0.00873799961765245,0.0002129224962906002,3.6394051938103935e-05,0.00016742996285756817,2.4586411065371637e-05,0.00019855641403410118,0.00012785658985441185,0.00013809470237902133,0.00036186839588481234,9.308967953888656e-05,0.0002874258837604621,0.00012917316390428368,0.00020647600920535312,5.020986145787276e-05,0.00019131467572880615,0.00010749117427621968,0.000449444659128718,0.0009570561475508536,6.62489517708309e-05,0.00022935447791218284,0.00024200306676181658,4.347779672157644e-05,0.00028062014687122274,0.0001781018970632431,0.00016689021072756482,0.00029321974160176556,9.552506332208091e-05,0.000502901091829122,0.00037246193168509006,0.00011666568809789726,0.00045174327432404325,0.00012701769477874446,0.0001599178669299103,0.00017312672312137296,6.207600292640336e-05,0.00037027978780942316,0.0008906137154554017
207000,0.0013536710202478807,0.006178624097729981,0.007194539819162553,0.00022595982747868848,0.004492302331723467,0.010580216966835516,0.0024334492176451257,0.014570322084753071,0.01726129623813006,0.0018549134165368741,0.012887367441394024,0.001977117992542584,0.0007161161708857187,0.00913031592724358,0.012005214814074433,0.0489343955196091,0.006743280554344112,0.002071183169322513,0.003130033749455054,0.010698613394949158,0.004980770472446658,0.005990405606228576,0.004174592656739454,0.014126167038921267,0.0038900479188351523,0.005830281088128686,0.0018735537601500137,0.004317816730387373,0.0022553719843819956,0.010009982547114393,0.009110321561456658,0.012979012755050253,0.0008940972788735735,0.0011338555214341647,0.009073289104789082,0.00025686353005888965,5.191052415541794e-05,0.00019378454461812825,3.310719767133455e-05,0.0002511406855774112,0.00010441075960443413,0.00022695413281326182,0.00034923758248623927,9.681929939113998e-05,0.00023648878657360527,9.66709326391424e-05,0.00018204177574756485,6.191080494843959e-05,0.00017266487717820225,0.00015023598065123554,0.0004990564288793674,0.0008307928146678023,6.29987780484953e-05,0.00026784560317797253,0.0002809363527846691,7.088424142280432e-05,0.0003681218958194887,0.00020933212226736941,0.00016500765112444546,0.0002718222935912378,0.0001252824406644019,0.0005076304829645455,0.00032809887309570985,0.00011675640565102242,0.000488452781913414,0.00018428450446415147,0.00012622831614602807,0.00017457210743517196,7.474774435678455e-05,0.000402638511087473,0.000842137778090546
208000,0.0010142313549786686,0.004740469985268579,0.006471990556444022,0.00017302971918630087,0.0037601047682799134,0.007208420612317111,0.0019823959560345693,0.015919150612128705,0.012252270095025698,0.002336342236958444,0.014483561425471253,0.00202323619305389,0.0009547160913247022,0.007745982690087685,0.010507851348152412,0.043352175939617155,0.006513265481208648,0.0014445866540824417,0.003104349559570047,0.010718437756186177,0.005444092976641129,0.00628380252068642,0.004479977107863912,0.01926148108905181,0.004380680535480981,0.005759774963371456,0.0018268998719998954,0.003955773003478195,0.0031235675110057107,0.009817464818444288,0.00818716942264776,0.013194463627699476,0.0008468598463392796,0.0008145980891058993,0.007601118847762539,0.0002981079753031476,3.720744855385012e-05,0.00013324977110394022,3.5794692200989266e-05,0.00019337786397954915,0.00011104967331128989,0.0001457419348298572,0.00020634937900467775,7.265267381147791e-05,0.00020449320394929697,8.541296149461784e-05,0.00012934419817754947,6.59060136758427e-05,0.00011384975316422367,0.0001342394342910583,0.0004505424434333131,0.0005834649424893238,6.310533181022037e-05,0.00018876997169822322,0.00016381132630566094,4.046626388158488e-05,0.0002097981093640399,0.00011521885232923523,0.00010413819897950007,0.00022800444851152582,7.497950988787731e-05,0.00038812133216252265,0.0002571924577691957,6.237477411666184e-05,0.0003614755518760325,0.00013084960861814071,8.605934233076238e-05,0.00017325602898459407,6.782839781749317e-05,0.00027778035108658053,0.0010922950503299944
209000,0.0008856258400555816,0.003499345361045993,0.007268599874199329,0.00023538965135860333,0.003532989860150913,0.008512595576965916,0.0020554347975708116,0.01572021959835932,0.012259799934332776,0.002276068476930959,0.01265906243461808,0.0020657955744299013,0.000858605475955163,0.008127316555835547,0.010935218705708395,0.04200787892796143,0.006527193282787873,0.0011024057407954802,0.003877356278930425,0.010669046499363807,0.0034179731897709714,0.005660803186141753,0.00421365024553476,0.019353397062513978,0.004021710389895902,0.0063086582347750665,0.001957655375661254,0.0032273507890749897,0.001979808574806692,0.00963057462039644,0.007919599278247915,0.013354505125719767,0.0005986031225142177,0.0009854693446149489,0.007071550919742246,0.00022225160490916908,3.8907876812961726e-05,0.00012578703186508474,2.7266218543752393e-05,0.00014065840628063597,8.566756068564652e-05,0.00012560591221699724,0.00027479327636683595,6.837759533003631e-05,0.00014819416209870963,5.69601809008954e-05,0.00012201650693305852,3.736226859096803e-05,0.00010171800512588216,0.00010556387372740905,0.00041104792143624555,0.0005143203282689986,5.028404793847585e-05,0.00018190156586161737,0.00016878093252859703,4.672317221444576e-05,0.00019413479741424748,6.108283992034558e-05,0.00011271877125788403,0.0002440911994968841,7.03117831108102e-05,0.0003762214448951581,0.00023749696908718457,6.460008954933516e-05,0.0003362194183864631,0.00010425317623525803,0.00010202293710140761,0.0001404123440077991,3.736719058622384e-05,0.00025193337031308475,0.0006030625248968135
210000,0.0013499682898917534,0.00601122453399175,0.0072798436567609315,0.00028063596238588127,0.00378051972599874,0.01126108376774937,0.002853226255308161,0.017077121131710466,0.017614698539488664,0.0019679942442962783,0.012793613547582487,0.0019006813808471411,0.0015369463905120608,0.008029876683918481,0.012321909201829625,0.05743871851700533,0.008915821316241775,0.0019637876156352084,0.004136100937362893,0.010968700152807287,0.00405351435614508,0.006815527351656263,0.005451292350553558,0.01987461469640645,0.004976036856359791,0.007260351348668337,0.0020605802373533915,0.0043176894828320656,0.0027568653631640377,0.010965355989267869,0.007804758808197221,0.012398335399876278,0.0009569591168179578,0.0017191000497193674,0.007177102677815128,0.0003411916182370435,4.615660278854026e-05,0.00016902475410709238,3.696733573173311e-05,0.00021377046050474746,0.00016446560948558747,0.00014171348539093742,0.0002843359564394632,0.00012227120866650933,0.0002354127341612567,8.935179020994611e-05,0.00023277133375717982,6.574366291545175e-05,0.00022698106512613212,0.00010530338427501688,0.0005804899403633848,0.0012076703812150906,5.8322461518400816e-05,0.00028726777726456484,0.00030624705207095567,5.170717136851718e-05,0.0003140720716478965,8.910154986097041e-05,0.00012184829938632902,0.0002750660212488863,0.00010411980189625561,0.0004961032579869489,0.00034829036938314556,0.00014167694926810155,0.0003233469473747795,0.00012969850983059682,0.00016189056961073739,0.00022013188456163158,5.398073826512473e-05,0.00032646637317371,0.0009350631327833981
211000,0.001985415039451107,0.007304992600068174,0.005545856819480832,0.0003230837925002561,0.0059462609220829596,0.011014635516663216,0.003705105975372604,0.0196969016950093,0.02026659554059987,0.0028514295518107247,0.013969524367501346,0.0031833508461687064,0.0012755425724952313,0.011466221795038136,0.01874157341380316,0.08241921594556818,0.011091187570075687,0.0022849863534351172,0.003890000245779187,0.014494837969565803,0.005052809724001096,0.008318579393484729,0.005573242791870143,0.02619194659249236,0.006299606260827637,0.008372639841400086,0.001917707136609322,0.004517128929364844,0.0023661969871575234,0.011568995447305497,0.009528103047438587,0.01457500139860293,0.0009642948379345958,0.0020864108051196232,0.014169706324032126,0.00027893719041368774,4.91835527110664e-05,0.00017712953070837432,4.181660472661324e-05,0.0002271401215239166,0.00016926967833192163,0.00016806080247988575,0.00037608490438287843,8.945317863675116e-05,0.0002531785519223424,0.00011505278465295175,0.0002587182834040983,0.00011642288520619104,0.00024427052345337303,0.0001746365834895352,0.0004128245133485437,0.0007386902216239832,7.502279822801938e-05,0.0002566522036840051,0.00027314825142795975,6.274074563738064e-05,0.0003604276147969906,0.0001241128829860827,0.00014271639741991748,0.0003383751730255496,9.458672454153809e-05,0.0005074337418166515,0.0003147507690104905,0.00023849747456322574,0.0007041804076127139,0.00021304569478669183,0.00020084178101699633,0.00021002899546187432,9.002182235917644e-05,0.00032461582440719057,0.0007378006339422427
212000,0.0012419060324621544,0.004936471643169945,0.008741210419733155,0.0003164146982341593,0.0032193427964845303,0.009472528372758202,0.0017192684310664904,0.016430092450807968,0.014648134875213582,0.002523458470022888,0.014806332846777046,0.0025042439577061615,0.0012462100950704719,0.008415657379814409,0.013280545003962127,0.048194296803558245,0.005938411149589315,0.0014045006170783404,0.0031975989815172007,0.01186497167761748,0.0041617903290697405,0.0052713728972386365,0.004398512956443786,0.02243130418161551,0.004575890282265189,0.005474581092130393,0.0019148526232070694,0.0033285478435421587,0.002100894670943757,0.011263137567326456,0.008851995849981904,0.014585144916334404,0.0006464504315601971,0.0012469016201595328,0.005744728272070966,0.00033209808864041534,5.1993202691248465e-05,0.00015148235748215072,4.225214330147877e-05,0.0002323516305295925,0.0001525317539996282,0.00017635787389735924,0.00027112056741316335,0.00010562086926687411,0.0002801352412844656,9.455481818138521e-05,0.00024455029286304795,7.89599176833633e-05,0.00020304436231824717,0.00018772364836133255,0.00063589556682298,0.0004899998421024065,8.110314520308748e-05,0.00024110704870675974,0.00021134916789441346,6.767477795867968e-05,0.0002836449122295689,0.00013316241677330254,0.00016319847553505597,0.00031626510555305196,7.637524565022129e-05,0.0004961509403648707,0.00029502099291507704,9.470783992878137e-05,0.00036764715292115905,0.00016338947582514632,0.0001394434153943231,0.00023620412975199382,6.575664377805879e-05,0.00031768402050911696,0.0009284701372962445
213000,0.0012576214896668986,0.005177114349660567,0.007858503468014533,0.0003207788524587858,0.0036634213718087587,0.007862589288769024,0.0022844789658730377,0.017325702577056967,0.01676328541248328,0.0026418804918648675,0.013718406203999486,0.0028766880414154076,0.001188747692415773,0.008895362185395436,0.014798046454020284,0.05643118846971144,0.007375681110456104,0.001546288979360598,0.0038390835522607502,0.01225677048472183,0.004809613918963315,0.007492472576944108,0.004615525501115675,0.02309672919412454,0.005484785453229542,0.007388191926293075,0.0025302978529144903,0.004301642201122983,0.0032267767038052517,0.011856235498975541,0.009663488708101796,0.01821170146845711,0.0011485128855694116,0.0009341506249341385,0.00955842526349847,0.00045194970048458217,4.659299408085884e-05,0.00019161752834406798,5.323129582382491e-05,0.00038102925009297905,0.00020224794191785514,0.0001689215960141155,0.0004889972120508901,0.00014890707298993795,0.0003390432723503373,9.975921486601789e-05,0.0003680774571923968,7.92533378426441e-05,0.0002525131487682929,0.00021914400580995292,0.0007566629928008366,0.001091870543556676,9.762189492903416e-05,0.0003099223799743376,0.00031612435834866686,8.05257143383642e-05,0.0005642268879455514,0.000175187039303637,0.00019350593067378618,0.0004475366220014201,0.00012188009986857651,0.0009379389987047308,0.0005488720235849474,0.0001187282557259243,0.0008964120204634835,0.0003348802368741594,0.0003772635452930574,0.00025467590189196605,9.167316909497458e-05,0.0005602079439949721,0.001252767673577182
214000,0.0016366742712872675,0.005354608976361946,0.009066742154876314,0.00034723547492271443,0.003823134317285679,0.00813465825714437,0.0022045821290321917,0.016860924244646608,0.019113990508063994,0.003549650849890895,0.015990217543416584,0.0035616045393648426,0.0012970463505939044,0.009681502508707732,0.01646425213154597,0.07184180723803972,0.007855654247318202,0.0015823070217853064,0.003889397920959579,0.013808335061427594,0.0052548909883040115,0.007655096111713127,0.005116965378814105,0.023395926070710022,0.005346544587862607,0.010615831380710006,0.0025112986828433703,0.004598433492901677,0.0027567751963301014,0.013048755735179574,0.010490521779477907,0.016635947462278776,0.0008391770795150513,0.0014843741207959135,0.008642122864532413,0.00037390294684566276,4.383077963080053e-05,0.00013678456802650047,2.454724163584045e-05,0.00019733129533960891,0.00011244945894965043,0.00013512656732928008,0.00027915006667171837,9.297446173437301e-05,0.00016182446711953067,7.701873269334263e-05,0.00023952515600780187,0.00010519024288768719,0.00019959296471742602,0.0001457727458645505,0.0004158651833922004,0.0004996891869571604,4.9411028521717525e-05,0.00017206516726478834,0.0002813021535608829,4.661599996325094e-05,0.00021524923966021023,0.00011231409212086874,0.0001139235574025103,0.00026630103536193087,8.365305511688348e-05,0.00047818370333293727,0.0002850022795899821,0.00012359617372968788,0.00038860851984484017,0.00012412414310040127,0.00014482226665027805,0.0001948264302112171,7.107138938522439e-05,0.00026453414199880044,0.0008555843538488262
215000,0.0020208527991377886,0.007398366475913294,0.007745231351994637,0.0002906965990230394,0.004103034707648338,0.014183368899726443,0.004170086247599571,0.023241264507055794,0.01905386105054104,0.0030800230051681865,0.018768754059563457,0.0034053970604353318,0.0013745553142419367,0.011380297863290638,0.014799268033247619,0.06821235894373483,0.009065307656415132,0.001722973317889308,0.0031187645987042095,0.014094804149693422,0.005730783792284036,0.008501909439863604,0.00675994868077396,0.02817635697623094,0.005705236791202749,0.006934806914068758,0.0026282953243598087,0.004993463816087266,0.002886870408538551,0.01531179397211564,0.013289256274292711,0.01831637733266689,0.0010404069934329878,0.0014703797648275383,0.011196494049727335,0.0002850836983380337,3.060005541343751e-05,0.00018431184211790836,2.40244124318243e-05,0.00016790557333479228,0.0001364368493074032,0.00016703360415704083,0.0002823837670803186,0.00011233128806883255,0.0001906485486176136,0.00011044148754198853,0.0003095971661391479,5.342733622804019e-05,0.00020622042999340513,0.00011678973532980308,0.000543689841043278,0.0009396230210162079,6.631925425608643e-05,0.00023885642581355606,0.00025378151954571186,5.925374932758132e-05,0.0003171758397109697,0.00010739974015905318,0.00013600827639316372,0.00023924138005475889,8.449169417872327e-05,0.0004682773298410573,0.0003116349108764822,0.00011609156469628058,0.00025163685232756607,0.0001234706122924952,0.00011220096238113391,0.00020904728084162577,8.501405275751495e-05,0.000305976060056256,0.0006073955191823188
216000,0.001830482023580304,0.005848827511524885,0.008762148677609124,0.0002747910385673654,0.004180920750191553,0.008940385662884052,0.0027219038838079395,0.015154191102363471,0.01694792646105869,0.003181741136359051,0.014602966239405681,0.0031141725494122437,0.0012501199451049395,0.009347844806170819,0.015881153804280877,0.054545539644702025,0.007489787119149176,0.00160357157778602,0.002883561068821499,0.012116693554101705,0.004594877064970695,0.007360504545171612,0.0044204351515024125,0.01966649709890286,0.005263813754676708,0.006243815901689232,0.002245953020451819,0.0043075698523959245,0.002122119988074273,0.011876299965097719,0.0091805275396473,0.015921547995486226,0.0008546452036149241,0.0013115447425471481,0.010233106241381998,0.00039372732227401945,2.450749348787739e-05,0.00017983284562267892,1.933799278819047e-05,0.00021122531688888557,0.00012042300711056108,0.00011742162814698531,0.000290431607481878,6.877360508377406e-05,0.00018269359153045547,9.475756984370167e-05,0.00021092829876834642,7.001632637226862e-05,0.00021365988781020672,0.00011508380025175443,0.0003880338202022288,0.0007316460760193877,5.6183514789154285e-05,0.00024617573391730487,0.00025967326969137126,6.435929481085623e-05,0.0002293800460060455,0.00012989108745387057,0.0001295126858293669,0.0002520811561155894,8.611256404644034e-05,0.00042229986024416556,0.0003713213404365787,0.0001022719874412245,0.0003424558417464141,0.00018462987777313953,0.00016766165942629283,0.00015581225508570594,6.625414656014073e-05,0.0002970052111830977,0.0005868881919013802
217000,0.002029152962019932,0.006962888606520007,0.008372000366459057,0.0002405773708932639,0.004159996677140331,0.007702016055450908,0.0026380451580764437,0.015626770531597167,0.01664460193594579,0.0026171819044975564,0.013560431917371548,0.003175036265020026,0.0012063001272370898,0.008698471935393613,0.013488781741976067,0.05519596356255837,0.006668256285224959,0.0014976457245717903,0.0028470121004439924,0.011323920129313289,0.004373471739735089,0.007739206799669773,0.004556512785420637,0.020874999711910883,0.0045189808008996935,0.005961938318796456,0.0021047395664665247,0.004256506072124466,0.0024330366959261214,0.010714871487922915,0.010256229489605174,0.01311361609483496,0.0007840088340119477,0.0008978313399935825,0.008022134556894243,0.0002920717224290976,2.8942927505233073e-05,0.00016032699063957395,2.420867727745513e-05,0.000226198752216078,0.00010063587157560505,0.00011224215450056363,0.0002856806481759122,6.027236398901885e-05,0.00014957507458970403,0.0001232361570950096,0.00014906666990754545,8.196874710364455e-05,0.00017846818407022134,0.00018589870557083157,0.00041720137045418737,0.00047993283199806075,6.580787576240254e-05,0.00021363758898995894,0.0001476004225533588,4.186716560897449e-05,0.0002306354276159802,0.00012529277182693477,0.00014189083599881592,0.000257761928682717,0.00010717790852747082,0.0005125376465937939,0.00033304277412669225,8.550445423876422e-05,0.0005315303561575194,0.00015853073323076198,0.00010480380959571838,0.00014946931940627446,5.4059349167800974e-05,0.0002934815687725507,0.0007854801544453949
218000,0.0017186815242328866,0.006786548819811152,0.009198379033174811,0.0002595753191564234,0.0048785051695182415,0.012862852225745363,0.0031398657622576727,0.0175356820795523,0.020556824116323973,0.0036204364369041286,0.01690481388484639,0.003517245821392268,0.0015013864194219368,0.010844988361592792,0.015521566268088302,0.05993126805333304,0.008730496350337836,0.0021280611856380784,0.004069358796446717,0.014608731628262225,0.005562603500930244,0.00908871187805614,0.005308437205094378,0.026763068772076317,0.00658685513617312,0.008716330351307987,0.002655398967025605,0.0055209459531700604,0.0028832141755093985,0.013113205060137497,0.011460548014341232,0.019728641659290027,0.0009192310841115159,0.0013644023449879293,0.011444813859674873,0.00026731793315093455,3.111858924404786e-05,0.0001253973142741994,3.001798496009005e-05,0.00019178367210770375,0.00010092860362840626,0.00020670757112384308,0.0002408705368907249,0.00010096632080316532,0.00012364373717565813,7.352271490828701e-05,0.00017753968480368107,8.906546271347793e-05,0.00019416512442611402,0.00013089731096856255,0.0003871411929664576,0.00035198290849317954,6.710626621497795e-05,0.0002403262622428141,0.00019522929593724007,3.875716397901256e-05,0.00026516771466107925,0.00015666976332795457,0.00016737672526940313,0.00030836558605817395,9.366462454636348e-05,0.0005566877263994664,0.00033919819252206353,0.00010026954555542034,0.0003666464419640963,0.00013355838239642088,0.00015288939006755494,0.00022043706019486865,5.1007320024609726e-05,0.00028467519510328403,0.0011636711191385985
219000,0.0014889593993192083,0.005895915122959262,0.007773677454679273,0.00020532814064084121,0.0033950958465158946,0.007802274535476629,0.0021837640921266058,0.01576869000567896,0.0137581522848611,0.003260343353758799,0.014587928021357562,0.002111689864287488,0.0010911733287767593,0.009140997023871134,0.012546271945842926,0.052158309675178316,0.008298192519673432,0.0012025904729910772,0.0029539104720502757,0.011123000644753725,0.0038659325086506705,0.006842309628804547,0.004397322204846811,0.020099440508056433,0.00533487384304213,0.006622971803881228,0.0021017077923782,0.0036023294563468275,0.002367717959329157,0.00941895959735003,0.008153751785866916,0.014403680155877598,0.000786650387065781,0.0009074164998912958,0.005649397864746991,0.00020808485941107132,2.9538747359412665e-05,0.00011953878720305511,2.3894304794646223e-05,0.00015075561145749816,0.00010425011807572136,0.00013848138632965856,0.00025996240501626746,9.458846792959345e-05,0.00012018364833406131,9.048808348097737e-05,0.00017083550043632081,3.508575561284033e-05,0.00014158122951357655,0.00010226764325952072,0.0004397486017069241,0.000419889693754764,7.553678824478993e-05,0.0002383036947377354,0.0001799575387661301,3.798487110047559e-05,0.00021890154259322556,7.104952328518266e-05,0.00014589922783948673,0.0002215595463894715,8.29893954990742e-05,0.0004261921526492227,0.000326308660471905,9.119678295908605e-05,0.0003758503688813006,0.00011968554029012863,9.335882896266412e-05,0.00014844065273036318,3.905732813791474e-05,0.000272409523236207,0.0005942424402746837
220000,0.0013199383415052875,0.007606756819802319,0.00907452769054847,0.00028353354103343847,0.003868351235263318,0.009195914209288145,0.002069551005074426,0.017741336194982676,0.015555627114315917,0.0031646818897570483,0.017351543878405973,0.002644183853051948,0.0015304941811006177,0.008688804119270626,0.009253420568754389,0.05188414429918945,0.00868817653069224,0.0014139897145549738,0.003343337478457085,0.011585610668128842,0.005494898319308889,0.006334522669931175,0.005887630186140693,0.020566814548025527,0.006127876742827957,0.007783575518988073,0.002688580543103707,0.004011305360942667,0.0026510211344643987,0.012519280076019405,0.009478304823375461,0.017868510315355916,0.0008829347321903486,0.0008973413904916311,0.0072767424881021725,0.00024201069799443888,3.139158513482997e-05,0.00018898607963406406,2.5786976343022025e-05,0.00025070403216886916,0.0001287836051358952,0.00013635653158416972,0.00027670299605233597,9.323379809326358e-05,0.0001688918401836609,8.03724803299742e-05,0.00026966358860878054,4.0668163943990976e-05,0.00017727197733612574,0.0001453146479351827,0.00043909093182824456,0.0006433758826460689,5.1810878176183905e-05,0.00029377736687560433,0.00023244389545840836,7.400122236008015e-05,0.00021396398639603097,0.00011278377405687934,0.00016378843443160603,0.0002723090905979356,9.938514109914346e-05,0.0005455556234042761,0.00040922339620566263,9.25142456782015e-05,0.0005076265214382955,0.0001597539713079877,0.0001376088285464253,0.00021664546880671305,7.978226574323344e-05,0.0003505201579891869,0.0007017929732683114
221000,0.001071615150903125,0.006907751235336979,0.00771675716896425,0.0001819859618360799,0.002696079670236434,0.009336519163168435,0.00308879818353049,0.017779736453192918,0.013090576924713776,0.0019368807334103622,0.012806148978272154,0.002112624541635397,0.0008614569888970547,0.007688821778174315,0.0118834429044535,0.04330979427353062,0.006428327213229966,0.001476359935853147,0.002424051523641018,0.009683073678255216,0.004947536001801084,0.00586235473045755,0.0038351946262749456,0.02163492323597893,0.003674916044806268,0.005645860312506556,0.001556868003948723,0.0035543213388109507,0.0023144654896254105,0.01021106756548585,0.008362790583826912,0.01381220005882474,0.000796072915633772,0.0011489693074403222,0.011888199513628529,0.00015847660025615693,3.0422243731053594e-05,9.512945083853e-05,2.2690640565153707e-05,0.00013376623746808036,0.00010215165435750621,0.00013418786784313852,0.0002485584309852129,5.5176255811698195e-05,0.00014832222351934002,5.454425810041487e-05,0.00015507777410867245,4.054250125484771e-05,0.00015059467996830585,8.087398898417383e-05,0.0005276600935023733,0.00048394457129082485,6.416991018340923e-05,0.00020570554602736778,0.00020775085858045275,3.0154875100213925e-05,0.000275159202711591,8.731044135856791e-05,0.00010412725634346821,0.000205513142638945,5.089012447569985e-05,0.00040215061329504153,0.00024339905720096425,6.352657517807627e-05,0.00023371243312592723,7.98247826826975e-05,9.91525861471538e-05,0.00018938558550912933,2.481464746040274e-05,0.00023532908652049926,0.0006475526992289815
222000,0.001568950837551981,0.005597426039053567,0.006387788853923364,0.00020985520169723224,0.0032763820172591824,0.007370139459713495,0.0024763522796415454,0.01929368216067315,0.013239645513769712,0.0023243274044943973,0.011801348863212487,0.001524184543309182,0.001014667450914258,0.0075482960108440075,0.010257772273111828,0.05543954245482988,0.007054473683898063,0.001292269091623617,0.0025581269728718325,0.008878705066830056,0.0034514811959271497,0.0057337686152355415,0.004137172806076705,0.01861607889489581,0.0042390436064456555,0.006027635140344501,0.0018649769879102091,0.0035401862135131523,0.0016059215807164198,0.009405049394826488,0.009650737991202429,0.012297502105446676,0.0005050385121799869,0.0011338837484958656,0.00692677976773363,0.00020978154457956016,2.4731361746358072e-05,0.00011649423177831605,2.6520778333288473e-05,0.0002031703440934507,7.675336923071843e-05,0.00016065478212112794,0.0003250553430916625,6.040892899842507e-05,9.742071248231361e-05,5.973172710379718e-05,0.00015312458175318616,4.555565340425005e-05,0.00016151093068068458,0.00014921720205827361,0.0004128731854052603,0.0005848108242692737,6.287850164881093e-05,0.0002647361041602622,0.00017539213648229507,3.853829570165214e-05,0.00022831497865134282,0.00010740512902884802,0.0001521022346145805,0.00023049814027707236,8.841026653196119e-05,0.00046316060185026505,0.0003517658887833224,7.312790128642453e-05,0.0004271790846056926,0.0001588351032379168,9.450560563501702e-05,0.00018724964032760142,4.565729304317756e-05,0.0003109097415137451,0.0006762556717148982
223000,0.0014816203091548821,0.004674205754983834,0.00901622439687344,0.00028035105481019574,0.004208344018042215,0.006815582613593766,0.002022131469182627,0.016847600429529992,0.01617237749920156,0.0028377090020512696,0.01197926181635854,0.002556967985731958,0.0013047120248136873,0.00811927455431556,0.012514711578071857,0.044794520941043935,0.007768242620364791,0.001897409649521976,0.003367398440397145,0.010337006817074628,0.0038474917257299416,0.00776357580473684,0.003983917312410388,0.020111063429309677,0.004067900099197152,0.007730031874962151,0.002224613363024776,0.004630667634652734,0.0024801824298372275,0.00941308688673035,0.009072973068008043,0.012989806810555119,0.000680589298741989,0.000895218726142513,0.006422193119659723,0.00022702420843399653,2.9272031371731016e-05,0.0002206013907859663,2.9002251130257344e-05,0.00021489694427145878,0.00013733729479026998,0.00016776349366409704,0.000390110425723833,0.00010648549098397397,0.00010363798622069896,9.152193274855693e-05,0.00022399779757969346,3.73406152966993e-05,0.00019997335791372437,0.00012334837463806087,0.0005803475975671272,0.0005418504800521381,6.776462814741535e-05,0.00023146520682214996,0.00025627428470309906,4.56101390785658e-05,0.00022275116518397236,7.895686235315225e-05,0.00014870748691464541,0.00021230900952454808,0.00011313365290940661,0.0005797343923959684,0.00037964495741696873,8.320591755999156e-05,0.0004108244324419906,0.0001982409208964085,0.00016879718980687488,0.00021621203910168304,7.492303649314636e-05,0.0003351085783260485,0.003190972705488093
224000,0.0020990636356735784,0.006638984670981126,0.008685628421820487,0.0005724620800510121,0.004272881819735078,0.012403365025030715,0.003328333122725223,0.022315883104787573,0.01582291047388129,0.003362057399499463,0.015524380176677009,0.003655033085551065,0.0015135205035083786,0.011193927558589636,0.016866137981517513,0.04848048645089875,0.010055500378084184,0.001763790358934416,0.004068718756960672,0.014288440711861767,0.0050045745670139205,0.008272392943971292,0.00572759544554477,0.025407785600206505,0.006452233099162908,0.0070123345823958514,0.002534133438918997,0.0049130978075785,0.003267733626297045,0.011960402444181513,0.009860755744739436,0.01807937497058167,0.0009938591619516046,0.001131805881604398,0.014229544444687135,0.00029005509413033384,4.776295667409757e-05,0.00017765615368923383,5.0297505196564984e-05,0.00026344791513110977,0.00013282874374030666,0.000232779892940016,0.0003442731294853729,0.00011671603208110595,0.00018244150944730407,0.00012251173513310018,0.000294526022443869,7.975778192204075e-05,0.0003112121945865111,0.00019543305957499385,0.0006101226344421425,0.0007435762090608478,9.705417760415002e-05,0.00031495879148697357,0.0003368251372162847,5.130200536934188e-05,0.00037946315191103136,0.00022432699756791408,0.00018057867427816946,0.00037538046937977645,0.00012921036771634437,0.0006341147765524315,0.00040168536361938497,0.00015078801829207937,0.0005902757107428948,0.00027601573345225017,0.00016720995992207982,0.0002966787858541363,0.00011252986629983752,0.000363296302803523,0.001228078811254818
225000,0.0014982811113023254,0.005249937518210909,0.005339228814288314,0.00016226255780356252,0.0030617763870994376,0.008931087629337395,0.001656044020980898,0.012387086093012305,0.013952090379346752,0.0019437441824265989,0.010866982952584182,0.002009856309235388,0.0006902782986413292,0.0072417723036558145,0.009646363009532626,0.04393533132497396,0.0063263611651304275,0.0015688082478650185,0.0023132775942420786,0.009634733180367524,0.0036306218985583446,0.005349373110480623,0.0037535464412212604,0.018342810636386275,0.004053022317459672,0.006314791867043823,0.0016615383614656998,0.003454194092834465,0.0018521159812414278,0.008639284006705801,0.007191801226920992,0.01399833971607642,0.000565089234385141,0.0007163435698573246,0.006401892249515286,0.00017372016590197096,2.075929819623848e-05,0.00011170024903218622,1.8783384638049116e-05,0.0001417792882421054,7.0913354692677e-05,0.00010069961490444257,0.00021029938834544738,5.8115005973185795e-05,0.00011006195217855986,5.339528343313304e-05,0.00014421219027115097,2.9495085591690895e-05,0.00011660940007643682,8.111891078111843e-05,0.0004527385709689742,0.0005051316093158675,4.6688813381479124e-05,0.00022470252144780623,0.00013646009408368063,3.161164863740851e-05,0.00015734332166459196,6.51523753276706e-05,0.00010086266778191405,0.00018244484017486683,6.734570339782901e-05,0.00040372571291261,0.0003221136308571591,5.560160438157303e-05,0.0003037117482260025,0.0001117089655334386,7.7996114409221e-05,0.00015329320799693387,5.8218357736450344e-05,0.0002545411344505103,0.001981223980692448
226000,0.001505113699332051,0.005522106673972168,0.007770486212393735,0.00029286768254818387,0.0021647749604716974,0.011498951968470854,0.0024879445983324623,0.013732032840612102,0.014776969143152695,0.002846904237230774,0.012681424254104193,0.002384511534524345,0.001008923586844255,0.007172938246764137,0.012852961853701238,0.05135509450489432,0.00671277943001769,0.0015800704579443754,0.002775523736220618,0.009722992259157763,0.004618337039664766,0.006489872854997104,0.0037219643637217813,0.020506280914802725,0.005026462187829782,0.0045650202548131345,0.0019451032076029796,0.003595427121733034,0.002214613178255283,0.010305530549357496,0.009421192573014802,0.01636545598068131,0.0007423233014531678,0.0009353757215152189,0.00955973152910398,0.0002171304522866941,3.4763137504892495e-05,0.0001087418194484516,3.0607358893115795e-05,0.00018499248585612804,0.00010232522529736827,0.0001633430874790065,0.00021754152103312663,4.786380589537561e-05,0.00014721889768368686,5.926221149467535e-05,0.00014570285647526985,4.724332722538804e-05,0.0001676803217319816,0.0001520231135972691,0.00047537044798935733,0.00048773480678695097,6.295609600783791e-05,0.0002175312681490085,0.00019400446612492269,3.7047906744192005e-05,0.00025344043868694486,0.00011563716202545038,0.00011111453616447559,0.0002319179447742779,7.29460692430924e-05,0.0004255817908984995,0.0003226275668947875,8.859141623590633e-05,0.00041903584638526407,0.00015719439978339949,0.00014223435709936894,0.00022764853320237974,4.161775797228984e-05,0.0002724792663508854,0.0010040224478871096
227000,0.0015764456379779527,0.008064368075725657,0.007338703147070191,0.00036626752322403125,0.002682842261239347,0.01037081194642399,0.0032408087270654976,0.016525859890380697,0.017138274383698814,0.0030028199289517943,0.016279557864447583,0.002128241685568355,0.0011526444246886638,0.008082687574697598,0.011825420662353281,0.04652261449943277,0.007681891178175907,0.0016580377773549762,0.003186356350072726,0.011584116053818434,0.0051485664306177075,0.006581390399722815,0.0053616432149040825,0.025158103202314427,0.005486019040362739,0.005279421689920127,0.0021842176212460125,0.004865879454579651,0.0025832834665540276,0.011565291554190128,0.009035508388042218,0.015105072632790185,0.0007355201702206562,0.0015577340436720988,0.008452408707045025,0.000297297751046699,3.59608506019676e-05,0.00017773508344279517,2.591796677287708e-05,0.00021692081827495713,0.00011369962312117307,0.00016074182531156112,0.0002462626952365099,9.943977970818339e-05,0.00022519829767349476,9.437511615390446e-05,0.00018451880030050617,9.149483335590958e-05,0.00020038878368260502,0.00016130013202862094,0.00042293801292054504,0.000957996021800985,5.0102050954592416e-05,0.0002616200033246839,0.00020706482986309406,5.0333139979970426e-05,0.00031536835274559424,8.855950903807752e-05,0.00012944122513797792,0.00030067448431229704,8.31525664276948e-05,0.0004808193568659326,0.00037806957261447377,0.00013593210787844369,0.0004474308649757101,0.0001883572750563411,0.00012035337457356425,0.00019893006694635386,4.9955947979185567e-05,0.0002560885456923566,0.0010762295263702982
228000,0.0015292060542796625,0.006694313076204034,0.008116779043120914,0.00026159597416433545,0.00395089679516821,0.011253584558809442,0.002214070378789573,0.01600463552323858,0.0161611677409797,0.002847167219442781,0.013771044397282911,0.002415722236779699,0.001271032600374328,0.008329412740832513,0.014074510897283772,0.05400498537498303,0.008715511554111714,0.0020529854219499682,0.003342477376593576,0.011394722449367692,0.0051339783863743205,0.007894497656057606,0.0049367988847128196,0.02033710794445748,0.005526120387118667,0.008456911239773036,0.0021515060628541595,0.004808834296757898,0.002983107526362052,0.010587068195520495,0.010108545261900873,0.017609609472296704,0.0008982895348004569,0.001357160822075203,0.0073146900414131875,0.0003430464844070359,4.066629882596604e-05,0.00014064892853970048,2.9026746288073778e-05,0.0002725188464864914,0.0001231901770029737,0.0001940441670740256,0.0002824928109475877,0.0001137436184810787,0.00018646313218548464,0.00010566572125380195,0.0002582620166545543,7.348369657478315e-05,0.00022099895378185715,0.00014517809028223962,0.0006036343731326409,0.0006318160437028079,8.008303375390824e-05,0.00026639661808410296,0.00026906131712041377,5.784847047090641e-05,0.0003383196037482835,0.00014810782840868342,0.0001955515998967409,0.00029919783571061157,9.392163137817988e-05,0.0005745453620878863,0.0003566075333617812,0.00012381367698073337,0.00045073832289846096,0.00016114775541178436,0.00013153523358206648,0.00022859767854345505,7.838352155431494e-05,0.00041300780275523415,0.0008172190420737025
229000,0.0014784576076734182,0.007251425300233273,0.007071830930120389,0.0003154835666534312,0.0038555939797874942,0.017802349058911204,0.0032441008735927864,0.019910554062887824,0.02256435813589771,0.003989585835370235,0.015952926910010577,0.002746094580399994,0.0014723782902971532,0.010453108401799744,0.013656790281931857,0.06663287745838413,0.010385250058226077,0.0021434410306097515,0.0037173691957182848,0.012632066566984576,0.00582347492572152,0.008628144620161038,0.005683901410035711,0.025308535294607283,0.005672640958321622,0.007011512853205204,0.0027532651499475305,0.006066803006736639,0.0026580540972645393,0.013030598407626272,0.010262660120497457,0.0184921091198563,0.0007627837030066933,0.0016184315432034308,0.010636449410109586,0.00032845758187249885,3.192639914423604e-05,0.00017089470789373578,1.909296634861325e-05,0.00022796676216785272,0.00013416401435264598,0.00021715712591685588,0.00029521943461077174,8.69621786166949e-05,0.00011802507018441439,9.52487583232044e-05,0.00027816782129089565,6.756292567189348e-05,0.00030027508137209225,0.00012282939827524717,0.0005316714904018647,0.0008836697694884302,5.311205732141389e-05,0.00021280933005797049,0.00025253052871417384,6.699472936072033e-05,0.00035518795128018123,0.00011889967004208302,0.0001846962278477804,0.0003577221955940611,0.00010922314359049779,0.0005631594821919549,0.0003485351907659993,0.00014895740527380612,0.00034516680938799656,0.0002010132532147993,0.00011868003171652422,0.0002348716717079924,6.168028630781919e-05,0.0003630538383792761,0.0006677769240923225
230000,0.0011832070897833398,0.004838232229371055,0.00796198393133333,0.00022803736392583792,0.0029727113438708284,0.010442222318878132,0.00186786578562474,0.016288252919170475,0.015385498202862483,0.002812131973769283,0.014648745622208132,0.0020477763176372996,0.0010436047011877015,0.008310532861811005,0.009539512591436506,0.03929071606398793,0.006422997538547428,0.0013905590821184288,0.0029676989085731164,0.010091867667918752,0.0039127177900288995,0.006473164665814173,0.003972151664468886,0.01710312641613806,0.005138705505689561,0.004782875988166779,0.0020533972778975433,0.0037347300050593426,0.002335562096285524,0.010223317859908416,0.009816984084233506,0.01646459403519447,0.0006039324204826138,0.0012177010274087457,0.007319008968806884,0.00026905702381238176,3.650350728141922e-05,0.0002329149280988283,2.4453094131632794e-05,0.00021219435734565195,0.00012690103442600183,0.00020283238654883462,0.0003491343549285375,0.00011588148417056226,0.00021928109631517146,8.719788155957531e-05,0.00028081840668834815,6.908693227103413e-05,0.00022731987118912252,0.00014125697072648273,0.0007926026905736832,0.0007568081200588495,7.012677579041338e-05,0.00031145225010713686,0.00023137953858481366,5.164391259106858e-05,0.00037932022692613277,0.00016889847188394924,0.00014910012371021567,0.00044835584671650745,9.39180144390169e-05,0.0005575023232994124,0.0004129179968612317,0.00016424404037451013,0.0004300929936612698,0.00018656198977481977,0.00012260624823414088,0.0002547624251817176,6.736002265483876e-05,0.0003534263776891137,0.0012761416466673837
231000,0.0024701064219919537,0.006176516558938332,0.007525372895543114,0.0003018267300026659,0.0035296074793107817,0.009319645568861492,0.002711781703481158,0.021653155827330992,0.0158142095766391,0.0024442154353891965,0.016004407169806834,0.002693406342735457,0.0012515800754596112,0.010353487902014449,0.012258531196429804,0.03540663633369453,0.009513745537376616,0.0018250955524043875,0.004248982089588286,0.01167340399629514,0.005115997325106474,0.008279397949081613,0.006252773067729625,0.019354334415402262,0.007164542304659942,0.007286224397830665,0.00242923980311154,0.004982931284454632,0.003179067954153973,0.012494638144421661,0.011158352411924474,0.01749935189414268,0.0007873512529845181,0.0016587992400186628,0.00514087792564371,0.0005621041536788393,4.268355990844659e-05,0.00021243013179628178,2.8803241204503092e-05,0.00020955550166945613,0.0001598598301617382,0.00018147596347262152,0.0003159599033097038,0.00012268943043493077,0.0002424922004353759,0.00013257388376278608,0.0003301678670412226,0.00012046389941033908,0.0002941296463102939,0.00011916301644470712,0.000784433297139213,0.0011250518849313569,7.034469454083591e-05,0.0003352255320796572,0.0003266462659541566,5.2962578489644905e-05,0.0004636760950820791,0.00023341058249570779,0.00020173651679063673,0.0003812917674412557,0.00012755116937720838,0.0005503641429863477,0.0004075264077024948,0.00018076265996569418,0.0002983028114411152,0.00021125399013856492,0.00018786684917618653,0.00032490236554161994,6.86839144066198e-05,0.00033829619128062234,0.001218575969687663
232000,0.0012331539454543097,0.0052375286576096655,0.008044584459033407,0.00026151622201163823,0.0033559556057620676,0.009381986455991864,0.002281908690747514,0.018374512073861815,0.01626502257319679,0.0026792726312123705,0.01479628654761868,0.002909553389460542,0.001057352677338658,0.008495419841699802,0.010870604227538399,0.037654041516968086,0.006878029997226674,0.0017941416019450025,0.0028160979311776047,0.013183492563924423,0.004580063591346901,0.007367993665996307,0.005349575133150211,0.019873820412127922,0.005630627236170103,0.007147376169450581,0.0022251575067076053,0.0053422908737654025,0.002947316400754704,0.012120446296326155,0.01106187609291131,0.015037163936470348,0.0007748484764162045,0.0012218379142829034,0.010841351569171011,0.00033850185531848965,3.2138460451697505e-05,0.00014048613246069925,4.119977397174325e-05,0.00023300629391087568,0.00015076342988032458,0.00019908030117221642,0.0002769991985587694,9.858996525891646e-05,0.0001737547733874204,9.667417968525374e-05,0.00027062921770649204,7.785185866104882e-05,0.00028079098217991986,0.00016761781014131637,0.000534753781119854,0.0005719789999905819,7.210954754555132e-05,0.00029023023560103883,0.0002812854179802375,5.1610852784216895e-05,0.00031458988611433674,0.0001095754780635616,0.00016579535582018757,0.00031972442859394225,9.644283466817191e-05,0.0005035125463377294,0.00038571940324640374,0.00014636048508527729,0.0004149434411778606,0.00024045735904110188,0.00014089478008827427,0.00028414035237217706,6.988506908101044e-05,0.00031899827200970873,0.0008582643567933701
233000,0.0018016671164258623,0.007059459866906292,0.009016206646871675,0.00032892059615243435,0.003429511196119637,0.00995797648959394,0.004318645937019028,0.02005169547049388,0.01854138286109124,0.0031092398276086897,0.016682858256832266,0.0033511860696753314,0.0013321270420089024,0.010486595644717014,0.014437231969735448,0.06460363931607087,0.008282578121993754,0.002173493553378142,0.0041154478697405595,0.014400726121154245,0.0061102698441424345,0.00789893618561369,0.005127272404982553,0.021058425396525613,0.005818630146316695,0.006071198603603989,0.0025541374360720454,0.005351099269470676,0.003014019234551062,0.014016588761155763,0.013977599585972106,0.017964291496005338,0.0011163959545792924,0.0014921126737537508,0.011549633080802677,0.0003519937277027501,4.575858998865251e-05,0.0002331801704878506,3.996679409266951e-05,0.0002471711065936688,0.00017618849950211255,0.0002652327739269822,0.00034731425057543674,0.00012523435096131595,0.00018777438313727064,9.018764047153484e-05,0.0003215202659224528,0.00010028355552549328,0.00035441423920176397,0.00017787592961130113,0.0006233550712085371,0.0007687516639028521,9.742678521433845e-05,0.0004425936248462305,0.0004091049077346568,7.255726076106261e-05,0.00044769240679259735,0.0002852910656656604,0.00019696191975526744,0.0005815141990192038,0.00011986827873139797,0.0006292857238897478,0.0005270675919788388,0.00020481292593202042,0.0007550357081021906,0.0003551098354715908,0.0002761635793961302,0.00033301274295157113,4.473039712138416e-05,0.0005150047142148245,0.000893808199907653
234000,0.001567014326438594,0.005629466402751859,0.008920459995351848,0.000289192760556034,0.004226376627563776,0.012941064196638763,0.001967245043898959,0.01960050730015021,0.017366650096155813,0.002730391881414107,0.0160159520306973,0.003772990113897582,0.0011838234830506597,0.010073914717588306,0.01255219510434579,0.04188981321264388,0.007579191818184059,0.0012584825843400204,0.004021373149173867,0.012383316632294736,0.0047043039245618975,0.007217588840051446,0.004890584112072247,0.01897610172163695,0.006020960498409252,0.0053124564932659265,0.00278162969247968,0.00388907917912699,0.0024211968319244027,0.012953569504691499,0.01067333502675562,0.01690293350839056,0.0008593115427598919,0.0012650449956296609,0.011409268084712999,0.0002788628038428799,4.3260996111066084e-05,0.00024160944940376794,5.297197836729954e-05,0.0002447239464800077,0.00015714692916448102,0.0001892847467388492,0.00038211748560570415,8.910810449953332e-05,0.0002193370927910253,8.194014420500447e-05,0.0002967945458869125,6.349637965996635e-05,0.0002475162695453758,0.00022975880347075872,0.0005888189572732909,0.0008914244584351158,9.840874881774652e-05,0.0003259423307210863,0.0002295574675623231,4.8883189203314196e-05,0.00033815437355251657,0.0001535004726065381,0.00022775328688516715,0.00044173887815234663,0.00010825322060554754,0.0007500893268680527,0.0005078395396788403,0.00010901855949947555,0.0004337869128600384,0.00022716723030392238,0.00015145777219264085,0.00028239769765407127,4.242119433683911e-05,0.0003894018166594084,0.000909770587895764
235000,0.0012526572050110436,0.004733506601715581,0.007312446729883959,0.00028722695632006016,0.003625942908197603,0.006158506273225482,0.001986569589961061,0.0193293183398126,0.017802924275014724,0.003227465076633962,0.01579928948731434,0.0028817000148796514,0.000950504428615342,0.010011549233736745,0.011167835650335559,0.04699998438991315,0.009496035039406013,0.0014039215205264531,0.0032656048099722413,0.012912740135252534,0.005412629753824988,0.006560786470540084,0.004232821969538539,0.020922051711628833,0.0061790618820085665,0.00569074695231393,0.0023857536875399794,0.003990720659506526,0.002816548750663916,0.01304242659980739,0.012665205934414796,0.016978630173700646,0.0009342934323797181,0.0010276921346324575,0.005895665763899969,0.0002723142184371292,4.512432681436669e-05,0.0001514379265989357,4.2295337123844995e-05,0.00023742413850413868,0.00013382894036702907,0.00020056090488651535,0.00023157041632657638,9.37970113514702e-05,0.0002061175117648274,7.493858438363888e-05,0.0002096332021593346,0.00010314107058917443,0.00019409653809581304,0.00012572609954407778,0.0006403786331527673,0.0005327671672906339,0.00010750905639724805,0.000247974290018925,0.0002447703255115655,4.029920831850507e-05,0.00020869780628247529,8.886274645192316e-05,0.0001429687706351817,0.0002744231978025569,8.86936350070755e-05,0.0005252639437663499,0.0003095062547884111,0.00013182564751266845,0.00038335461269727803,0.00018860996668719325,0.00011395781081903676,0.0002502856336286824,6.179503537850906e-05,0.0003235449371497468,0.0011256935118581167
236000,0.0010371605249880254,0.004353904655107288,0.0073872600011479035,0.0002602395603529518,0.00419932809616719,0.010024394457494574,0.0021051675546386243,0.01590850801221677,0.013819013497670566,0.002873937995900633,0.01445405606033473,0.002708971818385774,0.001101870200231629,0.008421835062053464,0.010110370970420156,0.034772411284999784,0.00650009299626964,0.0014631315449910693,0.003686943777211127,0.010268318776713083,0.004490613138850326,0.006306181274209978,0.0037574748733459275,0.017178973753470928,0.00543259929734285,0.006658949016127735,0.002082499663027838,0.004083197939697432,0.002115172345143305,0.011448725057562115,0.010596353582028921,0.015624803190943427,0.0007252404625651602,0.001496569669999972,0.005248495106772882,0.00021916783263163455,2.6214538552805704e-05,0.00011099654420831939,2.8231841112580906e-05,0.00017878291941997304,9.533149916793031e-05,0.00014765880587219726,0.00022811619091953617,6.854340335848974e-05,9.12968802966038e-05,4.807867957156629e-05,0.00015459020375617496,6.913327951707515e-05,0.00015045725280256664,0.00010470775834454054,0.0004934919171528935,0.0005678988612392762,6.776425070711411e-05,0.00022184187872305617,0.00018038672134997765,3.003432049230138e-05,0.0001880007025989784,5.72107499010599e-05,0.00011301352700835803,0.00018154562266527836,6.69523128332609e-05,0.00039159497647790796,0.0002951286224307144,6.526561928448909e-05,0.0003906306244769237,0.00011102104563385431,9.63804851120845e-05,0.00018932115197649806,5.2484207699876606e-05,0.00029595961860887207,0.0005321493204974104
237000,0.0020620381800826354,0.005961486299552403,0.01016874020327426,0.0002786594174302501,0.0037767147866672322,0.012362018493669373,0.0030262923414592214,0.022128151193921405,0.0183067489049278,0.003418475142098032,0.016835557613578404,0.003124619615549336,0.0014984386957208203,0.009476396025892234,0.012202842324554427,0.05438627140999112,0.00868947622928404,0.0019972517788855956,0.004498021683372956,0.011522129544597798,0.004786636101891872,0.009457659424827267,0.005271977561399884,0.021067318064160644,0.0063301214340320995,0.008224736410193145,0.0024712671624306203,0.005216878272070365,0.002835555773858419,0.012061797187573487,0.010465477868322826,0.018130051216128498,0.0009821424866738827,0.0014971795287322515,0.008438187153943646,0.00029861948641902406,3.395859422396011e-05,0.00016662794901507866,3.631077574717925e-05,0.0002968683370454528,0.00012831031484980253,0.00019907532350771362,0.0002493258260983566,9.01424062153398e-05,0.00013670301053408414,8.82562511508565e-05,0.0002227219976240329,6.166788278605395e-05,0.0001749016261272643,0.00012686086550026877,0.0005822336159816097,0.0007720008325122762,8.774790294410195e-05,0.00031351271633068287,0.00027146552490413684,4.826997077212912e-05,0.0002731007721439543,0.0001630577662581345,0.0001904552692243063,0.00029147248233130085,0.00010838910972476394,0.0005477908931542545,0.00045172560957161697,9.263372170779976e-05,0.0005323567129380535,0.0001725064950449734,0.0001240305321386716,0.00023978253124522185,7.024719552362058e-05,0.00041498391019253057,0.0010851461047423072
238000,0.0011250451807304548,0.005544009297645297,0.006994456583621893,0.00024470229769716614,0.0036758972557344107,0.009096281985486192,0.0022105601659155407,0.017075028782546367,0.015905041043113875,0.0029890367568441434,0.014967913157351525,0.002785797666565857,0.0010049136083883543,0.00930419985701464,0.012033345547816305,0.040729623940023885,0.008239144863052519,0.0014241548578635807,0.0034058619286432596,0.013263138634065398,0.0052038188522540345,0.006324491663170713,0.005068290408065271,0.017606090777553617,0.005403258442273664,0.0055547442054376004,0.002400544234411251,0.003946363034780613,0.0027597749508191448,0.011138320780622551,0.01082700588296575,0.014503673914497575,0.0009431038027903818,0.00125739348424949,0.012770886048100592,0.0003451097167734523,3.4514302056645885e-05,0.00015422614019784802,2.4720668609762767e-05,0.0002010226799029624,0.00013046685847878972,0.00019169219012837857,0.0002159563742679893,0.00010345977266536608,0.00015387311460759328,8.677384256462314e-05,0.0003143099167190437,5.6314434978332883e-05,0.00022317977169058364,0.00014130220833149824,0.000542727074873885,0.0006597372957912739,6.423164377338253e-05,0.00027240666479753727,0.00022081422637962406,5.667218052125959e-05,0.0002333423476997151,0.0001624573033041088,0.0001514496274366037,0.0002899118664992364,7.478296562718848e-05,0.0005180731480020778,0.0003338795759822864,0.00011816315504228778,0.0003908609218746682,0.00016841374021428886,0.0001082748687102659,0.0002432066959092633,4.95845129648842e-05,0.00027649223507413034,0.0016462419866002166
239000,0.0010817245141191273,0.005488274892909599,0.006262025255333962,0.0002574443621177544,0.0025140673032402,0.008493831040271158,0.00210643521408964,0.013748557148609702,0.013237164541754316,0.0021250428162602475,0.013607781195888593,0.0016495723606084892,0.0009258784799991796,0.007537819163024489,0.008775245427600834,0.040180273586126226,0.005690951851084676,0.0009723433150968417,0.0024468929048972704,0.010232232688601168,0.003960476741952754,0.005634236395053449,0.0032769977716816355,0.015860508273666103,0.003853533842673295,0.0048250020015984775,0.0020213873997070022,0.002436702004918819,0.0015104387040243156,0.009314921746291446,0.007553727656850242,0.015303614618740259,0.0005651702154479538,0.0011429246808664936,0.008472731829291055,0.00027668119066553184,4.265823656474391e-05,0.00018288522071750114,4.9978105389335864e-05,0.00020284596826058987,0.00010586339772573333,0.00015636554962839,0.0002557486375735607,7.538001366475855e-05,0.0001527732489026484,6.331595992524594e-05,0.00023765511202343572,5.809571633008659e-05,0.00023576584340620968,0.0001472516818136104,0.0005048368351428787,0.0005549960381661853,7.922233544377377e-05,0.0002395936269526921,0.00032528357794568555,4.692882688769632e-05,0.0002412226702153441,8.113185708680248e-05,0.00014247604814146244,0.0002945728202366109,7.845801762111175e-05,0.0005580831376875956,0.0003047137661837951,9.68116426782479e-05,0.0004196701748797851,0.00016902419497750703,0.00010685685148408603,0.0002607527914289764,6.708197551574813e-05,0.0003129279965901906,0.0010029570847109425
240000,0.0012772344140299734,0.004891223575988853,0.00750408689964388,0.0003221937851916524,0.003231570748055996,0.009615886623838119,0.001754016535502864,0.016707195319801995,0.0162131839485045,0.002440176185700693,0.015284583983817289,0.0021793664926342306,0.0011536305224360672,0.008375439892860772,0.012664347701801864,0.044708237184446865,0.007355182932228456,0.0014138335614064354,0.0038684128287838704,0.01031182881322214,0.003524525718979003,0.005660620473593424,0.005430036381245978,0.022101456012266377,0.0052942276467749455,0.005047650611959398,0.0023882055515529036,0.0030616130734036537,0.0022777685460716704,0.011674202374237094,0.010597334945280939,0.01541565723108271,0.0005898637556662414,0.0012844649221268238,0.006542313206915019,0.0001784070141448118,2.8287096711210324e-05,0.00012844008456754224,2.5291973636203364e-05,0.00015610247044151038,9.593657852839045e-05,0.00015263809700627462,0.0001870763012448151,5.341297875068114e-05,0.0001293604320524441,5.092883872492848e-05,0.00016718848980034587,4.9038301792592165e-05,0.00016546956515408682,9.989903347476766e-05,0.00045654453948862703,0.0006245153745112475,5.4514316434506324e-05,0.00017243731176398686,0.0002021621575263923,3.147141493090285e-05,0.0002117744944488579,0.00012104943243684829,0.00010489266639979178,0.00023766893630006682,8.242617271510728e-05,0.0003889267236897751,0.00025205721446805337,7.560577634100261e-05,0.0002859827287061813,0.00013864224721506712,8.189085175607553e-05,0.00019516175151117692,4.3064710510520854e-05,0.00028300990725867696,0.0006762137574696681
241000,0.0014884132949216135,0.004996775102982711,0.008139370904549045,0.00027077829437740337,0.0033843770768818347,0.009676685581715512,0.002057066223759677,0.016811787574161095,0.015300761429748894,0.002286808155986364,0.012618075916741222,0.0021973652506041656,0.0011092832549669158,0.008906714321104422,0.01137281519443016,0.049081220335817,0.006590714335570304,0.001232446855099141,0.0023221906184127355,0.011398543118630186,0.0034525929623625347,0.006368081285732582,0.0036341289718742095,0.021207670541480185,0.004315717650584586,0.0074315467616543176,0.001818663216047225,0.003995271822380649,0.0016860299485201454,0.011174923787738437,0.00978853431394479,0.014793554004147435,0.0006216765181112403,0.001223559931891349,0.01102736847476788,0.00024583197299067806,2.825379706456787e-05,0.0001541772638698934,2.1705462550099002e-05,0.00019113409757665067,9.110352327135669e-05,0.00014146554576655035,0.00023847586362535367,5.502423763764933e-05,0.00013232542437675108,6.266152413587633e-05,0.00019770909044350367,5.007046506122492e-05,0.00017871915846771555,0.00012024651418455919,0.0004568830008548293,0.0008178468099989308,4.853542213822948e-05,0.00019644271215300398,0.00021899285253186525,4.2334517285201976e-05,0.00023144938440768735,8.030753269849811e-05,0.00010336254849284564,0.00022331898362608625,0.00010064395652686168,0.00040377854244285624,0.0002768743902189878,7.134901847399994e-05,0.000464478024595236,0.00015468963287329135,9.001699325900907e-05,0.0001885706868511574,6.74479382496429e-05,0.0002795651989341239,0.000750476594112115
242000,0.0013159016650968476,0.005522152211428706,0.0071978544092417,0.0002808884207472427,0.003975294064730406,0.008832302559832377,0.002752875731388368,0.020136841188836043,0.016207614953609204,0.002377740016527241,0.013691886256838412,0.003414612787161545,0.0011178586185754587,0.010211426965697407,0.011707316095057383,0.04692229122232069,0.0090888278633169,0.0013519782565432437,0.0027440800331532955,0.01360568363275282,0.004874989004001516,0.008711664915088997,0.004800614849761284,0.021254092548042537,0.005084866897237907,0.007440958498045802,0.0019500704898350264,0.004372152635293484,0.00241552218743463,0.012636772297311484,0.009456398203619756,0.015054828722406035,0.0008757643959908224,0.0010131400573501132,0.009172841628747442,0.0003825126210606251,4.02420636184412e-05,0.00022645640183327487,2.8153012443366256e-05,0.0002951462770397484,0.0001262384829209758,0.00026339496162108844,0.0002955178276351944,8.045280874045459e-05,0.00016387963022392987,0.0001098516840869479,0.0003567215344446595,4.975924305483659e-05,0.00021414313929838123,0.00014839658020222984,0.0006135736534256116,0.0010583419886340077,7.867438616813161e-05,0.0002940151000669231,0.00026085431335528045,6.084393827553537e-05,0.0002886795649564808,0.00015250308763370413,0.00017948179832829838,0.00035959302958872287,0.00010914694782210669,0.000477580889163966,0.0003832356765129858,0.00011418891179690379,0.0003259003173702189,0.00020519549203621768,0.00011561353474982232,0.0002637156252715598,0.00010744747464741522,0.00036118744386106553,0.0016871916726813652
243000,0.0014997845614866615,0.0050771855048542085,0.0076643242076291545,0.00037760565601974334,0.004313227624589683,0.007399186566804669,0.0026359144721056745,0.016533755578183998,0.015644839551792824,0.002159243347705342,0.01262011637542552,0.0025702377468554247,0.0008862783334651878,0.008249292783478846,0.009225130752191248,0.043268321876288006,0.00727348891641235,0.0014666405515089524,0.0026481110767885446,0.01032001328633972,0.0037937695918414576,0.006330055800780039,0.004292232161145269,0.017245041214240094,0.005020468499077694,0.006231303536333143,0.0018773237488748265,0.004309401847422123,0.0018419931283193258,0.010999408031385693,0.008531859316135523,0.013630635178952407,0.0006295411274390534,0.0009506104930805185,0.007787074620864587,0.00030659424671495927,3.1326083762457146e-05,0.00019760038189402124,3.438900274618226e-05,0.00026669911721910466,0.00013409743186012417,0.00018110811106453184,0.0003405227755138185,8.932309861177743e-05,0.000202166464666669,9.523703550554177e-05,0.00025785585124762483,6.522297825384271e-05,0.00023830351837065774,0.00014136291660675354,0.0005029795017680254,0.000780989753062992,0.00010967030248139053,0.0003040190738606818,0.00032013750393977306,4.818950126470802e-05,0.00023796811299650462,8.88553822733229e-05,0.00018933822584838507,0.00034743339968442273,0.00011298557425713322,0.0005337926814279375,0.0003820372083669941,0.00012150141885679143,0.0005179333226503028,0.00021301695941232325,0.00011276085485535856,0.00027558067991357633,4.1603368913456507e-05,0.00034055983921286244,0.0015398762305267155
244000,0.0019271747413817189,0.00762377508322566,0.01274121792872999,0.00039346050001978045,0.003637717947364038,0.013487040065228939,0.0029863711242210083,0.023430992315743603,0.02048491379799641,0.003959152236348018,0.020506876246526876,0.002628354073786628,0.001599764766235074,0.011132751895550455,0.013436754413551705,0.054719979945123974,0.012381913103689883,0.002042554555143247,0.00395141455529873,0.015197326737737361,0.006557883568604421,0.010035911313544992,0.006314851377537707,0.024290771153755487,0.006785958253102662,0.009896830678917468,0.003395786574713149,0.005592340793555195,0.002530156128341332,0.017709688232571352,0.012324005067445493,0.02360204637247639,0.0011322766875379714,0.001983328115953597,0.009908624625798742,0.00033924388618800094,3.325761911816315e-05,0.00023015606042132606,3.358447141575866e-05,0.0002655261828294897,0.00013766447077953072,0.00019491188277243054,0.00036805184981858474,0.00010783092399211263,0.0001479072818734781,8.517768207586382e-05,0.00032289185958832506,7.184443704488785e-05,0.0003020585021029719,0.000123499277502891,0.0006343614250454265,0.0008993457571098892,9.590032532287296e-05,0.00030836995548660137,0.00033449244535310344,6.058827717548741e-05,0.0003279634785637124,8.687112313054968e-05,0.000174648043336371,0.0003299913224649432,0.00011751919743498244,0.0005615074377337512,0.0004422857688184565,0.00011655172912870914,0.0003347373387643731,0.00016478194702535624,0.00015256235928973183,0.00024084868490250886,5.431673589839647e-05,0.0003478329127964181,0.00227704608842032
245000,0.0017797646296089256,0.0061201911873164745,0.008607253472291632,0.0003381874870263765,0.003925248694273089,0.010488733083807997,0.0024961580266761067,0.022502322037682605,0.016162866831446313,0.003574608748749597,0.01793221276688043,0.004203637344011329,0.0012852411863136556,0.009522360993397535,0.011834690119533607,0.05613640132605724,0.00860513726928773,0.0017459747183307581,0.0036633649584213606,0.013122463040005338,0.005575074655367784,0.008197623050883911,0.005250213841936784,0.025459921391059955,0.006660954261572024,0.009027726599015296,0.0026483064870952205,0.00512982080196404,0.0031065506566151538,0.013977049654415404,0.014789359309167291,0.021720431559235573,0.0009155616722645951,0.0012834103333240587,0.015367312198981785,0.00031729717202365137,3.563086260639562e-05,0.00025036448889957023,3.8297588500416126e-05,0.0003701335413097695,0.00015742880158023446,0.0001901050591186504,0.0003601529422667227,8.968728487065834e-05,0.00017903490961304527,0.00014212403104169524,0.0003097045674031394,9.193046961541995e-05,0.0002403572474369459,0.00022132157524042256,0.0006124486309090571,0.0011273402803150627,0.00010333415812056047,0.0003075644145443518,0.0002865840086024977,7.41337268498848e-05,0.00030655651997182746,0.0001473244369663007,0.00020917768890487624,0.00034316409405269393,0.0001662914647871124,0.0006112766611358796,0.0004548265559399759,0.00012154736071778159,0.00036761614683200605,0.0002918706589493273,0.00015186400410779503,0.0002628472461920056,9.291401026700896e-05,0.00033469430987113945,0.0013972469496366102
246000,0.0018985327213502732,0.00524074199320576,0.008188214042093023,0.00026105092537223894,0.003164020071369434,0.010438650480604597,0.001943749588668476,0.01799699698869303,0.01756284158981647,0.003826545325864572,0.015667248774762912,0.0023815234432861742,0.0010176625607224803,0.008710605228825994,0.010261334923886941,0.04044245493696508,0.008697274587727103,0.001372748021730089,0.0027622908564808313,0.011258982412752326,0.00455088018684714,0.006938868835017534,0.004889292658675307,0.023500721630019445,0.00529887969249045,0.006466980394907296,0.002359320490937065,0.003635468611946635,0.0019757840652292703,0.011569867564708881,0.011512200352008221,0.016417471714353617,0.0007316991653239641,0.0015956560568114117,0.007902031403823962,0.00026073820666892643,2.419452694593211e-05,0.00011711547647957394,2.119892952490422e-05,0.0001746000934872427,0.00011764220416831991,0.0001917248550853401,0.0002372708753682673,6.861132968831378e-05,0.00010192865582654887,7.824624533684853e-05,0.00019794429251481218,3.9016624199916805e-05,0.00017205857420580725,0.00011608411279501689,0.0005734793746132009,0.0007288382742747975,5.676067175954813e-05,0.0002481424582620836,0.00025449513488387434,4.1499437703474875e-05,0.0002309801805260518,0.00010254130813791562,0.00012490242093261058,0.00026401327526960253,9.21683453877146e-05,0.0003633864704837716,0.00033051777426896514,9.19056890570819e-05,0.00046395507888519205,0.00013201115413201997,9.680258238274422e-05,0.00021677694969281998,4.0006628310607084e-05,0.0002783808966594107,0.0005658399080857634
247000,0.0011968838175930982,0.005721282250845063,0.006980589497288747,0.00024799730573039805,0.0032086872306996456,0.008770189680425184,0.002248774813955195,0.016600436675955777,0.01658474260476465,0.0031072745441633742,0.014117333756951633,0.002636289947169681,0.0009698465832061078,0.008287153808906265,0.011190387377299724,0.05781900568945275,0.007032703566221157,0.0014354423431000272,0.0027849711243886433,0.011653547393034386,0.004195873203006018,0.00618417471923749,0.0038621392929780994,0.024471539499548573,0.004721622696518944,0.005489182798191905,0.002153948310599903,0.0038767446561299343,0.0022075290315757123,0.011777619064471969,0.0105023287794999,0.017481934209801972,0.0009341447684811591,0.0014595426744214164,0.004914553930171274,0.0003232911899167285,3.3144073144416996e-05,0.00011003549471669513,2.721750754024316e-05,0.00027120138895497803,0.00010263100391681446,0.00016342990693374304,0.00020083751678612316,7.333101137574933e-05,0.00011669321521893787,8.256916194712613e-05,0.00019593530136294328,5.325697585867317e-05,0.00018219627515271707,0.00010227933175470257,0.0006008642072909145,0.0004671189817599952,6.20657010586001e-05,0.000235663258294784,0.00020028522101648408,3.2846379858917565e-05,0.00019104261903726916,9.849143543760874e-05,0.00011338565853849205,0.0002530513984940906,7.256033046966573e-05,0.000458325185272232,0.00032705544628415566,9.1389762107471e-05,0.00029163547009779397,0.00017512675726986533,8.827443629603035e-05,0.0001893850796382286,5.059248436367625e-05,0.0002785410059409858,0.0010340036344132387
248000,0.001961411109855485,0.007385938636650314,0.007654067932586865,0.0003471778104889941,0.003191908307357314,0.0122081565537623,0.0025957564403729667,0.01818035215675242,0.022729482733551246,0.002760786625003675,0.015309195865865835,0.0024775095429949755,0.0016105278747008097,0.011058491570193755,0.010971213476552614,0.04719308138434523,0.007516380082181838,0.0017234091062129687,0.003880863350786967,0.012035750563991315,0.004487238830019508,0.007535446740803309,0.005364111050827584,0.024047076841816305,0.004421908924693223,0.007168957591056823,0.0023360885277930545,0.004878908410319127,0.0028877507447545854,0.012217992390721901,0.009247835129087131,0.01638977114075365,0.0008930947007012963,0.0013009268463974877,0.009253354436118065,0.0003050917911906481,3.7408607034039e-05,0.0001777596795694659,3.6270956724069674e-05,0.00023899151051409717,0.00012934338059871964,0.0001982445719477255,0.00031102087332328664,7.143624550639958e-05,0.0001742329812211545,0.0001448942366179397,0.0002736189520188067,6.282716356675877e-05,0.00025091005429873865,0.00019297937086031942,0.0006367429009077779,0.0008791119313779442,8.382790656469297e-05,0.0002854189986056572,0.00023946535901782698,5.342905999648131e-05,0.0002508330990754222,0.00030400389687201823,0.0001471800252248714,0.00033853839253284747,0.00010833533378900029,0.0006709803960460391,0.00045126427667801854,0.00012474185935896966,0.00046995920880969305,0.00022023239917670455,0.00015854949034681859,0.000237871407359267,6.412872575367601e-05,0.0003696249376110497,0.0013116573449224234
249000,0.0015342116392005395,0.00618567204407925,0.007783068930014754,0.00038648805742433557,0.0037131798512573485,0.01021949397233714,0.0031893360646204055,0.016511743016784677,0.016618554168417177,0.003702469100971939,0.01657863154945023,0.002803676708898987,0.0013494738461414465,0.010679743861449728,0.012308412223116166,0.04861082689209676,0.009237501199398443,0.0016885335521980283,0.003748174449096301,0.012396407715132228,0.00603797661477319,0.0075979036519129295,0.005190411884347365,0.02079957432579249,0.0062806982320421775,0.006704040989279747,0.0032236884409514695,0.0041765722215435135,0.0028207942088449593,0.013556816536771705,0.012501786875994488,0.01694213130394928,0.000833718500023049,0.0012734001461467415,0.004466656126371365,0.00021542032359483137,2.580291435954881e-05,0.00013890538072949064,2.97056824625674e-05,0.000211197080943748,0.00010540037089837602,0.00017949306766240625,0.00021481307057911181,7.884809565439355e-05,0.00012722113966614606,9.755315469764778e-05,0.00022157796393641323,4.4727086454088294e-05,0.0002234735848821072,0.00011273571048646276,0.0006370942590855031,0.000542928649034972,6.911192376719555e-05,0.00023715830094279597,0.00022060710392091503,4.2352474451945454e-05,0.00020622621862761056,0.00013098594843086175,0.00015613386742390704,0.0002524952025921196,9.845888022634124e-05,0.00039984542604298606,0.0003509921770193648,9.167041218403881e-05,0.00030663339607094205,0.0001505456189522204,0.00015761759134745392,0.0002454051914038207,6.814600450866237e-05,0.00027905576318914405,0.0011142121671582571
250000,0.001535435550645284,0.006108275896285368,0.009345002196520605,0.00038174272939124,0.0038984758317797694,0.009935712998932493,0.0019413403352671358,0.02050480750090084,0.02434135901435932,0.003141820394375827,0.014678048760973148,0.002874498460911053,0.0013292493646131884,0.01026845245801131,0.012372512574117589,0.06662308705532875,0.009074573677415694,0.0014501671443374303,0.003609976916257957,0.013461950757118757,0.0036385071015755644,0.006755715604153271,0.005304915984112692,0.022616960507972787,0.005946563232216235,0.006367044465150684,0.002634414689979284,0.004289950337503494,0.0029963313434136045,0.013969379671541373,0.010489482447592308,0.018517923568232127,0.0008138364721289165,0.0016328705288118685,0.010191244363846231,0.00034554419789856183,3.0178075700791252e-05,0.00019864294931308407,2.8678004284701963e-05,0.00018189103980148502,0.00011433066147775846,0.00016190147880479344,0.00022089820749897625,7.363610352752546e-05,0.00013416475349961395,6.1093829326556e-05,0.00023488567626771872,4.2618543017347577e-05,0.00023073129602051205,0.00011434678824364461,0.0005974092933439142,0.0007130028231282873,7.793873846821953e-05,0.0002421819312707046,0.0002587123053358639,4.4005229442105204e-05,0.00025862521667271895,0.00011296966317786428,0.0001394359732797865,0.0002866625974652729,9.0289099777389e-05,0.00037090045446724597,0.0003103947849751876,0.00011576750563796629,0.0003247242224865153,0.00017385838587610384,0.00014045965891844908,0.0002206658431205481,7.501450394897802e-05,0.0002409132848353555,0.0014629835961386562
251000,0.0016749837361842495,0.004685110714625033,0.007927320023100037,0.0003517600307986868,0.0027106288559215373,0.007489548596952643,0.002194890151552118,0.012346723180705928,0.015964887014554653,0.0029292874241946265,0.011198687101029834,0.0026311743995578655,0.0012814465770850693,0.008512130260703887,0.009348807450827307,0.037520785666250354,0.007737860394497277,0.0014323007955128928,0.003007421590674702,0.010499808720608902,0.0040923209885057495,0.006138012721099325,0.004166453931793513,0.017907112770869087,0.004392047467118818,0.005024861905258149,0.002203652046450917,0.003706746976604336,0.0025449264412814314,0.011628415702885362,0.00909078831115039,0.01579755656600285,0.0007531415502079688,0.0019747608978959337,0.006941495162613541,0.0002509013989302795,2.390900093991221e-05,0.000157734738588095,2.3935310683686636e-05,0.00015166575099101465,0.0001389420886678568,0.00013909000790590653,0.0002215012364104041,8.340048486245091e-05,0.0001531814528502046,6.654533504644178e-05,0.00028012163191529557,5.409078958784619e-05,0.0001866749544921402,9.689174591833513e-05,0.0005726534091816295,0.0008339359240684038,5.451995621115202e-05,0.00021621780652655005,0.0002604009803000171,2.7814924847420613e-05,0.0002085673677796759,0.00010183475251324126,0.0001256324545566814,0.00026520393203099957,7.146457495158151e-05,0.0005061277167163596,0.00029531432630952386,8.910516791078212e-05,0.00032567118452991254,0.0001480481168687515,0.00012481168018244456,0.00019539688924887348,4.121523187450293e-05,0.00026968066853090425,0.0005448134455946274
252000,0.0014221697642947343,0.004928615712102597,0.008315786297316663,0.0002759891583991703,0.0026705721678739838,0.009613548330630042,0.001923982638389486,0.01309237145694936,0.015052953199082815,0.0022390945832739817,0.014529558682422956,0.0019907705851177787,0.0011531842372443696,0.007276455949205697,0.009477652472389094,0.04393209264283845,0.006537863625475265,0.0012620306296400796,0.0031508155625488143,0.00920707966726089,0.004149761920449289,0.005914020111179395,0.004232886570486395,0.01912793069301794,0.004582048434742088,0.005164019658695907,0.0023445264870947686,0.003157695907399708,0.0021382104878712735,0.010774093698391,0.00805376648553647,0.013284679063452551,0.000697554955387694,0.0012680933184319022,0.004293711503831016,0.0002718827649143155,2.9539775261199746e-05,0.00014544265493234641,2.3177629886055022e-05,0.00014267900007780554,0.00014819825052643894,0.00014437871550398995,0.00025496799062239004,0.0001015545055787171,0.00017024925472541278,7.514172619482094e-05,0.0003381256240078201,5.255607530418871e-05,0.0001473773358115742,0.00010004057763911656,0.00057658185328714,0.0006146951727714622,4.711132760348846e-05,0.00023089485222619854,0.0003161938601461488,2.6498161839134067e-05,0.0002160280693069874,0.00019148571163896122,0.00013163118621327562,0.00027551671221842227,7.07348900202002e-05,0.0004515517081220531,0.00030088949353057615,0.00010010155054604527,0.00031676591748287645,0.00011261596804107793,7.736326051599463e-05,0.000225341725765812,4.518196370639771e-05,0.00027527274318452007,0.001338001996919047
253000,0.0011580475262431915,0.004735981539178519,0.007685177472618913,0.0002254221641998391,0.0029237260774215993,0.009327020196776305,0.002140083328002572,0.017435376753721855,0.01860752800354896,0.0031781454890733585,0.016086640764474452,0.0023475217816927136,0.0008838609187064735,0.008977668127816727,0.012144881657449707,0.05359864895672217,0.00581670173741735,0.001164400196782331,0.0027571049036591183,0.01080681607471585,0.003793247349984505,0.007448566573397589,0.003504537514527328,0.02181578552505622,0.005297083931206241,0.005825306550832465,0.002196632406040525,0.0035044199410094734,0.002596549756237758,0.013111345278781711,0.011222794259325989,0.02004593728746001,0.0009150917392927427,0.0010893848167079553,0.011066454770520472,0.00018692896159474718,3.6598115465536517e-05,0.0002008835250638764,4.198689137490282e-05,0.0002728241634031292,9.912209858167115e-05,0.0001625693143978424,0.00025409929767192805,6.891743495735252e-05,0.00016462479398366046,6.329942770102141e-05,0.00027216892051416054,4.9506373176910756e-05,0.0001898695548114684,0.00020447221752626567,0.0005899895131348715,0.0006993471506575588,7.304531463887542e-05,0.00024759840573319614,0.00020841432386328835,2.7328935898780898e-05,0.0002327222804358102,9.373847672122793e-05,0.00011561864679758098,0.00028307739853866785,0.00011756763342418708,0.0005038733826329193,0.0003824231970426168,9.622180709402119e-05,0.00043899353719704476,0.0002609129493485888,0.00010462567739263509,0.00019514516229481073,9.738138010106923e-05,0.00027184004588774724,0.001031887188582914
254000,0.0014382175813069979,0.005530729978528581,0.00688348073981615,0.00034656564704654066,0.0028545349131594705,0.012319923603042428,0.001693139249519229,0.01958115771680348,0.018550588740919024,0.002066186843876494,0.01160077204345995,0.002809337090685422,0.0010939287846364703,0.008706189341672032,0.01040648808946785,0.06829640070645837,0.007151507974976127,0.0012227205270046628,0.0027935439055519445,0.0119982797033299,0.0035462073312155203,0.005997844453824135,0.003545264064547761,0.018589792540296912,0.005375160613391291,0.005827261635567993,0.001866574191280374,0.003653222631631555,0.002331452479462742,0.011280297590400874,0.01108658149135105,0.014246238149308529,0.0007436102314473969,0.001094992172204721,0.005112479537274339,0.00016236850400730418,2.1237027496567862e-05,0.00013211993832969298,2.24252948476215e-05,0.0001615466333078075,0.0001172294630686957,0.00011109026490885299,0.00021752525299234549,4.511702437220696e-05,0.00013538349037030696,8.383860242641308e-05,0.00016694553102768208,6.224143364974566e-05,0.0001252074333235904,0.00014284389891889242,0.000508456802218951,0.0005965496493445244,4.774098870257149e-05,0.00020834620661436037,0.00019465931225191713,3.262034624640364e-05,0.00018708744000245895,6.93413394401432e-05,0.00010227758468772663,0.00023076937883300931,7.255084644081459e-05,0.00039333609174596487,0.0002969787584771876,7.567218746386586e-05,0.00024390688910595296,0.000117073010376582,8.293556135998057e-05,0.00017591661990865663,7.604935386495981e-05,0.00021979839632059193,0.0007959771035530138
255000,0.001842533165951888,0.006479223694542371,0.007034208902344592,0.0002600299602153637,0.0030871199336546897,0.014260522771759756,0.0026705865470097296,0.018315563781666867,0.020282225212973064,0.0025946120185835753,0.01361280433730478,0.002517183827876579,0.0012341143129478123,0.008103400567437568,0.014750778484791654,0.05956403137133748,0.007115114207668479,0.0014996243178618989,0.0025505518237228637,0.010943404592835578,0.004017894822468494,0.006250213822048474,0.0039535457219123295,0.02149788720222811,0.004406981595532252,0.006380509265000001,0.0019303265268805967,0.004056295815644262,0.002191580899970551,0.010842193494975236,0.009219964922522195,0.01299080452344452,0.0006149458222538967,0.0015341726330324343,0.007076162737879106,0.00024568144068634216,3.078097433286219e-05,0.00016658540847526058,4.065196182626052e-05,0.0003010174821156397,0.00013661611514449043,0.00016280024237858015,0.0003133945947411121,8.536993582789651e-05,0.00015960468097929198,0.0001269734871215178,0.00026022557179666156,8.643520917672731e-05,0.00017291370320024192,0.00019848449069699697,0.0005149330815409205,0.0007698618477055182,8.275645013782196e-05,0.0002693937907567989,0.00027537856131575294,5.585320367241696e-05,0.00033402100650154577,0.0001690479243734444,0.00014745883692689353,0.0003808239055965364,0.00011613548964911994,0.0004714976515871175,0.00035448374414512627,0.00011316252854108775,0.00039893128956060135,0.0003185744337179721,0.0001239100707347721,0.00019605215187273336,8.485128986990276e-05,0.00032167151741931843,0.0007798950595315546
256000,0.0017742102756184632,0.005617022861972348,0.010967624885476349,0.0003175744284677561,0.003255766614322194,0.00990036194811442,0.0019130832418399692,0.016191483764950866,0.014420903249252154,0.003036421949218493,0.01549120795522115,0.003235794914017992,0.0012572283210994844,0.007435102837255478,0.010400127559499678,0.05033607989692731,0.006928280262725041,0.0016586552287490236,0.003764715326334616,0.010709281278638324,0.0041868145120098725,0.006069121761226727,0.005200473649310879,0.015947725736380865,0.005242151305436791,0.004813181597273797,0.0023575791445167734,0.004293803361027433,0.002123470894687617,0.011794382726938854,0.0093165484717368,0.013836878325002125,0.000628872148018681,0.0011364109993316329,0.004703868975411751,0.000301522788963179,3.220752837239017e-05,0.00023229076429164377,2.8477193516291992e-05,0.00021348395307541068,0.00015339298156178264,0.00015930410427245079,0.00033921881731657777,0.00012974364919596395,0.0002341250108417482,9.259914598861283e-05,0.00031409369815567817,8.149829209536108e-05,0.0002153042563763612,0.00020271331992593002,0.0004904483589668347,0.0007366561991754376,7.105830572982086e-05,0.000221230768667218,0.0002382372372110318,4.730257798903701e-05,0.00039405090399825024,0.00011009379568349686,0.00013241248946845494,0.00034333564295733457,0.00010355581453040941,0.000574185618220522,0.00034019045383859993,0.00015524383059380706,0.00029101900226022635,0.0002647514103420997,0.0001974158636325488,0.00023235201130165155,6.779561474701268e-05,0.00035417598709339956,0.0009053725814737845
257000,0.001504093973552871,0.005975055847590772,0.00740300537533282,0.00041379814340941195,0.0037187461102457975,0.010724613260078644,0.0013725780866978663,0.012787619542530807,0.018042172732915373,0.0020968121898476966,0.012699188899317466,0.002632867722704945,0.0010746416799410133,0.008626982788524456,0.010469335431287832,0.05181980321503943,0.006151071471690341,0.001265718447191116,0.0030067235742795412,0.01041092768919043,0.004118806520540812,0.005506045260517567,0.0037176515490136806,0.017332337812210122,0.004469843138005152,0.003952537628356368,0.0017581338639252686,0.003795014585800042,0.002416155791690792,0.010064661302631946,0.010638314469736846,0.015177002711705146,0.0006755537428692657,0.0011877535713887652,0.0077950311062724926,0.00021787651949166178,3.5710328659969325e-05,0.00014369981392354185,4.2154329101579725e-05,0.0002533630995458225,0.00011840283001133007,0.00019301791644465993,0.0002343048035982065,7.97774795094148e-05,0.00011739155750451334,8.76801927899708e-05,0.0002505287855839063,5.591252654735257e-05,0.00020251594067672316,0.0001220362163704439,0.0005872099946128191,0.0006720540016734352,8.671352643432328e-05,0.00026247774053909055,0.0002953851937867324,6.381423757127116e-05,0.00025818631409844873,0.00013828508804181183,0.00014209323861299103,0.00032893560832095457,9.081723874260206e-05,0.0005009917280188748,0.0003836404031374143,9.346727911629837e-05,0.00045413208560300217,0.0001962178223464009,0.00012241652393640834,0.00022853389217876305,4.641835855068166e-05,0.0003391456708459755,0.00088897884634207
258000,0.0016600110668298078,0.005047001487077473,0.008333742641298159,0.0002838320465448655,0.0037931288010256566,0.008392251853365451,0.0023762374509803314,0.016215508874790664,0.017596720259424603,0.002938741192338057,0.01371535685925833,0.002377003584560767,0.0011791401665312042,0.009409230670082086,0.01028982790744254,0.05057497581037751,0.00802088692784136,0.0017763261342604638,0.0032742452125863303,0.011746976940436677,0.004645047104401975,0.007257623682172769,0.004330465163196399,0.021291856192207585,0.0056400811547699424,0.007239057309925556,0.0021149295593893896,0.004055669993173676,0.0031788887727409875,0.01109898748132588,0.011399344004251664,0.015006792295025662,0.0009602025297768845,0.0013495702981154588,0.008989264378922397,0.00020582432123766075,3.585094931006432e-05,0.00019704171919246701,3.1614366884219544e-05,0.00015952002206631732,0.00012866152660523497,0.00011700779396051075,0.00019872542306984542,9.70741324169323e-05,0.00019430765753321267,7.979423278844218e-05,0.00032180270933454986,6.399317733052357e-05,0.00017504621950949732,0.00011036461381246971,0.0004747491510548011,0.0005297093278689621,6.0506192494358404e-05,0.00019234919599679117,0.00023465817101733308,4.553048254572125e-05,0.00019693245509990194,8.73523032396406e-05,9.580808110361734e-05,0.00021519586579625655,9.589299412861388e-05,0.00044496106720397357,0.00027001124684876166,9.555799964071591e-05,0.0003214783409930533,0.00018617736655609666,9.189304455503589e-05,0.00018319026555258325,4.788287053258955e-05,0.0002373965847660091,0.0007816495322913397
259000,0.0014042685289692796,0.00559987085795944,0.006641307257571801,0.0003045773702244612,0.0036507192687824062,0.014341487216630153,0.002121258715364562,0.019635434981918318,0.01952577599984326,0.0029783790050714742,0.01380743710309796,0.002979478275680164,0.0012503544051221318,0.008588180212730853,0.011908555215589277,0.04734112655114586,0.00815184136737506,0.0012349852908231742,0.003065363402129151,0.010849052212530902,0.004097862176832205,0.007365296315453763,0.0042217026630896725,0.0206154842065492,0.004956865998316235,0.0047406484023667875,0.002105372670778325,0.0038812214700859235,0.002259452883684871,0.011570491757611894,0.010278592044342076,0.015341047092358796,0.0007795298366860292,0.0009120191633312146,0.005683302380324069,0.00020477202064788408,2.7763867674037245e-05,0.0001264045374889313,3.1099051819960935e-05,0.00019646160671982216,9.358921464267274e-05,0.00013835881463819533,0.00021409707114798947,5.815495363716955e-05,0.0001248546734622754,5.83151498641854e-05,0.00018877783073197892,6.0434142543641656e-05,0.00015666893717942567,0.00010454836278354792,0.0004838240536628291,0.0004957121315480132,6.249777288758196e-05,0.0001683316346984333,0.0001938733634045187,3.051660279528402e-05,0.00023352007140905093,9.705169429707894e-05,9.653181364733932e-05,0.0002434394926659969,8.462261672927222e-05,0.0004353175253935592,0.00029068184043505124,7.500987102163095e-05,0.0004924208220068573,0.0001898675255295695,0.00010451641505174589,0.000146869571023998,3.769097904182672e-05,0.00029988405052974195,0.000571394398866687
260000,0.0014888992000922717,0.005187640458812153,0.007283390214070096,0.0002482941014862333,0.003587742724920633,0.011710596428851463,0.0015404857659896446,0.014464831661825883,0.015806598011021713,0.0027505222751642577,0.0127625582495562,0.002679557952544609,0.0011136538717740525,0.008193782928808077,0.00900163220897358,0.049559541340537784,0.006673794091403536,0.001379998997297754,0.0031503087983375216,0.010462036928183807,0.0041915417270405875,0.006720653167576529,0.003921715026638898,0.020220610060884308,0.004502112315339983,0.005083390744403005,0.001842435774495155,0.003675876276095854,0.0023191911416635025,0.010893239345375238,0.010808840845323478,0.01471612177332505,0.0006827201288130114,0.000983925779844994,0.007264984905608192,0.0002245992438848329,2.496385342223412e-05,0.00015830926676327098,2.7596236867360945e-05,0.0002166667959500046,9.763977609987038e-05,0.0001378935403408832,0.00022288927211775445,6.407721840380538e-05,0.00011330876160340459,5.701862818503807e-05,0.00016526067132585203,5.268315510420507e-05,0.00012996715875944714,0.00011828795455089262,0.0004780565191525126,0.0003899099059102203,5.75951367864036e-05,0.00016909259336119118,0.0001639287052371244,3.3884487503531666e-05,0.0001857942972335838,7.679219925194047e-05,0.00011566643742197711,0.0002821526197224627,0.00010317561160870052,0.00039704217766039395,0.00024686014366760966,6.693479807066208e-05,0.0005184963160394949,0.0001670181903508902,5.3477389298807664e-05,0.00018888568337745385,4.262044727454395e-05,0.0002574029603192302,0.001560001541656675
261000,0.0014947300396178852,0.004932219331143036,0.006897794820057849,0.00026379051534184745,0.0030345751215406116,0.011875719330938799,0.0021243251941644213,0.014847512935874892,0.016367435761531286,0.0019885381107087596,0.010974866505286493,0.0018999161590300547,0.0010370295803471836,0.006828779760767109,0.010051201212391949,0.05827433828077725,0.006248561394245587,0.0013676505666439822,0.0031674201914678895,0.009764531764049025,0.004302128083179031,0.0056235805836227625,0.0038963907267073714,0.021885794589373595,0.0045061021681768966,0.005609069648198783,0.0016330373228378625,0.003696993114469175,0.002067277567788123,0.008898363361367956,0.008908320637334934,0.012062077097093256,0.0006014755923921747,0.0012212465507281892,0.0066743641222678386,0.00015932564980200174,2.3459012999482137e-05,0.00010024973062172648,1.7951213478736683e-05,0.00015595585477967688,8.426252114674676e-05,0.00010557371115282876,0.00014800747376284563,4.873142918433203e-05,0.00011940725189082226,7.019460741872763e-05,0.00013010151054147987,3.762724001532547e-05,0.00012074326477710232,5.5756269747772336e-05,0.00034773083255528874,0.0003126758019789122,4.9350196331943155e-05,0.00016419727335789726,0.00013896083714042045,2.8054498949875946e-05,0.0001786981042201777,9.054592396751104e-05,8.75805362233627e-05,0.0002385927859135196,8.354336053647178e-05,0.00029259156205750604,0.00020446324719963977,6.094549839339756e-05,0.00027473146494432713,0.00012874486327001995,6.996314709795115e-05,0.00016295327227723992,3.7600344711563594e-05,0.00021973448117917717,0.0006034622922015842
262000,0.001684142091931249,0.0055168488508099,0.009508181958153727,0.0002573626605785998,0.0034746769194463948,0.011242985908341194,0.002198178825687313,0.018023257125676928,0.018800074992691696,0.0029119898899807595,0.013033513251471443,0.0025465236032353143,0.0018003389475669599,0.007888829389809292,0.01148080676297575,0.05263012582903078,0.008411077865448965,0.0015700054255036395,0.004932103244105487,0.011419640897050462,0.004433754264400355,0.0073407642906074344,0.005285010799222316,0.019366321029762427,0.005622581874593466,0.006402176665142178,0.002431029944237971,0.004638697865933257,0.002845371309119989,0.012691497568026065,0.008957044656417565,0.01543818749129199,0.0007426083146821855,0.0013950594509106998,0.005149862948302244,0.00033838348134703926,3.892751920818084e-05,0.00019615949854183285,3.8287162079179696e-05,0.000293970948405331,0.0001748283180602889,0.00015064708622958278,0.0003376532173206215,8.748027566023091e-05,0.00028989860475600213,0.0001334887544611466,0.00033972113140790547,8.019537435011159e-05,0.0002636881545656471,0.00020556846985445273,0.0006463837251605863,0.0007095153408348173,7.280761456058826e-05,0.0002755166353047255,0.000249444111400878,5.797651186350611e-05,0.0002968208056543478,0.00020761014911840903,0.00013905243344601736,0.00030285207832583604,0.00018777034547383663,0.0006484081422332633,0.0004271965924629142,0.00011051838131615122,0.0006880009799109151,0.00030573720986077594,0.00012974193538996457,0.00024210553372159342,8.038592312686887e-05,0.00038734042234619747,0.001489290362223983
263000,0.0014200467503419408,0.004679413742484973,0.008332361665452481,0.00027667267688509756,0.0031353620683079544,0.012102031913985099,0.0019354091803418874,0.01953897673978217,0.018328034413878966,0.0028015063180646393,0.01566629097093634,0.002481882794812436,0.001087565436715853,0.00904408503166368,0.013852261718163979,0.057780155089858454,0.009551530877615733,0.0011450001650159778,0.0032887815988423036,0.011494116597896209,0.0043858562138544025,0.007786226516015761,0.004819900262627925,0.024148798175156118,0.005504518687822773,0.0066859647398814556,0.00241575967052379,0.003403033887783143,0.002220640131375095,0.011800540368928905,0.01179890893312404,0.018279422504397538,0.0006741715076128247,0.0011614315332080032,0.011125475809522969,0.0002695968542403599,2.7676448099019747e-05,0.00015215072285586345,3.184252068422211e-05,0.00020052247032253945,0.00011062514118975741,0.00013009983877054765,0.00020201707993692253,4.9485395062507256e-05,0.0001482946461692336,0.00010828358229783166,0.00016986970335334232,5.61579574789306e-05,0.0001591896701143014,0.00012880032921781424,0.000621606550465423,0.00046021903290238697,6.605927937926026e-05,0.0002441529186955672,0.00021335816450902774,3.2311867347413106e-05,0.000237130051011009,0.00010928574988611217,0.00010853493907663708,0.0002227439758896183,8.957201480370713e-05,0.000419476353227711,0.00033193791308597746,8.991461275785171e-05,0.00032353844451588683,0.00015654981514113717,8.621168288820107e-05,0.00019553805234528271,6.0437802943624774e-05,0.0002463785047920657,0.0017173522115626837
264000,0.0010891551303241096,0.003749851077305653,0.007185082936606098,0.00023412182121179424,0.0027221267353962513,0.006690022136483874,0.0013648877494791035,0.013650037244374021,0.01634721235367164,0.002383383318374399,0.012948500796842437,0.002074670122000294,0.0012062408116462668,0.006884873847990424,0.011967917105507427,0.0567928117837558,0.006027694923951847,0.0011436473550584427,0.002479438548886849,0.009417155314877164,0.003606567195584795,0.004735045493881833,0.004244068903111232,0.01839940217711652,0.003865863605015976,0.006319113844074309,0.0020571195222634097,0.002701039779064255,0.001913261178004391,0.009789015419477026,0.00944259961678957,0.014049281131100053,0.0005840139868623212,0.0010601644667287981,0.005169947852967501,0.00022102005969567732,2.6752612589500824e-05,0.00012121698537984312,2.2276921261968108e-05,0.00016030223906682295,9.194322272080965e-05,0.00013273479635245167,0.00017243286138182156,4.574141832180383e-05,0.00011947607627007528,6.587475972494872e-05,0.00018650823459976986,5.157758887275321e-05,0.00015264959402680562,8.797855248717083e-05,0.00042353074791732907,0.0004790416387550067,5.277164564176928e-05,0.00019673922238604174,0.00019269695229891584,3.0080356251263847e-05,0.00016693457317854555,8.294264534924878e-05,9.627450963812912e-05,0.00025025274475270776,7.053944852183728e-05,0.00034818966859499295,0.00025622209953881893,7.156784871775935e-05,0.00036004362704665656,0.0001331951176892632,9.423249418562461e-05,0.00019302222152224466,3.7873522138909266e-05,0.00025776380767493116,0.0005253530813206453
265000,0.0017400288008773074,0.006090817788423953,0.00904978815742652,0.00045435795226904494,0.003719803685697438,0.013113915321550198,0.002071621828133263,0.014356842479245126,0.020230013159671448,0.003193594344338635,0.014457241893754223,0.0034115239939971932,0.0015096248887747413,0.008474565890840799,0.012681581228710402,0.04409047235337008,0.01008468081333073,0.001916522771352902,0.003377183150795255,0.010621387578721624,0.004648253159649147,0.008192261273507029,0.005679281203750482,0.024580782225045065,0.005248388036393624,0.006416906509548426,0.0024217481269378396,0.004673465096554234,0.0024112985118442927,0.012167478821215955,0.010719665322103538,0.017934477527607948,0.0008117877926849815,0.0011089296041000337,0.006279953354957494,0.0003546208884180097,4.739109900392099e-05,0.0002680953157323529,3.728499433258636e-05,0.00031998942358768545,0.00017097661507105318,0.00024328776453330647,0.0003543232785887085,0.00011531466785335827,0.00019606663835187839,0.00013770130318541924,0.00032575878425664166,8.4582834386282e-05,0.0001843965598880004,0.00018342926688836252,0.0005971099052658246,0.001039508738661728,7.882656918809517e-05,0.00033989159894598725,0.00028805447430480354,6.521058486958447e-05,0.0002919895294580392,0.00014473089731836808,0.00013776019845105716,0.0003788738078723187,0.00010907307502444989,0.0005294279373106047,0.000446690076395734,0.00010826688077719843,0.00045343273773647123,0.00020447818452168292,0.0001658556827481204,0.00024751000832489193,0.00010521857413436919,0.00037255071442776155,0.0008914875586924608
266000,0.0010967390512264133,0.0038665290784491743,0.008007577436122423,0.0003667058234721201,0.003260522840419877,0.01132193032286263,0.0012008023955317067,0.014939190777238086,0.015524957059090445,0.0029015414493187563,0.013238559005531211,0.0028696582517948963,0.0012008122637670374,0.008375542092394564,0.007470738042170791,0.04227132283691996,0.008334825026286992,0.0012195214588280555,0.0028299566448757624,0.011291648449478088,0.0033996556547155987,0.005221623179230457,0.004839443385668953,0.021707320814797034,0.004544447585185625,0.006098106584977359,0.0020729843804034435,0.003390199450223008,0.001947324515768902,0.011364600501932023,0.009870607702857038,0.015965510455246728,0.0007444946134438186,0.0010619435641401227,0.003678977073327082,0.00023528348671472292,3.0599855035150446e-05,0.00022252767046831485,2.78727500299502e-05,0.00017669423118604755,9.780491900963829e-05,0.00018172556156059727,0.0001701828055047372,8.162237691067276e-05,0.00014646485386420911,7.891602842389846e-05,0.00022066751793509436,6.002329023502284e-05,0.0001794360470782898,0.00014594043122170578,0.0005463064261255988,0.0005442911345501974,7.412572285829811e-05,0.00022004703254313018,0.00031762750404595863,4.016795376380535e-05,0.00018559858498060406,0.00010567635467850778,0.00011599798936382892,0.0003321076222094304,8.607504538910386e-05,0.0005229668621300285,0.00030418409709627496,8.632694744551987e-05,0.00043201419086674124,0.0001927991273789728,0.00011971574089589662,0.000224770492518556,5.605664954089207e-05,0.0002760243826039087,0.0010664546658517792
267000,0.0012703633396380905,0.005611266787228588,0.006882043735307282,0.00034352931951476564,0.0030493966675023813,0.007868343881065292,0.0018965180098905788,0.01546528602086576,0.016037833966055574,0.0024658307020217762,0.01248237661387481,0.0030822075213833085,0.0013343700986958786,0.00808786864813142,0.00848688924957327,0.035172093957044126,0.006664842749593109,0.0014458842770987826,0.003114326952137552,0.010302483123523417,0.004296549899963618,0.0064309357593239315,0.004728188155774357,0.018350196831549207,0.004465299476491748,0.006691105023492128,0.0021280234340660936,0.0034840790850315293,0.0021303718853660563,0.012117144510181876,0.009584081346692983,0.014093057532311203,0.0005471054176284112,0.001066039586729921,0.006697554992873241,0.0002540836369076617,4.046211961320081e-05,0.00015211092001911973,2.9275993252196647e-05,0.0002389000126186147,0.0001344065431886578,0.00014997867992860847,0.0002539656874432694,0.00010691373932116364,0.00022285799763458751,0.0001257553938377295,0.00031234418552310414,5.440120143163085e-05,0.00021778310568755654,0.0001664166308976498,0.0005733528646977412,0.0006098661154586201,7.408149886032334e-05,0.00022711973475934984,0.00032645710077837257,4.422798394898564e-05,0.000255356236642891,0.00017603932451493165,0.00012964009900113323,0.00030090624983970956,8.281273191338794e-05,0.0005461449797116887,0.00030303340717649816,0.00012625209261009864,0.00032007726177754294,0.0002822346989816722,0.0001291739723845759,0.00027117611487468705,7.085025470132678e-05,0.00026153105925975277,0.0012037554508424364
268000,0.0013271645624491932,0.0044600383267539585,0.0066515096926499,0.0003688750363170794,0.0031085948156240055,0.010762502722043012,0.0014668972202226513,0.017090146659314746,0.02270707997828324,0.00286151242107735,0.012756372224239497,0.002350552110310302,0.0012496596962481624,0.009691508819025441,0.010806189736253788,0.0678045165812667,0.008370507897498533,0.0013180130202882433,0.0038046636046991417,0.01120111883554273,0.00415510796871191,0.005497911094477915,0.005278108078042957,0.020869446115102618,0.0054313909162922915,0.006546840094961226,0.002096374182527935,0.0037012641386506098,0.0021752240176497522,0.0114826798770434,0.009888301194587256,0.014443083554327201,0.0006140550857240284,0.0009600167639524274,0.004989659961817476,0.00023260479969167136,2.4818175147644477e-05,0.00017836319743351353,2.609172479807682e-05,0.00019273740917924442,9.469650952491685e-05,0.00015758486779304803,0.000235007458650216,6.395293108222464e-05,0.00012451643454752277,8.762625818608935e-05,0.00018725458365926833,4.6415584236569885e-05,0.00017878922904975721,0.0001164482473541284,0.0005498680207752981,0.00037722474614080664,7.78869645728264e-05,0.0002494682261645461,0.00021400955258035664,2.7861480165566636e-05,0.000222490009828987,0.00012107679094697232,0.00013227354667024984,0.00030038041161158335,8.540446033293847e-05,0.00045305617195187935,0.00031118837821016615,0.0001388027204660551,0.0003865930834258001,0.00017199164701149177,0.00010406795269903211,0.00023238849749452858,6.454092027752267e-05,0.0002791453257945433,0.0009974650049116463
269000,0.0012149211299795236,0.005845167905876965,0.009784038185292351,0.00023016062101795308,0.0030440302510018964,0.008031858779889132,0.0016687455762357491,0.013909068607080924,0.019070444727938455,0.002606547135656001,0.01521243082948157,0.002252638460495105,0.0010538792116814434,0.008195018515173368,0.010454004731368247,0.061293145613793364,0.0068945521016498135,0.0012866209479490194,0.003281834690694398,0.011790728181670904,0.0042121808707966365,0.006617586374496958,0.004379489979764912,0.018817954378513,0.005219788054611334,0.006591988180298358,0.002048012338278685,0.0036093925876533226,0.0021891789783052553,0.011754010639466992,0.010104431076324544,0.01749724881329502,0.0007798746074369179,0.0010339903564494477,0.008027110496995091,0.00024948548089806115,3.179186687119502e-05,0.0002259098506659608,3.262603689174547e-05,0.0002616756064526271,0.000126803674217936,0.00014076083607506007,0.0002801645978252054,8.340758556282948e-05,0.00015704820528442628,9.453026399281076e-05,0.00027482740568685634,5.771351354511012e-05,0.00019693281000917492,0.00014318738116840407,0.0006607373856800572,0.0005425670406111749,8.708106106496416e-05,0.00021965052381309929,0.00025333651971997257,4.6983553560990416e-05,0.00023334035808714957,7.618199879289023e-05,0.00013415207854450273,0.0003116881585041343,7.838861571750992e-05,0.0004648828612333443,0.00030920260755246327,9.299311151554723e-05,0.00034308877588450234,0.00018611864998565106,9.585119375645133e-05,0.0002251007640964989,5.93163504589711e-05,0.0002911533718498741,0.001232047528901603
270000,0.0015394063145838634,0.00513643580469997,0.007998735372287532,0.0002681650477475509,0.003239384011044134,0.010100473749584385,0.0016502042059190927,0.014037522592130414,0.01617143681679535,0.003243475057388423,0.01689992656000318,0.0020620488178291433,0.0011107557277710205,0.009294709250146601,0.00890079424245735,0.04228010487562036,0.008145571384894927,0.001311664244330811,0.0031926563975243232,0.012577771388993521,0.0037849858485165338,0.005639186289824595,0.00523127691684446,0.021602789273795983,0.006209546980388705,0.005569627194199711,0.002127209709823869,0.0039642183864998515,0.002246201055138098,0.01404542048781408,0.00983153832644651,0.019860475131561264,0.0006807757264390637,0.0010847468369277965,0.006410591179600387,0.00020842617349866747,2.481112999076554e-05,0.00021549212074618978,2.5430381702812243e-05,0.0002009263027957786,9.547317181072008e-05,0.00015145419001783011,0.00024167877272702755,7.617990528567469e-05,0.00011119656520637172,6.746579485061537e-05,0.0002951185952920161,4.361332391678019e-05,0.0001483467010706559,0.00011872128627808046,0.00045582057595521083,0.000499694390479514,6.100620284996694e-05,0.00024256671379273994,0.00021023729073806015,3.0253228198324162e-05,0.0002004657191807177,0.00012658822925004642,0.00012595801962965602,0.00028352985087761996,6.994561542038961e-05,0.0004206831033717472,0.00032691239933321277,8.150908098667896e-05,0.0004608495781010586,0.0001707030360090688,8.437784520408189e-05,0.00017826256725511814,4.580569517997901e-05,0.0002279415471208313,0.0011561941348190885
271000,0.0016449371148302965,0.0059307994100284605,0.009491453573597633,0.0002972277335454867,0.0027364505734607794,0.012562641025786954,0.002032328505500177,0.019136120584780834,0.019535974067038515,0.0030732342129340395,0.015197777163691317,0.003180798144707556,0.0013785598782829545,0.008863948677489216,0.009650057676224285,0.054891298129405186,0.00928040692282853,0.0015401311689465383,0.004132592714865625,0.012379739494766303,0.004596841023514851,0.007911919424389322,0.0050573131873534296,0.02548907953314483,0.006808404787166399,0.008561091753654182,0.002552175459740166,0.004797913945367327,0.002900590652921785,0.014061327693202803,0.011121618482381261,0.019615955001567133,0.000825639390156469,0.0014991924172030595,0.0058676089271709015,0.00033891771668338933,3.642858501363758e-05,0.00023968653559594796,3.717248042936394e-05,0.0002769266927771241,0.00016256088087721822,0.0003595157577365171,0.0003815883661445696,0.00013195958533623,0.00028719861231461677,9.373073035590096e-05,0.00032526016091874785,7.115974229066069e-05,0.00029471901047506025,0.00020388170609790407,0.0008743784323332175,0.0008488656409705678,9.963529410015327e-05,0.0003447319824623932,0.00038542270428071535,4.30791480787527e-05,0.00033281518057832414,0.0002284201955262688,0.00018614658522943096,0.00054296094482337,0.00011398613387427758,0.0005691392111290747,0.00043466884945760114,0.00017196233830987808,0.0005233571521077667,0.00024096816800861292,0.00014630383455888868,0.00028126828651672727,5.95630585564777e-05,0.0004127265125257012,0.0011188280986971222
272000,0.001560221864798911,0.005904131423449144,0.009438256485736929,0.0003293774949060417,0.003141708700160409,0.00882248512269663,0.0017746997302252098,0.017584315313333897,0.014909206330863711,0.003304666064650519,0.015097518781826861,0.0030687219084345034,0.00114487597073259,0.010110542843848993,0.01289987081040368,0.05187084984724303,0.0073188465587572,0.001489304157144897,0.004126259539979011,0.011821699334371563,0.0039872458706860505,0.006332329980588318,0.0045756234257957355,0.020626098953653128,0.007023928526125799,0.005433634901419282,0.001959860165301976,0.0042204274707273726,0.0026305635499096858,0.012768122196223797,0.010343900450631433,0.01842931139533623,0.0007376125981317308,0.0013489752539625928,0.004068623794309032,0.00030884408267541275,4.176359700343375e-05,0.00023320046486994463,3.7925407171490196e-05,0.00021691994697903283,0.00014116492643479625,0.00018247595926368376,0.00029226554379420123,0.0001166601009811673,0.0002132256819681731,0.00010554346131133993,0.0003438099873228726,6.23231331768892e-05,0.0002485622882763186,0.00011146886506387752,0.0005020741803596488,0.0007788293478370178,7.780783525959122e-05,0.00031566136467332324,0.0003741494562965617,4.014093277956735e-05,0.00026083630936354695,0.00013897937833462493,0.00015893466626140353,0.0003884432064296561,0.00010239821313007269,0.0005069998804709676,0.0003861534866239759,0.00010609926389324673,0.00045627537777666777,0.0002041811538259782,0.00016680580184973742,0.00021738361897130363,4.241803210902617e-05,0.0002910410340488294,0.0010131247574463487
273000,0.0017867747579239713,0.007335706889905312,0.010489207962867416,0.00031229139360500717,0.003957152670662691,0.010065555456094444,0.002161447138889578,0.019084420376577114,0.022314405184963245,0.0031340915556938853,0.014153368903705232,0.0036381966603993513,0.0012786464461841565,0.010409811896820567,0.012791841590917423,0.06090741547086509,0.008815694409046651,0.001647211868968745,0.004035112351370377,0.013906340752873803,0.004584162363392772,0.007393028411180629,0.005067496387952512,0.02049764331895858,0.0058999755779546425,0.006205126573331654,0.0023982584476734993,0.005150749125580963,0.0026534921717350645,0.014032229276527952,0.010812690630264115,0.017125376137510803,0.0009272431006938684,0.0016768862898473788,0.00667203261420784,0.0003688189637663137,4.17216261026672e-05,0.00027505717451442086,3.437801343538758e-05,0.00024600726919743465,0.0001409983167824995,0.0002797606130116037,0.00025905296133714727,0.00011778019317812562,0.00021437429072887568,0.00011849360685403098,0.000329471926091317,7.357608592428733e-05,0.0002319947442597838,0.00015952304254989775,0.0005907960758647207,0.0007438140831557879,0.00010023716677096673,0.000244937664394122,0.0004939760192741985,4.663263217191177e-05,0.00025608194728583936,9.772611133485043e-05,0.0001355208659864123,0.00029245641337463614,9.412838123049976e-05,0.0004768868413278934,0.0003391432147315788,9.95351283358809e-05,0.0004269168704114337,0.00018517917971899074,0.00014708871471417036,0.00024629633864309096,5.6845871156951944e-05,0.00035475371627582427,0.0013914671500970144
274000,0.0014106707184559177,0.009838775954213579,0.008044224532871644,0.000322359846667006,0.003947703123242407,0.010619289092054325,0.0018880161896665795,0.018492202378433385,0.023458323647008898,0.0025882507379719755,0.011856146146772202,0.0024922190624442455,0.0011463215022090342,0.008491985997600503,0.01213725146739949,0.0852965874067498,0.007882067257361043,0.0017834887760186633,0.004097066701173649,0.012887667292015976,0.003508085191348388,0.007260519017498674,0.0050225695785775315,0.025579342168445388,0.0052471793052742246,0.006792999163735658,0.002040613795646007,0.0043295177626229515,0.002538155218387735,0.011397552793853046,0.010488728281537381,0.014288848991362521,0.0008956454443372982,0.0013729411293858247,0.010351974494672808,0.00021409724986045018,2.6394559471866257e-05,0.0001794913889832308,2.2913301492450724e-05,0.0002276828829508304,0.00010691022996319531,0.000188265995348047,0.00022191883908817545,9.270581873160584e-05,0.0002048532890033752,0.00013039602449010446,0.0003615194874695143,5.423393643688712e-05,0.00020675909242668397,0.00017405518222155726,0.0005972402116360451,0.0005644075342085367,7.622878183610737e-05,0.0001948754342432652,0.00025482218508590573,3.414579737182066e-05,0.00017221255465819823,9.558538590681565e-05,0.0001339737490866355,0.00022648712080738803,9.729609337227885e-05,0.00045781546860066606,0.0003134535246176626,6.932945964288117e-05,0.0003341764931974467,0.00024137835103746593,0.00011503587880464952,0.00024002585702246945,6.567619678321535e-05,0.00027843528966643916,0.000990881690813694
275000,0.0017128620190146034,0.005705424671490349,0.0098264737162026,0.0003966934732698764,0.003778451300005847,0.010477035572486264,0.0017323186095910064,0.013976177758355761,0.018393306198349012,0.0030566614295821637,0.01397199748604225,0.0021109035308710393,0.0011824395108057863,0.00862331672369416,0.009496337664720212,0.05913803709897062,0.007031048434891133,0.0014767483007744886,0.004098547348673621,0.011457556701643626,0.003760487786194762,0.007470054518437662,0.004475317999482892,0.020789630893462648,0.005481012802091654,0.0077275877236388625,0.0023925044031696623,0.004073691625687085,0.0025137756623307187,0.011798826680352514,0.010024177109153242,0.018945553004204366,0.0008545380915144016,0.0010185736732108675,0.007406510355900132,0.00018748920177711983,2.4595614251522517e-05,0.0002658058328961488,1.992574238080036e-05,0.00018852869425245444,9.012210023440924e-05,0.00019216632244933862,0.00022969949923208334,7.705128219688624e-05,0.00012766305716659668,7.824254866579037e-05,0.00024453869717258944,4.6800859941242834e-05,0.0001726851754269852,0.000105235874136931,0.0006373031105130604,0.0005693995838858731,7.622310004080645e-05,0.0002024375112063242,0.000233310412270306,2.6088233239947428e-05,0.00017164691032258396,7.823952830676717e-05,0.00011896239805587861,0.0002995998832445296,8.40655204228824e-05,0.00046483791945787237,0.00030989345393832253,8.235800713599609e-05,0.00024958663521425077,0.00011564960612838752,9.139901690754673e-05,0.00022891149765058572,1.8787603380587825e-05,0.0002485336169091842,0.0006560580848599784
276000,0.0017398326546164164,0.0072517946733838745,0.0063193227661031415,0.00032768349317218684,0.0030759326772441236,0.007675265693770987,0.001719123750820384,0.01604003504197702,0.018306075628815154,0.002554506754677277,0.01206679608205579,0.002340398344929373,0.0012084385342666683,0.008172645503663895,0.011006381324071245,0.04793328228273216,0.008018009364128548,0.0017227232783625368,0.0038651958826189264,0.010682040163956116,0.002972278059138926,0.0063956261432654826,0.004149448506407983,0.018940012816650174,0.004573269304778983,0.005289042124059051,0.0018584096131367151,0.004727248591355722,0.0028884006506653833,0.010795302485818073,0.009482576052784377,0.014673242569327928,0.000871019947798966,0.0012677712270805239,0.006469798201982889,0.00033704491733033137,3.216988633132707e-05,0.0002152634356620679,2.974272111654259e-05,0.0002319992624961742,0.00011682223251885629,0.00017127375122072408,0.00031588939145876793,9.086121479796068e-05,0.0001948894383986044,0.00010923947429018557,0.0002778156897221108,7.378166117710805e-05,0.00015204020010628483,0.00016603332319804892,0.0006841481484885802,0.0008097578405189173,9.763840935193003e-05,0.0002368606526905918,0.00025478666994503923,4.249928501435947e-05,0.00028843874544339,8.308469847406741e-05,0.000114531150296039,0.00040074321621852085,9.683876044922121e-05,0.0004680149564562946,0.00030761898879653153,0.00012938068607786795,0.000316662513594363,0.00017524195839707153,0.0001017749720761328,0.0002245615881034131,5.026597153090506e-05,0.00030543574280463947,0.001387595340202097
277000,0.001607544109527078,0.005454925794900326,0.009156694284380743,0.00038060664637669107,0.003763592943546946,0.011029937454233212,0.0019043779034437912,0.015560453771624952,0.018750343701824504,0.0026663339231163263,0.013991184217440694,0.0023546954140997237,0.0016686143168375236,0.008084819046692273,0.013487812276991248,0.059007148975676195,0.00800361283658969,0.0017519424345434195,0.004704361156265284,0.01116975299900029,0.004696292495332972,0.00607490831056826,0.005433392061374131,0.02104048177910348,0.006115818209966367,0.007820331514813006,0.002599532752700754,0.004365625676655327,0.0031257790910518344,0.013468594701055648,0.011841685747688947,0.019413378425479796,0.0010960112892064444,0.0018822018276052912,0.006176231508207921,0.00028662333060732896,2.8707703290670477e-05,0.0002074199187931795,3.338453150290771e-05,0.0002425712161766569,0.00010697480760466127,0.0002175149547838373,0.00027936670358030824,7.941939557703766e-05,0.00017736522837654583,0.00010326635321352536,0.0002581884849333667,6.344642718048021e-05,0.00018542804837673837,0.0001668793075540717,0.0005636723703061692,0.0005806623533620344,8.446305691904854e-05,0.0002822959952992482,0.00029224574916889685,3.158426553992203e-05,0.00020633117346048778,9.98397730427314e-05,0.00014123360127390092,0.00035593379152487614,9.7252214194062e-05,0.00043476308745742353,0.00038843935549561203,0.00010134140105545664,0.0004667248785052733,0.0001839190138927332,0.00011285613585901697,0.00025416630133273844,6.684047884419897e-05,0.0002777108065780309,0.0006185488586197607
278000,0.0016988312695072662,0.005881421185794925,0.007680425105718314,0.00035611300406274566,0.0035569734932266064,0.008034746694777693,0.0014938322435315763,0.013761265525424867,0.016890970952542224,0.002423518501018407,0.012353348439779595,0.0023743534656372207,0.0011944030832665069,0.008195084062180918,0.009512831265002367,0.05026725526052663,0.007344873833344103,0.001533594266404663,0.0033844850503166007,0.010822233676541752,0.003699088830865968,0.0058645493944433314,0.004702922065019569,0.018502411176450552,0.0055503566765533864,0.005752041877713054,0.002198581435410937,0.004343641322066105,0.0022749779693720697,0.009742062837411199,0.009338314742393172,0.015305055943407262,0.0006751823455700262,0.001697250087476658,0.006337935267058331,0.00025991221718868474,2.1512644152428612e-05,0.0002282276908855155,2.268759663020757e-05,0.00021549699636125297,9.590091350881925e-05,0.0002282915411342401,0.0002588870993349701,5.740699324824642e-05,0.00011246906057964991,7.345414879133776e-05,0.00020205222475405,4.463858072156768e-05,0.0001672225318052487,0.00012052426295254422,0.00044082254470455295,0.0006024310120362012,6.444734481192427e-05,0.00023096609127568795,0.000203364376359567,3.417821587638834e-05,0.0001887861834196277,0.00010406667036022554,0.00015705838075695687,0.00026950917090289294,9.526023022772278e-05,0.0004856854189070599,0.00033031760150947775,7.616705529922451e-05,0.00032300570273946505,0.00018082601219741453,7.916535313207922e-05,0.0001740124050627802,3.3063660836774034e-05,0.00023529470588585377,0.0007044589576253202
279000,0.0017197732566003382,0.007309310493669559,0.008797136817520368,0.00033580334317006276,0.0035629724242644905,0.012933549121953547,0.0019336720748000399,0.017893354256575192,0.022013393947964928,0.0034697018018050585,0.017227267355023577,0.0022821335673774115,0.0015162752652858298,0.010347849311129363,0.010709711732959155,0.056979782552237644,0.008469759413596225,0.001915948548034803,0.004136225203442986,0.013144895495473369,0.004706454940789556,0.006669930439654438,0.006252466461955919,0.022462571901269258,0.006287542149443147,0.005764681310392916,0.002614176093549113,0.0058750436223817815,0.0033175377747016576,0.014532919340830806,0.010564137406521089,0.018153707588610884,0.000849421197187894,0.0018663784953364378,0.007875816277090861,0.00032763738865883497,2.1354131011943728e-05,0.00013561433826742524,1.901609058915754e-05,0.00014553861763033638,0.00012779991292992488,0.0001423009609879955,0.00025253564076592737,9.397891266129783e-05,0.00011368225112906466,8.222841824791414e-05,0.0002403732516317528,5.2126437315891394e-05,0.00016273581847720944,0.00010498407110307281,0.000559333642632527,0.0007553778608174374,5.8655985594668894e-05,0.00022012457517046975,0.0002271839651351409,2.545670828236656e-05,0.00016092221379881023,8.247417008533375e-05,8.261098267641703e-05,0.00028576444600940496,9.186342273703e-05,0.0003452568935568873,0.0002443646734786011,9.583926887628607e-05,0.0002612163997481629,0.00015080260064005178,0.0001256880143176074,0.00021298849005334556,3.672874710503038e-05,0.0002494130544619111,0.001856213098653825
280000,0.001957002109311607,0.006599165488565901,0.007846323618953951,0.0003139319145807699,0.003974393738241781,0.007989248152755733,0.001927564722380691,0.018995508161549202,0.020636228067437916,0.0028785699978470802,0.014436717828051948,0.0021402670187612508,0.0014357779353193826,0.009490513741129138,0.012821103319883525,0.05340983110727393,0.008914462861780305,0.0017622891166785295,0.0041122989735283355,0.012952539024893971,0.0045994506301029175,0.0077825029282913806,0.004284286520681538,0.02310587823546181,0.0054379887798339565,0.00803026664070785,0.002060977532664765,0.004810762643804385,0.0026644624055787813,0.011774458706044712,0.010501014356026038,0.017157039750600234,0.0008605354926749861,0.0014233506879220439,0.009839033387632097,0.0003251402689922348,1.7564392838141286e-05,0.00025008991476418237,1.9123462392193883e-05,0.00018006692266681057,0.00010101790743746317,0.00014515860993924434,0.00018021812793449498,6.594461901362305e-05,0.00015276596642180314,8.939973052995194e-05,0.0002495456437508549,5.487939437021083e-05,0.00016376196142602864,0.00010954124462097587,0.000580781369381629,0.0005332540034335883,6.726779492964852e-05,0.00022067768103235203,0.00020286029704383792,2.6247870331210585e-05,0.0002038314925998112,0.00012189752482072436,0.00010462623369120492,0.0002964074475725143,9.068819290405372e-05,0.0004382984558571567,0.0002638727537655709,9.934984436788475e-05,0.0003134911528630053,0.00017180498997430578,8.618091877516625e-05,0.00022227458294038672,3.327324419899469e-05,0.0002512915427337057,0.0011065477439842653
281000,0.002011757971263865,0.00869731364245699,0.009730926944030216,0.000354730013259541,0.0035385094033929965,0.011409448359959893,0.0023520348435223212,0.01784854415132477,0.02375025266814525,0.003649090889666695,0.017205824124602382,0.002676741507234603,0.0017511328280141408,0.011009634223724292,0.013336060840468717,0.06512070936878445,0.008897392791541711,0.0018438858145301206,0.004425968839703793,0.01355780190480194,0.004617218865522633,0.008038078447758121,0.006884606629852593,0.025414786433490613,0.008339453083964245,0.007027494930662214,0.0024639970513069256,0.005933623423819275,0.003240113632637076,0.015455642199442317,0.011489831285531788,0.01847260277897406,0.00079161565610574,0.001507696486415562,0.005496532451717131,0.00030598816554012434,4.705501356626559e-05,0.00024873542828241955,4.778504029445685e-05,0.0002273917007187265,0.00011736042903342596,0.00014772132271900773,0.00029441019160003634,8.259532467634831e-05,0.00019100819740742737,8.593568549975267e-05,0.00024923523217199674,6.3226812494932e-05,0.00018879269113614914,0.00016092659015240233,0.0006250420876942651,0.0006475929197525451,8.285412041004747e-05,0.00024865920378794483,0.0002733081662505544,4.175790061047089e-05,0.00033677651309781435,0.00010826513857864484,0.0001426405090304191,0.0003798694694383952,0.00012191343563851357,0.0005614164325729151,0.00037791609552776344,8.921624370085336e-05,0.0007527688406601859,0.0001831368736492987,0.00010813790569435306,0.0002971036670574462,5.193245286250203e-05,0.0003301438796408563,0.0008720982143131551
282000,0.0015777155690925978,0.005707784978262175,0.0078315258776153,0.000300608523705775,0.0037297458611992395,0.010325558807900441,0.0015949906321052808,0.014934455099993263,0.017715956375232513,0.0021551576755882706,0.013600153657265494,0.0025216974754584953,0.001359524938214401,0.009580503188772127,0.01041771390082431,0.046913744620117846,0.007743496965087529,0.0016232810007692669,0.0033292972922416603,0.011353462813349324,0.0038511474724452037,0.007270634114060418,0.005632881963150187,0.019714907471400995,0.004553245514490834,0.005807620659470558,0.002311187323577483,0.004503368219957338,0.0022784394857487365,0.011429806651229286,0.007762269355492511,0.013457888282853393,0.0008537874638381464,0.001033337898270263,0.00795848352830338,0.0002033744013313513,3.293598542753491e-05,0.00026558418796246934,4.356879938872642e-05,0.0002566053490227205,0.00012490198520828606,0.00020662106544477865,0.00022161691376823,8.457081810918585e-05,0.00014532685903352678,0.00011763114361055419,0.00025704031438516194,7.485910512450289e-05,0.00020139057186917132,0.00012751455704512244,0.0005782846456598306,0.0008659836936809976,7.888396994530922e-05,0.0002463374114494381,0.0002304864649039669,4.065066307455047e-05,0.0001906261873045878,0.0001381047986797057,0.00015313613605232805,0.0003439289726114881,8.345315436599776e-05,0.00044590973236462297,0.00029067617150720554,9.835339572189466e-05,0.000428842023716748,0.0002031171188999398,0.00014346138621996424,0.00024568304756271913,3.952575855947771e-05,0.0002693758266169815,0.0008191430562874303
283000,0.0014811728259873406,0.006415790559980518,0.00876683195019723,0.00045952909597592504,0.0032138088996661383,0.010898346197791398,0.0020990516177041554,0.019410742910301506,0.018253575735222592,0.002871938251701067,0.0160130175958509,0.003206054843981199,0.0015779591084345047,0.00994897359068449,0.011314212259115747,0.04893954183883883,0.008057051620068836,0.0017009357983210343,0.003917136674447518,0.011734999456263419,0.0045384298399662485,0.007237984368007996,0.005869294973769381,0.02338707560362915,0.006064902699094207,0.005883905128575862,0.002755981860020491,0.004838156547824231,0.0026008235912098935,0.01398769548071751,0.010965532416788241,0.01808440139911209,0.0007004160487571636,0.001835430332147193,0.00842928862241226,0.000235024918686528,4.068146355139465e-05,0.0004186551208972973,4.580992159466712e-05,0.00025457818128415965,0.0001655847392704403,0.00021303096309566172,0.0002705978056837921,0.00012557119000695436,0.0002240198039927284,0.0001838686255987503,0.0003542242949598611,0.0001031205848960326,0.0002409009406058995,0.0001522145529716826,0.0007785173585559208,0.0009097983941804463,0.00012074456717527937,0.00028376077850169874,0.0003925392095974028,4.717725600626595e-05,0.00033118467973919553,0.00013559132514728844,0.00015083966417882443,0.0003863041369046326,0.00013120608685615782,0.0005448638342665119,0.000333309414469551,0.00012554184362678834,0.0005041454818031829,0.00026389220129380926,0.00014891168205265006,0.00036891981836178854,6.156623432218566e-05,0.0003651788681566382,0.0010371235752245412
284000,0.0010976845251422208,0.004497880041998104,0.008641667822303134,0.00027456616646584454,0.002430889425467504,0.008210472047461994,0.0012682572935832027,0.016893947562850516,0.01724464470557502,0.0023800689159543253,0.014562406305129925,0.0021746606559032928,0.0009349885255108926,0.008088556846373787,0.010636488019201137,0.04948099856665067,0.006178207796741238,0.0010114932892629671,0.0029451726654120386,0.00950859728454816,0.003515322818463154,0.004724007857735809,0.00429540010416531,0.021035805948001023,0.005780711722605153,0.0035041996161453426,0.002140741698132197,0.0031647160330976476,0.0017574740335369236,0.01142709110207497,0.009606987302346775,0.0162565867000152,0.000571053512308376,0.000720739058388697,0.005222340834330276,0.00020208982057364925,1.8589701428078043e-05,0.00023002779554107374,2.23508902599203e-05,0.00020257349774510658,8.903078229652837e-05,0.00014085496513871476,0.00017491476974100805,6.993579765884006e-05,0.0001072658011001917,7.199006843450206e-05,0.00021231854008332002,5.17329944198508e-05,0.00015303925755069,0.0001269977179948579,0.00044600148771153795,0.0005276039034166994,6.783941971661988e-05,0.00020003133453874212,0.00015183187719983458,3.122492776955451e-05,0.00019209302048185108,8.484437591960159e-05,0.0001021075748894873,0.000275129591573904,9.982481763775771e-05,0.0003867495938415212,0.00023293887987300104,6.54277512065672e-05,0.0003109782713484795,0.00014712888065486214,9.748607505701199e-05,0.0001456131236017933,4.619864120058992e-05,0.00025931937161964135,0.0008136178315908182
285000,0.0020343294751935014,0.007818447915606494,0.008690156325125523,0.0003462051266069466,0.0032869030418036737,0.008752213159043874,0.00153435833233802,0.017661366537782563,0.02261770929087532,0.003104263472778257,0.014051467949707049,0.0024577792655505544,0.0015058644287020081,0.00934378059145908,0.010544664265634149,0.06688353470538762,0.009786035842764596,0.0012523606846910678,0.0034089247404023937,0.011048983626011855,0.004056721522506625,0.006447659794243269,0.005622508920932887,0.02277235434933876,0.005802317614830422,0.007108556700404734,0.0024307134451683234,0.0037363877448418257,0.0019928132305401104,0.012269694461147377,0.01088328978017671,0.016857462214270178,0.0007425762152254178,0.0014031507733169599,0.007598220230849822,0.00017951898977181763,3.3065183235168516e-05,0.00019106773305049336,3.3794820842010806e-05,0.0002212442175277829,0.00010016430160962567,0.0001701254091130977,0.00024451812878396596,8.412667236705984e-05,0.00021415646784398153,8.914756219472306e-05,0.0002830768077585258,6.34092854792101e-05,0.00018870696134721081,0.00013354751916432923,0.0006176366624004003,0.0006101786372407029,9.222879270964768e-05,0.00021269100071382425,0.0002351866712066614,3.869767884235774e-05,0.00023533170819338078,0.00010380656067354721,0.000120334651253668,0.0003003261063125907,9.682114547710322e-05,0.0004267367589574117,0.0002915042182299506,9.565361798555748e-05,0.00029696875127329904,0.00020727469929356218,0.00012171591570872156,0.00023293750147406774,3.960176988471176e-05,0.00027825128089326815,0.001268250351131428
286000,0.00167952954453122,0.005091549990067034,0.007900411070901706,0.00024974589675646433,0.0032388556748076014,0.008411363582126796,0.0012492215504783916,0.015061748285826944,0.017716275550655258,0.0023226336688821902,0.014827615500339394,0.0029970750231824443,0.001201763065623571,0.008700288179170457,0.008200726229551947,0.043542679664521224,0.007325263116226346,0.0012148267233448068,0.003469794732934263,0.010537068753692438,0.0036134095231755755,0.006827138482029633,0.004722053117220639,0.018695190304424614,0.005134081841961667,0.005745251767802983,0.002177643533044712,0.0035439770784554034,0.002098960278175689,0.012733608669687754,0.009767857548819545,0.0153882504964713,0.0006915258275811836,0.0009425536637631605,0.005062019108360498,0.000176140839893638,3.645466535536008e-05,0.00024147480631985343,3.40884218451402e-05,0.00023718708780506859,9.416254203069622e-05,0.00015798874119354878,0.0003090289937972557,7.45948904247933e-05,0.00022786416070869707,9.825425318804751e-05,0.0003472359004630115,6.363034025902436e-05,0.0001826599803962381,0.00022696797763770022,0.0006255270540158073,0.0006842877101007616,9.829712435021065e-05,0.0002653745744524082,0.00021049136822857064,4.4827615139101084e-05,0.000255497611281606,0.00012084417880942055,0.00013276376745352536,0.00031705989974328147,0.0001140182370969948,0.000533804369447646,0.0003466313541901366,8.175953553905561e-05,0.00045176024569728825,0.00021857148585887478,0.0001059179592500316,0.00023385786737122543,7.366722647361712e-05,0.00031534211715353663,0.0016103580710478127
287000,0.00165436320097846,0.0060893324084140155,0.0073295108125724555,0.0003114902182565297,0.0032093592032617405,0.0074013097827056685,0.0018989344659912017,0.012880676261499734,0.018821954000169987,0.0026308881424483843,0.01201783989810433,0.0018054222078086352,0.001468608349872132,0.0071540375645947115,0.010784458748907235,0.04914176889163476,0.006147357193878547,0.001108393134559207,0.003301979524362001,0.008503654237635298,0.0036704458859564792,0.00716765937587687,0.0041356928415916625,0.019089039180350178,0.003956081483978316,0.005752737214788794,0.0020105518072033456,0.0028723133123094158,0.0019001921060193769,0.009349755524571294,0.007478169128783824,0.014377205169204479,0.0005748316041175572,0.0012734173269934195,0.0050952388262683395,0.00018154656673021106,2.7167336038533712e-05,0.00011974454954807615,2.972575900405692e-05,0.0001523397772871249,9.434761933030035e-05,0.00013360192178879515,0.00015701352403993952,5.734625104100575e-05,0.00011855450661402612,4.9210043719836804e-05,0.00017238685982272472,4.356386073745e-05,0.00012538747711232645,9.057823610253928e-05,0.0004244296388413624,0.00035852574061815784,9.388530106662074e-05,0.00018028423727052857,0.00018905258335068757,2.7860702247876773e-05,0.00016631628447553778,6.702113671508414e-05,0.00010371548743629926,0.00024283410620088173,8.579929793389359e-05,0.0003082957906037082,0.00022361542700840195,6.510746976829552e-05,0.00020928945842671156,0.0001074517828389215,6.984475807517551e-05,0.0001500391860462014,2.4247074762229204e-05,0.00021625086963911048,0.0009098723385250196
288000,0.0020199760533368798,0.005346724562211118,0.009977216998170965,0.0003839146295831597,0.0038921027775174906,0.008845970034599304,0.001556478934881236,0.015940437794365696,0.017437193516193876,0.0024870326305972412,0.014455389132679018,0.0027292563989212053,0.0013822883241421853,0.009213629651970801,0.010224059929297416,0.043522403465279545,0.006174863930720589,0.0014469426063027917,0.0030417399799002203,0.011264328942561406,0.004165680721999147,0.007223421142563373,0.0045117494563843745,0.020539592245283227,0.005610299114633808,0.004861176898702979,0.002779469706168921,0.004438672952346678,0.00218111461658469,0.01407769814437826,0.009695882174031188,0.021482397032041963,0.0008140637265293768,0.0012596349725267934,0.005078822931055684,0.00031091981656215594,3.469502986251284e-05,0.0002676870374423081,4.345738675209463e-05,0.00030458213905149023,0.00012051487993737301,0.0001829422417358728,0.0003772392967221094,0.00010166543574996467,0.00016171484720344827,9.976133961109619e-05,0.00035003714546882404,6.151525404440861e-05,0.00026976735353338006,0.0002829453207430726,0.0006260622545404168,0.0006815386659582146,9.011980255309026e-05,0.00031669449341205445,0.0003546345803348733,4.179165554515666e-05,0.00021712015175443832,0.00012988952198611514,0.00017978243231987613,0.0004319882907041644,0.00014864786238225254,0.0005931326302031941,0.000492187292193362,0.00011623093756940295,0.000655481994019485,0.00029515259091880724,0.00012398429225868313,0.0002797268066502518,7.860567950501718e-05,0.0003994483463238717,0.0011142660106997937
289000,0.0022341497450774164,0.007920596536240299,0.008551099386750138,0.00031174494223915435,0.004316793945161154,0.00945869819926364,0.0024821500876808593,0.01749617335136624,0.0216859619745178,0.0029714493211940862,0.014964287557014348,0.002758237760162399,0.0013625035439459184,0.010888329218825234,0.01372942328786902,0.04521085790141418,0.008594998954192436,0.0014431461882228591,0.003789229314341875,0.01343602704257743,0.00508762898328034,0.007947752553133926,0.005806640057756643,0.022022592346183957,0.004869767610880589,0.0056650251033715905,0.002643281304303415,0.005090511715934554,0.0030975925022229444,0.013388599436908524,0.012964947435539215,0.01782008471603219,0.0009109985151273856,0.0018754113605419385,0.008528581096470589,0.0001813925487701746,3.185773190307971e-05,0.0001734126919307693,3.163443644903548e-05,0.00018138425093638944,0.0001447590273255144,0.00017748598565958673,0.0002283416881255107,8.280763788542045e-05,0.0001637433737845353,8.277343933948649e-05,0.00027767119229936627,3.5297589580096655e-05,0.00019043281562074237,0.00010846091456848875,0.0005342510717057918,0.0005841820614781076,8.19452930954867e-05,0.0002154598267373572,0.00029471475797969297,2.8969055940499608e-05,0.00028920475061343213,0.00010633914416757762,0.0001098828717355597,0.0003077372756286842,8.653766193068198e-05,0.00041058893857760716,0.00026900976797605836,0.00012401044075780086,0.0002633959611557657,0.00016010352535815472,8.777277402519498e-05,0.0002466503529877543,3.549605634134423e-05,0.0002624737896455196,0.0008946454479882959
290000,0.0014554124239333072,0.006071003779113569,0.00837050717927923,0.000309202143076758,0.0032628789186109996,0.010676286890104945,0.0021560960958008617,0.01626050218285801,0.015132018480961029,0.002442763801809633,0.0136597077664506,0.0025912979755067143,0.0012168000323458039,0.008660423086742716,0.010039319511698149,0.051036590385895884,0.008503903276678534,0.0012914369147012299,0.0033189352112198583,0.011125793923371626,0.004174275242114443,0.0059630012695249335,0.00473827741285883,0.023867616965435445,0.005188221062809813,0.005219091346953064,0.0022400195268874675,0.003530906590564579,0.002242759387488203,0.01114727605489597,0.010609733500314179,0.014994274177857174,0.0008172820625112273,0.0017926554557434853,0.008945563338784268,0.0002816916750500046,2.5103406614627937e-05,0.00024887451953955775,2.2407392071749288e-05,0.00019740717175409372,0.00012121221604811968,0.00011631438428594265,0.00028075000554963483,6.985449771204195e-05,0.00014107576894036212,8.067229403983285e-05,0.0002642475779403117,3.9060543931768166e-05,0.0001702903545214181,0.00011864955873038112,0.0005382901853408839,0.0006331151210664151,6.883015939820324e-05,0.00021918342418776235,0.00025995474591362493,4.27761131256623e-05,0.00021447849902508234,0.00012884204761576257,0.00012831531354448898,0.00028076224089790443,8.470770438483063e-05,0.00044505599250945816,0.000323320374223857,0.00010484702232764624,0.0003409525694830033,0.00012320239052063722,0.00013785731971438508,0.00021680079096402812,3.965975273700906e-05,0.00027388458389747536,0.0006290668308793102
291000,0.0011464634462938833,0.004156110942723764,0.006894657295257882,0.00020991150625797252,0.003404580936413494,0.007194782881664911,0.0013965396767103343,0.014361199110734399,0.013525053646280637,0.002314886902240687,0.01185424907414949,0.0019546954309608198,0.0010330268452173295,0.006964221734299578,0.008124552570456325,0.03774660106440327,0.0064149033808765426,0.0009830120496051769,0.0024531070937103194,0.0098661696216368,0.0037710446054898756,0.006419126805017835,0.004211620608257363,0.017615876948305718,0.003870077324906546,0.003978369920514524,0.001978348866758449,0.0030264584141453574,0.001942308910228723,0.010703062377879472,0.00877638041599615,0.014313579626524678,0.0006484259442913753,0.0007141435052353488,0.004236147268784407,0.00017069126281350172,1.980095304974695e-05,0.00017691257492267388,2.1486382932829635e-05,0.00018000179693444807,0.00010579119224049231,0.0001221308725689596,0.00023066628455126192,7.610704457013191e-05,0.00013277190500837988,6.910210003923112e-05,0.0002594894159668464,3.921380204907621e-05,0.00012482766849502538,0.00010835005493638825,0.0004438049369162819,0.0005447850107884733,6.504546927317278e-05,0.00020048312202264668,0.00022853726781688928,3.5154393138079534e-05,0.00016327680717245863,8.07499327493133e-05,0.00011617569930422178,0.00027970237766007465,7.885870915439834e-05,0.0003582481920612511,0.0002463709878836821,7.868833773778812e-05,0.0003496952756702538,0.0001342819081779075,0.00012375110109782587,0.00015705332808113235,3.390098065381153e-05,0.00022428658431796494,0.0009892052963550667
292000,0.001545249366060759,0.005740194170222686,0.009064553637775438,0.00031649329841037307,0.0036746314102787483,0.006840056506916881,0.001824136811797695,0.016319219874775644,0.014961875678501442,0.002550546432757983,0.0117664047234198,0.0018459272120095675,0.0012434682276128142,0.008029192282127482,0.008482317222446642,0.05040590119127349,0.007037935871007254,0.0014571632734570604,0.0029273510982810486,0.00925169902920364,0.0035370552952861964,0.006607899112298453,0.004644986901645704,0.02109415001080682,0.004596856115616295,0.005186625372152776,0.0024122371035064723,0.0033385976879192945,0.00225058445118039,0.010037989400276979,0.007691017457545968,0.014095505668172756,0.0006612441780213465,0.0009678033173597299,0.005863796645321094,0.00021504435376178726,2.761944573511468e-05,0.0002043996317462932,2.581588786602901e-05,0.00021277508403727552,0.0001349741514659738,0.00013633345224661753,0.00023294867605727632,8.086734642108097e-05,0.00017465804787542238,8.380136951992816e-05,0.0003060824716844205,4.632703722773357e-05,0.000154478531442237,7.130929638647517e-05,0.0005569836353480731,0.0004843132858998918,7.630429208802525e-05,0.00024315913195058951,0.00025643329329262806,2.8589471712207754e-05,0.00021327082177160792,0.00012376922745716001,0.0001290667185382214,0.00033010919424458947,9.75107141736468e-05,0.00045399984587895175,0.00030215686072560183,0.00011893247038060836,0.00044672557022648916,0.00016585504002327448,9.103969172688917e-05,0.00022680014882595168,3.0196928619830032e-05,0.00033426419521743474,0.0011514462661580183
293000,0.0019579040181515912,0.0057691973803836545,0.011549821922623474,0.0003889277843252505,0.0033846271166158323,0.00845414402595322,0.0020354808094423553,0.018477539220090395,0.017205973290557165,0.0032809016629471444,0.016468551189614062,0.0025894070068363585,0.0017103743194831732,0.00903432033048761,0.012140254779746208,0.05643695776385963,0.008161158807633044,0.0014871818879144002,0.004093758837760626,0.011843073747889624,0.004520918218404054,0.0063546575409938145,0.005445819368226997,0.025026183210623762,0.005869127481847023,0.006105833454057574,0.002850569008526896,0.004649369862363528,0.002502092534696738,0.014439498598691106,0.01192129480841686,0.019301674691422913,0.0007092562768076067,0.0013938572959104507,0.008051114127839456,0.00021908581077769083,2.3013392907357326e-05,0.00019066821633631744,2.687896258669435e-05,0.00022179555026013986,0.00012983776643119065,0.00014592826437365147,0.0002640963670273777,8.747819791958471e-05,0.00017047432833542669,8.219026588156859e-05,0.0002694256603111474,4.944176564958269e-05,0.00016972316398252964,0.00016601736570009962,0.000514070413324729,0.0005828965125450244,6.433309390558861e-05,0.0002710079759857095,0.0002191942609489819,3.46495949760207e-05,0.0001920717580359969,0.00011042570497465931,0.00010335766201781856,0.0002999847853971005,0.00010576048443908804,0.0004884117755869171,0.00036334799364639095,0.00010186770160945745,0.0006118811571569596,0.00022322468340438742,0.00010752244692672061,0.00021146458695352153,3.175782357800472e-05,0.00030507121756318537,0.0011004577550920657
294000,0.0011165712881307085,0.004583988763409218,0.00799315915931705,0.000298413428054818,0.0032188498284361957,0.008219241950428113,0.0016731049391608159,0.011983773193124388,0.017192452784951733,0.002357700464926893,0.010901687129251198,0.0027850516852019926,0.0010107110096159336,0.008286324377353814,0.009130979264719986,0.04797295658439301,0.007371965187390049,0.001100364718131229,0.0027301298349422204,0.01002747469124491,0.003341234417602069,0.006350006759021198,0.0048832079939893445,0.0197067316272296,0.004450057007127884,0.005890781059861183,0.0018908803511609926,0.0033219804865135907,0.0021117112213259507,0.012499697396349567,0.0098228383664294,0.015052585520047264,0.0006093276399453246,0.0008251544352227684,0.005471816180943279,0.00014584988222208852,1.7236701063700665e-05,0.00013468247231106613,1.753127664787497e-05,0.000166659456567686,9.279587623694247e-05,0.00013408483937382698,0.00015308027986975502,4.979041990569194e-05,0.00011465784129038519,8.514667178413251e-05,0.00016745008841162576,4.395218751840346e-05,0.00011926928703160386,0.00010431739147778981,0.00043295070384444375,0.00036318647471489385,6.130717047199141e-05,0.0001712361641990838,0.00016350852886183741,2.749474504588017e-05,0.00014731338252028264,9.400636781720095e-05,8.80253742126216e-05,0.0002252817114647489,6.776320242352085e-05,0.00033201359222755035,0.00023586392198111567,6.022508156658315e-05,0.00034483073351212725,0.00011887496690213957,6.29883282467095e-05,0.00015306571867046068,3.498623580000526e-05,0.00023113762661508365,0.000701794969063485
295000,0.0008653631603870914,0.004086733098153706,0.008571913994577093,0.0002319379747160173,0.0036344660098689883,0.007795548606996557,0.001425514063597685,0.013312609464122159,0.015729503315288305,0.0026618983429216314,0.013211546764922125,0.0021328782843608807,0.0010342469644401167,0.00736641899460334,0.008025102513356079,0.04588732876497185,0.0071545258428419144,0.0010001965168422557,0.0029808209001203068,0.0099195727519691,0.003345237641314305,0.005372407913975101,0.005182000123944211,0.020016054312388103,0.00550907359017098,0.005442164442501962,0.0020864774399217733,0.0027855277212438523,0.001978870743122945,0.011838291654883858,0.008201525819022209,0.017390538797301885,0.0005449519460158242,0.0009667819507909413,0.007351820592096677,0.00022900020816913575,2.4785783190551275e-05,0.00020341635742872975,2.4862636193454336e-05,0.0001839503740939108,8.634948131050302e-05,0.00013668919064002694,0.00019888088663719828,8.414624484861346e-05,0.0001237413814159912,6.25937865866685e-05,0.00025527575502437365,4.730369378957988e-05,0.00016073745221210003,0.00011439427312738685,0.0005617523204101907,0.00043826752638172667,7.694837277085753e-05,0.0002480215461385954,0.00017224293154366273,3.1461671782877104e-05,0.00019278489504671674,0.00010247321210954397,0.00011936943097781396,0.00027464839127927775,9.871042711893097e-05,0.00046140666158104676,0.0003168823999957298,8.268704171207794e-05,0.00027792627831028466,0.00016803069913837502,8.89970728751775e-05,0.00021075529764643414,3.61816935310344e-05,0.0002461141182399896,0.0006475303103798069
296000,0.001463851733611542,0.005234258299525309,0.006091768813348608,0.0003294000638491595,0.0029378793789436703,0.006632585336254644,0.001648296887651668,0.013418772691604281,0.014710057427196895,0.0022685098192596342,0.012779916855463482,0.002189473401145102,0.0008957627829989757,0.007873957454704037,0.009611168815814274,0.050801962997563045,0.006525478147544899,0.0013200609661643157,0.0023886927093761706,0.01066140214062519,0.0036096358053380475,0.0068941422071345316,0.004288982328920004,0.021847001637797802,0.0043150914591081795,0.004616819065995514,0.0019128938910024508,0.003372836303545531,0.001992704860201818,0.01134444262378008,0.009426891145679595,0.014675614401662292,0.0005334877756848317,0.0009552556924772097,0.0057241325921495445,0.00016337229659159545,2.2692785864221248e-05,0.00020030826404267415,1.9096450238609018e-05,0.000143607053814776,0.00010554377522179919,0.00011793110616054037,0.00015982477198122068,5.813512677234126e-05,8.925081945227775e-05,7.133266836224347e-05,0.00021428059145172913,3.388860631448054e-05,0.00011658866193505643,9.992520211777777e-05,0.00034914001330260084,0.000337338193882412,5.661718005285365e-05,0.00019472573241765363,0.00029898178097247525,3.351000010421888e-05,0.00015391673655211626,6.98316794114362e-05,9.021906825207932e-05,0.00026227740587763456,7.005452904801738e-05,0.0003019401407312617,0.000213190306927947,6.038204752495641e-05,0.00023774934561515693,0.0001206479242614773,7.633518131504908e-05,0.00016278084913841945,3.7411496393247035e-05,0.00019036633926100134,0.000793395848450018
297000,0.0015079501015960075,0.005705658092429749,0.008061830964834371,0.0003196005664834117,0.002912173629047635,0.0082233861487891,0.0019115339431546971,0.015983187152182925,0.019770944403918765,0.0022642343647021335,0.013900884410332642,0.0023998440778903347,0.0012155952118160767,0.008990130191622566,0.013544493290657341,0.05767096553639325,0.007064174983497651,0.0015310936116431457,0.0028519853718275306,0.011297638333611151,0.004542590258039617,0.006696904637854979,0.004796041087902267,0.02280099670169875,0.0046513752926156966,0.0058076641638763245,0.002218648459387946,0.0038424515096266987,0.0027152661932632327,0.013036553422646266,0.008997667656949489,0.01679221737252262,0.0007875934963309944,0.0016992046207369006,0.0069622805854629,0.00016872339251757955,1.8945040770215894e-05,0.00020780415177961748,2.5094203658545117e-05,0.00021907690347688913,0.000130948420762513,0.00012241931699463748,0.00020185466819384602,6.726879650231192e-05,0.0001404056497951962,7.58331070662572e-05,0.00020565949673031705,5.059771096060928e-05,0.00012886372084559407,9.32523327554174e-05,0.0004731393669107302,0.0004763234658942868,7.806873254594393e-05,0.00021647156490314733,0.0002697915662855817,3.514346300645147e-05,0.0001691303874903624,6.968070840684959e-05,9.873666107927824e-05,0.00026650886920134116,6.594494965005045e-05,0.0003275564053493688,0.00020562861916502057,8.637213482637201e-05,0.00035828954646098684,0.00012356311467319993,7.357483855230385e-05,0.000201225766806357,3.630953312949714e-05,0.00020847197615579671,0.000831356352136936
298000,0.0015326949871413908,0.005172464163344422,0.011533809138503178,0.00035168254170317735,0.0035781826314356478,0.00969084763034646,0.0016596411816511049,0.018707682632107297,0.020190933453031443,0.002753500559265376,0.017465408361911412,0.0024622263200046513,0.0012296604060490306,0.009347760465805715,0.010657710825077682,0.05473207387937388,0.009455841662765167,0.0013253744514776936,0.0036604076210226466,0.011912971117853886,0.0039029077787622905,0.0067420235426262866,0.0064560922947809254,0.025731976898775124,0.0056195989622037385,0.0070960334851406515,0.0023022866922371666,0.004380580256717319,0.002308304465687423,0.015807291772592092,0.012187690470697513,0.021250826098436777,0.0007742632880332569,0.0012150942570558474,0.005464993496692235,0.00019603366551125743,2.3169656675224215e-05,0.0001777311984948359,2.610919628717834e-05,0.00018512917790758365,0.00010395207822030665,0.00016064944975369144,0.00019007876471732743,7.100339159574345e-05,0.0001052668268070384,5.967595195721336e-05,0.0002343795834772129,4.815094730492575e-05,0.00015226504862359184,9.183340063662564e-05,0.0005330766414387584,0.000510709198351833,7.127360458980547e-05,0.00023788877772357392,0.00026910943302811636,4.2006293700648136e-05,0.0001903707850023463,9.291456046867097e-05,0.00011955160972673993,0.00027933337218060983,7.75020163928275e-05,0.00037207730660919616,0.00025277925820011695,8.612608721623392e-05,0.00035440659667074215,0.00017248381911113856,8.283575516543351e-05,0.00022329285861881623,4.9656029489142384e-05,0.00027731700495242884,0.0011816146223281975
299000,0.0014571644960965754,0.004975748227917831,0.010118749329042961,0.00028760795135335335,0.003214664518503624,0.009372951346449554,0.0017744348606650038,0.015223574032158163,0.01642467241218364,0.00239114735268231,0.013004842453606946,0.0026214506019177674,0.0011709373072583483,0.008231772756875162,0.010536546167842222,0.04575627966611743,0.006658082374780774,0.001184771647221848,0.0028867031162787627,0.010160329443096998,0.0038151720608469147,0.0064449590124370714,0.004007957955097178,0.020104115896780666,0.003886230126833349,0.005173153942450881,0.0018711305539007358,0.0035686235123648657,0.0019563261464474423,0.012195210724096415,0.010660637518303701,0.013635872012505738,0.0005790389542710273,0.0007660172135475414,0.004667817522810462,0.00022982658559962083,2.4010197923991272e-05,0.0001743036633673579,2.6307412510329623e-05,0.000190487530289829,8.46541488886516e-05,0.00012069991544194636,0.0001808137260013609,4.911953134236874e-05,0.0001238944349073503,5.250831488845214e-05,0.00019887988745275625,4.3452403657440186e-05,0.0001423562225123329,0.0001210816581905502,0.00045406757473948837,0.00047220272608683445,6.66668687699712e-05,0.0002316410073221124,0.0002886579737480196,4.3571009924066445e-05,0.00021784695890082436,8.427006929423442e-05,9.827744284191592e-05,0.00024317088704125267,0.00010359927746321773,0.0003136611652746157,0.0003035685702099255,6.321394543344165e-05,0.00021577217153713314,0.00015283560566325383,0.00010306246862715593,0.000176882051384438,5.380357195861052e-05,0.0002392434320935375,0.0009213387034833431
300000,0.0015272674908423192,0.0062588720051011204,0.010960075643500508,0.0003463973988136086,0.0036412916542528217,0.008717901547372873,0.0022180155526932083,0.020617590000434647,0.023514756610263213,0.0033248860981984762,0.015490013845919748,0.0026460697020467,0.0013124061475867745,0.009967603903284973,0.011910524978884496,0.07112528193223018,0.009682145637270878,0.0012653777070042878,0.003880852295489084,0.013183378470991254,0.0046704588307324435,0.007286693683064576,0.006173920353442858,0.028119592232784877,0.005706680026132889,0.006731035816483199,0.0021414528304845707,0.00396595414940748,0.0025184508702402715,0.014547592825340783,0.013154702992663563,0.019607167073095646,0.0007424002505838592,0.00126687733374511,0.008725416237211903,0.00028107433025224637,1.8569813937873685e-05,0.00014599341263667819,1.9221163229879067e-05,0.00014521068578687846,0.0001163848957278478,0.00013542040960601298,0.00017084023838833672,8.610751889423945e-05,0.00015242568486093278,6.088668972036463e-05,0.0002577593750653537,3.808462342735908e-05,0.00016769749526960806,8.986138908023184e-05,0.0004896985393158432,0.0005793164230757005,7.828384423191892e-05,0.0002075642480901609,0.0002507522146735372,3.690043651906969e-05,0.00017807393798589585,6.497076378764177e-05,8.597456300978795e-05,0.0002858934531804362,6.540550651455609e-05,0.0003099800880098276,0.0002221504886855891,0.00010243034600395592,0.00021043053796650688,0.00012214567324722987,7.621295048920729e-05,0.00020892607056792242,2.1523796377209692e-05,0.00020235966879020553,0.0007995636275154539
301000,0.0015201741701988598,0.0054854857033340655,0.007827900479545255,0.0002689855831319549,0.002664112091984355,0.006925363476122064,0.0017793089570454135,0.014670871875412059,0.019944173957853736,0.0025289139593951404,0.014321714431355725,0.0023894669905771757,0.0010544489076974887,0.00797141089484891,0.010648612329917822,0.06268487939087208,0.007953828827794496,0.0011671841738565422,0.002473428218893657,0.009932281237549129,0.004495155787321017,0.006578701721861892,0.004312831622858842,0.02016673838564505,0.004931860931329928,0.005312018480617553,0.002020247947807401,0.003610164336654028,0.002437235618451857,0.01192328281679018,0.009672635682945838,0.015551997176281964,0.0007733739969670348,0.0014292105638031539,0.007920176858937743,0.00025167806987472626,2.668400306498298e-05,0.00022937500265966676,2.4166383250796725e-05,0.0002035681161487446,0.00011060355401674372,0.00016404518373747123,0.0002254497248941334,5.885568949500004e-05,0.0001288724730521177,7.089314465308202e-05,0.00027357407401196773,5.2884272348840966e-05,0.00015836851756132782,0.00010279948070423085,0.00046336917763570594,0.0005786653873656178,7.613024426973425e-05,0.00023522376740198078,0.00024265671878499138,3.7732448576703476e-05,0.0002266818593109561,7.947257313389855e-05,0.00011278921702897706,0.00031857047910517183,9.236273126589367e-05,0.0003357751886376777,0.00024382177054368034,7.649415533910747e-05,0.0003640962792511952,0.00015617854879630095,9.549739421085437e-05,0.00019178111027294507,4.746728959759139e-05,0.0002603282946916088,0.0007555440184660256
302000,0.002120815561075024,0.006964925203916479,0.009695981240232262,0.00030270231557621557,0.003875743931979442,0.008597722060845367,0.002661754373313611,0.019581833847826368,0.022273178219309762,0.002999651744175935,0.015218186716757136,0.003054312737026057,0.0013881941589660887,0.010490241543569331,0.013440802898977007,0.06782984228023754,0.009029072604659762,0.0017693193077792772,0.003758466550997192,0.0132943630664037,0.0041510006954161745,0.00794872793604944,0.004879473486883701,0.02675019504968077,0.005891314283640924,0.006459541479125619,0.0025063786495798748,0.005022801544328104,0.002713533760363455,0.013685514613180497,0.010771706522452101,0.01776531933529231,0.000954818821902301,0.00159068910808094,0.011311051785317735,0.00029915590490605027,4.4281190660536883e-05,0.0002224438635080746,4.5876592522915185e-05,0.00033492476359242573,0.00012708471461898645,0.00018086720592691563,0.00027752933856390883,8.874018141413169e-05,0.0002004633504360467,9.802667773856553e-05,0.00029894084520109524,8.153224523610447e-05,0.00021517378400046945,0.0002041919459853406,0.0005343848497484662,0.0005441995641983036,9.410065504198429e-05,0.00026784018734119576,0.00028858602635064646,4.466054741152964e-05,0.00025079760403988536,0.000139874766318826,0.00015488416230861427,0.00036182811896791323,0.00010201004988630302,0.00044572600703177357,0.0003231456457355206,0.00011677773774273512,0.0005274742771790544,0.0002788025558402296,0.00012296031562592752,0.000255175763241239,4.363480664437702e-05,0.00026977660281925697,0.0014705101537401788
303000,0.0013290049296670445,0.005242866120911289,0.00846681619592952,0.00037635062193518165,0.00289159330041693,0.009156080511664706,0.0016429815180843785,0.01567561339720223,0.018239983665917184,0.0021591262848232873,0.013520414438028604,0.0028172137656151696,0.0009542150009744519,0.00793822881738985,0.009388313881101888,0.044735877653693024,0.006782699944085921,0.0014687616935186235,0.0024624409005420084,0.009906399057848224,0.003353009001658008,0.006069732168595822,0.004493892921964289,0.018952825172649075,0.004672553928887485,0.006168051448184997,0.0020069003208376553,0.004342005987988766,0.0022880999376545387,0.011304730865372075,0.009474872877181042,0.014858748883573124,0.0006919077568170451,0.0009612470517917838,0.006040598408920535,0.00020694655281821333,2.6076552298990774e-05,0.00021831593701129103,1.8625959509095027e-05,0.00019259739201515913,8.740249939030927e-05,0.00014096362883719848,0.0002315814552275697,5.7987874565936325e-05,0.00011095956155450519,7.219827558243098e-05,0.00022175501428073243,4.391050800744978e-05,0.0001582788859411329,0.00010490625242131169,0.0005582343984350211,0.0005234719941048146,7.420885285682743e-05,0.00020327066370239718,0.0002301412773547405,3.498744871938636e-05,0.00021042281428323208,9.071878321265103e-05,0.00010189081697515374,0.00029369537405028284,9.964975579350721e-05,0.00039205618242694297,0.0002396811241862064,8.704522053801509e-05,0.0004581766212747122,0.0001668157399485431,0.00010609424066387874,0.00020461135019756956,3.475643325856481e-05,0.00028869991913726316,0.0015556816484604496
304000,0.0015683387759042023,0.006341609692753991,0.007394649124762509,0.0002798460691337823,0.0034677766928129868,0.006338082295509854,0.001918660173677997,0.017144929199828622,0.018600036658648306,0.0026620932621881366,0.013198117554139448,0.0019003370264411444,0.0011519656874235916,0.009231179854120428,0.008927705977582853,0.05896761296344266,0.007956740861291542,0.0016605533637630288,0.002529280723268,0.011880905330375148,0.004113589655471864,0.006998272273319474,0.004272623123882416,0.022914729232434185,0.004972635974044106,0.006514120253268629,0.0018377896094021239,0.0045633795040582,0.0025013984703999835,0.011965272449625416,0.010706639508910787,0.015790486955665983,0.0006086927788806826,0.0008232611247622964,0.005129094266218696,0.00017349964302582066,2.0350547673219028e-05,0.00013948711185466064,1.5980076712487544e-05,0.00017231391097993765,7.422276388101249e-05,0.00011648471217995393,0.00019712497714863275,4.610180934306347e-05,9.427022974992532e-05,5.828341556650685e-05,0.0001864106409596532,5.155089386743583e-05,0.0001538665700745265,9.152367486173965e-05,0.0004566206402404742,0.0003581685480943027,4.563284674077295e-05,0.00018040489295363302,0.00021270830592553028,2.416852033155175e-05,0.0001830690185983336,5.9038066211769546e-05,7.16970548416561e-05,0.00019477741188543755,6.576111785155566e-05,0.0003430706680562683,0.0002436938202489753,7.650610676214988e-05,0.0003029003896194303,0.00014792267728285264,7.200772925638635e-05,0.00018505777413442423,2.192986869431479e-05,0.00020635446152742328,0.0007687294695642777
305000,0.001752342663633966,0.00722020463123314,0.008456407034827862,0.0002948678114150355,0.0034297567288814217,0.008259162955385233,0.0018784611837022126,0.018803724909672633,0.02424898613694898,0.002807145530823618,0.015799071466837497,0.0030135056704053494,0.0011847271658056839,0.010327002687655764,0.008934931535837035,0.05791781316293054,0.008597562174881682,0.0014491624152251001,0.003303329559587707,0.012627462743184879,0.004541713434193403,0.007804110532431098,0.005962521458520011,0.020485590456519275,0.005055727502867595,0.006732932617887854,0.0024891399011006533,0.004351067789078418,0.002534097115687259,0.014886735780765452,0.01258857314765919,0.0166565378917417,0.0006785137148509735,0.0009818378751671928,0.005498297829237547,0.00025757029511705047,1.455194411492082e-05,0.00017245520761703531,1.8261061062407477e-05,0.00015764810177643085,0.00010331960792418032,0.00010356483880968881,0.0001924115633300971,5.0969650529671194e-05,0.00011605314713637869,7.35651362869508e-05,0.00019872504946218678,5.651148138774431e-05,0.00015910034144992787,8.029030852247325e-05,0.0004998405371050186,0.00044511321812024107,5.661121540470049e-05,0.00019818688886108265,0.00022055599496023455,2.4126185249687378e-05,0.00020967573540210357,6.830975047478205e-05,8.018277945767395e-05,0.0002451385187739036,7.852531010333526e-05,0.0003341298504557061,0.00023956029481500654,9.756611833230029e-05,0.00026487147948096716,0.00014552102003365206,6.0025692586610345e-05,0.0001783571825380384,2.7198510828441158e-05,0.00020060975812883334,0.0007341064774664119
306000,0.0016605602974187924,0.006359802256661674,0.008638662997024463,0.00030849873281882677,0.0032250761178147513,0.010259931241827351,0.002285686581789407,0.018030597595212635,0.018353208227841904,0.0031012523068056908,0.014817847981697767,0.00262786720516172,0.0013060449634918548,0.00891474613077166,0.012215116287809318,0.056665428846827126,0.00901375423568208,0.0013944167023993619,0.003958539597078925,0.012158485992016115,0.004318571299359939,0.007005013422843019,0.006372080440693632,0.02407105267047882,0.005803580154702464,0.006874744896776974,0.0025889007663482196,0.0038877657085928754,0.002345241403707084,0.014192323241713307,0.01001167277834611,0.016780297309966184,0.0007666755504089906,0.001308799379663723,0.008030294134692263,0.00030777010934457394,2.1937278025288115e-05,0.0002514535989245236,2.5055674841332145e-05,0.00020770890091625915,0.00011816235920671842,0.00012834789094995358,0.000240724617469823,6.930996464330077e-05,0.00015342370831819465,7.324258304229099e-05,0.0002918016695506945,5.143115922923158e-05,0.00018294108853824346,9.763349457485178e-05,0.000653895682685638,0.0005059652939962689,5.9806158242281525e-05,0.0002349712831346551,0.0002582686688426826,4.4829953336292505e-05,0.0002341641660560497,6.293532112522371e-05,0.00012463320172805147,0.0003088442984685221,9.042236900616748e-05,0.0003995515160920237,0.00026359808923043856,9.514343088978405e-05,0.00038188406971231516,0.00015871412901483913,8.449169724501968e-05,0.00021449345608372296,2.5986719318638052e-05,0.00025845630851781146,0.001532999325718265
307000,0.001519583537383123,0.006148255923040712,0.008204592428531518,0.00023310362725029475,0.004010022500425075,0.010528502104404782,0.0020195350915591624,0.017181223630020625,0.017670338662019044,0.0026420357316965237,0.014070922471917045,0.0021454418204725975,0.0014032822487713543,0.008662176045508011,0.009255220821796684,0.042315738752828715,0.007552300178022484,0.0014105927837107042,0.0037427946642440346,0.010248435274297663,0.003841263438909419,0.007261974264630615,0.00534419651000159,0.02086154439408953,0.005398605129697003,0.004433518555015325,0.0024532197201317047,0.003739975197580255,0.0026646548883838797,0.011634542315028563,0.009649942900941823,0.018029777995812204,0.0008069238349019787,0.0012338447459273464,0.005916030708249309,0.0002220088513463939,2.3310672435696377e-05,0.00017063293535102275,1.8670166292143124e-05,0.00018624073504724947,8.720919509492074e-05,0.00012757881131619797,0.0002245869705802761,6.647367595896388e-05,0.00016595989694618958,7.449133342122748e-05,0.00022603645940060297,4.0583135739069576e-05,0.00014751734368470068,9.298522309109103e-05,0.0005448443799598233,0.0003487632275209762,6.698274955851957e-05,0.0002395326373516582,0.00020864429191941121,3.2378849957901615e-05,0.00022046726052326205,9.84874549203596e-05,0.00012696521914297895,0.0002494465601662691,7.044015947030858e-05,0.00047510068616406654,0.00028582341825203575,7.717143036258292e-05,0.00020195404613332357,0.00010000375404642201,8.027144709948126e-05,0.00018777217948007957,3.4299220580180645e-05,0.00024569228821938016,0.0007145958545152098
308000,0.002453928779219938,0.009072422881419899,0.01244651911232116,0.000386901819592822,0.004063597889583008,0.010159545445016452,0.002405382589600894,0.019112185331252085,0.020069932805346427,0.004021568223834038,0.016573781827317384,0.004043774179340939,0.0016712310794956106,0.011333737125934214,0.0110659621141488,0.048809005474443744,0.009110592119322107,0.0018565927475950198,0.0044331604279120385,0.014914808179273677,0.004951405326187342,0.008547095698824185,0.006954251794413721,0.02498216979050388,0.006784499093699861,0.005705375340767205,0.0032050851187822474,0.00525567112617864,0.0032168958421714385,0.014289260495946022,0.012121799235367992,0.02110695327148558,0.0010793853971893424,0.0015629897153239865,0.007374518886839117,0.0002799635969340995,2.687868891969533e-05,0.000351649484979465,2.8477003642836346e-05,0.0003450478620834474,0.00011617668914104893,0.0002170769621443469,0.00039359882102871777,8.943644632764565e-05,0.00016747115115130757,0.00011114288771035977,0.0003711429815012436,8.003647056753493e-05,0.00022561657157123608,0.00021087576202593152,0.000746808118100699,0.0007273306934318194,0.00010226860940747429,0.00033547152270330116,0.00034373458935266986,6.790395283670395e-05,0.00029789867476308726,0.0001160878487098671,0.00018609574145658471,0.00038851298471015,0.00013327356597680288,0.0005663769653714338,0.0004706226801734677,0.00016042846243738144,0.0004942987490923972,0.00027712360314457,0.00016964231274739307,0.00023192520608012092,5.2429450093427477e-05,0.00035950217309565395,0.0010876830972847528
309000,0.0022196828961790053,0.00729184386081114,0.010091644456830787,0.00043235071431739085,0.003287843434515673,0.009645392719124044,0.0031676412248587793,0.016170385926028864,0.019259780617127218,0.0028238153718120884,0.013278101792641309,0.002324286610204655,0.0013905816162922279,0.009521675212674767,0.010321454478338744,0.045164981736888876,0.008627714910592962,0.001719248867641598,0.0038175852361226653,0.01127285634361518,0.0034533539848282018,0.007504934495435529,0.004961054629990637,0.022222105565015228,0.005747947282918811,0.006105554546229542,0.002430143341400488,0.005567158089737252,0.0026260936577968737,0.012744973543909334,0.009585771460842806,0.016671260429295495,0.0007744626600480859,0.0014313189432213285,0.005841929259279116,0.0002523067731589533,2.5297735482198685e-05,0.0001679831612736135,2.0563348057458573e-05,0.00023712186953162018,0.00011355842721869483,0.0001752870161908504,0.00023706389074504842,8.285764775600431e-05,0.00019181201569393267,0.00010973499961376579,0.0003166122150456399,7.861655100338538e-05,0.00017188660603712128,0.00015623355846566318,0.0006246882116276818,0.0005027821686477788,8.663600965519436e-05,0.00020907496136900666,0.00028278701104462583,2.9706156500320834e-05,0.00023170577625483362,0.00010983440688505652,0.00014314438031861855,0.000281278061255272,8.703151979716495e-05,0.0005079629829492905,0.0002786800341130789,0.00012738214878801364,0.00038320523910644825,0.00014495360991319316,9.900211265241004e-05,0.0002600704215631314,4.491898206993028e-05,0.00025107362231562144,0.001394688358413987
310000,0.0015494814891934693,0.005045819076595189,0.009519015002903567,0.00024786753578015264,0.0028966796051210185,0.009068985112077956,0.0023996190458649745,0.01509889047427386,0.018960370699840242,0.0026375233956059674,0.013207328781245002,0.002511630174996419,0.0013193793219574163,0.007904785839193872,0.008955518026992007,0.04904846014566525,0.00752928757031311,0.0016019955525700448,0.0032079153840771013,0.011214529498041277,0.003582077608119614,0.006714902275104707,0.005069440042643691,0.023105448014878977,0.004738984150222562,0.005873243068344891,0.002278300294858215,0.004338689999409932,0.0026767330646501196,0.011573728734689329,0.008870352772743596,0.017311321378936276,0.000797812882131902,0.0009910808156704195,0.005895526960052343,0.0002513541541791905,2.7896041234648212e-05,0.00021897874549639792,2.7293532746143574e-05,0.00021399071169980743,0.00012908374454652518,0.00019795713569692452,0.0002313442937520449,8.37405165815366e-05,0.00015238715248678522,7.685722652987742e-05,0.00023713213680534145,5.990116771670273e-05,0.0001728528607625792,0.00017718012052434708,0.0006211539322993514,0.0004145794064243091,9.929107127391035e-05,0.00020161759415974041,0.00024293289337445708,3.739479585750484e-05,0.0002069015305433793,0.0001088467886916078,0.00012095607987955898,0.000260359789724764,8.495306871433664e-05,0.0004399706773006807,0.0002274602679448292,9.789921672735718e-05,0.00029086081303830724,0.00016909917921312424,0.00010935514215556655,0.00022059066785294577,5.458037753669487e-05,0.0002734418715116582,0.0006584644128452055
311000,0.0016059464505938318,0.0064256710620948405,0.008579235295049633,0.0002938017598143443,0.0032202381239067454,0.00828332150454766,0.0018982955577572988,0.012160124536760622,0.017218688142059974,0.0027659237530315295,0.01444011436377215,0.0023377970462336506,0.001180478494489128,0.007311407703045089,0.007790912128128933,0.050357517978378986,0.0073737658453215515,0.0014998933925831992,0.0028896047642774647,0.009995557668432109,0.0033149795439437815,0.006211317999908975,0.004774325900628659,0.019159584868854534,0.0051929523255210604,0.004898438171949238,0.0023617071612402323,0.004209499346567706,0.002804551286766689,0.01192635197296641,0.010526372244300242,0.0177524931048258,0.000763799637990832,0.0014041508418517349,0.005704675761181634,0.00016356553428969228,2.1894095388874074e-05,0.00016917043756786205,1.48258788786975e-05,0.00018779042341066088,9.303493830168706e-05,0.00014922099353498197,0.00018620969349285587,6.9284221533388e-05,0.00010974072469444333,7.740903265980949e-05,0.0002184126641934295,3.945825144624493e-05,0.00013036413206425,0.00010028784196368757,0.0005485291555225139,0.00036339752477942966,6.497437316284049e-05,0.00020383121695236435,0.00020694155108654303,3.704250260935541e-05,0.00013998408949387388,7.991658952732905e-05,0.00011933170125960007,0.00018630980888911626,6.977197366116646e-05,0.0003736268312061066,0.000249001629413741,7.692669318784865e-05,0.0002414812220700292,0.00015947048638275652,6.954688108505382e-05,0.0001826628574205916,2.5617739481731405e-05,0.00021004257945712786,0.0008428431254287716
312000,0.0014327952521976054,0.005541176647292795,0.009435010091086346,0.000230484836695793,0.0028954278076744693,0.007766127985502992,0.001940508381237798,0.015019867044625868,0.02011701479555489,0.0026973042877216358,0.015758794143533313,0.002264019722170648,0.0013295841726534436,0.008101815904355493,0.010015638405457139,0.05385016262728944,0.008394966105134656,0.0015397991272591385,0.003686977622107536,0.011689682233821563,0.003375337338132585,0.005545525739372741,0.005530904686626551,0.021880417006711166,0.006046543035673884,0.004257629532366991,0.0023991832039622486,0.004364823818226189,0.0031434373863329017,0.012833589173462842,0.010006436808228804,0.0157381653037961,0.0008910238444151184,0.0014211606876203806,0.0067571241797850234,0.0002657891200133885,2.2287592240164294e-05,0.0002042260638600882,1.81984943200876e-05,0.00018173484045291843,0.00011107260611739316,0.00020443401717784582,0.00019487639456201579,8.737479707202798e-05,0.00011592847916194602,9.134379297108808e-05,0.00028917511006735017,5.599696713609603e-05,0.0001679350718163654,0.00010319430558328432,0.0005422263287125763,0.00048794253840848495,8.607332129031419e-05,0.00021511531214892616,0.0002890220629492903,3.599391208230042e-05,0.00020295551186341415,0.00011734977965716098,0.00011778877692197259,0.00027860950197184417,7.889888292993419e-05,0.0003576546451469806,0.00021776987292107015,0.00010105922991250089,0.0002342320264385004,0.000174476970912181,9.555548386483029e-05,0.00021709060339935421,3.227491460933152e-05,0.0002414318769411739,0.000965742291737115
313000,0.0017483279097657057,0.005148863531994047,0.008884949617822713,0.0003385085679873065,0.0031145643997315575,0.007777224843656378,0.002126237442479901,0.014838362146310471,0.017410087432697858,0.002862349650968099,0.012972799796252842,0.0019322106141326189,0.001315609390792705,0.008467325328886298,0.008263013758337098,0.05106623134724941,0.00732336842845273,0.0014214606950950332,0.0038315626199099434,0.01125737604128517,0.00416487364546863,0.006761052737731786,0.004631358109545545,0.018497337490164984,0.005045091709963878,0.005225854518357664,0.0018754711891966918,0.0038999180990989166,0.0021975360540262257,0.011760715410702923,0.008810728666915868,0.014535765300164573,0.0007247443100831893,0.001278964731513,0.00615144426733928,0.0002236530347273304,3.544906232751768e-05,0.00023351428514863736,2.1582070858760534e-05,0.00022588437059312128,0.00010389419437518533,0.00014111990321907797,0.0001853816083894344,8.113946609898306e-05,0.00016661518491577895,6.656980236385834e-05,0.0002543610559665435,4.47595100760978e-05,0.0001577171979456462,0.00012810026749899737,0.000497222668125757,0.00040340491371656145,7.698366953263757e-05,0.0001731869851566295,0.00025956736530572706,3.788309328973066e-05,0.00018894957904233716,9.757409065969114e-05,9.969359098881291e-05,0.00024851576159702605,6.782636028219713e-05,0.0003479376517669798,0.00021107621023790872,8.511384889725132e-05,0.0002709999981662905,0.0001394760892136904,8.05159574091314e-05,0.0002015684083601679,2.7878252964796957e-05,0.00021201028002600528,0.0007663581389351747
314000,0.0017041378742957219,0.005491291325193338,0.009743688878491715,0.0003089950451829701,0.0033874572015485708,0.009879190873886858,0.002220867116780174,0.01652617231443668,0.019946064779617963,0.003436349503317615,0.01663564611679945,0.0025274661723470875,0.0013493094383827129,0.009760834266258329,0.013414662884572274,0.05240833769827683,0.00889380180608766,0.0014378647792679508,0.003119241376095618,0.012507805229445997,0.0037873134088219837,0.007308565394591174,0.005194911617193914,0.02386512621693934,0.00628740566961434,0.00615546889603138,0.00237259924629583,0.004256988970155362,0.003085114187663695,0.014320717359359766,0.01030127947490352,0.018661342753777996,0.0009216449348474936,0.0015849991297706533,0.009676015232293543,0.000256616547890839,2.896617135960648e-05,0.00023885332133101076,3.0758845286708304e-05,0.0002335979884264816,0.00011693020774799229,0.00017986408738579485,0.0002769029217233765,7.679644385174662e-05,0.0001704681425220961,6.579981200616203e-05,0.00020143549355660135,5.9889705681825944e-05,0.00016213121175604587,0.0002025117699469609,0.0005177341162309928,0.0005296941556783471,6.656891018792521e-05,0.0002557187077882747,0.0001702694769156896,4.0291408698646016e-05,0.00023792321646044824,8.436502298536652e-05,0.00011380977485310318,0.00027158845873950316,8.930934466964876e-05,0.000458551086848597,0.00036002423869018895,8.734749887996775e-05,0.00043123557063356403,0.00021562844090142305,0.00011557206094689068,0.0002092403449005305,3.3099976185724245e-05,0.0003095144209112755,0.0013431466519250534
315000,0.0015550912582167821,0.0067178226044806826,0.007682019213158735,0.00033982888356219446,0.002992156818643569,0.009306373673358135,0.002663902231013767,0.020048794544267116,0.021466235763417774,0.0027861701164511032,0.0161694413281684,0.00253798434753161,0.001365693379105351,0.009652679147345198,0.010511657766405466,0.05725346657072805,0.00850107286541537,0.0015431336987488447,0.0030116562764825566,0.013206688435554195,0.004043149277760431,0.006771866437442701,0.005478888329816982,0.02540866322427367,0.005605411771385762,0.004245090938638896,0.0026458634327780365,0.0038268014477580437,0.0026106933777234245,0.013749485213573338,0.0117826154907137,0.01881235253173285,0.0007654343081847733,0.0014107855955856838,0.008898980586915664,0.00022934373008354214,2.5676891841747445e-05,0.0002973363723206355,1.93221796003657e-05,0.00018008533425017959,0.00013802204987743675,0.00012158068420831114,0.00023809722006262746,7.77169949814331e-05,0.00018937388242767683,9.05548985313333e-05,0.0002457884824125039,7.807450723085196e-05,0.00016871084287705846,0.00014689694398839492,0.000534817931422647,0.0006079503794656679,6.267202206799993e-05,0.00020498060929435732,0.00022970803757775213,2.294920654383697e-05,0.00019173263116235536,8.543309343167493e-05,0.00011266645868899004,0.00026688714669944604,6.926249946748915e-05,0.00042476092496342735,0.00025292303505319033,9.62625818882369e-05,0.0002859855677444203,0.00014481729345130565,0.0001043643903813063,0.00021566244299519428,3.523802798355291e-05,0.00023184793419869578,0.0011956103902775795
316000,0.0024338093469949045,0.008081038896677826,0.012821409468112202,0.00035135891155452833,0.004177221730037385,0.012643537650417005,0.002883391151044634,0.02396804086211156,0.0220420293194826,0.0039855994618847035,0.019973949011604597,0.0027625594399180455,0.0015528151636703335,0.011401514153421334,0.015866163989994676,0.06967050834919064,0.009558080096688909,0.0018837696250649301,0.004025216464859633,0.013879597644966756,0.005296335967486462,0.009690008571591793,0.006582417610964815,0.02982031910214573,0.006436055354531582,0.0067959183710627254,0.0027937307407286897,0.005252211076519113,0.002865840047803324,0.015549647434043789,0.012278839317538466,0.022681953072046433,0.0010433335820870036,0.0014205828241925743,0.008597942203778075,0.0003238109318683006,3.664532171511251e-05,0.00031759415254451926,2.832730903325014e-05,0.0002544856426993647,0.0001367740511429542,0.0002064254413198796,0.00036528661621559877,0.00012115636963914624,0.0001857980540918154,9.167916631745194e-05,0.00030262264506650114,6.664100450493038e-05,0.000213558154270239,0.0001402240724763198,0.0006684024372204406,0.0006437402104590243,8.676212892169132e-05,0.0002795403232047814,0.0002702883649707756,3.912981095895289e-05,0.0002261667779592205,0.00013806543961436546,0.00014728488604810587,0.00036542252868317657,0.00011551444003998768,0.000626717859460612,0.0003776812540986948,0.00014512191124832735,0.00039734368450202356,0.0002472803295162308,0.00015653503701936903,0.00024896357427636647,5.3540109377081535e-05,0.0003627937069172693,0.0008719135148567148
317000,0.0015617534976061851,0.004722749631144796,0.006776227322310054,0.0002609200602819328,0.002743428384942663,0.006308368432135987,0.0020857480108280734,0.01692068495964015,0.016857339217241606,0.002666234446223825,0.013269286880681592,0.002354020433609103,0.0010857353210502135,0.008724243389885734,0.009494200482175289,0.04883562819516859,0.007940332566206399,0.0011492078718427228,0.002988635148150414,0.011658682735578622,0.003501844311969867,0.005655250593528243,0.004675733708087743,0.02049546385727202,0.005285829081018049,0.004149361629970372,0.0018964817341846415,0.003594111452306,0.0025879503731095397,0.011293491596006788,0.009460143968414438,0.017395786058981545,0.0008256966505622534,0.0011076088300881587,0.00538229479833616,0.00016904804215097817,2.6122483933252888e-05,0.00030711660309117923,2.0147679983125842e-05,0.000213192681030705,9.75331764267439e-05,0.0001302082291658735,0.0002569511145338765,6.97113988926982e-05,0.00020548617777230423,8.893777604888393e-05,0.00025553139817259904,6.207895618892678e-05,0.00017880431300321513,0.00010887516608900941,0.0005345825895172031,0.0006372216575982748,7.422612216032576e-05,0.00018774446853429401,0.0002744771437737027,2.8039982742649787e-05,0.00018738952714204883,7.912554247013759e-05,0.00010544486201524705,0.0002995407269386655,5.540225520235253e-05,0.0004476865245023678,0.00024024396027597404,0.00011321455064659801,0.0003915964208418801,0.00021586854794341216,9.097668872267864e-05,0.0002108537978123933,5.887279792204936e-05,0.00023664065768288378,0.0019446579273790122
318000,0.0017150585748749035,0.006125496322056279,0.009485226665674418,0.00030741640016458406,0.0030247831240374098,0.007080659769209368,0.001983827096439434,0.01460235084146809,0.019309554007988963,0.0028962289325136226,0.012792366380089345,0.002323881846752222,0.0013762804889913903,0.008426204909758808,0.010558109452326521,0.0496415905148145,0.008208144370525718,0.0014471949112772517,0.003666615642162339,0.0106952251242789,0.003649843303187831,0.006181862363259175,0.0046661630805950455,0.022394623545308908,0.005603704118079299,0.005049613502342254,0.002415047579336627,0.004214956398148691,0.0026904152435771023,0.011906408516111813,0.009241520238041024,0.017422852113108653,0.000729559784032902,0.0011909088671335519,0.00523071753862799,0.00028614782348159096,2.18948191925811e-05,0.0002460887721595513,2.2227961515082244e-05,0.0002033702887729305,0.00012716115175630586,0.00017473466414230643,0.00025760448534128955,8.592904917972383e-05,0.00016464229128551348,6.849906773871745e-05,0.0002708238167391149,5.63880404200745e-05,0.00019852301388445132,0.0001196571998165878,0.0007003821451322577,0.0006399390755783921,6.713226230203873e-05,0.00021513919150771581,0.0002587654477385262,4.19828782531278e-05,0.00020276481260831739,8.701164063040778e-05,0.00010717508718648282,0.00024389376708663455,0.00011335513481753878,0.00042926805479275514,0.00028084348528838946,9.286347755470808e-05,0.000309698588049893,0.0001975904633102257,9.884734455616646e-05,0.00026380859134453587,3.431924223207261e-05,0.00026070874663742535,0.0016617178807791788
319000,0.001473211569977925,0.005805001260914314,0.008801688184272885,0.0002727499159636164,0.0032227837770814048,0.007193721706114177,0.002289170197283027,0.015657237229592568,0.01881800332359167,0.002434726589854108,0.014263306225333464,0.002056368889850778,0.0012240929676353876,0.00854839159028691,0.009962229792590198,0.054535194489593174,0.007803383898785147,0.001113322484930513,0.0033700959112528445,0.01107974412838909,0.0036922960647626287,0.006419200736023153,0.004410968199905862,0.02255313374528972,0.006204975449734428,0.005205060832668096,0.00211158912324091,0.003260739236642015,0.0023614006820614174,0.013819869186620289,0.010996333997948872,0.017247578126933567,0.0007833828448921254,0.0014498274769277149,0.005512037506883239,0.00022454470158907367,2.127626214475317e-05,0.00024399696444148006,2.672337479798005e-05,0.00021282244892972813,0.00011395584689982105,0.0001763814721016388,0.00023382828994726878,5.666475475376692e-05,0.0001468448916727395,7.92444891309125e-05,0.0002272054625631937,6.0029872285483066e-05,0.00017863116674781285,0.0001162998525449604,0.00048222396659849227,0.0005797438479930861,7.99080693468568e-05,0.000210059118866671,0.0002519545945813598,3.755575235944971e-05,0.00021156738352322963,0.00010508171953915735,0.00015054383929206475,0.00035425465667825705,6.766158433795984e-05,0.0003606875605594733,0.0002466412594830874,7.708157220001446e-05,0.0002894832381975397,0.00015297141158855863,9.496068456168619e-05,0.0002002529040856229,3.844811717357288e-05,0.0002403923543116595,0.0011308278481010348
320000,0.0011172797560263731,0.004608184420552182,0.00662507720623277,0.00022288692052475548,0.002105267628636123,0.004782577602392328,0.001707929012281379,0.013286352434364495,0.018203740469493534,0.0020044467783009168,0.011923672337717208,0.001613558725898192,0.0010843080165090435,0.0066353757502480275,0.0074021424657343335,0.050444176340382306,0.007198513087219215,0.0009721883841940567,0.002652219916594082,0.008905092518659027,0.0032666435099993297,0.004626762675733127,0.004368131384981097,0.021635267613843705,0.004806980993938244,0.003616620344109833,0.0019449445355400213,0.0029113951254657877,0.0016818695221445523,0.010651047098485099,0.0077059634993202055,0.012722484919672402,0.00048503609683664834,0.0012946552369401108,0.005621037388563208,0.00023325774399195,2.516712295817426e-05,0.00015795304145947077,2.3420752975116228e-05,0.00018906012132902106,8.200410933087137e-05,0.00011587024391701561,0.0002216916084762488,6.264429990359961e-05,0.00012305494785778138,5.261364792395235e-05,0.00024311121994782169,5.27223309809699e-05,0.0001361350766253391,0.00010305504143947142,0.0004198708383945324,0.0004439135051749569,7.578291497338796e-05,0.00019334788289504976,0.00022068824025687906,3.3681087364295145e-05,0.0002026793850031985,7.158626954151259e-05,9.378232187550061e-05,0.0003067791064705279,7.669611507784187e-05,0.00034367829775611445,0.00022673441949589486,9.330280772701371e-05,0.00032215066251713626,0.00013694933431980798,8.374827315752295e-05,0.00016644058887846637,2.8490738813502503e-05,0.00020864092861485624,0.00047525772388326006
321000,0.0013950060608810934,0.005900779781465341,0.007397506119862858,0.00034294639423163833,0.0032164916059328687,0.007394004363699683,0.0020306248694807083,0.016089782893561954,0.022364343365135153,0.002347956338780932,0.014502984148198322,0.0022191607333334846,0.0012646915693590981,0.008778113762728577,0.01086484782221412,0.0673204240964272,0.007512473083633744,0.001214048116166908,0.0027875579494970487,0.011297628442128674,0.003762492829340457,0.006461506296935633,0.005550022829702357,0.020472940154528867,0.005652762415622188,0.005415054527111352,0.0021672470184791064,0.0035440965730231255,0.0021338536080507124,0.011909221949134652,0.008531716992874862,0.016006927247732304,0.0007712008658262886,0.0012314475717429623,0.007095089290588576,0.00017716554776825433,3.1666019010033685e-05,0.00017851470163970424,3.034815389478847e-05,0.00020698449930023344,0.00013968345048121416,0.00012374588459351799,0.0002739247749559581,7.691586798548662e-05,0.00017848777985435797,8.74216685113132e-05,0.0003206795230366161,7.842156963455693e-05,0.0001874379479412208,0.0001272932301865446,0.0005315400970070746,0.000524333781262006,9.40509718930116e-05,0.00019052183022128647,0.00025007466012601947,4.2276519169800764e-05,0.00022291936740305486,8.515467766301299e-05,0.0001308148131897724,0.0003751851412254417,8.713582974451128e-05,0.0004685296876513475,0.0002481833363995528,9.262687820672261e-05,0.0003489600668318518,0.00018952383538964874,6.42263390285994e-05,0.00021720641983886106,3.8228927692784964e-05,0.0002606862679408741,0.0007947032558149658
322000,0.0016439538956338103,0.006098677088124936,0.007307813177855375,0.0002909018045242052,0.002979564985633007,0.008374721668328025,0.0017122988900800625,0.018313436333782566,0.019886980118653926,0.00264458450692473,0.013141828576430899,0.0024028996353341165,0.0012739952424343562,0.009516786738486466,0.010238053573137972,0.05519179597392091,0.0073603994065879735,0.0013862862903772134,0.003567303389510406,0.011525175215307779,0.003280824426532875,0.005818177676246705,0.004670863463470596,0.022267252839325617,0.0062472929509120095,0.0038371447706595065,0.0021228017825515345,0.004027703585658553,0.0026627547064837177,0.010928105350044902,0.012337482094202035,0.017040476041774336,0.0007559364902166321,0.0010193561058237488,0.006390060482266967,0.00016689974538459346,2.4581667663357476e-05,0.00024531578087176473,2.4279552232645028e-05,0.00017851091001830355,8.756365332616003e-05,0.00018980346112584812,0.0001820694964408176,7.186617455389703e-05,0.00010250401762253827,7.274711970584998e-05,0.00023381104793180273,4.8309401324608814e-05,0.00015944623520120895,9.691458994480358e-05,0.0005845195155905877,0.0005022573222959181,9.112598745559808e-05,0.00020375195025717032,0.0002297157808588336,3.199865686941518e-05,0.00021327965937563285,8.203408083318209e-05,0.00013459009543718517,0.0003128927079440193,8.529024944436969e-05,0.00037780907219805293,0.0002450944905987213,6.638948209435946e-05,0.00028146881312649284,0.00013093443722662462,5.419677063400741e-05,0.00023000805317647952,3.271679506156033e-05,0.00027235236658431375,0.001780920726741897
323000,0.0014664665112020983,0.005364610528448355,0.007578685826198732,0.00038532640252154893,0.0025916212795396585,0.007989741288058991,0.001563542135338667,0.015446585969495536,0.01742731578983809,0.0028553157026180997,0.013548742124278501,0.0026568837195239266,0.0011693796934030781,0.008557736178001065,0.008996571965476237,0.04781084077224781,0.006960125939734834,0.0013211091702746498,0.0032105442442116328,0.010500654901770759,0.0029491104873587714,0.005520829538259672,0.004404062055703738,0.019597210890303054,0.0059836511311784435,0.0038272323028650133,0.0020397399908732394,0.00334710465358512,0.002048681492862456,0.012844453896480357,0.0088750844229556,0.01612930211614674,0.0005990771143882074,0.001195778355897642,0.006462426819477211,0.00023982080366278881,2.2319103114167965e-05,0.00018068569790392013,2.7958360503241665e-05,0.00021670812225238478,0.00010876102815659385,0.00014242018642107723,0.00024190127069232404,6.433618508301726e-05,0.00012751121506832867,6.923789117365686e-05,0.0002420262147560399,4.4973562514538656e-05,0.00018598420106251257,0.00013033654712754387,0.000489278567047572,0.00048287435978030163,8.634486694063526e-05,0.00021180941001482413,0.00021808663950650953,4.267045465088483e-05,0.00023004043984450794,7.173210258315521e-05,0.00012666575878483854,0.00032554242078591556,0.00010634251878703557,0.0004369515252812894,0.00028734786385737406,8.319247045857321e-05,0.0002862596338673029,0.0001938475626673891,7.545407418417329e-05,0.0002211600840430304,4.809880505263209e-05,0.00028281486873563437,0.00143183535838034
324000,0.0017088114189981432,0.005535288498962203,0.0062368010612772196,0.00027749255763270553,0.0026218820794729025,0.006277430860791355,0.0016655868038205587,0.012571714809596683,0.013321719438690822,0.0024098864687402966,0.009961576711192058,0.002174633250043761,0.0011059981638523327,0.007141870286928183,0.007237275089531014,0.03570088098301009,0.006074075009304839,0.0014840354339832652,0.002867477980284353,0.009515422451077029,0.0028350046864716203,0.0056128699299214145,0.0039409592891994786,0.01647528955945745,0.00419903958066113,0.00471756006591022,0.0019848200351750547,0.0038236887221501092,0.0020845333092010523,0.010183651827373392,0.0067947287967642,0.014011105544900952,0.0006135557609431211,0.0009852961752162522,0.0039010173319790433,0.00020391861234563585,2.2250663570544977e-05,0.00018439359576983736,2.307777201320891e-05,0.00015201493988570292,7.762589580959278e-05,0.00014834005605735,0.00019511337250150974,6.136556596689651e-05,0.0001394808459712007,5.1512376774707846e-05,0.00021605606903712645,3.70957420852136e-05,0.000142987606243286,8.277409936206162e-05,0.0004554305338842823,0.00039886997183202766,7.539543548773509e-05,0.00021666261792623636,0.0002656781018294137,3.483224965996421e-05,0.0001726136806121181,7.312154639294022e-05,0.0001324182541743034,0.00023277944003614092,6.91823444867623e-05,0.0004072931521443357,0.0002998343122463346,6.96029151083519e-05,0.00029530382319838583,0.0001357736343509584,6.540926350291037e-05,0.00019559277569033525,4.173376922977923e-05,0.0002443093655124014,0.0006581811750947964
325000,0.001614142995107171,0.005773944906886081,0.0070948919365037,0.00034038266187333367,0.0028142167629533715,0.007002771249972284,0.001851370270889029,0.01598029747843861,0.01873311050057734,0.0024756630773481447,0.013003547055722053,0.001977741361918802,0.0011147752088480488,0.008338091296591852,0.00956574711809106,0.04952641692398174,0.00743010600499041,0.0014071298891728556,0.002987523062204543,0.01053471635858538,0.003616366407454909,0.00641212696349872,0.004154484405686768,0.018899635675673685,0.0046361170388269195,0.0043521266197785735,0.002292578799362614,0.0038442178505041134,0.002286961776724852,0.01243653252904844,0.010074855251198944,0.015299462543155711,0.0006153093793535355,0.0013185924197672606,0.00587745430776623,0.0002103761158167572,2.174850316362752e-05,0.00014221651806358503,2.5643308261745674e-05,0.0001626336595563771,9.032213087655865e-05,0.00013271109673951287,0.00020371697719383518,5.9194071438564844e-05,0.00012733554976397213,5.560175364475331e-05,0.0002477396394185729,3.993829024162565e-05,0.00015495185761963136,9.01500428550538e-05,0.0005078870584200628,0.0005297942849817142,8.211794756789459e-05,0.00020983328491007452,0.00022326423898228877,3.0059847652162055e-05,0.00019342033039465996,6.262930980938108e-05,0.00010298561939079163,0.0003131503483893119,7.068797282651454e-05,0.00038807766916257823,0.00026029572498171346,7.489760496826437e-05,0.00032701449486517557,0.00015016846790130532,5.8922948093303216e-05,0.00019882435765803468,2.6816012280050927e-05,0.00024085479058998652,0.0014019168927916325
326000,0.0009844556061764436,0.00334466857613599,0.007817797904863255,0.00022943633083601667,0.0020317504582819793,0.00716814143483394,0.0013091990806881973,0.01198733270001528,0.01484562529674781,0.0026295155403204262,0.012290666254018477,0.001644003871716654,0.00100461075569249,0.0063057488691948965,0.006312830269299036,0.040393605025352976,0.006683565657589324,0.0010085289263943081,0.0028505947827527833,0.009059050038182855,0.002681993516165011,0.0050043695669696065,0.0037998183800543,0.014701190841151401,0.0051007834842912705,0.004087207256816328,0.0019552244483410533,0.0029972394859214546,0.0017862293716033866,0.01063774601413658,0.008810448539588834,0.016336392773575008,0.000485533103631479,0.0009250917892343349,0.004886654906840704,0.00016771116370404928,1.8756055101744695e-05,0.00015982355398591608,1.9830244736501947e-05,0.00017243670208699768,8.836284329260146e-05,0.00011648182226053905,0.00019678783373819897,6.0061660106887425e-05,0.00011169716347969945,7.0497939715202e-05,0.00019733960777413908,5.7265417674479124e-05,0.00013098726662386478,0.00011450570871767758,0.0004211760648235423,0.00034987698624415015,7.016335312073351e-05,0.00019199115662818907,0.00016676783374789701,3.1344461774551746e-05,0.00017727342525685472,7.264604067813707e-05,0.0001100421129838954,0.00023516904819608988,7.675274185506472e-05,0.000403708880754195,0.00025317949435340643,7.093048477681887e-05,0.0003221071674488485,0.00017054382084251147,6.091144554635061e-05,0.00018644621209074422,2.775688068368254e-05,0.0002455707687597872,0.000994002161314711
327000,0.0014941787023810714,0.005994739171674829,0.00800372276747415,0.0003230369927643131,0.0028326283898169567,0.006559799583296159,0.0018414050071207326,0.013020997223993261,0.015973709511480236,0.0024095760709315073,0.01178640352581742,0.0017497814028038007,0.0010641466285574786,0.007839175386614057,0.01012961691016886,0.049829936324234346,0.00694601370082637,0.0013713780788725384,0.002857250691574466,0.009931867534845273,0.003425373459221576,0.00600914430210001,0.004108234202515935,0.0191526774627467,0.00510520845559118,0.00453664647648111,0.0016813227985883186,0.004096129528685803,0.0021740403931985114,0.01076552148233825,0.008789804675470804,0.015664383301135294,0.0007064689106182589,0.0013426869677354008,0.005711122221934299,0.0001644724458275602,2.4643736494648526e-05,0.0001440573551834942,2.000878383769195e-05,0.0001586659852819139,8.689416329210136e-05,0.00012061048209943692,0.0002141513634342118,6.283506711138456e-05,0.00015994337506622527,7.963711765666761e-05,0.0002724515426180324,5.557827346436284e-05,0.00014635523523397437,0.00011457372172365218,0.00041335583819790585,0.0004878206012411586,8.307332955155289e-05,0.00021245102274109257,0.00019061468440762335,3.5381158619946454e-05,0.00021171960285941443,6.721812235355173e-05,0.00011662474238012994,0.0002608246887715583,7.821763107737448e-05,0.0004141702646143864,0.0002689046777664704,8.574964179978131e-05,0.0002958762193480248,0.00017996962229995892,5.557598446362785e-05,0.00020954823894549985,4.727254921021995e-05,0.00020885955822863054,0.0008106346380372997
328000,0.0020155962900672247,0.009390915067881535,0.010971791827614652,0.0004157746807392799,0.003328709024572163,0.007901530213920134,0.002300869291854812,0.019808365995213892,0.024520008807911248,0.004020726584712975,0.018587750393118857,0.0034332281249998212,0.0012586783250850258,0.010122758358909667,0.014801878570955631,0.08445943997988554,0.012346741864132042,0.0016632610044832255,0.004283691331303479,0.013411127228743377,0.005152617839524527,0.007443147991060479,0.006153951875021448,0.02764157794881612,0.007930303076627463,0.00655948796775192,0.002964595917392803,0.004698125861371712,0.0031575505878529784,0.01423060969025227,0.015116779355933734,0.02046771583487638,0.0009414402919433612,0.0019011459799955002,0.00843675077744087,0.00026325278962044,2.3062158034965824e-05,0.00025793518613103185,2.6169169795062464e-05,0.0002712387472456612,0.00013332075064425303,0.00014269047551351832,0.00034485865726310296,8.574105440498227e-05,0.0001715958655854353,8.590983108811251e-05,0.000327982417841492,6.074193075544798e-05,0.00018846484342389133,0.0001376513285901059,0.0006478318536804951,0.0007005428178672446,0.0001011362592180376,0.000291058702009186,0.0003176403659318598,5.521170677721702e-05,0.00032642025254522536,0.00010331460657653224,0.00014857621497160127,0.0003689807876945941,0.0001225253619243934,0.0005501339723029745,0.0003998648547470414,0.00010606027348052242,0.0004577651921459215,0.00024411047140743053,0.0001014672962550581,0.00026948612439307986,3.542339070605749e-05,0.00036588657334917825,0.000845863632275723
329000,0.0016686439706530575,0.0054424051797670675,0.009821989260065797,0.00034921750197659443,0.0032014674393797612,0.0071733521680081526,0.0017575075365922174,0.013278918279384551,0.01823858330890059,0.0029216774782980792,0.014998801815243407,0.0019278659069363018,0.001217713991839749,0.009003355385754152,0.01047033987911966,0.05572228425277596,0.00697566083432494,0.001292785174882738,0.003754051385580429,0.011784894558501643,0.0037194607161985423,0.0057990382939741335,0.0056296217713437124,0.0203033703379333,0.005943703490080976,0.0054222972714342175,0.0025587156723627085,0.004348601654176794,0.002519525507437613,0.012458085827904964,0.01024888430974291,0.01935834735363292,0.0007771774987147112,0.001112523103476506,0.005459063076664784,0.00024982869316707886,2.331691621966576e-05,0.00023698643094989663,1.9534876251639956e-05,0.00016582549278609804,0.00011017578851516056,0.0001238874783666688,0.00021833314422110562,5.7654726513072474e-05,0.00012025732859049304,8.132073011546075e-05,0.00021011307766409453,4.0111586002034016e-05,0.00013663673721488333,0.00011155957269114548,0.0005426733309639951,0.0003615558040716375,7.860324840294197e-05,0.0002038624918394798,0.00023654814886585568,3.8181290322695944e-05,0.00015537215177642127,8.488356724001278e-05,9.059823377634125e-05,0.00020271883660930492,8.564386850290854e-05,0.0003588777629641309,0.00021603103362445431,6.867264914739985e-05,0.00023361125386145432,0.00013813011339356332,7.220542485291454e-05,0.00020435659916239227,2.488790870813773e-05,0.0002533712671980278,0.0017916924625751562
330000,0.001743222741240331,0.005829262743106854,0.008002675709576579,0.0003105250346309801,0.002955249884657457,0.007919073770088809,0.00209339071930557,0.015615303162299896,0.019533439961945457,0.002857605941244401,0.013951313860341116,0.0021995602471680305,0.0012581568770463382,0.009072013411324324,0.012002157472948858,0.05511990023721106,0.007856857715826967,0.0013482456344741255,0.003188887216050976,0.01116153855940259,0.0037195216728745295,0.006606422956013246,0.004873725244954888,0.022568858791297924,0.004795111522533204,0.00426429960061796,0.0019962761394275905,0.003923192173715506,0.0026310146853040137,0.01236592378441973,0.009977118911241025,0.014793294334175209,0.0008241204302543373,0.0015422208307321599,0.008930705339480483,0.00019874563125605555,2.3913315422718323e-05,0.00020271249766003828,2.1564593962000754e-05,0.00018727591532297083,0.00010180691822128249,0.0001323833844253386,0.00021208444850344675,7.587851900768185e-05,0.00013969224340527084,7.553715663450232e-05,0.00027775784933749633,8.34004640317687e-05,0.00016206710259619535,0.00014808888144299007,0.0005523808810651714,0.0007040172810472237,7.234302556753391e-05,0.0002016979698445149,0.00022353251831097216,4.60633885071812e-05,0.0001787140544346125,8.868532370343019e-05,0.00012091629179798879,0.0003011372858404334,0.00010475841190782376,0.00040821735092811317,0.0002458272372707513,0.00011073067966011681,0.00029312107431501825,0.00019378950101138078,9.898780756754735e-05,0.00025141978528342435,3.306850318551824e-05,0.00023549065598435387,0.0007863067483413033
331000,0.0014858886246521571,0.005759665738609059,0.00963479262736655,0.000273500329881944,0.0032340149959561096,0.008511815003917686,0.0016072419118626708,0.014916776144102686,0.019962076909111223,0.0031237970943038817,0.014337219078888554,0.00212116416277036,0.0012512019064601961,0.008576785125114839,0.008562100161361741,0.055438790019555505,0.008409213039677914,0.001366192225552506,0.0029579266021236045,0.011817208257986446,0.004006734047298393,0.007230287743368535,0.0048582778978016,0.020534038043115287,0.0057287776652961,0.00597457088297233,0.0021222834863083924,0.004221752988087246,0.002587954671916497,0.011801265113923189,0.01031691478138479,0.015884933561140385,0.0008022268810022454,0.001315353920776837,0.006074947870931485,0.0001459884324869368,2.5843901980612084e-05,0.00019197132533835511,2.08012819813526e-05,0.00018218494312804978,9.548273096407549e-05,0.00013019047264606343,0.00016645239120407495,6.389439254474525e-05,9.73384592402669e-05,5.7162799088774005e-05,0.00020295772974988498,6.848446356144677e-05,0.0001242671379016209,0.00011494713097900703,0.0004358931171212204,0.0003317790924484143,8.866003972798353e-05,0.00018245794935679366,0.00018149576235687007,3.409761192911405e-05,0.0002021364014004204,8.258635386937385e-05,9.152267173501766e-05,0.0002530588475775193,8.39945225379779e-05,0.00045258330037883156,0.00022668260501219534,6.920873997145677e-05,0.00032760509485443536,0.00016202620589682467,4.365862865337736e-05,0.0001770732584367512,3.412365916943827e-05,0.00027544690067411503,0.0007346071724896319
332000,0.0015519980312534687,0.00734527267721003,0.007582205246156566,0.0003689807989268537,0.002956311662872602,0.00837686936470813,0.0019463580120505104,0.015531789991334389,0.020411655647289473,0.0029343292881094385,0.013097073702289137,0.0021481069713760862,0.001266877391379129,0.007456836188132663,0.010826675656426232,0.06315429434531931,0.008899009669178105,0.001566604432602755,0.0032188722252612934,0.010311648338307956,0.003694981944018904,0.0059795444054283765,0.004661852216959233,0.021153854796042044,0.005530307204083776,0.0045385962352156636,0.0021129101508655193,0.004223341034958139,0.0024814534422201925,0.01184859233223007,0.009797281769375938,0.015669358776694235,0.0007303397191899072,0.0013534711218854618,0.0056782433067484005,0.00021363623661890024,3.354373993670977e-05,0.00019946900593739966,2.690305610398004e-05,0.00022903292574483203,0.00010468081434960078,0.00016556326681893552,0.000229135519839474,0.00011622504020555138,0.00014887763176806116,8.975305270045706e-05,0.0003112452960171172,8.066552226537738e-05,0.0002111260832185931,0.00015331819089293606,0.0005030790551735174,0.0004629663790183258,9.266492670576554e-05,0.00022676666190001962,0.0003001398931230832,4.072855590080012e-05,0.00019827514803006535,8.990260721475352e-05,0.00012459086325280723,0.0003553611442279921,8.770670501689892e-05,0.00043362027541558835,0.00025849120047138495,0.00012018553417653272,0.0003659075320885879,0.0002321955720877408,0.00010506822484655589,0.00023504481474206739,3.071145611954762e-05,0.0002553922713444944,0.0009126601376920007
333000,0.0019822813996806625,0.007905045440431288,0.01002218194056089,0.00040931030387302876,0.0034073780031426797,0.008978075123325522,0.0024620198634487853,0.01951506318494235,0.021818493479952537,0.003371701208379818,0.016547542901151492,0.0032859642307478364,0.0015864293562833955,0.009898527876761033,0.013644623927650494,0.06976140239870195,0.01007344440200714,0.0020605203737685297,0.004613544045631508,0.01406548088791169,0.005123858958799806,0.00863967167476533,0.006028496877673509,0.022650074625077347,0.0067807921726246905,0.0060262886225245895,0.003188536408918979,0.005982781225611689,0.003467195324243649,0.015089238677906142,0.013032653451955412,0.01899244457644482,0.0009238021380589054,0.0019428126058491492,0.00877271859068666,0.00029249436406481825,3.4696129387755624e-05,0.000326670976722777,3.643632447641809e-05,0.00027082534847977513,0.00013868844926012938,0.00016765848158684094,0.0002540653553296579,0.00011003122466191646,0.00016181677443623095,0.00016181150948731167,0.000380095274027681,0.00011292606461310584,0.00023689074359857653,0.0001980557505951517,0.0006408884316705064,0.0007020675141878504,0.00011360738099028823,0.00029326961495306544,0.00036549831892098783,5.457917917407361e-05,0.0002834203928761135,0.00012482395572988025,0.00016454743735670895,0.00041536938892932084,0.0001290355702318872,0.0005037609451304184,0.0003223965055341254,0.0001522305644668761,0.000423777329868042,0.00026966840375926987,0.00011443038036824354,0.0002957802479766571,4.989383410247683e-05,0.00030374650530865736,0.0007723173010163009
334000,0.0015972496581599517,0.00683363703919221,0.0076538725155235925,0.0003587961745464641,0.00270922470597817,0.0072730868539240745,0.002259253708313824,0.019205921810983757,0.019166485919160113,0.0026641186814231332,0.01314484740448088,0.0027601148076242606,0.0009343366369703841,0.00793022369152547,0.008950338213146418,0.061236867046924694,0.008169510055895876,0.001413225335327988,0.003186187549934922,0.011143955286497658,0.003943243804878176,0.006819329295727324,0.005283839470672925,0.0235295801772736,0.005536325980655319,0.005375144199933857,0.0020924301244239388,0.0035947727813739525,0.0022741379402920277,0.012600150289325674,0.011118797216186067,0.015395031984483536,0.0007309813613880159,0.0010754257730822732,0.005558936305230115,0.00022132453565453552,2.7835696245104875e-05,0.00026320515379748855,3.110096946625437e-05,0.00021702051481042872,0.00011935704550883153,0.0001400081123392738,0.0002174182607632247,9.405146981503334e-05,0.00018351153107687423,8.536526143002123e-05,0.0003234789181700954,4.946541147532457e-05,0.00020622782202038033,0.000142157915681971,0.000582014886944867,0.0004160075550316833,9.706268356239889e-05,0.00020087329929603065,0.0002912101114408619,3.399175676060457e-05,0.0002479163654732142,0.00010135665513644199,0.0001146853812391176,0.00036675147732169607,9.108273534366162e-05,0.0004763824776340874,0.0002558221624487563,0.00012605459261140896,0.00046700689239918976,0.00021188696966829683,7.778160303522392e-05,0.0002598303826174506,5.1244438751041343e-05,0.00028571628149429596,0.0009614236558263655
335000,0.001538518337727854,0.007303128864333741,0.009031477577688444,0.0002099963203398567,0.0031577156415447533,0.011530386525139744,0.0019151987639375993,0.01620953986637723,0.023096917111684843,0.003056975307117682,0.014165483022719135,0.002208782480382218,0.0013988185823880926,0.00930618836032822,0.010985394955658943,0.07105955494959441,0.008176171547737405,0.0015244248939849012,0.0037009977479881074,0.011525657462334494,0.004444579411721441,0.007887425020661405,0.0052205997570126785,0.02303411807709684,0.00542729318473744,0.007466307538561523,0.0026176435014877504,0.004287714576094004,0.0026741948896361624,0.011994182107422778,0.01145758744639655,0.019007988482301768,0.0008788113487499826,0.0013323373361429753,0.0075446114908320145,0.00021178468511249906,2.7782091057447717e-05,0.00020757430436126677,2.3321600190092246e-05,0.00021148212931620947,0.00010140162694212566,0.00019433249690337107,0.00023799815244274214,7.84686488163731e-05,0.00016110250395214327,0.00010462132061945794,0.00027284876685833997,5.6381507572922374e-05,0.0001522521995686224,0.00011888514845023482,0.0006310854601801671,0.0005494366329609571,8.424530296906596e-05,0.000251262832906071,0.0002331811083422508,4.7340384562424084e-05,0.00023828741685124003,9.823885352489015e-05,0.00011711483360462201,0.000328920956483741,9.494295839734453e-05,0.0004583900234673556,0.00030224055628604284,7.936226751889417e-05,0.00033747459545136534,0.000150513999865443,9.566876620478329e-05,0.00024344277230296582,4.2987210150613464e-05,0.0002809142846511831,0.000935150109580718
336000,0.0013944149610213917,0.006353149819376456,0.00966337974932685,0.0002572901064922917,0.0033335256219150415,0.008340013571017022,0.0022319369944002136,0.014275465884673074,0.019447411992624564,0.002497793084330624,0.012563219019172305,0.0019992309937931297,0.001187003745585433,0.008877321945295658,0.009463216031786835,0.05854671795896138,0.007144285123861967,0.0016599925460744813,0.0042134616523981094,0.011355467189302242,0.0035536632884469116,0.007612098605542477,0.004678943012355982,0.021572693049286804,0.004855488158278199,0.006694569019600749,0.0020502229716594083,0.004255513547226049,0.0026220949905965585,0.012497247487537548,0.008797044687865612,0.016355865373043343,0.0008733611655031837,0.0012794708377970342,0.0068766661095449105,0.00022176470009834963,3.106594146373709e-05,0.00027233291187010104,2.4339802261161514e-05,0.0002198280512857309,0.0001286362414527667,0.0001937648457897012,0.0002805299824103713,9.708759819803068e-05,0.00016997432997078776,7.850206588102537e-05,0.0002690936210519954,5.4284131378423695e-05,0.00020984953885247172,0.00012450115388095253,0.0006558286070930291,0.0006294754797030085,0.00012465386043913895,0.0002779394379066783,0.00029613086503402507,4.449477987898056e-05,0.0002690915541709836,9.93402743461047e-05,0.0001488845668720589,0.0004127087802771712,0.00011465761999716051,0.0004781115128651592,0.00031256424653044497,0.00013334302645268286,0.0003392509647205265,0.00018468911663494392,8.195454990657578e-05,0.00028368267363740947,3.437598790867469e-05,0.0003313403447678224,0.0009534876997349783
337000,0.002027925324737963,0.00750342048613001,0.010908987239721077,0.0002836639570782259,0.0034112130013892066,0.00795677152927965,0.0020958307268888494,0.017659115139822996,0.023257502111184433,0.0029995609693287406,0.01524433887578108,0.0030630073451160273,0.0014775559188406492,0.010532081355036511,0.010639851532965514,0.06374751727798866,0.009111092573567433,0.001668039882847379,0.0038759251692681573,0.012261027150598238,0.005172577954612315,0.007975039802009374,0.006237820749326299,0.0272157209382082,0.005508016559043239,0.0064556311699561775,0.002242547041444801,0.004743296945889597,0.002840857260504409,0.013874235793698444,0.011635748831855986,0.018174251655671887,0.0009060708598400862,0.0021229112945167247,0.009366360996510694,0.0003072169373073815,4.359753008854664e-05,0.00032648063444701785,3.66244836728934e-05,0.00028190053967591666,0.0001479753520647272,0.0002185033717978513,0.00033272561213379956,0.00012146237882485653,0.00025193952065149605,0.0001456298416335195,0.0003861886878782746,0.00011349783738445751,0.00020944052502123856,0.00018808742590243293,0.0007594478458066498,0.0009276850778405787,0.00015215389830700588,0.000324647504942045,0.00035922251970924696,5.151123012968707e-05,0.00032394817904415863,9.86506609024218e-05,0.00017884115380992525,0.00043091894251399656,0.00012099855945659025,0.0005733398825311748,0.00039711869191634195,0.0001294637206417253,0.0004494227776174537,0.00022107306839253788,8.064963468054234e-05,0.0003147251518315111,7.348418516528454e-05,0.00035660392709627663,0.0010295773143297992
338000,0.00127625933630436,0.005282495696452248,0.009167142174192122,0.00025614203005156573,0.002361147259082977,0.00810463966003486,0.0017614307669998285,0.014864052841207297,0.017036400951558825,0.002400268454948673,0.012487002666513248,0.0019749200625798894,0.0013254551249150554,0.0075202453688579035,0.007697924596740289,0.04599925266999586,0.006493362906028432,0.001174396576418444,0.0035586442105081267,0.009599214051947153,0.003475618710964804,0.005744443575037751,0.004818341387047743,0.020637350931065158,0.005069394348466299,0.005929374461993575,0.0021815076413751683,0.003929183644686418,0.0021221218799302517,0.01279476587332019,0.008486840016024264,0.015494659440054629,0.0006850833398197245,0.0010757513382751037,0.009210686766184355,0.00025632008961297615,3.379277016678447e-05,0.0002479047937165226,2.5006220868313707e-05,0.00024137835112014727,0.00012296720239012932,0.00016050774956966052,0.0002654002424606006,8.048314142989081e-05,0.00018721122466175936,0.00010450584885818768,0.0003174078875824642,7.988672553693732e-05,0.00018454924732274212,0.00014007878202061295,0.0005884239690693413,0.0005842161832939988,9.878496421151794e-05,0.00023554545916748776,0.0002627573884292987,3.753143861021354e-05,0.000250586652870674,9.457234136789339e-05,0.0001480262024718589,0.0004195920640086115,9.688219239857668e-05,0.00046405614394003076,0.0002896308821505045,0.00010915843934624816,0.0005473994398117713,0.00016854468492289465,7.71760707851042e-05,0.0002305180454550809,3.62319523716792e-05,0.00035235855548231454,0.001258620286535006
339000,0.0017648962179550468,0.007954005724227668,0.01138130068496442,0.0003458388878033684,0.0036180761358485178,0.008370759439588125,0.0024270203986464277,0.017877524355629015,0.022870295022544902,0.0029886975898989476,0.01580881115184223,0.002917732687355779,0.0016852044456313845,0.010051380706389671,0.012670196288587142,0.055514217357388894,0.009144332149541393,0.00189997147127899,0.004040608247513384,0.012364931906267885,0.004524109937413484,0.008790182470225514,0.006238454642613457,0.026452073237548272,0.006569398119825651,0.006956457602791488,0.0025291255798008698,0.0047914817090107436,0.0029606368170147215,0.013856182238434427,0.010757676541737359,0.01906742786209529,0.0008434727365100186,0.0015774682287671969,0.007769005171414594,0.00026110367210005085,3.047863873387326e-05,0.00021921066871238344,2.7693739628331794e-05,0.0002395621108917112,0.00011308834041785226,0.00019134759895678144,0.00026377793747087706,8.114343767087313e-05,0.0001239362899229347,8.944243036158436e-05,0.00029585010478465275,6.760727914745246e-05,0.00015662415175409574,0.00013178694263677409,0.0006255302071867146,0.00044472070658230223,9.767134470166639e-05,0.00023482958790644224,0.0002893506833939243,4.714589344571736e-05,0.0002863784769385435,0.00011336933152961137,0.00014614639099540404,0.00035631883422586097,8.513067574919356e-05,0.0004954902321578532,0.0002943206259165739,0.00010426797598279131,0.00035675274597856007,0.00017557699859126286,7.916000926603115e-05,0.00027344098837504604,3.288602434281529e-05,0.0003230650924148499,0.0009418888163054362
340000,0.0015059297332521277,0.005234766775646238,0.010737630392820089,0.0003957394593656388,0.0027540551485730294,0.00708946051807808,0.0020094063709092873,0.01411989802049813,0.016935250728056992,0.0028036769726895727,0.015169537791128581,0.00209710130058033,0.0016439826360896625,0.009142105367077007,0.008082631575191901,0.04396737472870882,0.008093707468192622,0.001386776419374517,0.003969313714540996,0.010947427751586171,0.003960905414799772,0.006378153437513642,0.0052186230763618365,0.02103205123372997,0.005428178694605848,0.006363903149031102,0.0027372767025729944,0.004014136696544786,0.0026206320219310276,0.013463598056865346,0.008147884069718808,0.018153631947755527,0.000766292617509652,0.0014916974672508142,0.007845023493448226,0.00021516355800648462,2.3790045829074596e-05,0.00024070454401226016,2.0979390147790197e-05,0.00023380887614621315,0.00012094925630256685,0.0001569047599332407,0.00028598944154509807,0.00010526767534046437,0.00018250227730229532,0.00010447139227441735,0.00031065662125528385,6.044406449934314e-05,0.00013890925366460014,0.00014486277111493771,0.0007072872358339037,0.0005231210325291613,8.494969206367387e-05,0.00026973408799973666,0.00027219323131029,4.385058013088962e-05,0.00023594575202545828,0.00011009151353391644,0.0001430416879202312,0.0003298717281408104,9.052401019289391e-05,0.0004716171023310087,0.0003231403533163757,7.8524139983504e-05,0.00033972188308932044,0.00015910211389946315,6.804454889269047e-05,0.0002307560202576114,5.11418279174336e-05,0.0003078506238813409,0.0013783453847281634
341000,0.0014183803507728805,0.007494448574612357,0.010553348604086446,0.00027914287187951023,0.0030821026849031413,0.0054921599637184826,0.0019117799017382617,0.017935637913515344,0.019182890618721322,0.002584411013231147,0.014208673452702459,0.0025408075470833716,0.001384699747811255,0.008805443676024108,0.011946955779143644,0.05970863066234718,0.00800033039331538,0.0015394118058620848,0.004439738764631329,0.011941223232497578,0.004414978265934294,0.0070907137175839,0.005652201325671437,0.02295111749166002,0.005719400831829204,0.005409500468522311,0.0024167598539531444,0.004511829135784258,0.002773733745476313,0.01290457443622384,0.010838770765791803,0.01911766903448062,0.0008239826861470717,0.0012607578701876222,0.006261693399816674,0.00021948127320367154,3.382429584139333e-05,0.00020679289888324672,3.413946791054963e-05,0.00020646567077164946,0.00010840775059642375,0.00013731578746956075,0.0002897639984439593,7.228405477115685e-05,0.00016049016330725862,6.774243151649475e-05,0.00026996585386354,6.362505219392744e-05,0.00017687304541537147,0.00013689594908844975,0.0005844707965934504,0.0004639403711432048,9.743107184476685e-05,0.0002211842327931069,0.00023931045783181866,3.575341808408955e-05,0.00022055684835762686,7.172189282300678e-05,0.00012404300184698513,0.00028298253025520984,8.506969315931201e-05,0.0003968076774118413,0.0002741402001281249,0.00010006483495163666,0.00035942473954896233,0.0001937078566036441,9.357830101310225e-05,0.00017739139758200123,4.336007876304393e-05,0.00024631970253561605,0.0010075037251226604
342000,0.001525626053559815,0.00638546257242625,0.008002288052921358,0.00037058233222593957,0.0033043353315763313,0.006459966252025749,0.002107815147962444,0.01805142669428617,0.021288271812993486,0.0030002294333826285,0.014122639233863555,0.002413711498274078,0.0010945725141826904,0.009033727013130292,0.009179396408366944,0.05609541973111239,0.009232038371270132,0.0014751714420699385,0.0031541542328860877,0.012956223252355509,0.003355914436986915,0.006631945202441004,0.0052283967853024175,0.02661350735773643,0.005205193681499551,0.005683118326123804,0.0023892231748365495,0.004496361990580529,0.0028977840726250124,0.013085702670768144,0.011306347504238753,0.016285313494825877,0.0007668574318743665,0.0010446813194628407,0.009303352704996036,0.0002206400507580903,3.265437274385955e-05,0.000278959017536677,2.2812535958959174e-05,0.00019450262652753736,0.00011201196211418198,0.00017436035705031827,0.00028925881306349763,6.766889810263053e-05,0.00015424832792129898,7.713032603098619e-05,0.00030959301804550545,4.103327118798461e-05,0.00017157805923234107,0.00010364624193409162,0.000559414324754051,0.000543284603433373,8.128202025545762e-05,0.00025118230613380935,0.0003331595888649362,4.6933152620195784e-05,0.00021495526332591418,8.260178492491832e-05,0.00013838337857426572,0.0003545723974359414,8.78999155247584e-05,0.0004654527553773204,0.0003272573459098651,8.854288644871049e-05,0.00043029007348296646,0.0001863328289939634,0.00010093990749737713,0.00022246880537264566,3.8927689679724153e-05,0.0003073801155337338,0.0008793855558906216
343000,0.0018180405868652334,0.006103319471784979,0.011407582805986749,0.0003630135336642035,0.003411066092828346,0.0077836310125089115,0.0022957393987106172,0.016634770203916772,0.020866325010208325,0.003303580764622893,0.01637544310798137,0.002837114794044969,0.001770330232719778,0.009834596529165565,0.010822163934062701,0.047844295266410576,0.008590024267894998,0.0014704017571315075,0.0044245326509034,0.012453987623436358,0.004069859891242581,0.006232443621878961,0.0055619477025175,0.02339144593376356,0.005967376136314193,0.005573278735391795,0.003281280391532956,0.004169606550325018,0.0029767740748973346,0.014891910827681121,0.011412220935453661,0.021052038950773958,0.000876015370037154,0.0014253571976147468,0.008107257789257952,0.0002496851614921525,3.181777751343499e-05,0.0002180389563529223,2.5246010140853538e-05,0.00021280212308738555,0.00011470074241938551,0.00015648679891455686,0.00022862285077280832,7.558060290074009e-05,0.00017390274710075908,8.94723316053257e-05,0.00023750017325048183,7.337919416006145e-05,0.00018631165059642188,0.0001195478699545757,0.0006340446518291943,0.00041732094117226853,8.656854442961049e-05,0.00024012069167968418,0.0002656041967917378,3.0179762244518894e-05,0.00019333900358379719,9.209980146351882e-05,0.0001365743867912291,0.0002870501013113916,8.96646435042688e-05,0.00040197134047815857,0.00027990150166635466,0.00010387162714331689,0.00035403224400296394,0.00019155939881184995,6.925365206760554e-05,0.00024316075752469743,3.756407637212078e-05,0.0002544851551280443,0.000844315167341847
344000,0.0013698259029580014,0.0057049728122904155,0.009990242469636238,0.0003015169587692631,0.002966103095637157,0.007110147712020469,0.0018571333666547998,0.015129740169190792,0.01953541935506708,0.0029415666140266694,0.014500084478281623,0.002455131168749269,0.0013187867523149841,0.008573238046499848,0.008606320980342228,0.046501782466369455,0.007856075726262393,0.0011801327766332616,0.003503610149242117,0.010637775061077263,0.0035615453639094925,0.0052308917209822016,0.004837997122619223,0.021496095225059738,0.006159781880659653,0.005397971696220338,0.0023700475342578894,0.003250459823902929,0.002435487695979913,0.013347561826512607,0.010242403519077925,0.01919652049904331,0.000712236892083568,0.0010617980808811532,0.005623787923771791,0.00020055950786814134,2.689805958168204e-05,0.00022435986755391986,2.3987110209982785e-05,0.00018901786825153977,8.869311732801276e-05,0.0001511622858743067,0.00025772029075596945,6.209778544081545e-05,0.00017284023835456634,9.264321256645352e-05,0.00026380615510964144,7.430367181271436e-05,0.00014987651428457176,0.000136813450808404,0.0005326717552267068,0.0004955017423829607,8.087667411018628e-05,0.00022109252784837142,0.0001841394208393718,4.4329437256155046e-05,0.0001696843534812625,7.334894655741664e-05,0.00012247398012732447,0.0002669087140825118,8.978731487635135e-05,0.00038703951224761113,0.00025236014143998817,7.546024911695346e-05,0.00029017040368570533,0.00016873304686326607,7.433970430221442e-05,0.00018622477260939768,5.273291642993172e-05,0.00026021106140349334,0.000775586451345589
345000,0.0014968282587909238,0.0053223933233918315,0.01084610940173055,0.000373054188968616,0.0029526928090122,0.00741113575973681,0.0016517338311044319,0.01789065336650346,0.023655622917244094,0.0029968284325150307,0.015742405981722253,0.002257605814446258,0.0012579253679811673,0.009349979387479834,0.011992069801678606,0.06769591487288078,0.0077473492984998825,0.0012890716247102895,0.0034596254299685825,0.012540580823163812,0.003970497059742247,0.007150054053584297,0.005517613045631151,0.02226020856566417,0.005436195351446966,0.005390272941440344,0.002509589330425995,0.0038891207571699247,0.002626877992588561,0.014283893753951903,0.01181544542836491,0.01998160173668741,0.000897117727302106,0.0011360927946106828,0.007559577397134692,0.0002768251806628541,3.2011930328897174e-05,0.00034459175433519044,3.001925561869917e-05,0.0002612749474337761,0.00013092695503304485,0.0002207016987085808,0.0003335923953272868,0.00010045301892683998,0.0002485122457767973,0.00010508163911363714,0.0003887673931291047,7.525100822647346e-05,0.00025242135913474377,0.0001666549555507531,0.0006957888793347313,0.0006405845409365915,0.0001238524379004957,0.0003528831282669764,0.00033541618114244995,5.426841636852425e-05,0.0003141323278429408,0.00012162824145889317,0.00020091094746829994,0.00045448072151325154,0.0001194314225964869,0.0005337731716095458,0.00042135063253251955,0.00014400989529726225,0.00046162386489514675,0.0002731090909478907,0.0001053940559034215,0.0002803832580839078,5.276972217416187e-05,0.00036882814496294955,0.001411635872500483
346000,0.0018790811762522247,0.008464863726759277,0.01013323898617576,0.0003980925319480705,0.0038519861522494283,0.008844634002473737,0.0028341620358508907,0.019494029425272053,0.027472405407204664,0.003934503220079932,0.019926595778986353,0.002458477276748602,0.0016689223323765239,0.01056555356461269,0.012326657130923943,0.07684315291862731,0.01154854001283855,0.001628542613109892,0.00448157210744934,0.013662946126278257,0.005347066326625666,0.0076537051713135695,0.007086312632794337,0.028075163058626156,0.007657548477673406,0.007654562685638666,0.003074890870544961,0.00457430152315889,0.0030291371607317533,0.016338769098623626,0.013898481984312335,0.020625748163393628,0.0008671707123474229,0.001551054931401585,0.0085144270475818,0.00033587782934318966,2.691826899075223e-05,0.0002639283669519831,2.9013641795311094e-05,0.00020830830817430979,0.00012468754886488066,0.0001758201333359466,0.00030202169709809824,8.847561313910104e-05,0.00016506373736583076,7.466354003083454e-05,0.00029507113915091745,5.4478319153616894e-05,0.00020923588241058058,0.00011778130547926676,0.000571219511878623,0.0007142019264089564,0.00011010157795681153,0.00028973136394764583,0.0003163907080432119,5.083420149854977e-05,0.00028065172379869457,0.00011165722071382334,0.00018981481436084222,0.0004547336265344571,0.00012121359468437731,0.0005019630494223415,0.000354352018324225,0.00012039489751964334,0.00041805141720235243,0.0002681959933091967,8.479315147269517e-05,0.0002680492384590872,2.6171485863812904e-05,0.0003300630002718017,0.0009974912900361232
347000,0.0013111280713129982,0.006658007619855063,0.009224761042181248,0.0002564390174799113,0.002892934663266922,0.006394838340513941,0.0017999688441763752,0.015040846930965999,0.01950733426695801,0.003284005641035037,0.012871228422541825,0.0023786378570010277,0.001327976766112966,0.008123306336528913,0.010184695836505853,0.05087447948547682,0.007418222808848354,0.0013838081042333123,0.0033849835266924594,0.010573482731657957,0.003504820466961379,0.0059130446414720995,0.004360003957311467,0.01989041052487058,0.005671041688733639,0.006010176928248257,0.0022858039860657008,0.003759969650369991,0.0025407300103859813,0.011703106089924168,0.008447393419822523,0.014568727004538791,0.0008203644498201776,0.0015931853470351068,0.006057638671235408,0.00030864822464390533,2.947977647051546e-05,0.00025806318692709533,3.1170238385294145e-05,0.00021756570231445949,0.00012139880775134287,0.00020932847019139444,0.00025571934475010494,9.079132495284476e-05,0.0001450204709092424,8.068905021149573e-05,0.0003142768088142283,6.563951290594616e-05,0.00020964768265965348,0.0001228851746087788,0.0006206914668312563,0.0005933599077252438,9.659180177550298e-05,0.0002732179346283522,0.0003010610707233668,3.982901780959351e-05,0.0002679023681378968,9.95150178368931e-05,0.00015406700223744943,0.00038235981444533813,0.00012079286983256073,0.00048793051613969394,0.00032261005184687345,0.0001206746849937452,0.000359119477555699,0.0002305046942466732,9.258915477922918e-05,0.0002647500108386382,3.937973789902571e-05,0.0003081064075688898,0.0009273886942537501
348000,0.0017641574268484849,0.008181522226449387,0.009810463218855148,0.0003563372413387137,0.0031369464806998678,0.009621555883703488,0.0026427082657685405,0.018732363186084993,0.02460021095398185,0.0032005755965656135,0.015568411501096117,0.002978346243735916,0.0013740673858785267,0.009644427099181374,0.01129213888078298,0.07897897279326571,0.009117132999909657,0.0015997286038005377,0.003704133155094626,0.01226247723083361,0.004288910131065922,0.006762106033420423,0.0063527751158108,0.028105534450151026,0.005888061166857254,0.005840880679897964,0.0024897364507611903,0.004775170444797065,0.0031430481825201937,0.014338433256442283,0.010664809391795036,0.019166490795144524,0.0009659283732846601,0.0017171085622616966,0.009350066270296034,0.000258198771758446,3.5056163845207554e-05,0.0003504070603164357,2.368954998260106e-05,0.0002111614076056867,0.0001258167209564266,0.00016667170348227955,0.0002480736427969532,0.00011591423765965278,0.00027127434566529316,9.573784221085394e-05,0.0003243991143096393,5.351870942149617e-05,0.00022309122861303938,0.00012949340767094824,0.0006389297274556437,0.0006601675747030337,8.871572572388686e-05,0.00027835469726207,0.000319109547615818,3.220678238655885e-05,0.000292443794991883,0.00010727312746894313,0.00013649361259619278,0.00038628610868027654,8.318693071487359e-05,0.0004474100251979595,0.0003112093709068665,0.00014770164834935877,0.00033382021239150263,0.0001867990677351077,8.721594973134675e-05,0.00030697364732233266,3.2409440464675754e-05,0.0002717312686896747,0.001350153979001334
349000,0.001217269211221375,0.005411398857513968,0.008465531784167979,0.0003234372596685157,0.0031699811630529393,0.0067818616849503344,0.001586297931534054,0.014556038908517175,0.01692886128629756,0.002880153500882443,0.01510584717637099,0.0020504239874586643,0.001122143225846671,0.008065330408002907,0.008899608790285557,0.05020394765385087,0.007721890053831192,0.001051737497803089,0.0034753212509843123,0.010509578752753441,0.003081887755074429,0.0057213824802602176,0.005586830499766317,0.02084539144804391,0.005731162953264766,0.005112651945091784,0.002301024760380378,0.0034587293269699635,0.001924972742819912,0.013288691866628436,0.009938333241928679,0.017043568041677084,0.0006758138951152676,0.0008795985024181751,0.005815802240653688,0.00018078859109290794,2.40027717967226e-05,0.000211603975003527,2.2507301349537283e-05,0.00017947959872799402,9.366478022071349e-05,0.00014805186947342008,0.00022394286988856039,3.9466422956473635e-05,0.00012701872130348516,5.8446818530403073e-05,0.00021278531036179565,4.585613515839526e-05,0.0001125251983437622,0.00011027950743234463,0.0005028402540469519,0.0003738622375143071,7.61973005865002e-05,0.00020768511544423635,0.00021903880431260592,3.537737254853048e-05,0.00016615270189054515,6.310388920383048e-05,0.00013080191279691967,0.00030409998950325153,6.631921975592074e-05,0.00037858540606667965,0.0002720583889394372,7.206890134139112e-05,0.00031100053315134975,0.00016428591761915448,5.027620165622336e-05,0.00019096215380176227,3.2416708492633006e-05,0.00026346390908840186,0.0008815436478471384
350000,0.0015945835214404575,0.007099899511861925,0.009439579165397541,0.00035354695658567763,0.003006345844933324,0.007934554180662547,0.0019809256620881626,0.016282565422800106,0.0196330207545687,0.0029094379060552455,0.01656882677442483,0.002565603303082753,0.0013036215415481959,0.00868783678814714,0.010751932944977479,0.054939784774433065,0.008028820550818983,0.0014735379070633008,0.0036878596386356677,0.011006619227143043,0.004037016030019913,0.0066418050623074775,0.005585160244469686,0.021743759675882757,0.00633171177500954,0.005881545424927026,0.00255817234744515,0.004322533006416052,0.0026837886393289356,0.013439523451398276,0.009988804596747893,0.01817748765908898,0.0007802780319963176,0.0014644871150298862,0.007178895538042222,0.00026218951115554646,3.0646699328647296e-05,0.0002818531670114184,3.313399378089069e-05,0.00023902078510218416,0.00011387310716800807,0.00017225286865141243,0.0002847763595127617,8.798642704134277e-05,0.00017920548024161881,9.10920503136887e-05,0.0003542165037974324,8.40886213318015e-05,0.00018983373780852633,0.00015655290520622987,0.0006620334163244479,0.0005032305762142641,0.00015363153615908232,0.0002491604264294586,0.000287971426587319,4.593744901368072e-05,0.0002539546592899608,0.00012766717236445402,0.0001544572222024322,0.0003523578410330139,0.00011115735748414105,0.00044831027399859817,0.0002903191265741296,0.00013151303330216234,0.0003671562820575976,0.00020451502516740316,8.787121704959386e-05,0.00028717886461364855,4.5335290636216996e-05,0.00034222844439353735,0.0010523218326852657
351000,0.0014765228429250536,0.00773281433093534,0.010047351496420257,0.00041201604033351313,0.003403012884288578,0.0070013660255686515,0.00193311636282869,0.014732319254108006,0.020452298722038673,0.002766911216895096,0.015332495052877485,0.002603099973737476,0.0015003989537945017,0.00847739248787217,0.013241307982346316,0.05613634687718635,0.009057998837869534,0.0016477909893747214,0.003966229771841816,0.010921850142258336,0.0037786206907583163,0.006794376982205514,0.005355321957564835,0.021218442963436245,0.005625327664231932,0.007536026067100465,0.002606631754111555,0.0044408551020751474,0.0030786219980869006,0.01325968811344806,0.01099507882570227,0.017544857427800216,0.000972780978008595,0.001092355535087505,0.006976979004321038,0.0002303487557213657,2.1510750817442743e-05,0.00021158769484166194,2.7160776298787603e-05,0.00019561795443223673,0.00011562421032865731,0.00015316504413931398,0.00021293756599334303,7.722935699922872e-05,0.00012367744198902648,7.267286039101302e-05,0.0002501900510834961,6.465743986083794e-05,0.000156678100936382,9.315975330537185e-05,0.000566470528654533,0.0003619690426906648,9.794919624255272e-05,0.00021520867861055397,0.00023277451541146328,3.067866745451201e-05,0.00019206208676761342,7.413067748984759e-05,0.00011458344914672125,0.00030687922502553334,7.958829664858058e-05,0.0003976954896621288,0.00022440324478044136,9.644840101500122e-05,0.0002805984024437041,0.000182529987713023,5.754175312436668e-05,0.00026005360993582965,3.237611279871544e-05,0.0002607620996831192,0.0009090257750358433
352000,0.0014562011240348118,0.006684667171308926,0.008726796653112009,0.0003678151040276134,0.0026387113229006153,0.006764917102243219,0.001686041259569221,0.018384166328556318,0.016438306284006887,0.0026875823823502287,0.014057300306758183,0.0019081403382614907,0.0014600560115826684,0.008001774992545976,0.009118817224054295,0.04181197015168436,0.007767678362575853,0.0015288211024993342,0.0043457754977030815,0.010292995845690408,0.0033650591557200364,0.005496241867279293,0.00474555004897411,0.02113173940839867,0.005344419671711789,0.004739497345872224,0.0022188031493897142,0.003938798542246029,0.002581533635042005,0.013173229867759565,0.009786383523314726,0.01638403807121974,0.0007579614648825292,0.0012919791543185436,0.00606234447574631,0.0002270255855835655,2.4430887800002366e-05,0.0002760205959682273,2.7477848135846678e-05,0.00015967914077918977,9.44267454364782e-05,0.00017968011798075167,0.00023529864574811654,8.444080842644708e-05,0.00015009431246988626,7.386637575755069e-05,0.0003023029033285415,5.394747623022056e-05,0.0001829531266762701,9.26923310709588e-05,0.0005286356454584725,0.0004949975433798196,8.893610229279147e-05,0.00023836446747068572,0.0002683989616092856,3.257826483604731e-05,0.00020694395322695322,7.540164904185076e-05,0.00012076764148282059,0.00030063433733070827,7.257195369068844e-05,0.0003986389830813966,0.00026038177836927324,0.00010265297812299839,0.00029185276636983163,0.00015431917694397047,7.189969109536573e-05,0.0002506321921757034,3.0045799768174675e-05,0.00025024699647390266,0.0007259829086251557
353000,0.001598907567227257,0.007361238432134053,0.009023629600354374,0.0003653589294082429,0.0031110521505772477,0.008069515693932772,0.0020713968519445306,0.015913482563929375,0.01880157152723895,0.0026816139761649538,0.012702183831191368,0.002076509697315264,0.0012929808186582345,0.009042658898220961,0.010914098819536294,0.048545533756926794,0.008654406624026749,0.0015516272221789164,0.0038383098326448817,0.010674170644645832,0.0037879045861324394,0.007144213202731667,0.005064346906353118,0.022569319438965372,0.006031038570553291,0.005916704062838107,0.002191283387952764,0.004287216102663176,0.0026437052632579307,0.011614545601215439,0.008987727768399054,0.016834270717271674,0.000772334210989374,0.0014361497165938026,0.005852820504413912,0.00023202119708441517,2.6332177869012174e-05,0.0002053984243172057,1.9552575299329248e-05,0.00015484979212487815,9.993046842524525e-05,0.00015723938713563257,0.0002028527273068903,7.537222134751094e-05,0.0001517157475590418,7.172714763125246e-05,0.00023895799460118278,4.87305500351809e-05,0.00015139892798582218,0.00010342623615790878,0.00046403402454171344,0.0003634938717974971,6.91933824782609e-05,0.00021320122300958432,0.00023213954858059376,2.8521659373836883e-05,0.0001923918928706146,8.58521464124351e-05,0.00010082362573232078,0.0002898431188756289,6.790896350139519e-05,0.00034363484755837125,0.00024997840484451846,9.740361830760473e-05,0.00026676191636296507,0.0001539389117304133,4.1048191990609795e-05,0.00021718793118598716,2.9109749377198568e-05,0.00024358422420586327,0.0010467150546901393
354000,0.001380558653218523,0.006074248146803627,0.011003342066942423,0.0003469527207156576,0.0031935258861428535,0.006797310297510454,0.0020653286385734853,0.019679449341364327,0.019157423437580385,0.003118360196822323,0.01605467778137137,0.0024064115918454075,0.0014655533236553752,0.008955155419051041,0.011435398981891066,0.05537167268084886,0.008745907239461389,0.0014798955260031809,0.004183075939051507,0.012036663760494169,0.0041646326216419555,0.0062934415865519054,0.005549241438396469,0.024213879918291544,0.006617162904380137,0.005031711643096059,0.002543695688920648,0.004374542225984139,0.0025026882938725655,0.01330200984704143,0.010624949731378971,0.018776490608266052,0.0006665202668111411,0.0017231328286386066,0.009367068488144368,0.0003018835180869571,3.274846223738929e-05,0.00030920800773773493,2.6844108402020723e-05,0.00022953800316827255,0.00013548871230012352,0.00021190870120335603,0.00031799704920558723,0.00010009566308087272,0.00019762698006592185,0.0001004233689117078,0.0003480331422810866,6.952737743493032e-05,0.00021275263399557248,0.00017695284391679294,0.000725136565905324,0.0005918849619774846,0.0001067320852598641,0.00029629975855344556,0.00035372437484730996,4.6247905960295945e-05,0.0003087867915246045,0.00014774932924410678,0.00015822227889354204,0.0004366319864192729,0.00011179409545244804,0.0005583830295587979,0.00037021950718057,0.00015258619656411643,0.00043730720709491934,0.0002513667724020092,8.913014854832519e-05,0.0002862352878430955,3.985108256898684e-05,0.00036617595217366283,0.0010686912064556964
355000,0.0013450481526126317,0.005988191424236262,0.009866445335622606,0.0002684819777396814,0.002958073086718494,0.006504144270106086,0.001906478206834553,0.015161735121592738,0.019888173301339948,0.0027083325694547966,0.015303304656131164,0.0025855582361127374,0.0013347388036587897,0.008044997957519874,0.010690923666869126,0.05297201010307617,0.008213873160500606,0.0014518147625586849,0.003380661579805227,0.0112915981545666,0.0043711987843419835,0.006464774059038193,0.0050451116274416565,0.022406116228861114,0.005548154490656637,0.005678822624031454,0.0027500583417555216,0.004179825625518181,0.0027979243967873866,0.012086631023961555,0.01097922425896589,0.017979598523547444,0.0007670670403723096,0.0010606033549350308,0.0070664825343556,0.00021531601710884324,2.084845416193634e-05,0.00023705349444340257,1.897999335465485e-05,0.0001978191925218198,0.0001059906581218079,0.00017272531522394274,0.00024335889083886285,7.979131018337764e-05,0.00012156309124795945,6.322655000872146e-05,0.0002556954405646824,4.480889876568028e-05,0.00014235387374716586,0.00011708863687751794,0.0006737124334729463,0.0004809166445435646,8.464118363917805e-05,0.00025691665976001804,0.00025319039390336097,3.4276091190060306e-05,0.00020475969370059458,9.18273224215227e-05,0.00011869454326390244,0.00025350002348344645,8.37303523439914e-05,0.00040303652633488665,0.00030557861945078877,8.800122883905453e-05,0.00024222299948127734,0.00016076087228180744,7.412552378939705e-05,0.0002683254500537875,2.5228613264260957e-05,0.000255492284231266,0.0010073902405565605
356000,0.0016973933800334242,0.005956515695692765,0.00969997341386867,0.00030263301197150074,0.002556333465322438,0.006881102961155453,0.0018026993226568824,0.016330965533473085,0.0190990804788104,0.0027564709380385466,0.013838596232565096,0.0021840965917882776,0.0010035243342854576,0.007518685806644498,0.009352214871871505,0.04657622049429241,0.007461236611518308,0.0013582957743650855,0.0030624767937946933,0.010187373177141126,0.0034142833981945842,0.0060188070991508925,0.004509470166946509,0.019208068194954346,0.005066350252130336,0.0051813869155012075,0.0020268207661450605,0.004424022223247448,0.0028321207180852072,0.011525221802003216,0.009609615313723528,0.017353157967311114,0.0008847937243650414,0.0012473624619762506,0.008796412501801064,0.0001930290559682492,2.456667042481872e-05,0.0002772628009056048,2.4962913704279432e-05,0.00020960058668606507,0.00010421140498927325,0.00014620928732256289,0.00023164260037447093,7.489220747390248e-05,0.00012125835241692442,7.0217484440503e-05,0.0002421323127300798,5.4468033363619384e-05,0.00015626469300694475,0.00011277960617338645,0.0005265343886706502,0.0003496759597207226,7.662550233362708e-05,0.00022306610872521783,0.00020645328575106948,2.9762368636842108e-05,0.0001939094500245432,7.386004256204615e-05,0.0001269793483263331,0.0003271178984645163,7.69017781446261e-05,0.0003857624866979129,0.00026838663516289045,9.908294236173878e-05,0.0003467212433558113,0.00017577604353612974,7.423178307622688e-05,0.00024519173779075624,3.185358262669524e-05,0.0002713106346412232,0.0009393804371939041
357000,0.0016355684920936993,0.008891079561888345,0.009897149703344136,0.0002764737856645857,0.0027261809044358425,0.009336672340785819,0.002082075755190031,0.018104289876646362,0.020073068627373722,0.003304686804767698,0.014526301411316115,0.00229821011029975,0.0012896179341072584,0.008415500622725107,0.011317113132484818,0.05081657896153047,0.008602014911026518,0.00162199134197929,0.0035073068954391473,0.011173777456097014,0.0037051317374719546,0.006992047174727694,0.005170892144208968,0.023891047609504314,0.0063533371497229265,0.006025962927378714,0.002387279930131157,0.00467181890902187,0.0024869153211886227,0.012833820915294647,0.009770797652405842,0.017137511633336544,0.0007101606770622591,0.001624390759854239,0.00662661889863456,0.00026199202839701944,3.0268259399989755e-05,0.00031164860204378124,2.0051963673152834e-05,0.000209915871892008,0.00010301658440607269,0.00017702334025671007,0.0002431280237942701,7.876599595060964e-05,0.0002166780321491196,6.994217613883587e-05,0.00027459097597720597,7.274772065279933e-05,0.00016200382143865524,0.0001567205455847381,0.0005207405349350525,0.0004528216340986546,8.758369731367565e-05,0.00022943685782630214,0.00030845359946522814,4.069971489364186e-05,0.00023052813783637719,9.088031993087498e-05,0.00014883072426780726,0.00039832334703952745,9.418150105678554e-05,0.0003819181884016147,0.00028716545127778134,9.977469530772273e-05,0.00028639567204259545,0.00021336971268761748,7.918590498385518e-05,0.00023796297843692662,3.7333257338900694e-05,0.00027808351564197117,0.0007669251368497499
358000,0.001578269774924863,0.006771203297561173,0.008027977455943377,0.00036062135688483135,0.0030173943083999675,0.008601372570930315,0.0018342458184164453,0.016469291488914784,0.020162135797898925,0.002552281894168118,0.013303060116290177,0.002255539886094511,0.001248861440575583,0.008513396400634188,0.009825772580584539,0.04531933879631348,0.007163152829239802,0.0014430212135658057,0.0034717045891738962,0.011235210837379175,0.0034365879080374166,0.006310366030187912,0.004666319112426815,0.022634623704167703,0.005227415128574071,0.005863091221544892,0.0021131177528156014,0.0038705459413298136,0.002634608103065094,0.012393982251523994,0.00953115663001275,0.016745179916212622,0.0008544859530624868,0.0011472881069547055,0.00805102953422142,0.00024140621560572332,3.042340730162682e-05,0.00025708356919163964,2.4979151551480142e-05,0.00022965772041061427,0.00010176535527793543,0.00019495838660077425,0.000263291496776219,6.626636276881694e-05,0.00015239275635873414,8.058900657630375e-05,0.00024909940233747445,6.594990837172077e-05,0.0001539202552882263,0.0001433323471825464,0.0005448337052747285,0.0003972305761029323,0.0001004375266347779,0.00023246107315460496,0.0002573473121346665,4.522343690702903e-05,0.00021161879356695472,0.00010066810420994443,0.00012836181920445396,0.00034264052697975645,9.617670257284771e-05,0.00043902301840056853,0.0002779688883560151,9.414622454560149e-05,0.0003443564374821209,0.0002512956860606245,6.695018510072259e-05,0.00024255927275506468,2.850463497239275e-05,0.00027830756126612325,0.00077282647107495
359000,0.0014602654914965937,0.007321398439267391,0.00885326266628302,0.0002550233743022545,0.003105524110973811,0.006694345069783074,0.0022043897138979856,0.01599465829752387,0.020246230827521534,0.0029858353846066166,0.013943171496088954,0.0022470581000617333,0.0013355987673893458,0.009128546335253332,0.010688716710223268,0.05641804618123084,0.009565176158373236,0.0014380270161071375,0.003757943544249948,0.012565279230232894,0.0038193720333520803,0.0068179579918380894,0.005343380927261023,0.02395362824900076,0.0056765382678494215,0.005279261339455843,0.0022953501688019267,0.004030238457441253,0.0026440457598415805,0.012162202063219382,0.010711559022020083,0.015399229706068022,0.000804313814665665,0.0013424936399577174,0.008347788927191383,0.00022658233930883398,2.8876253612440306e-05,0.00027358746476900046,2.317625060104218e-05,0.00023779299499437911,9.508884964608365e-05,0.00021099806417623768,0.0002796995519020129,6.255486093658347e-05,0.000140540066109009,7.931802688818022e-05,0.0002797483973888136,7.340366091668216e-05,0.00017183942072772975,0.00011578683089200322,0.0006431108515786176,0.000511474221032889,7.840383550501428e-05,0.00024189793379152935,0.00024312251060046978,4.5268114692217665e-05,0.00020913004136575612,9.602096895378054e-05,0.00014701976704145636,0.0003387504812263405,8.805859427714798e-05,0.00046360563119403087,0.000327962835016209,8.243075336264024e-05,0.00035422879247764486,0.00020450194092415006,8.680309422613521e-05,0.00021555365139251434,3.69144411678235e-05,0.0002954680204452836,0.0011297722216113471
360000,0.0017978162070018723,0.008704568467187023,0.011236553371721433,0.0003075400292240934,0.0031390410044935643,0.008478474088146217,0.0023389223406411475,0.019754020980768724,0.022628084788067687,0.0029547790181823075,0.014344033269312436,0.0023109113258679105,0.001446204328782518,0.008686347222134249,0.011073460240945946,0.06489280925779894,0.010184868566154495,0.0018467152430149108,0.0032897369045323493,0.01197244832609916,0.003949564847099597,0.007277565686568518,0.0060612317401197895,0.02467839465631793,0.0063826670710922274,0.0073429144336842,0.002510817442095187,0.004649459824274042,0.0026839685662279783,0.013526423246085254,0.011221876910810048,0.01762039323623937,0.0008802704692811858,0.0016097848850878044,0.008373139728266525,0.0002098137343052388,3.357352524814342e-05,0.0002832452907816994,2.7184357667827124e-05,0.0002164400182209647,0.00010103309571839399,0.00015804593886059592,0.0002791228958813008,8.562139252813052e-05,0.00014539847784961142,0.00010316272115541583,0.0003362033573881618,7.277956963314125e-05,0.00016846159745447385,9.915201661153168e-05,0.0006258984828281637,0.0005109913975805588,8.909351327019976e-05,0.00024451652651044485,0.0002779786590163612,4.39990930322603e-05,0.00022267431986424478,9.806408718304738e-05,0.00014395681511006033,0.0003181620383884365,8.539478294551372e-05,0.00047814393370958653,0.000296424708709411,8.367456577026453e-05,0.0003883600840910933,0.00018766891441761752,8.707658223881611e-05,0.0002242582827372427,4.201755545807373e-05,0.0002551078674292787,0.0010303223752998747
361000,0.0016132630102576415,0.0065143515654468775,0.010117634839843959,0.0003267987610447912,0.00292056229563623,0.008171075007079967,0.0022447352122042267,0.016715700268048073,0.022812825559882025,0.002691551071620779,0.013820009804364002,0.0025853326856586324,0.001573136102348199,0.008797796207931462,0.010561857492704054,0.06684733060956205,0.008551053509585299,0.0016105294620317608,0.003935746745680392,0.012243886536101247,0.004203966642799846,0.00721875711652891,0.005914488057048099,0.02044458840197573,0.006167249653016269,0.006305884220637381,0.0024815616787625385,0.004168449387786192,0.002849319705958752,0.012715546176261869,0.010674666262954512,0.016920830096261434,0.0009391915876904022,0.0014030625743596955,0.005442539714648673,0.00020931618610323506,3.050838884408485e-05,0.00035142876400972125,2.463925650441108e-05,0.0002265728894599306,0.00012138170454866841,0.00016525174851267366,0.0002750598339844146,8.977504636444984e-05,0.00018692735081554259,0.0001038404594717284,0.0003749033422066037,7.826710041847207e-05,0.00019685543315678592,0.000155539325946434,0.0006236074667517991,0.0005251062787768509,9.754073125805008e-05,0.00023869665413685096,0.0002982784085204536,4.1534970819157024e-05,0.0002198820538685522,8.485562636906252e-05,0.0001709563226263021,0.00033147698567028366,7.541567829321139e-05,0.0005098836923563247,0.00030342976525069525,9.487906591808446e-05,0.00035467891312792845,0.0002587652303462802,8.88866765892869e-05,0.0002567950418169957,4.288893106974001e-05,0.0002893041297826711,0.001766933043836616
362000,0.0012776480953230144,0.00596720450441892,0.008677869547379183,0.0003216835649114868,0.0031434394510557193,0.006109337754813688,0.0017684757924965402,0.015689169302633817,0.020578561020162357,0.002561429722845787,0.012515036797246725,0.002262990735196544,0.0010431100441068834,0.008020384129684482,0.010487135714056956,0.05339523563588955,0.008293333820845527,0.0013127935640631786,0.003308082860062963,0.011474428477473946,0.0033594608616930636,0.0059904723639192525,0.004936628293447333,0.021935543251068643,0.005437606346233571,0.004783881432376802,0.002029210704068323,0.0035541834816588866,0.002275059481326025,0.012206648359654449,0.009963870725235514,0.016329840123384762,0.00075344020276064,0.0011541154565240378,0.007058747557291806,0.0002261900884060911,3.5192234603330595e-05,0.0002972766589499026,2.8721200744465855e-05,0.0002532529504151171,0.00012513448016887466,0.00017375227116644965,0.00032594213607808344,9.346274962234402e-05,0.00016725932272325543,0.0001036332051309533,0.00038831569343911773,9.099308783611093e-05,0.0002363877325765002,0.0001301566447761037,0.0006608854526907984,0.0005543961609267475,0.00011416422130423598,0.00026728749227394085,0.00035312065972840207,5.058464215711535e-05,0.00025621401255682607,0.00011300582946205395,0.00015867321677534265,0.0003693655599853138,0.00011991814074766202,0.0005361444975635525,0.0003808583680819521,0.00013647179103655444,0.0003660879544137667,0.00030029543921801787,0.00010518968461578229,0.0003143530544697282,4.402190125318839e-05,0.00030327008766443893,0.0011782449466409162
363000,0.0013597984797515154,0.005717225752084266,0.008979329761132249,0.0003164580202757441,0.0027967758498700186,0.006866666887487684,0.0017970598660359692,0.015492485663201603,0.018633332910612692,0.002936144774139393,0.013844408136697265,0.0022270900678579763,0.0015457673271708754,0.007993353084781451,0.009741236725034576,0.04826653324956472,0.008910410328012187,0.0012060737670576082,0.0036362730456208476,0.010392211359733968,0.0038778636305835334,0.005828023944819246,0.005639578574167293,0.021631966174269716,0.005604798940574198,0.005542213981971145,0.002523290850508748,0.003421288290458809,0.002346164501624812,0.011344453286813317,0.009662054081321305,0.016206965031764973,0.0007902997724777641,0.001360607353120052,0.00528965311766822,0.00022045221258589924,2.609203630604976e-05,0.00023175376670472113,2.4804160567870335e-05,0.00022396289773496392,0.0001257258543382535,0.00013860009357813396,0.00029383468463493043,7.962654430421505e-05,0.0001595609905698917,8.867321716325348e-05,0.00029417447702048536,6.934002360381442e-05,0.00016609442501044997,0.0001382709259897555,0.0005437146368666827,0.0005663569136231672,8.9297062913829e-05,0.0002629163752075959,0.00026056699306505396,4.41428492815083e-05,0.00021848701708809278,0.00010076135390590935,0.00015042889191995023,0.0003225043203691222,9.701772475333807e-05,0.0004512611109419751,0.00030766842568002376,0.00010909590864193396,0.00033300970648674085,0.0002721040427690678,7.144441893355438e-05,0.0002691246607835986,3.506730267588409e-05,0.00025612770125443596,0.0010506337217520922
364000,0.001387858184923086,0.005834908685048706,0.00782883036451191,0.00024706257957299944,0.002505666329783754,0.007605019291596753,0.001949984676626158,0.017770373957408117,0.021489938954590785,0.0026660451185307465,0.013729158872188741,0.002109519643658577,0.0013287228727924892,0.007682757942623566,0.01069761924633948,0.053372124650195474,0.007744027522914534,0.001048609097180608,0.003189347756623257,0.011848211286657412,0.0035663776701644915,0.006057436312403297,0.00571660422955271,0.023240398413812122,0.005822668674458299,0.00524136055028066,0.0023414327273668834,0.003111953442385129,0.0022668712429174988,0.012610347715493728,0.01031174303405957,0.016832288699403692,0.0006698210846510532,0.0014493838659957472,0.00594188518294282,0.00020040421144074116,2.773993086117792e-05,0.0002452637662083196,2.136370321832475e-05,0.0001827937592224771,9.61752756807605e-05,0.0001601389021743671,0.00023628162398381392,6.370134687322686e-05,0.0001090569775370616,5.8943326929344105e-05,0.00030046042912034495,4.9216995014589315e-05,0.00015799747190263933,8.141910769733262e-05,0.0004942173106883274,0.00047491701055453933,7.401845232379856e-05,0.00022647456423829698,0.0002564648432561281,4.527995250730948e-05,0.0002053577092068227,7.197694668548138e-05,0.0001269673583945203,0.00028188960200168365,7.857501126030305e-05,0.00034313473347733685,0.0002746987774852667,9.09411045364601e-05,0.00026149625874596596,0.0001700448360834757,5.315716271070414e-05,0.0002135529365060487,2.9859401440290867e-05,0.00022636273311724202,0.0010378362108895089
365000,0.0012355864619166823,0.005178499725540557,0.010554703562775103,0.0002696905221000634,0.003021972763062992,0.007181131039812628,0.0017100488231306136,0.017925882462769355,0.020911157103708757,0.0026327613413741346,0.01504212679735505,0.0022411236706310384,0.0012689454522456579,0.007836292287169217,0.009608285962937824,0.04708953264980664,0.00769393861143423,0.0013150784849315215,0.003229457546435047,0.011322101771487117,0.003326913230385851,0.0062602138966342735,0.005428973602829501,0.021362076402874665,0.0054634355853075195,0.005000365828163922,0.0025063452856395616,0.003668660856116427,0.0025388619821409093,0.012986208553258856,0.009788671362427219,0.017713274981360883,0.0008531054953620626,0.0012206778381390227,0.006443017653105522,0.00022711820522707576,2.4907686162572118e-05,0.00022507308924766468,2.2139767903568043e-05,0.00020757635115842277,0.00010972515901219962,0.000148569513385155,0.00024147225412889383,7.851998413786389e-05,0.00014100052134333389,6.957668151993548e-05,0.00025659260512711306,6.284970089964759e-05,0.00014033530636299536,0.00010313394076630092,0.0005118960535338165,0.00045320656621091376,8.334303020092193e-05,0.0002491293510000996,0.00024236362276434224,4.3712514907797e-05,0.00021607295304655112,8.304675520776073e-05,0.00012968322530721506,0.0003068088929152369,8.048223292765518e-05,0.0004200184032616826,0.0002730160762906861,8.573308190256005e-05,0.0003448246263562598,0.00018404122437453685,6.325259986234804e-05,0.0002143603746932132,3.727014107823834e-05,0.00026342776973557313,0.0009104805292736273
366000,0.0014642559037961415,0.006370124917372811,0.009277049708240762,0.000412377862357971,0.0030552523095610912,0.007168829174978393,0.0018451257674314547,0.01813944271574049,0.022570178253165322,0.0027956880403507967,0.013487867055377092,0.0022325965713448845,0.0013735633033458284,0.00887873409476125,0.01034763434966889,0.0534279062474828,0.008406926259816655,0.001257555125805452,0.0034019846170849632,0.011325900282099611,0.003942056663749309,0.006816423595280087,0.005441348684422943,0.022731226005513843,0.005388542332978446,0.005542119208257645,0.002356476761178783,0.0036499268741560322,0.0023259865380275777,0.012728104728012113,0.010035437402742294,0.01716268488850731,0.0008482978595666807,0.0009765911985818263,0.006106502729784956,0.00020087418672939554,2.9967236008887038e-05,0.0002742164854019145,2.367505286990736e-05,0.00020809812576771947,0.00011768414740925708,0.0001753719666339748,0.0002578174391601351,9.209132939471793e-05,0.00016718400212850708,8.06080645342076e-05,0.0003035605289393348,7.043683467511386e-05,0.00018197139249309657,0.00011896127406626792,0.0005729314976983565,0.0004451063111143109,9.95939080894459e-05,0.0002484351247477782,0.0002771211756821842,3.501269532596945e-05,0.0002680455559423154,8.907900894428167e-05,0.00013395602389386517,0.00029974579980402127,8.408014091401128e-05,0.00043382129603402377,0.0002838331542673384,9.764681399328847e-05,0.0003261292557807691,0.00020148829376661785,6.168693393452227e-05,0.00024827675838767413,3.811829522604171e-05,0.00026606762478976857,0.0012316726642893627
367000,0.001853774980633249,0.007710551795214458,0.009790119618022194,0.0003875205241736414,0.003147226226764924,0.009138328979523587,0.002064492722169117,0.019950269956597384,0.024022385943862325,0.0028949854931852315,0.01777717533965457,0.002722959806881275,0.0015320744516264479,0.009093491852058143,0.011899154722349896,0.07473457046580734,0.00952755185170688,0.001615640635889899,0.0038929432116024793,0.013260689678815349,0.004252827880646219,0.007385308692911556,0.005917454708226918,0.024346227936136226,0.006629611803440466,0.006509587063919753,0.0029218394554391125,0.004515732259581758,0.00314837871804176,0.01681862454373209,0.012604299504261385,0.021677191082674723,0.0009597053306960718,0.001477913512200419,0.006637730432582127,0.0002583884902845414,2.9740964342594405e-05,0.00034160200836843365,2.5275956124367066e-05,0.00020309064666435006,0.00012306451969471767,0.0001640769974073919,0.0002913601158070378,9.723881826654466e-05,0.00018055564307695404,9.484612810654524e-05,0.0003148067375062518,8.025514934750788e-05,0.00019780647891491692,0.0001547641477372963,0.0006402953330315051,0.0005704681085868893,9.085213350772392e-05,0.00026836603676053285,0.00029389523356728424,5.008157085161326e-05,0.0002792062525200421,0.00010391110845375806,0.0001362185988429903,0.00038900468143765465,0.00010876916264048001,0.0004518558907459929,0.0003108619700313924,0.00013324227683091244,0.0003723912187625602,0.00022951715527597116,6.925194358180826e-05,0.00028021202415056697,3.202832988336013e-05,0.00027343390989057403,0.001428129698615521
368000,0.001451863121375838,0.0062600041385815495,0.009708900870161111,0.0003542411619631681,0.0030143760615161065,0.008238988861973797,0.0018674425266527255,0.018126705026767085,0.023696202176488785,0.002838008658727631,0.013609792475400343,0.0024208602052549024,0.0013221590934060232,0.008103775097934527,0.010421238463972901,0.06493856386684153,0.008214184580711367,0.0013333525093912613,0.0033817723228172065,0.011010425624129615,0.004311112653960856,0.006230207159075819,0.005801031024190403,0.021065188756134983,0.005868269567029543,0.005646046868059784,0.0023640428704648883,0.003580943838339105,0.0025304063629044,0.012813369151356915,0.009846288941528959,0.01774085532927599,0.0007540747943710795,0.0013671806044057606,0.006169542106767444,0.0002325558936888683,2.7999188086363047e-05,0.00026955916010510094,2.496413747802576e-05,0.0002244920603970968,0.00011756482863353675,0.00017176935807583504,0.00028477965897764077,7.722032033765764e-05,0.00016658788340943206,8.476383127497148e-05,0.00028245252922300877,7.558697390663838e-05,0.00018030439353871206,0.0001460894947575236,0.000576421309214171,0.0005434026522076844,8.12273683550302e-05,0.0002627995160894768,0.00029714963050631423,4.7321283390870534e-05,0.0002423278011246043,7.950004408030509e-05,0.00014585030857637725,0.0004063890213833824,9.410846002235e-05,0.0005042438662275178,0.00035170737687853607,0.00010112972369357965,0.00038672062692057807,0.00024117131375730907,7.18922239814544e-05,0.00023208584147240625,3.54126856620951e-05,0.0003187609133931824,0.0011362645600456744
369000,0.001478538978990646,0.006007298897370843,0.008355061012480292,0.0002881422518035274,0.0028510598680487084,0.007770433065681053,0.0018991042352647656,0.016909429777400623,0.020003992412129367,0.0026201695545751136,0.013320716160694841,0.0021958976151892078,0.0012132828703739285,0.008317053526876738,0.010656417692970375,0.052860870016350724,0.008195470499296269,0.0012796251996428796,0.0031761552049179693,0.011110085453692591,0.003776216763393537,0.006341240165576372,0.005646470133870025,0.023198071927375472,0.005889497116330613,0.005582325847353786,0.0021641320840386,0.0035973287604065263,0.0025345721393344265,0.013060396283817095,0.010107848258776357,0.017113045384086527,0.000775398532630115,0.001297128608363236,0.007204761789883681,0.00019872151612381522,3.0135689906641898e-05,0.00029335250829634873,2.6887306178086437e-05,0.00023682491439558362,0.00012710749864893047,0.00019914795439035515,0.0002797217604893376,7.478914727399617e-05,0.0001436370031713427,7.405688991894977e-05,0.0003275346701213908,7.335348561721133e-05,0.00018717882651854184,0.00012998614775741854,0.0006504986978807909,0.0004741971188195748,9.511873140581884e-05,0.0002629392868269007,0.00029813519782253243,4.0860331084373186e-05,0.00024022946743531965,7.244709365750168e-05,0.00014940017187351864,0.00040601035536663125,9.071680190875971e-05,0.00047672701140483344,0.0003124109342154371,0.00010864300912208482,0.0003298599120979715,0.00019810366758410847,6.590174666598614e-05,0.0002640602386150127,3.0485536484547993e-05,0.0003149559181871277,0.0012150817339716014
370000,0.0016235865708876117,0.007366306984530874,0.011128317969754184,0.00031722593456169515,0.003015787358683294,0.009060315937469048,0.00235410007403956,0.0192964438498237,0.021558200289317465,0.0034344439700362273,0.016115961351592156,0.0024987246814612727,0.0013703203819177086,0.009611095053900719,0.011034026807079928,0.05404446597034015,0.009617289981655458,0.001496536842014278,0.0037645273587259,0.012898107498901178,0.0041613791648169,0.008167154512583303,0.006463135418768313,0.025631095934659242,0.007379870245651026,0.006676359660923481,0.0026914721691193863,0.004375094423570165,0.002986184007707326,0.014550844462533977,0.011974473414350845,0.01934553116398792,0.0007894229174999404,0.0013720916123855754,0.008944824131807158,0.00023365214895980962,2.8371194381511606e-05,0.0003121551633078277,2.01688611018215e-05,0.00021596203987428453,0.00011608576460154855,0.0001879424044091138,0.00028691402094409567,7.79646822898509e-05,0.00016507229321465082,7.718208999928525e-05,0.00034353652588498863,7.728576146170951e-05,0.00019053323820740248,0.0001184718414813026,0.0005914196053936393,0.0006123027105786605,8.393410826101899e-05,0.0002784275915176722,0.0003264699064010497,4.0427873459107516e-05,0.00026804514820508315,8.804446588328574e-05,0.0001453020665217587,0.0003930700547086347,0.00010437775830117365,0.00043655168988140355,0.0003141592640055798,0.00011763104014806247,0.0003671308810832367,0.00024122891940064678,8.526847649851074e-05,0.00025025964080794074,2.3125234900334135e-05,0.00032140956863021977,0.0011057319890824147
371000,0.001386744330467401,0.0057530045513111095,0.008618340629254817,0.00028053917537992955,0.003092275904801002,0.007418300041795841,0.001674262913624144,0.01590451791563443,0.020131751420983245,0.0024068689126579557,0.013774045600762798,0.002296789823995656,0.0012588848202898534,0.008329758216446366,0.008568145876608254,0.04996904123648468,0.007607885962637998,0.0012387626999112353,0.0034019943528359625,0.010946562896715478,0.003502345863274041,0.0060556327529671505,0.004945927197647203,0.021405071233554434,0.005465516473801501,0.006024865317158401,0.0022341747466997175,0.0035487585961770187,0.0023854257959208232,0.01207056045349154,0.009957748570498855,0.016864481632812664,0.000783687089974723,0.0013117050681039685,0.007316646533783771,0.00022641306008860544,3.118937550090394e-05,0.00028006555591921574,2.5319993246246514e-05,0.00020446033977350453,0.00012132512641078682,0.00017096003011829453,0.0002427364182949532,7.549546212191529e-05,0.00019214813464235415,9.047370290561827e-05,0.00027759495309622075,8.52553341292861e-05,0.00017511692816822626,0.0001227456349707526,0.0004820659445665744,0.0004733223007254613,9.351289900223491e-05,0.0002237054291721766,0.00026864850148960046,3.857711693006588e-05,0.00023688538895614953,9.404387867562036e-05,0.00013115980996442685,0.0003881450708272146,7.094902533329635e-05,0.0004195132510873126,0.0002566627246128266,9.907974059420699e-05,0.0003291555830300139,0.00018706949658484542,6.377306678067336e-05,0.00024630055120501747,2.6805151346565026e-05,0.000265033632396288,0.0011989601807727013
372000,0.001772840299693328,0.00741088359090672,0.009034460318919931,0.00034865630073349727,0.003092486787748765,0.009272903054287391,0.0022674967981842083,0.018155237032617295,0.021681880156963037,0.0034551618482510094,0.015018570554062019,0.0025398679791411565,0.0014860500759272272,0.009015361044255384,0.009759980539520792,0.04707070126066052,0.009116311485524334,0.0015229009331500193,0.0042198792102031545,0.011989026840225658,0.004209011824358937,0.0065210074608330615,0.006235731626366032,0.022940687738203753,0.006138826382373245,0.006514016236178577,0.0025440496087573974,0.004210314956556734,0.002390928548651145,0.013413090164249297,0.010693283729439524,0.018249657737144914,0.0007790830118002881,0.0017041226933014154,0.008383423139498013,0.000263836672429209,3.357737114390901e-05,0.00026703231469582533,3.189875420881128e-05,0.00022022416214895202,0.00011647755292732112,0.00017563519304530928,0.0002395942912698956,8.786048226738785e-05,0.000200484894979749,7.330810340663771e-05,0.00028922056775739115,8.838933798571702e-05,0.0001825339340959137,0.00014372030636877753,0.0005818807844609462,0.0005861586657071408,8.980664024420549e-05,0.0002846487466889144,0.00027376070378021066,4.6738812092040796e-05,0.00024033007128955138,8.057238295577918e-05,0.00014278795386720353,0.00039441147736257476,0.00010969487266265787,0.0004557887591368042,0.00030888568183282014,0.00011027114830974349,0.00043079082873494673,0.00021567315035504002,8.524896293238271e-05,0.0002355122286636852,3.266379204802661e-05,0.00031266135290537045,0.0014276667337981054
373000,0.0014373854941417499,0.005185813733987743,0.009347606846555815,0.000330129257167755,0.0026696334284506637,0.0070841382590255565,0.0015865941317491478,0.01682101698841899,0.01816542286624847,0.0025011876969074365,0.014064486747659508,0.0020791019738977895,0.0011882013894853917,0.008081961120103986,0.009604449994238914,0.047005144640934304,0.007181011795529187,0.0010655468276000429,0.0032250279411008315,0.010710200991573705,0.0034918078505195528,0.006276163204217612,0.004836866120046276,0.022389854597471035,0.00485598449983901,0.005217557842843235,0.0022434057623176187,0.003326703818553748,0.0023517367974444127,0.012697960609887472,0.009924305902823108,0.01684821369081664,0.0007327145104658082,0.0011725452096724503,0.006534817583289825,0.0002425452645167882,2.3047284497055754e-05,0.00024069974560089494,2.1702736102768715e-05,0.00019408914067753358,0.00010112106091422119,0.00017522419921078836,0.00023119495781429578,7.413782560362099e-05,0.0001626210868751418,6.638853394714975e-05,0.0003215380587303036,6.768576301308116e-05,0.00018256404340804536,0.00010472432321958794,0.000537544252630631,0.0004499881773275168,7.627810355188558e-05,0.00023974319164877595,0.0002668646366459896,4.2835221207000856e-05,0.00022389733251373557,6.284740300088743e-05,0.00013381129017236363,0.0003608189833322775,7.963957214087713e-05,0.00044386181322821473,0.0002813898372951203,9.257239429775059e-05,0.0003013407228233215,0.00020057733516815851,7.198322720926496e-05,0.0002351225549804861,3.9946930947110104e-05,0.0002676033354147585,0.0010490539505553897
374000,0.0015454125469733372,0.00643303770077721,0.01020617174678288,0.00029081020166254,0.0027354321311945625,0.007717369473539293,0.0018466495288990818,0.01809529158123826,0.020010207642463924,0.0028940082047483884,0.015090423722214814,0.0023783394931806657,0.0015566604100361776,0.008785816994228904,0.00957499172342496,0.05493422761446709,0.008226881447756438,0.0013806800678692157,0.004102454567016268,0.011498624768307006,0.003978099069990129,0.0065651863439727875,0.005170371567849846,0.02234242033834259,0.005661599348189027,0.0064454236184246835,0.0025035530868609064,0.004022911785493004,0.002667492150024319,0.013325246862105785,0.010183538442652207,0.01863247652923187,0.0007388714148390818,0.0013614366724585463,0.006642060374562991,0.00022401005784696996,2.7145209603486963e-05,0.0002737553322731401,2.62026449501762e-05,0.0002267739905619237,0.0001193002795859945,0.00019717896975635085,0.0002488006741259596,8.125166128162451e-05,0.00020268331100899224,8.902939295844752e-05,0.00030145716846961655,8.303318922209257e-05,0.0001938508494531718,0.00011889177486326926,0.0005178226355085896,0.0004625461454755471,0.00012184834595245775,0.0002663798729131207,0.00032554831623515226,4.3825907482641924e-05,0.00027647118736973835,9.928981648954505e-05,0.00015285259789581888,0.0003892483501728678,7.94505237233049e-05,0.0004388278906195674,0.00029720079535351304,0.00010849031026909133,0.0003509519657301199,0.00019648364687404333,8.002717601941965e-05,0.0002551469133605897,4.285413036342334e-05,0.00031870938348502865,0.001237119224970229
375000,0.0017042945635177996,0.007237080588378443,0.009493880341930586,0.0002795592319636433,0.0027683988047343356,0.008117348554411105,0.002011972669606621,0.016382318782823004,0.019202411752024126,0.00308401434449479,0.01517713744956213,0.002203100904547942,0.0013856180532567316,0.008404619324568503,0.008964754638744875,0.05456586830435602,0.008114051000726855,0.00147954609182986,0.0038231111918451332,0.011019091104596252,0.0038826579025890867,0.006161751573537393,0.005156606353945487,0.021522544652301197,0.0061396647098508625,0.005990658944938332,0.0023690046954280043,0.0041771175601752475,0.002722194120168056,0.01250443942685266,0.009467944412269086,0.018454958975780755,0.0007932465550219639,0.0016519409369287364,0.007314276572692001,0.0002143823788389097,2.930761651049651e-05,0.00024177315596964698,2.521337261803265e-05,0.00021460481229951256,0.00010204252682095761,0.000168382244737586,0.00025811370123847156,7.881781344191328e-05,0.0001609758642859417,7.497676305823526e-05,0.00026974017275773675,7.097773143271979e-05,0.00017539143987795766,0.00011111012000500605,0.0005700062787669734,0.0004525991395591215,9.53493650740711e-05,0.0002536671104373491,0.0002823855653520601,4.326715077240806e-05,0.0002310428586761484,8.746170090034866e-05,0.00014048847698530962,0.0003431987304268729,9.380635941245904e-05,0.00044477313961747755,0.0002868612384508685,9.893518002066123e-05,0.00036244665110037505,0.0002073218885228713,8.676660299248137e-05,0.0002548882322164429,3.9827055097418906e-05,0.00028490888037388783,0.0013183215007302352
376000,0.0017237410028969494,0.007276996487403435,0.010330539099110561,0.00039142917467660694,0.003067490229862219,0.00810982212091663,0.0016642448433905825,0.015098941500172276,0.020540456717716427,0.0028258737293072045,0.013502837365587855,0.0023687124322183378,0.0014089224363984117,0.008462979647502476,0.01051631950583268,0.05833891533499506,0.008224871806782002,0.0015676050220636056,0.004005279286502628,0.011179783949968018,0.0034497375264134706,0.007065177681787256,0.004847996337727333,0.020419405490004768,0.004900647988896318,0.006441808806266635,0.0023660691478008013,0.004232918003860202,0.002744176044378786,0.012216802194504248,0.008996727800743731,0.016179978744520877,0.0007865600224291186,0.0011598906827033674,0.006203865122895675,0.0002373720183429993,2.185919202652168e-05,0.00023447684039142175,1.9994630857795472e-05,0.00020493817805800063,0.00010155012716164164,0.0001970790599443717,0.00022204325232451084,7.395833112791719e-05,0.00016700582676716487,7.037747616992972e-05,0.00023996780043745005,9.516070140236366e-05,0.0001731871053254571,0.0001242302610493921,0.0006104092960063449,0.00035191069522018853,0.00010862336985155707,0.0002533656760886293,0.00027980778743548056,4.344376212760505e-05,0.0002352391204983168,9.43002668805093e-05,0.00014262350655119208,0.00030763303783575024,9.941867998956393e-05,0.00043098156912939827,0.00028347447459964314,9.337981335905883e-05,0.0002996343555423664,0.00018272912350400842,8.25633782629406e-05,0.00026202956436733297,4.100445636368022e-05,0.00029167527223884873,0.0009196977705869358
377000,0.0014428831758458408,0.0056620856157678645,0.01088229534252605,0.0003386477109345903,0.002677231560770866,0.0065934780702394035,0.0017314868264586567,0.015580949174916753,0.019651152528461963,0.0026674469881982077,0.013748297127362386,0.002007105306375354,0.0013102073364390174,0.00784778766997492,0.009240926665241954,0.054028448344676384,0.007597157976046479,0.001290833779720846,0.0037081110008979784,0.010519393238149254,0.003312267948752798,0.006215201703266108,0.00464395009191018,0.02243767905359467,0.00517066808765415,0.005531860492192208,0.002454192809702891,0.0034627929496006495,0.0023283713829347534,0.01319233237799997,0.009721637531668725,0.017741253771908723,0.0006450639480857052,0.0011396269802960803,0.005595821166934911,0.000187335776975114,2.4030957576608097e-05,0.00027096999490988145,2.0921382175067748e-05,0.00020960636015843193,9.733880893325844e-05,0.0001609375776752131,0.00023463847774110035,6.34570351394359e-05,0.0001351965063888297,6.823364267002521e-05,0.0002604652185366655,5.8142599448807175e-05,0.00015609061998918212,0.00012074795284371993,0.00047103973041395455,0.00043297503846891533,8.820967177598504e-05,0.0002278408437075773,0.00025317434960141265,3.5221654870424985e-05,0.0002227182116091357,9.75913170577769e-05,0.00013166623213894328,0.0003227290624828618,8.101567849128817e-05,0.00038753313493673406,0.0002548992612829621,9.200004708602776e-05,0.00027762041241253936,0.00019089038608313645,7.498454708963566e-05,0.00022504433756667037,3.9188624114672166e-05,0.00026588078791798327,0.0008901693399820942
378000,0.0016342497138007398,0.00601408610411993,0.009746359912848371,0.0003189849838568429,0.002911964090402117,0.006936608381303293,0.0019086944865252477,0.016611606329902048,0.02057013379308794,0.0028111906212870963,0.013379307062015509,0.0022398788512094014,0.001262875734634387,0.008305150893647806,0.009267490464288344,0.05376007017427279,0.007721739193476381,0.001303196454903662,0.0032191442712376428,0.011251935191515561,0.0032658844160236046,0.006526789216098093,0.005127426270919386,0.02369985617309188,0.0053506447812175055,0.005604085861705244,0.002354509968419675,0.00357471709382177,0.002440343314254492,0.012706058092824664,0.00924526615383608,0.016152309688130535,0.0007087976149445188,0.0013506024511116266,0.005892746579168791,0.00022900373734557888,3.0074060516489298e-05,0.00028257342447349487,2.9192730372382224e-05,0.00022534949960117956,0.00010518756036866704,0.0001735421983539709,0.0002732822524194489,8.39255214642483e-05,0.00016096215222325173,7.919008321165068e-05,0.00031091297775849835,7.680868738013658e-05,0.00016166697262198388,0.00012776306349141205,0.0005339109447766952,0.00047835845847051434,0.00010872439415834378,0.00027336992611615607,0.0002822932257976359,3.505991358823931e-05,0.0002550753756965009,9.470140037137753e-05,0.00016066838140381555,0.00039292217883345215,8.73517568228029e-05,0.0004682759334659701,0.0003000470449908082,9.487658067874682e-05,0.00034158050827196956,0.0002091421248724441,6.262163570422022e-05,0.00025073051726610994,3.9501053912260886e-05,0.0002976149060777359,0.0012981151827261782
379000,0.0017113489008954424,0.007265579184604576,0.009498762133565227,0.0003075764262715753,0.0027854273388284935,0.007661674446093717,0.0018726038874921224,0.016384498897583828,0.021303344093422324,0.0028202897046867292,0.01294383192674295,0.002174816616648708,0.0012610507657165836,0.008714435892684516,0.01029760978408911,0.04862266684843538,0.008155252658590533,0.0015424193527595188,0.0034954890917496023,0.011978992959132786,0.0036682892290986484,0.006387159369946208,0.004875085337274262,0.02322146276710555,0.005079535943531525,0.004915084282401949,0.002181479902549566,0.004452839030212393,0.002813057009531322,0.012026219796450365,0.009133603993056265,0.015199852126757972,0.0008279769940250284,0.001448736039423619,0.007596499910505372,0.00019328619067339657,2.2868984211081505e-05,0.00018052314705776305,2.0287996025113482e-05,0.00018027404496478994,8.801349062416212e-05,0.000151552572788205,0.00019291782409709414,6.480309541769345e-05,0.00013148835889272673,5.923476541716306e-05,0.00022361004369230884,5.0847535911557884e-05,0.0001380323598141331,8.814250908141152e-05,0.0004364200833379073,0.00032138224257020437,9.09420461539412e-05,0.0002121220580248723,0.00022123178627978256,3.0314263416254438e-05,0.00023286947351798223,7.998729074643052e-05,0.0001125220247470477,0.000332379699480393,8.016747942747315e-05,0.0003893357539875793,0.00025017201634185496,8.381755826023338e-05,0.00029689258270890504,0.00015189035089254314,5.341637006495148e-05,0.0002059400561656164,1.982946006506836e-05,0.0002728193215781565,0.0013728175312280656
380000,0.0018160242729749912,0.006505033260543348,0.011375396817432678,0.00039698628757273233,0.0034284627609746238,0.008745184534096293,0.001955331311570086,0.018185493811602903,0.024526769712977084,0.002926176144683268,0.014418191748933887,0.0026218149872206872,0.0016154930410927839,0.008959998433414457,0.010363756297524293,0.05644200297380545,0.008495774362407766,0.0014971168173452739,0.004104304021893768,0.012472982627793196,0.00403494520827595,0.006880004040275318,0.005758178512223822,0.023548041419902195,0.005896554480603386,0.005574466043617577,0.0026555681913724848,0.004132288133405382,0.002886331247539013,0.013572409911214509,0.010582854613069988,0.01736545528491171,0.0008220527782316805,0.0016613466727798114,0.007144211681507941,0.0002560000450760721,3.2569369530596016e-05,0.00029786847335344646,3.231197446581633e-05,0.0002523735929571558,0.0001247147470481418,0.00019669645553221926,0.00025901451899699166,8.245799827627227e-05,0.00015384292289701606,8.209301011947088e-05,0.0002924962373750181,7.73638965476664e-05,0.00018193687661151076,0.00012040604311054763,0.0006297219758345399,0.0004220438725800098,0.00011720985421561635,0.0002678321606235469,0.0002770468631908819,3.8001760256892425e-05,0.0002699948877307179,9.258916992394006e-05,0.00014687607953571083,0.00040723871544077366,0.0001039731587904195,0.0005478956444852472,0.000313905016245944,0.0001225722347818511,0.00037175050036037445,0.00022288059151068492,8.218147227775521e-05,0.00026996355732523643,4.108697265081673e-05,0.0003315163044918649,0.0012696731340838597
381000,0.0016971731243707786,0.00760045567666465,0.010566723009712101,0.0002833512844377905,0.0029472022987060364,0.007602284479487155,0.0018925408946797102,0.019040889834072646,0.02148185315031639,0.002870064607122913,0.01508268361386051,0.002362789811592606,0.0014139813810646901,0.009165807576485377,0.010543891695894725,0.05155657233171951,0.008277442367800956,0.0013995054802152585,0.003530722279590139,0.0120281647729765,0.004159262321939667,0.006663085847841492,0.005700173154376292,0.024081286753062158,0.006481857914820019,0.005237289378419519,0.0025725473529497147,0.004043548867533294,0.0026310795116039707,0.01372106147555901,0.010254311913304264,0.01976006087856009,0.0008308645979953921,0.0013412750106718428,0.006584472604016709,0.00023625625100009984,3.132454098719288e-05,0.00023006742106769127,2.8379345579481427e-05,0.00025048304883057426,0.00011368007023140714,0.00018220179936179193,0.00026881031990342306,8.154560588847839e-05,0.00017844635656154807,7.607439101765375e-05,0.00027963013413331313,5.90232429069637e-05,0.0001498616920485049,8.772953341659476e-05,0.0005749292228424216,0.0005030848351452732,0.00012293137988308444,0.00028132506538115976,0.00027881698205701783,3.799322398249801e-05,0.00027964032209325447,0.0001008257627859166,0.0001506043694740179,0.00037374312201931246,9.498953107443716e-05,0.0004558586683865004,0.0003241313373181314,7.934020016626426e-05,0.00036108285955075797,0.00019656262127958662,6.368858683864736e-05,0.0002453913864256422,3.571811079439158e-05,0.0002945035261188018,0.0013479185567121022
382000,0.001759484615401586,0.008011118514534447,0.010566858045118957,0.00026857672877003306,0.003351439843363205,0.008568553204116012,0.0020018826450811295,0.01874658637515334,0.022819094621452308,0.0027129671434522606,0.014827619766251307,0.0022529335608628665,0.001556422591392854,0.009323145842272701,0.011223845115284134,0.058507210823942536,0.008652196313397283,0.0015549816547994666,0.004015329760607399,0.012459965400072786,0.004017294633186234,0.007000867068979589,0.005753409876500276,0.02464221922370295,0.005564165542550438,0.005369726929347962,0.0024985930895567317,0.004214236869302113,0.002927502184876871,0.014315026446579835,0.011025331335889253,0.018420345946931496,0.0008560434455321141,0.0013838407366228937,0.0063570811117743785,0.00023725975432853375,3.215750093793782e-05,0.00025409419983837074,2.5809667555079953e-05,0.00022431025945479632,0.00010656906757452951,0.0001783281468306086,0.00024560706478951035,7.231580438751974e-05,0.00018476601938968278,7.856724549983239e-05,0.0002759366911361308,6.773393325598676e-05,0.00017959357465958324,0.0001095283273157706,0.000545230266218893,0.00045944071947208914,0.00010785263730213046,0.00026332833109261964,0.00027196144495472506,3.7967169336380636e-05,0.00027129327463626396,9.746215232553368e-05,0.00013953599310904488,0.0004133864458708558,9.81307020992972e-05,0.0004376651174818831,0.00028309893112329383,0.00010883859028564968,0.0003438571192317694,0.0002284222216959078,7.514516437368002e-05,0.00025831083519550947,2.9705495805387727e-05,0.00028836302450916936,0.001490696174732875
383000,0.001646785874478106,0.006652812021558121,0.01076739983727748,0.000273081797611387,0.0028946507463842863,0.008099055790808052,0.0020621449487319503,0.018566806418158534,0.02046445507323968,0.0028228037590452004,0.015282599904372703,0.0023616810457849856,0.0013713957230334706,0.008451907725347237,0.010535011576276327,0.05628864906096472,0.008388928132630792,0.0013512595403512874,0.0034431322190877317,0.01179170379965702,0.0037029231304770223,0.006739281658805599,0.005356244055146817,0.025036681517182538,0.005706943173093364,0.005223918508272618,0.0025442824341531203,0.0037480358790465593,0.002621237531232456,0.01342879440081531,0.011011050130910006,0.017704338265153077,0.0007188477498188534,0.0014929757965673647,0.007869557385775907,0.00020558286492798419,3.100028410890924e-05,0.0002619869317806495,2.6247476761542552e-05,0.0002661870441897918,0.00012135553199060907,0.00017013542174026952,0.00024307466883328744,7.883642838111739e-05,0.00015131684102758107,7.737862242476825e-05,0.00028191553234105333,7.362078964856522e-05,0.0001797401120735105,0.00010183644322255118,0.0005596950053831488,0.00046083857644892606,0.00010526504847803153,0.0002441693602809302,0.0002940531455884599,3.958823450292667e-05,0.00024125419943835192,9.435092431431258e-05,0.00013503042535174044,0.00033662816164836,9.122770704076781e-05,0.00042869560224140533,0.00027604360370556033,0.00010284254097781298,0.00035195284201310843,0.000224752905519499,7.739028907443364e-05,0.00024162226895655642,3.4889127832116174e-05,0.0002745892378193619,0.0010603937007545028
384000,0.0014530349820885218,0.0065216453416117775,0.008687084884513752,0.00027753253482562567,0.0027754708552251194,0.007268704349241618,0.0018875717551934705,0.01688632361776185,0.01961313074711246,0.002594779885839671,0.01279650948661718,0.0021720205822559216,0.001203465982557232,0.007717044460701855,0.009945489563217372,0.05373697878500631,0.007539209962574421,0.0013168476904831573,0.0031014125576932982,0.011142853911078419,0.003539815899151878,0.006239520424060174,0.004545480150506288,0.023668089103496943,0.005051266735660777,0.0046806287835352125,0.0021092960237330126,0.0035773780406695246,0.002552533880995778,0.012055271350207829,0.009312344896413076,0.016730290615949064,0.000777356495062848,0.0013513101526916936,0.007107196198578297,0.00019428129592670627,2.7940363037484267e-05,0.0002746936463815721,2.4789516539593856e-05,0.00019310839650188427,0.00010811335450937882,0.00016855239346114104,0.0002242972508611274,7.179303184712855e-05,0.00013885629221979464,6.870960724337952e-05,0.0002699721668018914,6.0188965157692564e-05,0.0001613699792763892,0.00010671695748566312,0.0004750735425799436,0.0003944477151283839,8.676624875079142e-05,0.00022178880699728472,0.00025360495400773603,3.318767064477222e-05,0.0002100337942905636,9.204038724419661e-05,0.00011720398363953184,0.0003081394385285071,9.842826578581783e-05,0.0003935656512232272,0.00023886515204512508,0.0001093009295370418,0.00028720765112666413,0.00022135824565634426,6.871616226687496e-05,0.00022016174903698307,3.3361765403583377e-05,0.0002535782966329678,0.0010051564742752817
385000,0.0015119604522870096,0.006528231934983826,0.010732812747240436,0.0002960424782941118,0.0031207872261917674,0.007564309452261243,0.002188825518568328,0.01707708210825313,0.021081881655120496,0.0030454419684247114,0.015336988059847678,0.0023853198516898912,0.0014773386366979332,0.00885991329403513,0.01055356103238677,0.05460830597227565,0.008812838352653108,0.0013864678314601843,0.00410834199699041,0.011802950506425986,0.004014993384377109,0.006854505142005759,0.005562513157419744,0.024090946283346664,0.005805819296674888,0.006214153626933694,0.0025426959730852575,0.004014820342035819,0.00263499207846026,0.013744532423105181,0.009959859689358079,0.01972969585375932,0.0007738697401884145,0.0016320068172432044,0.009091870361266451,0.00021376023029314898,2.8992062092252007e-05,0.00028847866029867544,2.3321009576012515e-05,0.00021223574117357202,0.00010518845294096208,0.0001815636824176181,0.00023832647984818324,7.279442740438849e-05,0.00014187252576520175,7.817651165059455e-05,0.00026351585985426746,7.10148222315965e-05,0.0001648672419727173,0.00011305557051276661,0.0005640372792990652,0.00044672133299172856,9.921770379150985e-05,0.0002538515307568726,0.0002654637812846541,3.556298235129031e-05,0.00023313523041251365,0.00010912162372278544,0.00013210106938762087,0.0003222297749988894,0.0001062174744826431,0.0004219001671533069,0.0002715434100913946,0.00010371945715739564,0.00033999202282252046,0.0002189728769050592,7.31681072595945e-05,0.00024231564584821554,3.295211804754672e-05,0.00029544315221763465,0.001184105110587552
386000,0.0016548163217595248,0.006878330526955391,0.010207820005537846,0.0003278643477607637,0.003124322955575079,0.007918312738183886,0.0019558392645370576,0.017175874552420138,0.021115257787659162,0.0028631325185415335,0.015074381280044938,0.002453211430348551,0.0015022555413782936,0.00915187885534992,0.010479843299125444,0.05563715401543353,0.008583618281374498,0.0015155602076320756,0.003831096693569894,0.011865680394572944,0.004083260429717064,0.006860895229692687,0.005669748973935687,0.02535807326203212,0.0059571122819472785,0.005591030244249851,0.002575885736871075,0.0038450997756929914,0.002867574820308672,0.01368495134844242,0.011072918151185149,0.018400424681693457,0.0008676139716684999,0.0014483012270068494,0.0072043995609823875,0.0002414242611215351,3.075272011368737e-05,0.0002634711634693138,2.4364344636682927e-05,0.00021648319329869992,0.00012078923393232799,0.000195346689906728,0.0002608922912259004,9.21848630564694e-05,0.0002011330167318336,9.572874144692735e-05,0.0003126682770192003,7.78935466012598e-05,0.00018964255063784894,0.00013380486647788942,0.0005474910716587216,0.0004990298821212491,0.0001017236823827261,0.0002568571765049437,0.0002974089113257801,4.0639903442173484e-05,0.0002673413203469423,0.00011262403086220729,0.00013134765590115826,0.0003471114501665467,9.653061085070173e-05,0.00044978238561906367,0.0002869704275330723,0.00012612336766258458,0.00034096450690412894,0.00024155322921246038,7.511152161246823e-05,0.0002640594883044893,3.863971627282581e-05,0.0002859516413529124,0.0011034439667128026
387000,0.0014597873596911184,0.006797114420570088,0.010407591111591804,0.0002886989741665065,0.0028354031330332253,0.006797684705816209,0.0019073222012828469,0.01652271646786425,0.02206765555340524,0.002742739427048946,0.014321167860835874,0.0021264574802537066,0.0012883212890080881,0.008474689473476963,0.010732311004368753,0.059384940386128925,0.008194182926499274,0.0013438661610766585,0.003756076537683839,0.011491703478883815,0.00364799471095956,0.0071479003566180055,0.00494947162365861,0.025519384565996006,0.0058269099903381655,0.005990236648358405,0.002446818975738185,0.0036295444754917603,0.0025397331088349937,0.01301279557763689,0.010099776603359109,0.017035201138172012,0.000823477574603369,0.0012775771076047571,0.007144673268663205,0.00024477225926692166,2.744371549156492e-05,0.00028663755314152115,2.149050556889884e-05,0.00023301434657696518,0.00011692368745650826,0.0001709595312604506,0.00026413486320961963,9.16275463695408e-05,0.0001738574300277737,8.199271957473847e-05,0.0003033969268623575,7.001587813881827e-05,0.00018705623917455717,0.00012502098897212736,0.0005568015557523373,0.00046860480930869625,0.00010171917820116505,0.00025213508108988335,0.0003028061181449347,4.19463728411012e-05,0.0002512682362291627,0.00010569045548436407,0.00013939026644038677,0.0003350725578771884,9.877446573227643e-05,0.00045387919149644763,0.00027650327267018064,0.00012187908233245908,0.0003033996011557368,0.00021708181068570175,8.145497486111708e-05,0.00025113077939211976,3.551765387754813e-05,0.0002784865187190955,0.0012520470809249673
388000,0.0017403042639499119,0.00711631362395969,0.010022668936774911,0.0003032390815510903,0.0030104548343071564,0.007260291554432895,0.0018757493285633127,0.0175203316125322,0.021888162268828348,0.0027957893144048285,0.014820410669432741,0.002506863260870367,0.0013173825828937079,0.008650358822430435,0.010470556875267956,0.059795262185313426,0.008570725651463277,0.0013552998883179625,0.00367840852361821,0.011954242712672567,0.003981216840793422,0.006602228246525296,0.005831688330811933,0.02468088724029561,0.0059018100175943266,0.00554398619569838,0.002475188836115194,0.0037067851171741495,0.002578430049470626,0.014148505432991267,0.010593362978543155,0.01877581599714736,0.0008036643672507073,0.0014480890668300014,0.007437661373943329,0.00021312122996570388,2.9140394298185345e-05,0.00025224572197079067,2.5954198219485726e-05,0.00021093090094836953,0.00011575752584777314,0.00017371329795423662,0.0002538233919040067,7.747965020443141e-05,0.00016085372459249476,7.512858760086211e-05,0.0002889629774248884,7.472693811561015e-05,0.0001612556890643975,0.00011625850551023508,0.0005761220260742798,0.0005145232377496237,0.0001058058096532477,0.0002707799530052936,0.0002715119630136479,3.888760301668464e-05,0.0002535868377117856,8.297283716274251e-05,0.00013601244956539126,0.0003562688413484676,9.31783458023953e-05,0.0004933833993029248,0.0003126033519615029,0.00010271191549158552,0.0003455936627384896,0.00021570483684703882,7.066036089651919e-05,0.0002551391451533509,4.0499591932530166e-05,0.00030295710263365,0.001238920284959022
389000,0.0015825837224690837,0.006582029908814648,0.009525182930701703,0.0003430821084888381,0.0028666644621473925,0.007229071700878974,0.0019257701489198465,0.016586244563536728,0.02145108276169905,0.0025596699269954115,0.014361666234267264,0.002275677083162009,0.0012933740618984411,0.008554417190625276,0.009888292714201859,0.05764633690887422,0.00870517152647413,0.0013117728741247137,0.0037056479377497453,0.011342238304763063,0.0037927624408155224,0.006625428466057721,0.005337921445097891,0.022795450588455425,0.005701369134594787,0.00528472566511482,0.002341631449648811,0.0035546744978394904,0.0024471665639259088,0.013491959672988272,0.010086195708621138,0.017988631087623965,0.0007633607795954644,0.0012572409296004734,0.007092679117098062,0.00021630889891964346,2.7482189163439025e-05,0.0002890073459721779,2.6639623359253427e-05,0.0002501359235793643,0.00012320799365707376,0.000172531003045151,0.0002794524998535053,8.872337071495981e-05,0.0001779272440923083,7.989616655440354e-05,0.00032147408249552986,6.574678211634932e-05,0.0001754653186118315,0.00012996928341057026,0.000559377183122496,0.0005125679241852291,0.0001125206719734706,0.0002678999666089539,0.0003005212002508101,4.2821930419863335e-05,0.0002467483795611457,8.5976661011955e-05,0.0001487833536783809,0.00034852528287256763,9.510950876574497e-05,0.0004589073522538456,0.0003054468135332997,0.00011346349920787107,0.0002918764904380724,0.00021157312351034578,7.954957579516173e-05,0.0002598200872137812,4.36317368297523e-05,0.0002851470838307426,0.0013578095924458467
390000,0.0016021921179541292,0.00674518414706216,0.009723078013242533,0.0002872785379972461,0.003015677481154761,0.00727964158535802,0.0017339611028634658,0.016012244338508383,0.020158948806522546,0.0025674101198092103,0.012805970830267603,0.0020525165705758087,0.001200233849830869,0.00807151087464621,0.00964587674042217,0.05267720439314871,0.007564507433363317,0.0013425634208516972,0.0034636365245595308,0.010994497557536913,0.003558995215583029,0.006463359605861895,0.004891455129970078,0.020589443823943534,0.00492874377561661,0.0061216980335302654,0.002150170309351456,0.003716220986461849,0.002287054857622613,0.011496420502108747,0.008841783097062338,0.016045840904833034,0.0007088199426021902,0.001288672021690556,0.00614401458056414,0.00022254981053038136,2.4674781387620658e-05,0.00023794679042442692,2.5060290003025385e-05,0.00021452374880936986,0.00011005222136541887,0.00016132625341924722,0.00025321512439404616,7.822891401294902e-05,0.0001345410840952498,6.61922746780468e-05,0.0002703630245912536,7.454775707138594e-05,0.0001685288311917028,0.00011277611768243581,0.0005412255530507956,0.0004236677371712479,0.00010690320123103447,0.0002591413116793514,0.0002501572285711581,3.70416050517716e-05,0.00022832749212000792,7.938149985875498e-05,0.00014008799901906363,0.0003279612899789824,9.416333923581988e-05,0.00043518501998459144,0.0003033960260215399,0.00010352390909820888,0.0003305782920506317,0.00022658082966389966,6.991060097659232e-05,0.0002306446927352995,3.6122712288033654e-05,0.00028047936110156383,0.0013775631654425525
391000,0.0015091836818051838,0.00680778899671471,0.009883539102702343,0.00031032435931068066,0.002886109022198715,0.007110626777700547,0.001814559940905911,0.017973882211895126,0.020124272576376365,0.0027332791687513236,0.01306247952813049,0.0022205426664316163,0.0012593599224628908,0.008436884033251386,0.00919476901026963,0.05171416902552058,0.008042010559143992,0.0014247731272042051,0.0034260253638162146,0.010793284055859356,0.003465770318732316,0.006531066150793257,0.005106238204837912,0.02144269332832967,0.005237039153519344,0.00577922424999997,0.002156307517115267,0.0038558533063527043,0.0025952861959333807,0.01251973476962209,0.009126420224783943,0.01643815637754205,0.000733953199948281,0.0012612159006874758,0.0066031496242228765,0.0002134323609043674,2.7727792374844884e-05,0.0002694167009064007,2.896467790433454e-05,0.00024755101912887767,0.00011436020416541164,0.0001718018847896019,0.0002604041979793692,7.498201079526648e-05,0.00017931533593821912,7.465188762612992e-05,0.00030028635284763466,7.242136034779634e-05,0.0001696812292732767,0.00012808553318874064,0.000559872235997388,0.000469117886799116,0.00011045357350667473,0.00026035478122696297,0.00028064963627347705,3.6728769735170566e-05,0.00024260047908800545,8.45207385964386e-05,0.00014163455147000705,0.0003487957028028177,9.72298036989135e-05,0.00043217782726737484,0.0003051965143012265,0.00010209060609143692,0.0003454106208664598,0.0002551174363417602,8.17292959059809e-05,0.00022132836142187186,4.1060333195730436e-05,0.0002944565375278713,0.0011346451559802518
392000,0.001491178575744581,0.006985160759170496,0.009943117534930934,0.00029800665445761226,0.0029803857160234804,0.00760933879064396,0.0018261722282571305,0.017481804232428497,0.020821602240641966,0.0028513612669485155,0.013742269811521027,0.002067150549770972,0.0013248030158909828,0.008724407980397782,0.009785419022912667,0.05290230227546999,0.008238080735974932,0.0015280616450892713,0.0036873106348918683,0.011604805601928092,0.0035108927013460254,0.0064634978604902115,0.00521617535307693,0.021930864026459555,0.0054662671119287895,0.005619157280307263,0.002329202074234203,0.003993518783317995,0.0027218779180924794,0.013007414427721091,0.010106645059083045,0.017111859154493477,0.0007818835676632629,0.0012941768844844182,0.006768658861700614,0.000215982994094231,2.810031321362921e-05,0.0002573392243489665,2.593667788339617e-05,0.00021256052991702745,0.00011380869695218048,0.0001706772536635981,0.0002496393761248328,8.548395967528976e-05,0.00017562111180794953,7.676708889619022e-05,0.00029523063792686645,7.172867029847652e-05,0.00017054911059184288,0.0001111206334330332,0.0005435744300816973,0.00044259452079131734,0.00010814026682055555,0.00024368392661592818,0.0002850798982449462,3.705769093316617e-05,0.0002529764894109488,8.626606575035112e-05,0.00013499924952813872,0.0003482729954507354,8.572043104019637e-05,0.0004140481943466668,0.00027701464733703924,0.00010818850317854092,0.0003233737705967441,0.00021515897336623854,7.501962308456964e-05,0.00023077736949485687,3.942985000549015e-05,0.00026511445269404376,0.0013130205421475693
393000,0.0015142363214746748,0.00725998421371009,0.01023918612372654,0.00030522402345678316,0.0028992504507463126,0.007587025914939919,0.002068283956701165,0.01810705083775532,0.02145721428936253,0.0028217767721798737,0.01495821397517751,0.0025179250007976387,0.0013253285329538453,0.009171632487612607,0.010491663797909175,0.05515796258350747,0.008734896862993733,0.0015395364920826793,0.0036520115359702948,0.011954084630706347,0.003789874614810392,0.006931492161259355,0.0052891398586507425,0.024135606813554963,0.005996586459953087,0.00602072881301865,0.0023339931818452076,0.004220858607974757,0.0026661589139942354,0.013741147427936085,0.010083155477817247,0.018687190915583275,0.0008369578875507736,0.0014064593148950101,0.006293872641739047,0.0002130428724760642,2.8731513152168093e-05,0.0002686833525083123,2.8155990952907003e-05,0.00024128661652866867,0.00011666132404195893,0.00016461312043247744,0.00028134995900472857,8.310236315585491e-05,0.00015667364983576256,7.919432492430799e-05,0.0003087795463662795,8.039406655591108e-05,0.0001830684691991133,0.0001235572278594852,0.0005617015030128851,0.000450313006391904,0.00010735874748206698,0.0002728569522462619,0.00030486786780439335,3.8918565130850105e-05,0.0002445781489856721,8.928535248742264e-05,0.00014927890279321017,0.00036522697817137947,9.110421403117168e-05,0.0004663321200916803,0.00029959259955216177,0.00010790678514830368,0.00036496789754083793,0.00022439777917837434,7.638006000628852e-05,0.00025533629864845747,3.625714109745104e-05,0.000295323636199085,0.0010595875515718944
394000,0.0015181224975143828,0.007073423516649874,0.010099594201468184,0.0002956525255145747,0.0029097339680401427,0.007768710842356086,0.0019975307884798838,0.018562881240844337,0.021557062641477387,0.002674092564120656,0.014095814108921691,0.0022885838089696706,0.0013529067165853287,0.008743157343181365,0.010584104608321522,0.05626570721869939,0.009193641424363228,0.001534875825764405,0.00370081072157648,0.01164030413231861,0.003586450907180541,0.006445492881019683,0.0057267816461292875,0.02330359279876575,0.005688195795127761,0.0057241316884756085,0.0023508804962265486,0.004227649087018411,0.002656411028960172,0.012753203519687598,0.00989377841615351,0.017173928257901795,0.0008005645564489547,0.0014107089239079743,0.007249175753814698,0.00019332728010925036,2.627244615339171e-05,0.0002172944685877486,2.409108755347302e-05,0.00020911482954488747,0.00011375843740779601,0.00015268506786014768,0.00024761926251812836,7.33468262560085e-05,0.00014401690833964445,7.111384927093971e-05,0.0002785813553481076,6.60844392115223e-05,0.0001558072981679445,0.00010832177791929676,0.0005220194310613106,0.00046019983589455177,0.00010004285322793294,0.0002614249511605856,0.00027599995312278943,3.5613946992767026e-05,0.0002473437857833066,8.585944021888281e-05,0.00014171788694107413,0.0003212550706883541,8.7046423383678e-05,0.00040625553740189773,0.00027327582171315717,9.773115390122289e-05,0.00029948346612703364,0.00019196833966952318,7.23723660160301e-05,0.000227214533700237,2.8505160372560567e-05,0.0002757028214355083,0.0010555643122643233
395000,0.0015922670172216927,0.007149999265325109,0.010485853987423374,0.00032460467414239245,0.0031560450427870037,0.007743531039782933,0.0018780430131770235,0.017383157309821255,0.02109779176349329,0.0027529221879376564,0.014616508686118817,0.0023132005206541496,0.0013472673601813078,0.009023523647032782,0.010821602467587902,0.05433694781944117,0.008729206416925686,0.0014941257547975452,0.00406309367826907,0.011854871162953107,0.0036586369322527353,0.006532720972245443,0.005570171160264484,0.022322604413299512,0.005861484817225053,0.006054124934598804,0.0024532624931871104,0.004240500533948459,0.002843444302904091,0.013612392041625666,0.010403403466334567,0.018508984541627936,0.0008249932630246366,0.0013194373666623885,0.006888266090552659,0.00024521393860814963,2.6289302191173647e-05,0.00024706446439185214,2.4258777847787412e-05,0.00022463713764864224,0.0001163509407016339,0.0001672577154749888,0.00027256739485892467,8.353490718012548e-05,0.00016153265959426214,7.53167981400793e-05,0.0003159940081411805,7.622443255961286e-05,0.00017346829457273057,0.00011304520558041986,0.00055061512337908,0.000510810399039959,9.81696686721989e-05,0.00028060464256315974,0.0003118922845871942,3.962005416207665e-05,0.0002583903733515184,8.74102138368471e-05,0.00015459079265332952,0.0003504799274126596,9.827549450468117e-05,0.0004365422064799082,0.00030916747919962763,0.00011345992827562047,0.00035038396951373824,0.0002230945733173656,7.552642893772697e-05,0.00024870241565124666,3.071142056398912e-05,0.00027743921410516473,0.0010485410748515278
396000,0.0015162173724609209,0.006514605465781642,0.010145323624783487,0.00031154273816844997,0.0028001771099090684,0.007192131223356617,0.0017767154128500073,0.017070682450050265,0.019617509948159438,0.0025081194507947657,0.01368149879626911,0.0022435032249409326,0.0012341904091017293,0.008474809809602888,0.009238441583661102,0.05257389951596755,0.007935297127178706,0.001342278763101454,0.0035149117746706387,0.011023734236187011,0.003418143542099782,0.006351160610003197,0.0049734379263585045,0.021823294311373805,0.005314319640410036,0.005758904572576285,0.002272659922775875,0.0037230996537497654,0.0024224834865890442,0.012648499451320423,0.009596398521631879,0.016773855566638164,0.0007496935497466841,0.0012854401026140484,0.006667119988479599,0.00021549377618360462,2.761148832288846e-05,0.0002712647607371433,2.4166026709697536e-05,0.00023223560583574,0.00010983435387312598,0.0001614784223420429,0.00028004214491375026,7.761853123611218e-05,0.00015217326185608583,7.433194819179383e-05,0.0002975284737578732,7.186364984423932e-05,0.00016512572328459665,0.00011958437839480625,0.0005506850679274486,0.00048757928925624583,0.00010072193690575659,0.0002555158136267576,0.00029284685817777963,3.773357521843288e-05,0.000235086822256132,8.22028949869491e-05,0.00015123853350789633,0.0003397883604800602,9.414761207153788e-05,0.0004541787777480916,0.00029506599723297904,9.732752930487861e-05,0.00032118927487721923,0.00020793375932578477,7.90327615050046e-05,0.00022579071784345126,2.8165776470245873e-05,0.0002787698972917665,0.0011313318922475447
397000,0.001497867115410151,0.006748860421928974,0.01032513425010014,0.00030943760383392007,0.002847538981526829,0.0070420892526661715,0.0018543420054840916,0.017334486703422206,0.020090076455920133,0.002575538215751294,0.01429037968434532,0.002194099248151119,0.001311918650489216,0.008553815181447575,0.010126314824233037,0.05328193961759098,0.008309620858199196,0.0014051738331154065,0.0037583016227082616,0.01138857112480764,0.003525769266546009,0.0065160648867146976,0.005280550546582769,0.022883699197943013,0.005659434343143071,0.006030497571919114,0.002291563434889741,0.0038724580933073107,0.0025402722893940175,0.012760005876771174,0.009673208299451896,0.017193470562163454,0.0007447453928407937,0.0013336608800474032,0.00630218274454819,0.0002254383325371074,2.6298632101024193e-05,0.0002619135080253314,2.320671966454467e-05,0.00022275855303632852,0.00010706940680511542,0.000150132261296676,0.00026475661688891706,7.725429436265443e-05,0.00015192751017916874,7.22440299034994e-05,0.0002870280776366136,7.195251732738939e-05,0.00016435849468915216,0.00011191975582650312,0.0005310352386214408,0.00046502682562277187,9.975453031074721e-05,0.0002563507168073259,0.0002751077417683675,3.579307587063919e-05,0.00023993165817251617,8.239881913141289e-05,0.00014241638686800998,0.0003261359514628846,9.202365472447128e-05,0.0004310517895851996,0.00029932937739829413,0.00010003969744805848,0.000330161776219029,0.0002119165166972935,7.27224850964246e-05,0.0002352478254359,3.095700840560767e-05,0.0002800365020559046,0.0011896277581399772
398000,0.0015384912990833294,0.006865659056832858,0.010101731149613139,0.00033163308818739794,0.002831641679959036,0.007170078120127853,0.0018423370782975031,0.01693837655390477,0.021255976400747778,0.002553986523707863,0.013546152556506215,0.002104914986542711,0.0012182986591307615,0.008548578066438495,0.01012414499594289,0.053926465071223596,0.008451992058759234,0.001338282712914648,0.00352902248362495,0.011310110832419014,0.003420149913102932,0.006342163647916875,0.0050753940960930775,0.02282128157482172,0.005231209943332711,0.005668403091840446,0.0021744684112483753,0.003695432115212801,0.0024641890567556187,0.012353017501863501,0.00970795023216245,0.016388795631848134,0.0007211977899671113,0.0013178423511214722,0.00648038592710994,0.0002032233784490245,2.565852268002357e-05,0.0002546893372048296,2.2175367311626678e-05,0.00021388425886925688,0.00010329450137736243,0.0001440759274373704,0.0002443286750349216,7.191490477141902e-05,0.0001500434841198895,6.864514766909175e-05,0.0002761033345274898,6.63559277720438e-05,0.00016321698597196167,0.0001047445864308181,0.0005206996004814685,0.0004192276962082057,9.313960035797208e-05,0.0002398246631818605,0.000276911422870712,3.4961998938921503e-05,0.00022197774583757016,8.025441928793953e-05,0.00013811732629973348,0.00032935358970532364,8.729289717545423e-05,0.000420167414639524,0.0002800182637835641,9.650163178366301e-05,0.0003001506669938357,0.0002138790530027888,6.890196047087167e-05,0.00022631019197706705,2.7990099255248424e-05,0.0002591498994053775,0.001036061930062715
399000,0.0015501833754692721,0.006652998474035283,0.01002816687196173,0.0003305164304527772,0.002836078873159853,0.007420811419641333,0.0017784371871570211,0.01663397489331449,0.020299451007574562,0.002560826025728602,0.013572596004495957,0.0022374611683201747,0.0012762513455747853,0.008391563502493338,0.009811795845513081,0.049618454489670206,0.008144459840011786,0.001389025563208012,0.0036534212267724797,0.01118481375452878,0.003441972664112077,0.006394640905844946,0.005031131930336414,0.021804503244735922,0.005374859986731612,0.005767463135998696,0.0022239295991282907,0.003787200964628331,0.002495506660146502,0.012346693038594939,0.009630730346349689,0.016673860634909943,0.0007463905889656311,0.001296142264336172,0.006403539032665624,0.00020829865086316853,2.7504553730526177e-05,0.00025704100211111256,2.4344463262620474e-05,0.00021919687924309983,0.00010661416053409916,0.0001496852687523642,0.0002502379666111665,7.51793253596732e-05,0.0001662974083800643,7.412155228649908e-05,0.00029130964438544443,7.260963493660455e-05,0.0001658563884397044,0.00011494326430362311,0.0005505404119940766,0.0004470331023185281,0.0001003841360216029,0.0002501202530877389,0.00029539850483756866,3.605067356395673e-05,0.00023629408115671287,8.13222168858374e-05,0.000139834207149963,0.00034272038054810905,9.0351239911494e-05,0.00042724643405015606,0.0002883953129503004,0.0001017087233551367,0.0003238414408567931,0.00021371171778559098,7.122933880054916e-05,0.000241889114411479,3.0299149003099046e-05,0.0002733894115916722,0.0010873418163100724
400000,0.0015457894793770891,0.006766420228140541,0.010249619179376168,0.000331533473782796,0.002901379160695935,0.007573133650501924,0.0018288921463892856,0.017107763521630213,0.020910411664959334,0.0026790899864863604,0.01389941898483857,0.002280287672967498,0.0013092541240356777,0.008609433844454046,0.009997896101370262,0.05212642865020219,0.008487684845715108,0.0013961271528663743,0.003774852018977981,0.011492263660378133,0.0035150469047673244,0.006446327578097615,0.005309284740530226,0.022426223176686712,0.005512679581529699,0.005827202368527651,0.002313165612019563,0.003846571974160421,0.002532075138108613,0.012770422606638843,0.009754494694061578,0.017128256454060856,0.0007502658327135455,0.001356352054937477,0.006494427324570198,0.0002135278094641535,2.705608715633377e-05,0.00025256245052415494,2.3882877640226728e-05,0.00021593218673388037,0.00010975321448371533,0.00015470035486941924,0.000255204779568885,7.607077014582549e-05,0.00015972117801802118,7.457267354819156e-05,0.00029028070215437703,7.423380061588603e-05,0.00016888280103346224,0.0001136764800652269,0.0005424621911550695,0.0004444039259396959,9.795610239962115e-05,0.00025037591189991837,0.00029392500894981165,3.592196585796873e-05,0.00023358561689766709,8.310454717275206e-05,0.00014165407108319213,0.0003411990338498491,9.100759561988525e-05,0.0004241387043846341,0.00029067869724346766,0.00010185889759013007,0.0003216002927122948,0.00021385209896607194,7.28657873553727e-05,0.0002422590329351627,2.9887373742099044e-05,0.0002729954763849912,0.0010766466381028294
