Checkpoint,allocate,allot,ask,assign,award,bequeath,cede,deliver,deny,dictate,explain,feed,forward,give,grant,guarantee,issue,lease,mail,offer,pass,pay,present,promise,read,refund,relay,rent,sell,show,teach,tell,trade,transfer,yield,arrive,ascend,chase,climb,crawl,cross,cycle,dash,depart,descend,drift,flee,float,fly,glide,go,hasten,hike,hurry,journey,limp,march,meander,race,ride,row,run,rush,sail,scramble,swim,taxi,travel,tumble,walk,wander
0,1.7891998183856503e-05,1.9073729702170197e-05,1.9600852321370137e-05,1.7686910870487248e-05,1.7730166942046593e-05,2.4647024344760992e-05,1.7895509509182902e-05,1.8768042447810133e-05,1.8969640758412056e-05,1.5138351784571569e-05,1.6878160401833112e-05,1.9623789944025518e-05,1.8148282007049684e-05,2.0507302851359725e-05,1.6590092582191573e-05,2.0099078180161694e-05,1.665498923774153e-05,1.586861642149588e-05,1.784609639798873e-05,1.7830651146747792e-05,1.8496420894874835e-05,2.006666239497333e-05,1.614800386960269e-05,1.6949629480222938e-05,1.953686178095513e-05,2.008683713938808e-05,1.709150954030197e-05,1.8646096312598576e-05,1.798423074754229e-05,1.6109551163554576e-05,1.8807922527533566e-05,1.8124824534355026e-05,1.8411043339046257e-05,1.926566718011177e-05,1.9108256411628747e-05,1.6187022278505276e-05,1.647173776650322e-05,1.726782027782809e-05,1.5533773876086343e-05,1.4738280242454493e-05,1.9009093600114747e-05,1.4776000227811892e-05,1.6570159459661227e-05,1.9000433463875915e-05,1.7181214053906795e-05,1.692204741630121e-05,1.755657704929865e-05,1.776428561583998e-05,1.6497295546444016e-05,1.674456474244256e-05,1.6456444994289016e-05,1.978003804955127e-05,1.779767953848932e-05,1.80732592377112e-05,1.9343090037903586e-05,1.8389311083989345e-05,1.704052901033954e-05,1.9118800992146134e-05,1.4210390051832494e-05,1.7323747208418074e-05,1.8009274632883414e-05,1.6151755228561978e-05,1.4766060059156627e-05,1.812472410247292e-05,2.3126574382735675e-05,1.636332187338773e-05,1.9932409746356177e-05,1.7032440243178093e-05,1.7996047063206788e-05,1.5560819672889218e-05,1.4896129141561686e-05
10,1.788546909345904e-05,1.9069410511831478e-05,1.959561238133271e-05,1.768226406616472e-05,1.772411913038865e-05,2.463971811396602e-05,1.7890430538705737e-05,1.8762818488575447e-05,1.8964747302757304e-05,1.5134618990941817e-05,1.6872831021132303e-05,1.9617311260603577e-05,1.8142049239858434e-05,2.0502346201696625e-05,1.6585712375458303e-05,2.0092158119192998e-05,1.6649130040085375e-05,1.5863334277738326e-05,1.7840161896336732e-05,1.782572501421479e-05,1.8490783231055293e-05,2.0058613366862638e-05,1.6142148754928106e-05,1.694548897527663e-05,1.953105800653464e-05,2.008054143516347e-05,1.7087661402207055e-05,1.8640367064411596e-05,1.7977964543045827e-05,1.6105506127191362e-05,1.880233171201932e-05,1.8119865269629652e-05,1.8405059274930234e-05,1.9258865777797034e-05,1.9105729633237286e-05,1.618141560097034e-05,1.6466838557885478e-05,1.7263190701752055e-05,1.5528705245676712e-05,1.4733392163179815e-05,1.900340588632544e-05,1.4772581209854252e-05,1.656638178246794e-05,1.899615510506249e-05,1.7176123774812654e-05,1.6916810578290357e-05,1.7552875126631606e-05,1.775911718482348e-05,1.6492349267348893e-05,1.6740922546887305e-05,1.6451612229782488e-05,1.9771930662197217e-05,1.7790833589970133e-05,1.806753462748317e-05,1.9338936595133796e-05,1.8382332696505315e-05,1.7036432343037857e-05,1.9110505036223913e-05,1.4206874488485886e-05,1.7319261937350697e-05,1.8004517672428242e-05,1.614725030571384e-05,1.4761268596851517e-05,1.811896752950086e-05,2.311901395538977e-05,1.6358461752216417e-05,1.9922600845997556e-05,1.7028180478049643e-05,1.7989793377637397e-05,1.5557114743043575e-05,1.4891916907799897e-05
20,6.35707211536961e-06,6.354071602901159e-06,6.336156085732607e-06,6.36297948473769e-06,6.336410738013116e-06,6.281054603667664e-06,6.3309037379381594e-06,6.324858710357541e-06,6.319962134903453e-06,6.345985184452729e-06,6.297377554509705e-06,6.302024563150813e-06,6.3591050313720405e-06,6.336449463229986e-06,6.333489807944074e-06,6.315344440584643e-06,6.315447849590869e-06,6.308816795399828e-06,6.278375297240148e-06,6.330658895118783e-06,6.3332734988272515e-06,6.342696540936491e-06,6.282897320488701e-06,6.29438656384688e-06,6.330504263695773e-06,6.3018787841429e-06,6.3166931546044406e-06,6.308243371222488e-06,6.337290254604715e-06,6.340383217848871e-06,6.311447935634836e-06,6.334138019016022e-06,6.357430563114646e-06,6.339481789710103e-06,6.322394054020859e-06,6.3249664370752205e-06,6.330922546064692e-06,6.429469232733192e-06,6.325485650537653e-06,6.318843816188746e-06,6.323135334667391e-06,6.405230408290663e-06,6.324172909444315e-06,6.359955310280814e-06,6.31442055811548e-06,6.269321050110323e-06,6.301908813424106e-06,6.283603312340347e-06,6.325159645335777e-06,6.2671460082955575e-06,6.318400035245129e-06,6.3882958253695206e-06,6.302051588136237e-06,6.274296148538789e-06,6.36204971481769e-06,6.312025148376548e-06,6.28933530704241e-06,6.3712220708112e-06,6.302337333686915e-06,6.347452892021885e-06,6.331465222804885e-06,6.292161429804745e-06,6.293803679640135e-06,6.341288406327146e-06,6.3504976929430595e-06,6.329686336605598e-06,6.37745519530394e-06,6.304299587657536e-06,6.302870076524414e-06,6.320298310304931e-06,6.2518115555576514e-06
30,2.981271321717744e-05,2.9869131308428393e-05,2.9815969355695415e-05,2.9729646261190422e-05,2.979034710549484e-05,2.9611999967268537e-05,2.979386842907256e-05,2.974754872911053e-05,2.9827582670517173e-05,2.972152515212656e-05,2.9750144205064754e-05,2.952092717703413e-05,2.981235102748597e-05,2.9821159428551752e-05,2.972748103168081e-05,2.98554225537373e-05,2.9626910894703108e-05,2.982104952830992e-05,2.9617249700614983e-05,2.9721270402660592e-05,2.982071390971004e-05,2.9910563430998343e-05,2.973021345193653e-05,2.9643471740807097e-05,2.975599036001349e-05,2.972694819618482e-05,2.982504517398587e-05,2.9612502582191762e-05,2.9785952018060282e-05,2.9892866428605387e-05,2.9630246838981596e-05,2.9770020004294704e-05,2.9667879621578882e-05,2.9727705411862063e-05,2.9701156866697904e-05,2.9699622538308696e-05,2.9694007839440784e-05,3.001919255687178e-05,2.9778798515431537e-05,2.969954266518471e-05,2.977686441188277e-05,2.9959404628243647e-05,2.971122430608375e-05,2.979699724834829e-05,2.966522195875816e-05,2.9551719983698734e-05,2.9619566703331657e-05,2.960105337024288e-05,2.9733896694935916e-05,2.9759077402890068e-05,2.969766144535522e-05,2.972894753838773e-05,2.9444806204992347e-05,2.9586180823330045e-05,2.972325599894875e-05,2.9769947022114966e-05,2.9608657363281456e-05,2.9748494398518233e-05,2.9643962079717312e-05,2.9777648747907594e-05,2.9818537465568323e-05,2.9691775379951554e-05,2.9623558964010078e-05,2.972137157452347e-05,2.9968626323453565e-05,2.9823812589959495e-05,2.9917285246483516e-05,2.970794849393461e-05,2.9736100714217173e-05,2.984431186265864e-05,2.9419959901133552e-05
40,0.00030377995721504996,0.00030448975761558997,0.0003043738106498495,0.00030391991514569294,0.0003044036919946629,0.0003018388732536031,0.00030361433258099905,0.00030361014011991665,0.0003031711934040053,0.00030399504794331733,0.0003034558727831384,0.00030241079737755415,0.00030430979324702287,0.0003038536431797018,0.000303221374462523,0.00030237749524530955,0.0003037289099579322,0.0003037408887278996,0.0003025060775274012,0.0003038724857227256,0.00030359305942860934,0.00030352247215757543,0.0003041839036935319,0.00030235249335722376,0.0003034335663653023,0.0003025891142897308,0.00030431259543664996,0.0003030611454353978,0.0003037174355567378,0.00030413596569785786,0.0003027477344342818,0.00030361394881485746,0.0003040833493846898,0.00030362695525941805,0.0003029460478703388,0.0003045045190706982,0.0003034618225922857,0.00030552991665899754,0.0003039889880568238,0.00030466024145425763,0.0003035072413114633,0.00030520582731696777,0.00030389534949790684,0.0003044393547737089,0.00030273512912620056,0.0003032974898815155,0.00030330709399238815,0.00030290013273770455,0.0003039145958609879,0.00030250158108008856,0.0003041420299828482,0.0003040095616597682,0.0003031275584362447,0.00030207378511811243,0.00030383998568266117,0.00030296331864189017,0.0003034249736717151,0.000304100256471429,0.0003046921572402223,0.000304032574282386,0.00030391074639434613,0.0003035814562056374,0.00030362323606688597,0.0003037514070128636,0.00030356617127027776,0.00030409794734706253,0.0003051024063357285,0.00030354963570472694,0.0003042078678845428,0.0003040940312476938,0.00030270917632151394
50,0.0007250974343372258,0.0007161505313383208,0.0007260314159793779,0.0007068115841740599,0.0007166814227010819,0.0007262579747475684,0.0007282491809042592,0.0007321683178637541,0.0007279966257901603,0.000727813458070159,0.0007231289543855338,0.000728694594949864,0.0007229549087104247,0.0007358740108567431,0.0007252649835530011,0.000734522778657265,0.000724513870192736,0.0007083791763450997,0.0007155438839358144,0.0007384955526019136,0.0007246185649329653,0.000719413195578714,0.0007161861867643893,0.0007255282408247392,0.0007204844751247456,0.0007327747764065862,0.0007178534372454329,0.000719917024980532,0.0007121691706261652,0.0007166497976398996,0.0007317357130038241,0.0007142427001291743,0.0007191874196555895,0.0007267390285770214,0.0007236469666370087,0.0007116830425470003,0.000723351148496333,0.0007139911388301036,0.0007144212042520115,0.0007131593556550797,0.0007232376863496339,0.0006998545140959322,0.0007419795787427574,0.00074032681234377,0.0007229614469810928,0.0007128571218345314,0.0007254593074321747,0.0007257951110659633,0.000714295933621229,0.0007216736028732902,0.0007057812978298618,0.0007222994851569334,0.0007031164248473942,0.0007162999482920431,0.000715004268166577,0.0007360789459198713,0.0007312011514459887,0.0007075393441482447,0.0007021372924403598,0.0007145132967987313,0.0007215213573848208,0.0007006903097624339,0.000703034084398058,0.0007178744590665037,0.0007298079306363232,0.0007245232458468285,0.0007356043081797127,0.0007008067449562311,0.0007328811261686496,0.0007099130008948826,0.0007025583239737898
60,0.0011783694625026673,0.0011620135973552587,0.0011553276369037728,0.0011391285054672222,0.0011405369423070474,0.0012286839108648045,0.00118019973160699,0.0011741473675048089,0.0011667015982933248,0.0011823542372439988,0.0011654995219425562,0.0011819480984870876,0.0011566955116436336,0.0011813607222090166,0.0011708726099801852,0.0011835770613591496,0.0011578353774634057,0.0011415254365935734,0.0011494091117388702,0.0011834964629573127,0.0011674654759609927,0.0011602057534868696,0.0011422528869782884,0.0011744558694772422,0.0011668516237968727,0.0011870934860780836,0.0011520186897307153,0.0011640359819769703,0.0011565215652808547,0.0011508645820281199,0.001178218397932748,0.0011588762930701845,0.0011640760852829912,0.0011700077136696943,0.0011988914080171122,0.0011564904125407338,0.0011705297848062688,0.0011363160500133579,0.0011354523594491184,0.0011314793446217664,0.0011662894691479332,0.0011282999694230966,0.001194697734899819,0.0011989411248482372,0.0011757573676540664,0.0011312522218629186,0.0011735846239485238,0.0011802460903709289,0.001142645891001127,0.001180555819618431,0.0011309744234984883,0.0011376548500265926,0.0011481692083179951,0.0011407208500658066,0.0011389703521954603,0.0011998131892389872,0.0011660486330798956,0.001140019463491626,0.0011227184052889545,0.0011411473199796792,0.0011665139657755692,0.0011335675133973039,0.0011428802827140316,0.0011664911641042915,0.0011909415221048726,0.0011677295392887158,0.0011732452964809323,0.0011206339132190952,0.0011909264358109795,0.0011407903922886094,0.001155224465765059
70,0.0014092482837244264,0.0014046783628011191,0.0014269523962866515,0.0014174251387325616,0.0014163541306941947,0.0013779739716223308,0.0013760958156067758,0.0014157557161524892,0.001425058258214046,0.0014092502169660293,0.001424718856593065,0.0014168530042112178,0.001425734004993556,0.0014104296516796405,0.001391225854647072,0.001400625435053371,0.0014114273473664763,0.0013986282533954217,0.0014009334221814892,0.0014229508955031632,0.001422204329775503,0.0014297308371169493,0.0014085712811599176,0.0014036865206435323,0.0014033697209217483,0.0014295251341536642,0.0014034914295940149,0.0014132685464574024,0.0014221220934653982,0.0014446533713189343,0.0014143911981955172,0.0014222977871003633,0.0014311445053093708,0.0014098260692472374,0.001418976261953099,0.0014081998940257887,0.0013950357372921548,0.0014414954718879678,0.0014144942355173897,0.0014246776336221956,0.0014028832925721368,0.0014892993494868279,0.0014266552752815187,0.0013818790413145173,0.0013791274365135713,0.0014064656271200095,0.0013780279223921529,0.0013764309405814856,0.0014177532384878602,0.0013994329862973907,0.0014304126577021983,0.0013669970503542572,0.001378712267614901,0.0013946753698496185,0.0014160465176120914,0.0014149174305864356,0.0014145485981697998,0.001419768697815016,0.001410194950747407,0.0014173671818123413,0.0014215718644360702,0.0014191343716936566,0.0014035914748631141,0.0013734875089564437,0.0013679422231184111,0.0014003815428752983,0.0014318266600769544,0.0014158669002954998,0.0013217058294685557,0.0014246536972502073,0.001409473840612918
80,0.0011787533451727515,0.0011700253450760134,0.0011754173319786787,0.001176676932328309,0.0011844422971782616,0.0011131945066154003,0.0011148415975302697,0.0011726531117935391,0.0011741329467843606,0.00117169145232765,0.0011868210779617965,0.0011653746597050708,0.0011853688135460923,0.001166209646423037,0.0011441769187941272,0.0011431679425489467,0.0011711590992663765,0.0011661280767367329,0.0011670321899665786,0.001180957907345146,0.0011788036190689757,0.0011818744096672162,0.0011831819545477628,0.0011624228674918414,0.0011522850818148562,0.0011344556231051683,0.0011531191928717758,0.0011798379928222857,0.0011810945251080043,0.0012077531972599605,0.0011655885175180932,0.0011658506432118325,0.001187598628278535,0.001156523282271485,0.001154809000177516,0.0011826372137875296,0.0011408261895044952,0.0012177211147817698,0.0011954924704630423,0.0011904183775186539,0.00114452269701089,0.001272995155886747,0.0011761938803829253,0.0011258355378614443,0.0011549123348423133,0.0011856876596409295,0.0011197348695101315,0.0011474162347440142,0.0011814286840019811,0.0011375445597381754,0.0011938131772554837,0.001122171786846593,0.0011391060426831246,0.0011383316881137388,0.0011651656000296875,0.0011481590336188674,0.0011689072607525735,0.0011637224233709276,0.0011889158631674945,0.0011709985708316358,0.0011822988123943408,0.001183365919797491,0.0011624954851059657,0.0011519912235975803,0.0011154570901352498,0.0011512986800101186,0.0011860653259126203,0.0011973424806191975,0.001112123703933321,0.0011885087656350259,0.001164415548555553
90,0.0016454423091852583,0.0016099724927227253,0.0016499174331935744,0.0016315761075999873,0.0016264951437169426,0.0015168814986412013,0.001534939762355099,0.0016051831828685953,0.001622579878349376,0.001615598397620488,0.0016300808523356178,0.0016077556362261577,0.0016222761513552432,0.0016048109568091054,0.0015764819827916868,0.001574407773053584,0.0016064190879530673,0.0016179505331866161,0.0015976844505140825,0.0016174823387215536,0.0016129426998444474,0.0016245350956783763,0.001632864436445137,0.0015996153349988162,0.0016007952868849749,0.0016100706066936254,0.0015984717850393104,0.001630733650623976,0.0016164423254154184,0.0016501805230584596,0.0015965606660271684,0.001599512886829101,0.0016198092623828696,0.0015997444144125249,0.001591919669105361,0.001629957465671136,0.00156765992869623,0.0016497068043628876,0.0016359710274825253,0.001631459417694714,0.0015862237270723315,0.0016911002894630656,0.001634663122240454,0.0015751590866497473,0.0015902072828459111,0.0016381568025930651,0.0015553170825322077,0.0015898377350822557,0.0016263809761610524,0.0015932429708879101,0.0016383786246968576,0.0015485137798047315,0.001608409034088254,0.001593491841791844,0.0016048193010019846,0.0015541332858529959,0.0016045268569942763,0.0015737327048555017,0.0016499663017586702,0.0016122335568070413,0.0016283686893681685,0.0016449264548618787,0.00161606682080741,0.001611154657570427,0.001565040917032295,0.0015937075300093788,0.0016324587049894035,0.0016455634716793053,0.001604289427632466,0.0016442923777259322,0.001615867018699646
100,0.00202942149386414,0.0020038878407191347,0.002025288277460883,0.0020036692140050806,0.002037703641690314,0.0019022239970841578,0.0019076925311838427,0.002018184257287751,0.0020332049204130906,0.0020021748714498244,0.002029611558055528,0.002000802312977612,0.0020052142808157387,0.0019901133350548193,0.0019678847562959964,0.0019399672746658325,0.0019967425060236736,0.002007083588609873,0.001992663842559393,0.0020108823385089638,0.0020198518732705943,0.002009690084378235,0.0020238484690586725,0.0019774427559847633,0.0019820360060308186,0.0020208509173244237,0.001978972596266577,0.0020149706324446015,0.002019616768366712,0.002028135524597019,0.0019842566239337126,0.001979531563567714,0.0020067122576829907,0.002006907359870194,0.0019961551168105668,0.002010822364744464,0.00196371684279783,0.002062605143609372,0.0020431658247463316,0.0020355721208034083,0.0019752143812861215,0.0020451210730243474,0.0020088886725716294,0.0019573576282709837,0.001986068413641892,0.00203063819790259,0.001957242873399273,0.0020048415462952107,0.002019677160644968,0.001989614557136189,0.0020394959272100376,0.0019256175049425412,0.0020704059512354433,0.0019935258588164436,0.0019965792709062324,0.001955399014563723,0.00198961095008198,0.0019669320026878268,0.0020717125864596004,0.002008032571309461,0.0020346384650717178,0.0020511085605649376,0.00202925575797929,0.0020007479679980526,0.0019531401727969446,0.0019907078088878035,0.002007919330415981,0.0020441817703671875,0.00199636907200329,0.0020370365016772842,0.001989262900315225
150,0.003213293320260237,0.0029786539057062734,0.0028435895801521838,0.0028651291808973137,0.0032803734552256667,0.0028758378965514047,0.0027468623649779585,0.0030538778405125233,0.003195932515177734,0.003128992408164777,0.0029554289397726087,0.0028535166579507745,0.0029768256900944944,0.0029168409686958926,0.00303003903998829,0.0030552892518850663,0.003165200615989133,0.003224228023952227,0.003138742609215634,0.0032446589941779774,0.002958843420044734,0.0031902232315457824,0.003189510906425615,0.003029519816239675,0.0027407216488398493,0.002830989798530936,0.002944153174006891,0.003026601111438746,0.0032160217901143957,0.002779084088791522,0.003013845975510776,0.002674802676595461,0.002932212237143316,0.0031894489413473843,0.0031112805008888245,0.002992777513489792,0.0028005882968979053,0.0029178767846050587,0.003028857117765639,0.002813564882671926,0.0030012837105846788,0.0031498778553213924,0.0026603990932926535,0.0028601593681071933,0.0029756410696886873,0.0032157154504342802,0.0027710468918820353,0.0029608072945848107,0.002980200913012156,0.0025315039833499627,0.0026503382940203522,0.002746233221841976,0.003002457180991769,0.002820278574921647,0.0029108436649729467,0.0027877111622894354,0.003053321396701679,0.002567583171185106,0.0030487022272104192,0.002886910652383589,0.0029445686532805363,0.0029477859942382703,0.0030737635970581323,0.0030791818747414393,0.00290757417678833,0.0028654052392132097,0.0032229330889614566,0.00319573248552549,0.002707667154027149,0.0027080696866604963,0.0027709939749911427
200,0.0027814187066994506,0.0023729318140626506,0.0022010731991031207,0.0019288063765718387,0.0021009603581579896,0.0022773354181221555,0.0019617493531005757,0.0023200368644514433,0.0032778361258155937,0.001992387322388822,0.0021474048147483923,0.001912898707740503,0.002426185791564146,0.0020595369913445957,0.00276069397051983,0.003063017274447096,0.002734702746411564,0.0023310731630772352,0.0021001025130057576,0.002936302424253275,0.0018340792318877691,0.003023861248428667,0.00207581221863317,0.0027746024599764494,0.0015670945923331949,0.0020154281752184033,0.002045402974134401,0.0020795001607136023,0.0022434798117233986,0.001387562276983273,0.002272870057883362,0.0015499572036787868,0.0016847161230264017,0.002639385803905857,0.00263872102368623,0.0021482823202469653,0.0016373215633058479,0.0014339518225328488,0.0017583183120201196,0.0012409201808623038,0.0020125000022396325,0.0026586825697449967,0.0009560507402056828,0.0017197374070651438,0.0017561938340996245,0.0021043898820477937,0.002181348416917516,0.0013917353016950074,0.0018144331411819841,0.0011170621940188787,0.0014864366532912334,0.0016873711986894098,0.0018735260120593012,0.0018639523840072204,0.0017503716587490435,0.0013252018675716085,0.0024942247746562365,0.001457640879380051,0.0021726334428725145,0.0016454718845824784,0.001237094342165316,0.0014897632485841431,0.0022542382778030718,0.0021428187642045116,0.0016602655329431097,0.0016029048994540345,0.0029585521718088004,0.002384410697202604,0.0010180888821196277,0.0012361302476830217,0.0015498935128562153
250,0.0015219140735319564,0.0013073591129526634,0.0010363021913993482,0.0006964825057926086,0.0008533631780780145,0.0017862557599853193,0.0009835571291924065,0.001024567691024904,0.0017858369878634716,0.0007923507910163607,0.000868828333037572,0.0008195429382256555,0.001376146378320162,0.0009525808367691228,0.001441959000487045,0.001736909719814624,0.0014672231378166803,0.0010190716925477963,0.0008861606053999692,0.0015535596024710684,0.000772207913821778,0.0020391405877100105,0.0007987450953805819,0.001228810851656211,0.0006802973225675819,0.0016357205342501402,0.001052214035289287,0.0010335120511323719,0.0010288262065253494,0.0005499609786408743,0.00090974132452781,0.0005124513963192629,0.0007012724888157279,0.0012177453690403422,0.0012641089237553792,0.0006238680481536514,0.0006932870974675385,0.0005074487311172892,0.0005725545486777527,0.0003763956983675598,0.0007056525011764879,0.0013150350641808473,0.0004235225263983011,0.0007506963455326561,0.0006112261234145416,0.0006049807958853697,0.0007588001967074856,0.0004997678156541951,0.0006526182531725399,0.0004087696010670201,0.0006388479438520824,0.0007699227304935145,0.0006524997457745485,0.0006743688914421185,0.0006553485155595338,0.0005915321049873124,0.0008578586948519793,0.0005950849736109376,0.0007506808425306291,0.00047885303009444707,0.00040807815579076606,0.0005252266397214024,0.0006162686310104888,0.0006856125193964774,0.0005193467821098036,0.0005117426012180045,0.0015023817582654633,0.0008432900426522528,0.0003381772585271392,0.0004477099606722296,0.0004814492815057747
300,0.0028781021152295776,0.002634489083127981,0.0029945067168834307,0.0022248221149381536,0.002002993306436847,0.0048093650423522505,0.0019293732390994387,0.002579260988996419,0.004427749201614126,0.0024563108854636084,0.0027876734226240695,0.0019896480469246947,0.0038305864771686947,0.0024518429378407413,0.0037072871708968545,0.004253615271106052,0.0035963507377476034,0.002078410510645731,0.002744248930996816,0.0030918954398172598,0.0018635698910936928,0.003388097755045497,0.0022144536573129397,0.002829804193849365,0.0023124363173597623,0.0030611246940679846,0.002850621995035439,0.00205788427774678,0.0020463931737193727,0.0016493942093802616,0.0022988725740772983,0.0021258537812033095,0.0014855174942148062,0.0027381364509279213,0.002510727389663872,0.0017285046570967616,0.0015555330962677928,0.0011812201304234225,0.001130513101921372,0.001197483170471969,0.0015770547191657008,0.002923102911154274,0.0008216758695198223,0.0018935025681888586,0.001244566257350686,0.0013030158019059204,0.0018441813184548856,0.0007781606705066224,0.00143355016327154,0.0006011052120646292,0.001953270314082217,0.001915821242922296,0.001385266345459968,0.0019315885723216878,0.0015394326644660584,0.0012159679529511116,0.0022962320748070677,0.0015576622608932666,0.0018981088582626802,0.0012047862643017793,0.0009191373848201086,0.0014796730334950632,0.00170911511425705,0.0014606864600094152,0.0011682325987041825,0.0010299690187963136,0.0015022199929392497,0.0019244560758271555,0.0008149348141159862,0.0013602169048620247,0.0012419812905136497
350,0.00189162244213229,0.0015420422132592648,0.0017691537189724234,0.0007927473409486433,0.0008979862129619298,0.0026720526927549925,0.001009932616134099,0.0014030941203921376,0.0027649426651172506,0.0014908439052305766,0.0014263124251522607,0.0009664126329732185,0.0021928226712837136,0.0012503683509280425,0.002116656571161002,0.0031902141660490693,0.001991545901026776,0.001181175925104313,0.001671663058784491,0.0019625834402783463,0.0009998122718221007,0.002053148003012341,0.0011498231514512252,0.0017522007847825686,0.0011412382977257025,0.002186207962222397,0.0013987600365409538,0.0010911665246264117,0.0012091707931283643,0.0007709682363530456,0.001255195764048646,0.0011740063771587582,0.000735359755848409,0.0014716267178300768,0.0014880238045912443,0.0007499216395184963,0.0006040586274474137,0.0004748578781304373,0.00045942468884266373,0.00041873087002386455,0.0006011274730399043,0.0015993068773241248,0.00035682751185959203,0.0007654043423060916,0.0005138094800043434,0.0004739043620897324,0.0006978961313219962,0.00034451608826202573,0.0005575801229058236,0.00020371306428304788,0.0009446286879000791,0.0009652303057616033,0.0010484950907994062,0.0009481038976037799,0.0006056312272919278,0.00044715432688297534,0.000932231156301925,0.0005808505557070021,0.0008329266018133947,0.00047363822097675157,0.0004282034118659794,0.0006529182218038978,0.0007073614188239271,0.000471989534924285,0.0004370939115890198,0.0004517711023762278,0.0007880516204750165,0.0009358611777931783,0.0003532667160470737,0.0006171429489187489,0.0005088777659693732
400,0.0031225009380078344,0.002715620954943545,0.0026713765983004123,0.0014718079970827184,0.001575066714383267,0.005545939751235502,0.0015815682824224144,0.0027255041253132126,0.005031341587744441,0.0029616393549076747,0.0028437171395462764,0.0020147395855984744,0.004425495531353535,0.0020689013057783472,0.0037489229813218116,0.005413258671372508,0.003529259106948129,0.0023954485385027373,0.0035049053299839477,0.00370114541243917,0.0020045151201954397,0.0032152146985546487,0.002479132990896081,0.0030584607729300236,0.0022058123870501442,0.00383675848133862,0.002993063887369053,0.0022692717369257784,0.0021991219285957733,0.0014349441338591504,0.002580494504266729,0.0020792369077053782,0.0011890688231058167,0.0025718482762851296,0.002352669911083972,0.0015400144685762435,0.0009819682329275804,0.0008026164273773743,0.0007036543102880256,0.0006773138202333939,0.0010192151067771038,0.0029444633692037314,0.0005989227458485403,0.0014366681655366463,0.0009015071411819295,0.0008418769500817039,0.00107481590091259,0.0006323886073005269,0.0008404323204464665,0.0002828628084071997,0.001720381621103465,0.001873447483376367,0.0016369329037843271,0.0016772932264887328,0.0013305492155205715,0.0006696989982050251,0.0015828679232815562,0.0011043574777431786,0.0013541512297605448,0.0009127695254462126,0.0008398409835839023,0.0011168489800966394,0.0012729960077127475,0.0007747176374929646,0.0008326365140318456,0.0008122582196835549,0.001052694145723113,0.001711669279287772,0.0005170546137378551,0.001237705298012197,0.0009216569596901536
450,0.003567209449593557,0.003088268348990284,0.002622380224541606,0.0014180944948188532,0.0017350962276119575,0.005664978484024427,0.0017543571476351409,0.0023881449066239465,0.00467597132016716,0.002568656220319099,0.00247405713404684,0.0017653445731634653,0.0040150596636742576,0.0019517705619695005,0.0036850785732146026,0.005302489980143339,0.003414677552687603,0.0028753004687443327,0.00329991512990091,0.003488205780352776,0.002189565043506893,0.004014901479032622,0.002425274300427797,0.002976977045182139,0.0019623711403775296,0.0035139267798513173,0.0024442457361146808,0.0030624736385410265,0.0025930680005865937,0.0012919479596612585,0.0025416452220330637,0.001916094364087957,0.0015514978516036465,0.0033003425392793316,0.002194472781007385,0.0015861690127556877,0.0008487601040350886,0.0009202243315733292,0.0007631540509201698,0.0006963539526623208,0.0010717589867318624,0.003496859128063079,0.0007118605251889675,0.0013881221958926243,0.0008674484221142178,0.0008713413866644259,0.0011393279799672758,0.0005680132344423328,0.0008317721102653665,0.00027218340784946287,0.001819154274282762,0.001756590319322034,0.0015857328486163168,0.0015942491228663723,0.0012154672575857618,0.0007458298998906023,0.0015787628602289083,0.0012132175543229096,0.0014624311313835075,0.001000833060243167,0.0009770542751842489,0.001194249362602169,0.0014463904268201008,0.0007139929285249882,0.0008253490086644888,0.000797565284112541,0.0012818948141232664,0.0017745489874927912,0.0004969287474523298,0.0013888018711288106,0.0007902308512711898
500,0.0033395714271063225,0.0033362717841993327,0.0034934638630754002,0.001566670765168965,0.001617490575144869,0.00483554760493072,0.001634819911428607,0.002181653328828842,0.005740130868006521,0.0023735860268061515,0.002922886144118326,0.002001544615082747,0.0047065737819524875,0.002043496840501162,0.0035728302452138023,0.004829190863044157,0.004134376085511619,0.003056069874702776,0.002950701961318763,0.003309805716465538,0.002140273513214197,0.004431913591231153,0.0025361166807124393,0.0037414401905455936,0.0021943649414987746,0.0030558561673387887,0.0034979683269123216,0.003570326043094004,0.0025413839059183372,0.0014670406731790036,0.0022917855562021336,0.002379318432828698,0.0013727623402071632,0.0036768076347788187,0.0021256498253529165,0.0015957441038543557,0.0007638066468452484,0.0010045817907666788,0.0008024003746616373,0.0008147264061335591,0.0011361411009776466,0.0033445118970121257,0.0006905465939780697,0.0015808716155956254,0.0008643316211466873,0.001002693914675287,0.0010778171670512836,0.0006405470421668724,0.0008834214192480933,0.0002467820529339158,0.0018381211224970265,0.0019625924396677874,0.001544262282550335,0.0018790312837785566,0.001281354374629606,0.0007122449632416564,0.0016223428633517175,0.001406051087542437,0.0011801579411338833,0.0010398190383476994,0.0009366737523426612,0.0011830824363622465,0.0018011660800699178,0.0008216631098761567,0.0009264150414512389,0.0008395321555881664,0.0017635726107982919,0.0015902287242727565,0.0004362518502603052,0.0015157781049272656,0.000630632383399643
550,0.004003126512838503,0.004434138609212823,0.005079069121469122,0.0013981178651402632,0.001695397850498115,0.00689421664823645,0.0022515085929039596,0.0029296934306187847,0.007009353242590552,0.0033628784422035096,0.004045305208875769,0.0030652822330308966,0.00465052538713666,0.002632285055755567,0.004230746521566556,0.005440857756184414,0.004566767705130458,0.0036950199746915813,0.0030278667748331956,0.004545163181998457,0.0029762915429063677,0.004628700056075884,0.0031339697894873096,0.005122983460508598,0.002422880842502872,0.003373548504896462,0.00420486332117317,0.0038067374431799785,0.0030781305003021024,0.00208223632686103,0.0026840124112398676,0.003385047506666384,0.0015800549825563883,0.004491489981964425,0.0029659230171495844,0.0020793015030773987,0.0011166721550053855,0.0011284395282431929,0.00080264130362144,0.0009042284791576094,0.001363755030553798,0.0034395261100144126,0.0006528356418129988,0.001980971851337113,0.001147879609580789,0.0010431442530326812,0.0014790412520564963,0.0008644867770044584,0.0009770634355688876,0.0002981944000401365,0.00233281582863688,0.002403283341360899,0.0016989240917610004,0.002654372865027672,0.0016501829502823088,0.0008473571876741269,0.0017159750916048765,0.0018321167808608152,0.0011224626782172385,0.001175929810359286,0.0009702182743543138,0.00134375635404653,0.0019938228770452378,0.0007809283175644137,0.0011958355656436954,0.0010666839831150379,0.0015464013974581445,0.002005932476329749,0.0005025344344176119,0.0016092949141131934,0.0008963111453340389
600,0.0054814037874756335,0.0063117063357451654,0.0069064840451270966,0.0018956118686429154,0.002662986451745198,0.010041017592551984,0.0027446673402371216,0.0034901069268337727,0.008548271612417472,0.0038549886630789842,0.004817130114526752,0.003826688884220523,0.006136509543990322,0.0033426059416149546,0.005629981300273143,0.00781678805166545,0.005479431103768071,0.004064897874729779,0.004350665012939966,0.006769301884730036,0.003665096488951419,0.006262883806942098,0.0043806903234993415,0.006341311156090038,0.0028876728196452844,0.0038074464770033955,0.0052036830212830775,0.004633573584821231,0.004131140675471055,0.002315386403713473,0.004358246351281802,0.003735852472555752,0.002026820139620283,0.004855063585510347,0.002981229533260274,0.0024370400824409444,0.0014156175441856153,0.0012960647992175918,0.0009474400458969625,0.0011749100740416907,0.001353511167411504,0.004423504578880966,0.0008243717238656245,0.0021868710142658337,0.0014014266450478891,0.0015612948773195967,0.0016480063070622763,0.0009475583544826804,0.0010479257493114283,0.00036184182417028666,0.0027598996095968267,0.0029949847909544283,0.002466393727809191,0.0036065801416823107,0.00184596718313044,0.0011612479680810463,0.0021814562889474432,0.0026496399150346406,0.001735991662119179,0.0013831070201166978,0.001463353467018654,0.0016149384052065823,0.002290605677882451,0.0009125329416165514,0.0014334526624427074,0.0011924457142519608,0.002146068702651454,0.0024314232448945875,0.0005581711138802348,0.001953234220561454,0.001099260727642104
650,0.005660691229324485,0.0068387560712397785,0.009303845804727947,0.002114083792996378,0.0024346245809744077,0.011976173646481974,0.0031190863162684707,0.004270693546334537,0.010125980752997714,0.003770765513763763,0.004806545043484894,0.005004223747943927,0.007463385636748915,0.0038913452927689914,0.006085639072047985,0.007546456428826787,0.005811234753526237,0.0044015193751518016,0.005248767059778662,0.007363446518623581,0.004142656638242232,0.006888120530805152,0.004892445099540055,0.007935777661623433,0.0034090909325713587,0.006051316345110536,0.007292687267650881,0.005597762765925533,0.004890501689206918,0.00307104285668409,0.0037713185880177964,0.0048388737710551005,0.0021717435864467495,0.005709260876417745,0.004112328958904577,0.00339661371461781,0.0015005082459538244,0.0022999187640380114,0.001343048799359408,0.0015966820319590624,0.0019126554413579722,0.004258040164131671,0.0010363578418036922,0.0031373790820668403,0.001845977088822493,0.0020297461492841,0.0025512446254173198,0.0014681668633329537,0.0015563046004460595,0.00046646015570414335,0.0031354672647117138,0.004490076166500027,0.0031932793906889858,0.004059619702070913,0.0022766396909117185,0.0014058607127729126,0.0032766452537954694,0.002928474932559766,0.001913498353840421,0.00193354044861805,0.001896350857956956,0.0024312146232395825,0.0032179288148957617,0.0011945720796099955,0.0018873446388170123,0.0015197797278138844,0.0025135736089266303,0.003087849741155702,0.0007009004330029711,0.0027380479284965223,0.0017683104670140892
700,0.005402294975529249,0.0061650994574409665,0.0094346993137151,0.001752053397425558,0.0022582202703843803,0.01279216053912283,0.00214709718338488,0.0047627577287665404,0.008662353526901076,0.003189341823599534,0.0048139033128398205,0.005209687521695445,0.007554608951040515,0.0037286464066710323,0.005160900257075863,0.005678217620394814,0.005110986160399902,0.004637071758927188,0.007097609374406082,0.0066216389224670515,0.004035610046524268,0.007572752035879863,0.004713068526471033,0.005956966741359792,0.0047156673258758105,0.01088530693668872,0.00856598668061422,0.006913328833131042,0.004818554658114034,0.0043463136187769594,0.004002742645485948,0.0052923475651858514,0.0018792031272683884,0.004835385656956215,0.0033172783765217494,0.0032144386402381186,0.0010949992716441077,0.0029153508102436635,0.0009415260237692125,0.002270789416797925,0.0012431465680066971,0.004937224992318079,0.0011398680187994614,0.0027518443093867972,0.0015898248875409512,0.0016589208663000527,0.0022668890973395798,0.0014457504059919302,0.0014686380053999843,0.0004546354962671599,0.004530440825552572,0.0037736330462697274,0.0027516398404259235,0.004876310039045555,0.0016326120013876915,0.0015861072064250368,0.0022042970359575764,0.004103013750864193,0.002319736890462486,0.0019330121458131964,0.0017330211373822143,0.00288778675143652,0.003917859907367664,0.0008322937085779871,0.0019252403969100367,0.0016895314039210426,0.002507851558870503,0.0026013221027941682,0.0007235103821585653,0.003198633252319238,0.0026988641679054127
750,0.009443719852857317,0.00830843382195949,0.018440331623423845,0.0035147760316389253,0.003766351916953992,0.01781997103742989,0.00343468012520574,0.006291190721551139,0.014249709740581722,0.005267788790661143,0.0059605234914838715,0.007626624871164142,0.012998865493996576,0.005713170134020567,0.009939593816285624,0.011451116733951494,0.00913864684116561,0.006040460405771066,0.010945038649619423,0.011547988168119142,0.004567634513883744,0.009430681308523552,0.009130828764755279,0.010053484298987314,0.006727256310460646,0.012610950274392962,0.01487530120263522,0.008060138745349832,0.006408972383873976,0.0052685731452290765,0.007574348537794625,0.007164241020710995,0.0021400128743362776,0.007313531690796967,0.004339047272676705,0.003728870388710805,0.0016515269559788162,0.0017400643714195626,0.0009719210758637665,0.00233746105186583,0.0016571647683257594,0.004130032422835939,0.0012483358179451898,0.003635199797204941,0.0026446526181596137,0.001886602775942135,0.0025448265183960054,0.0018518925601256342,0.0019431797582942167,0.0006344615460627458,0.003840159788915816,0.004227213149230617,0.0022146310890093445,0.004983927422008306,0.0029473784690770997,0.0015098905794068494,0.003138124449266201,0.0036726394901052117,0.0027577943124520565,0.0017502270851624557,0.0029536738448465863,0.0027345891022348716,0.0037528750065205342,0.0012996361676397992,0.0017839019290275043,0.00238000800645632,0.005330495569588882,0.0036253538060155997,0.0006351850424834993,0.0028588109550177817,0.002187248531845398
800,0.0070876693431715905,0.005297995032311452,0.01048768210845689,0.002154229493037117,0.002679734602069506,0.012394000335396933,0.0023143542822517994,0.005042184706932555,0.010214433736385942,0.004079493824974634,0.0037867551379158725,0.005475416721161978,0.006494469224531768,0.004111091789210067,0.005930431601112051,0.00616109535136881,0.005559932946718098,0.00304411342507523,0.006603736193418237,0.008507735742411265,0.0032381452652491412,0.005671011421717205,0.005081235810066574,0.006702645449937942,0.003996896572754763,0.009409767854958773,0.011410870602928972,0.004823786206543446,0.003947968450237942,0.004565530618316599,0.004786983205704019,0.0051421753641289585,0.0015414238255638897,0.005427027578725544,0.004025358816660527,0.0024017078326973467,0.0011384815681690509,0.0016224567027000542,0.0008597957430209639,0.0018769996841001557,0.0011695112835366944,0.002769753002212383,0.0009385666620801203,0.0024262287471700753,0.0020861066743428206,0.001842826472004942,0.0019743405659060124,0.001666165537926645,0.0015028104172133366,0.0005326673020714555,0.0025262423439506585,0.004158846679880905,0.0014602556067984552,0.0037372340246255758,0.0016565585783923622,0.0014158967295026575,0.002517260207358988,0.0027058977721026167,0.002013076742918606,0.0011994473566748918,0.0017363043152727187,0.0024424870432760088,0.0027769731168518774,0.0008208553405999844,0.001555372246204772,0.0016543209810163705,0.003414937020612082,0.002318302182937905,0.0006549116551468614,0.0019166118130547645,0.0016431546056992375
850,0.014920280102602634,0.012479783117736655,0.018957911524921656,0.004084247187263548,0.007218636189221959,0.02139265027030238,0.004561497836661029,0.013247275610874389,0.016672511582477963,0.008270786340290215,0.008495856136123844,0.009540230538268402,0.014206815200547377,0.010473065868251124,0.013342702413758482,0.011479303619125858,0.013754184963805269,0.009045144327904415,0.01628275043497394,0.018692076733180633,0.006874250200165149,0.013440461592316362,0.012377560252789408,0.016356806697634358,0.011597667044649521,0.01377908419817686,0.020878140827746042,0.01466916432157935,0.009842078771223041,0.009108645135476705,0.012237563772747914,0.010358165474966742,0.0039054868368391627,0.011472453592009409,0.008807252613931067,0.006039581464262612,0.0022802174481560207,0.0024600089104338126,0.001452535269354156,0.0035010201900149696,0.0018706148152983935,0.009004519335576333,0.0016897221357794479,0.004426815795963385,0.0038323394325408644,0.002683181251424165,0.003921271437113255,0.0026918289622699376,0.0024834961005926115,0.0008770278191977096,0.005046740892934254,0.008544851278808588,0.003950266298488714,0.0071831101786858425,0.00394339004435159,0.003002136288242499,0.005622382600596475,0.004730134140118025,0.003612748673832458,0.002816836470558953,0.0033959176818219323,0.00440849180762676,0.0048828077393678814,0.0011187239826278266,0.002165784037465023,0.002862155575429198,0.005985437127362404,0.00528897456951522,0.001177798374556005,0.003794921718355847,0.0030907134554581718
900,0.011506643386973018,0.007178329727914253,0.01217954836708183,0.0032571358111454173,0.00529057134682964,0.011790237547497131,0.0024368699637453838,0.008762070142170963,0.012062044392776075,0.005176733546250034,0.004570960555869488,0.005882009340281484,0.014918556585061278,0.006586414792047545,0.010186397402567843,0.007405909733885589,0.0115950794702041,0.007326435900434757,0.013508321093727968,0.013699557731936996,0.004069472820936846,0.007498251256557913,0.009353220633541545,0.010365872385834033,0.0075181154386391716,0.012320764688774943,0.01638170150122718,0.00884019256288108,0.007988434071269106,0.006022868711067619,0.007313160617680599,0.007408173436907908,0.002498451347212092,0.009619170389690459,0.0051723378726617536,0.0038057804168991943,0.000996862167372264,0.0016102056040174582,0.0007568441516529005,0.0017905596278069424,0.0011708187684757348,0.0037167894042795524,0.0007314266185858287,0.0027994703682213042,0.0018040782657121064,0.0012885754892652454,0.002111404959195122,0.001255749487427238,0.0016782943385523735,0.00040587758154618893,0.0025479560825400626,0.0037403980847254084,0.0020873958681477236,0.0031535401102868194,0.0016945410953385048,0.0012555992619705978,0.002607177507529105,0.002855209881090559,0.0022783635610418664,0.0014600385020737752,0.0019094317258956531,0.0026337368723933874,0.0024473037676081594,0.0008392168827347567,0.0010258292022626847,0.001395160673347199,0.0042320734230867985,0.0032153300577603306,0.0005386309057939798,0.001926993905589133,0.0014870572922518477
950,0.012355226841660821,0.009531341774466759,0.018712488274710875,0.004130019264994189,0.004392498440464334,0.011478626967540808,0.003434822942982728,0.011719849111293168,0.01523616249618545,0.008624807182059158,0.009413845465952576,0.009054425412762853,0.01674297843551771,0.008977578589992569,0.01037110956317252,0.009054304789363718,0.013558273063002465,0.007920271271981204,0.01781039890400799,0.014587949011474848,0.006665116988677675,0.009133238025242463,0.014045107933537413,0.013666430534794927,0.015523394379424788,0.012308808881789446,0.022578730313633118,0.011704216429886097,0.008792575205648866,0.009647731004553217,0.01017450167176624,0.011647885678730045,0.0028740286179527175,0.008819306778943513,0.006703395428808613,0.004713122963689135,0.0012506864424339209,0.0022179683702151206,0.000991423048420195,0.002928561176304356,0.0016153556036365348,0.00477009336464107,0.0012068243595422246,0.0028628976969661095,0.0024466060860983195,0.0015069500229271528,0.0029106565209650924,0.00283249134736252,0.0017232444892027255,0.0007597875876606188,0.004109111991755736,0.006451978236630869,0.0028561367944348603,0.004550142923479291,0.0022581345050451183,0.002065128574031405,0.0033774039681790575,0.003584355872590095,0.0023810992004453307,0.001942260442704607,0.003978043728663275,0.004087720859779535,0.002803713305453399,0.0007543029170011397,0.0014721693862358937,0.0021404994926838713,0.004554680253412309,0.003167835478727225,0.0007810400165908504,0.0026140358385105594,0.0019124132842989639
1000,0.00889555764316921,0.006809246271452004,0.014895527390763164,0.0026748194119696005,0.003998496061481264,0.008100415773307239,0.002788077060564143,0.010936211736407131,0.013665688440757745,0.0052451325609581545,0.0056011837269007055,0.008812011237379772,0.012620095844437,0.007698296716570798,0.00940863677430624,0.008157365644971529,0.011586552694401083,0.0072079793206722585,0.012185357968389456,0.01343514956223468,0.004450555542504075,0.0067664135733918685,0.00998020194005221,0.00973739170585759,0.00918854045726004,0.00915662432089448,0.01981858566831497,0.010003421693303002,0.008327110727345023,0.006418012224575279,0.010586763803924744,0.011028855770396499,0.002290611082291714,0.006608454892980368,0.004351369989712516,0.003423304220632417,0.0009540917037731177,0.0018109138949181545,0.0006802966597743181,0.0014672219076601323,0.0008841857101713762,0.0026160775014432147,0.0008595785446232184,0.0023948999036005453,0.0017163847167179674,0.0011914572020551922,0.002415707549197689,0.0019386343717542331,0.001932169793596178,0.0004337546458621298,0.002372063932405301,0.004900494968751445,0.001957535947440192,0.0031505059005398,0.002116062086284289,0.0010499358124269004,0.0022293374793427518,0.0025712647693580948,0.0014337771890495787,0.0012854414802859538,0.00219213055097498,0.0023401933497660394,0.0022363533221155026,0.0006492736372181114,0.0009837899722495219,0.001991510410653654,0.004724152648122981,0.003019619148994201,0.0006059219795133686,0.0015888356025518552,0.0017153399589005859
1050,0.015546450886963489,0.012683278848675804,0.02787661870631079,0.006246050964826002,0.006995575681742859,0.010782391685227464,0.003763748511705818,0.018579340695093077,0.018734470847552007,0.008527428402885562,0.008855335486270948,0.014194074238897587,0.024226479556863054,0.013715747776476554,0.013736132432035555,0.008283838680654299,0.01917883882803532,0.013140000472187148,0.029008841408150538,0.020058277365751564,0.00822478734469489,0.010651996778116362,0.017684571750772496,0.013560737079630295,0.018763800839050895,0.014353153388947248,0.035434276931130534,0.01793150041097154,0.013900528504403637,0.01182381184011202,0.01710009031929076,0.01892628905793222,0.0032130586110864757,0.010211569174506897,0.00712959641047443,0.005563447232166904,0.0013012027732321784,0.0031993542427451098,0.0011777560254145156,0.003233195977372816,0.0016163048415538915,0.006270881058298983,0.0015940089215291664,0.0032662804189481235,0.0023893234582685278,0.00185122285370848,0.003662144491069117,0.002995492314312287,0.0033471502739020847,0.0008882470915109893,0.004552861763379322,0.007352644902615187,0.003293864952865988,0.004821740565417639,0.0034980283054555283,0.002182101920797405,0.003780686508073041,0.0038530978199560195,0.002884865110293807,0.0028830001273980506,0.00565421882007892,0.004135755382845008,0.00454481904873521,0.001107934532269651,0.001909125725635224,0.003925034783322473,0.005711183966403561,0.004861133634838024,0.0013215133094490739,0.00318942783779989,0.0032494353305082767
1100,0.016391827566769428,0.013299831956693972,0.02735667194550236,0.007012992050462904,0.008296185779485474,0.01132427405432931,0.0038058365690014926,0.01645743700803495,0.022734881506914485,0.008675331671838649,0.009546968939334707,0.014828829235535078,0.022887274869858767,0.013158455080084615,0.01670459349441123,0.012426064053821998,0.022375034764298193,0.014640717506349746,0.02728705485683999,0.022596313948743046,0.008171638612559316,0.010941303406850369,0.02066664960545798,0.013905357687811678,0.01667757505654461,0.014946040324866771,0.03502243789543788,0.01646278672948635,0.01585885225178893,0.013607485076429457,0.01913087483185033,0.014857259556615295,0.003939637982861873,0.009442363634196566,0.01053365975450207,0.005157144332770258,0.0012455817897333826,0.002420004258800129,0.001042079179755837,0.0027971280014753575,0.001519473044685041,0.006768041901523247,0.0012286282348213718,0.002770713008143694,0.0021745812452680087,0.0013421712532622873,0.0034119475700814896,0.002998700305397506,0.0034610020829859423,0.0007927122976318722,0.003557088364239182,0.006042302152006111,0.002738381602102891,0.003396756314477712,0.002724116051906784,0.0014255816720172086,0.0026986551801523855,0.003770950308535248,0.0027229049573078454,0.0026006958619780984,0.005470346465396385,0.004018316854521262,0.003094435481788996,0.0009479550939726618,0.0013754899102625335,0.0034638058909936204,0.008685293532575347,0.003940780904434676,0.0008309421646117698,0.002150814137724815,0.0019091679685516282
1150,0.011816788583559714,0.012523792653896467,0.020541192711486172,0.004615978170141506,0.0064853926983520485,0.008373161283088848,0.003392557518494751,0.01309607908650137,0.01796712949238364,0.005862771198735572,0.006601139530108345,0.009351466425423682,0.01677451365994233,0.009083894952764791,0.011026915299760945,0.01080034215313693,0.015783999910040404,0.011520509591880196,0.01743620976672641,0.017965045722667126,0.00535750210664656,0.009045439117471687,0.012643286467064172,0.011409168407165755,0.009199850382246372,0.01037187473848462,0.024054665891115642,0.015526374535208257,0.011315800582387429,0.009422788665688131,0.01010284446296282,0.01056808719295077,0.0033842111433841637,0.008821052802336771,0.006904525472135801,0.004221544220074845,0.0011409814236877107,0.0028444272333713757,0.0008066115522699667,0.0016874215534699033,0.0012712518059839915,0.0051952537323813885,0.0011232713775825686,0.0026051034556554727,0.0018512406503616245,0.0013277312416383731,0.002780241341194293,0.0018156700846247986,0.0022549010796426264,0.0007094937364771878,0.002531101045706936,0.005448872839527515,0.002508544601732865,0.002537741655738055,0.002378677810815259,0.0013144068150061437,0.0026852322873153712,0.002770515449810773,0.0015122815176861575,0.0023267747252248227,0.0036640018535157044,0.0026208776714635755,0.002086421780135155,0.0008319557145859853,0.0010677473619580269,0.0024707862541688812,0.0056088564825976005,0.0032945793549985073,0.0011231905446038581,0.0018284451660965256,0.0014451448543695733
1200,0.017474257822991727,0.01365809679824721,0.02103060286026448,0.005230693561204064,0.007982947494498679,0.012234535903969248,0.004292086825092068,0.019720175642492798,0.024706258426001885,0.00724026561510982,0.008651767338534105,0.014000125604144735,0.02862786656866471,0.011586461463152911,0.014961498568300157,0.013852183648850769,0.025783858028478875,0.01594772125606107,0.03111754497513175,0.022713601073871055,0.006466842510305399,0.011773184137252559,0.018853116418079782,0.016133070954432092,0.015619107838054853,0.01132162706926465,0.03920588295483368,0.020272381948113132,0.02114734151537585,0.012988784628936217,0.01491446198313497,0.01694910286907823,0.004570285225641923,0.011664834432574638,0.008168960934401386,0.005160961252840934,0.001327062997580996,0.0023928145290648736,0.0007616192026735993,0.0018082827364196419,0.0013454864753084815,0.008881088477210142,0.0008684750799147877,0.0028387077679661544,0.0019337346447987089,0.0011296886194031685,0.002808196517626608,0.0017006893260713696,0.0027237480516587626,0.0004392692082381638,0.002663172274333192,0.0050753417308442295,0.0029807923303451387,0.00240203226044565,0.0026209487415175758,0.0009779926119583913,0.003054972549635036,0.0027437089302111417,0.0019759176680559497,0.002481128513150347,0.004010256531182676,0.002754410034388564,0.001967112146101297,0.0009926679061840052,0.0007643242990727433,0.002312797088820076,0.008049075400257217,0.0036453587830648404,0.0009337522042187629,0.0019431463384046023,0.0016893717751372606
1250,0.01162199216550279,0.009125533631218045,0.02687530207913369,0.004800279157979486,0.0077218835295879435,0.008059569127258978,0.003250258406736858,0.016775263735896672,0.019703180935341406,0.0059732788722612895,0.006902813689386541,0.014125752568658327,0.023226150607859545,0.012232151633008581,0.013514179980847984,0.010263414529617876,0.024243987901649063,0.010857609874285946,0.027237542156529213,0.018856788009094697,0.00578416497681666,0.008407449473452289,0.02099384638092791,0.012740360177122056,0.015692074644556714,0.00783888609148562,0.03036734483706119,0.01731621546302146,0.016508782907690416,0.012544475575616103,0.017134833585781356,0.01574834275883264,0.00356093438697896,0.00828959749196656,0.00683787736407895,0.00438394653143145,0.0007967603000188797,0.0018666796677280217,0.0005134313350607548,0.0014811629043833818,0.0009300616083179348,0.008274085252196528,0.0006697318312944844,0.0021350109615779823,0.0012051379831590518,0.0009346638690788365,0.0021027260294782506,0.001341830236469832,0.0019198945141836482,0.0005537441045982467,0.0023641272751914444,0.0058951191264592735,0.0018786524335155264,0.0021395149453048955,0.001889496461632822,0.001155565861898305,0.002583766645427683,0.002791288854496088,0.0017640035240320787,0.0019505477429797443,0.0030364715533020598,0.002383940381414798,0.002043007646096629,0.0006298883789248328,0.0006182386051578862,0.001666580871890553,0.005502486825987164,0.00227443671886821,0.0007436021587636787,0.0016758129297327173,0.0013596674252767116
1300,0.011318262683375538,0.008924647725911604,0.019566440178702276,0.004071057918302428,0.0065599562687934905,0.008218643317897139,0.0027337078949893757,0.017914954275029767,0.016946082975261526,0.005814673211716581,0.0059252566525735606,0.011889459291171302,0.022811438853034015,0.009002164590073693,0.01350663962383645,0.010550583339257477,0.0221356139552968,0.010654970234307119,0.024856156287049607,0.02016097923895965,0.005412076562116943,0.007215192804453961,0.018018412198871375,0.012194163786868254,0.01249506943563502,0.006492263404652476,0.02576358200542839,0.012843385071998151,0.013797346086871318,0.00847207995895822,0.011554391906829551,0.012703238167047787,0.003461584988214711,0.007371221993898236,0.00617929786514853,0.004498129501631151,0.0007771193059900389,0.0013472675888227639,0.00041956587643565956,0.0016804410774966527,0.0009095396254509824,0.005332669403287582,0.0006769414358132053,0.002792318942834084,0.0009699875312339588,0.000869635781834534,0.0020211599180025557,0.0011703023403697443,0.001846917627078475,0.00035211763051020995,0.002135656987537424,0.005112796476169024,0.0023849895922467114,0.0017810536563938142,0.0015795243585859586,0.0008187518013239077,0.0021305118510011405,0.0023498879600083455,0.0014283963742703538,0.0017346176650160207,0.0022296040260698646,0.002256619040073479,0.001444108644069207,0.0005142912045443695,0.0006448875776388579,0.0014583867759702352,0.004493081497327823,0.002598663464133947,0.0005608688697975595,0.0014256911809989565,0.0011434038809966297
1350,0.012066765730049007,0.012351083730916597,0.02380870352499187,0.004235935844973518,0.007003475471305413,0.010594890342742604,0.003973675138812752,0.020736536065883496,0.02238340685188275,0.008163422942743637,0.010821871376484287,0.019070988436638167,0.019450789070547078,0.011404488206167254,0.014246252831756411,0.012053840725760287,0.024752873962521942,0.013099175739349633,0.029711287335625718,0.025407724124379458,0.0061003781159692716,0.010099325543186361,0.02607968962790134,0.01528966095453749,0.018323935948068366,0.009945231536403299,0.028807471133346082,0.019242068049303878,0.02068221384029397,0.016926466542269824,0.016189332918729635,0.018437763035763055,0.00416024451263953,0.006357791879265786,0.00964744155579764,0.004824328286174152,0.0008121566463973737,0.0015596952831732449,0.00047506970142684765,0.0020816081305383705,0.0010039260428032883,0.006654351607721765,0.000811309102573432,0.0023419112365349734,0.001254616220333111,0.0008930080952268326,0.002608722513781558,0.0017417734479749925,0.001720375384954015,0.0004687498776547727,0.002917648107513042,0.006513699229496221,0.002262342740141321,0.002462283862880621,0.00144842923929963,0.0011132884670091285,0.0023524803718143915,0.004524518852122128,0.0014275045128518589,0.0017119049119243685,0.0032154286939961216,0.0032287990560621194,0.002009820936008408,0.00040756817091007816,0.0007487097609555349,0.0016147012943942432,0.006300233766004177,0.0020367098189936887,0.000499742093779787,0.001699535795653771,0.0018560003547463566
1400,0.015286182580402473,0.018148136493335996,0.034130922479865454,0.00765243562838385,0.01260760949948166,0.013299830640400094,0.005411508886144504,0.03810257161510926,0.02851694576144572,0.012580105882079806,0.013576748101816824,0.030148657932117278,0.029345332341494435,0.01771399087385472,0.021522786968853326,0.013438106960772226,0.044313628584772925,0.025292350568726092,0.044088643842509816,0.037691374809170765,0.010077647121327643,0.012246664929469782,0.04018198700233673,0.023813895052686954,0.030371297701513245,0.014625968504697084,0.05145310169046429,0.03546497561425591,0.042811591183657155,0.030719273591286414,0.02017406455629195,0.029207006517726068,0.007564725062156168,0.012719748929538222,0.011392695347442187,0.008920287040902102,0.0013495896291715326,0.002677333943376487,0.0008698783591631604,0.0033914110717887525,0.001575780375362151,0.011364913603756577,0.0013640372373629362,0.004264611465929958,0.0020373249100980742,0.0014796680824864389,0.004349961050473594,0.002953419371351629,0.002805914151583144,0.0006946359810006635,0.004183072595053371,0.006634915533747214,0.004326991969719529,0.003374488956867527,0.0026684881384677157,0.0019049931658876383,0.0031532124773147314,0.006483041237515863,0.002376186417020815,0.002964504910946394,0.005483578518033027,0.004598810591868573,0.0028508135036207495,0.0007341606984269461,0.0010815723766831474,0.0027750016075019216,0.011248225911653467,0.003849562041728683,0.0011105696412414545,0.00294816333999512,0.003037704306188971
1450,0.018602842982619296,0.021299840649589896,0.03359144976517806,0.009258690806857955,0.012763065796587144,0.015008041502109595,0.0052150387341351875,0.04089794280897716,0.02960383209998165,0.017623394189286046,0.015520860242691857,0.027304040737288565,0.03890969559098735,0.019998364709229492,0.021518931491300464,0.016991770001671586,0.04671945333913235,0.020899578613594552,0.05342796817421913,0.035930448576497534,0.011700329617675519,0.01296387090821684,0.05289786378930633,0.021380045829573646,0.03287343147103601,0.014856899622827768,0.04877787446410718,0.029559716674460407,0.03559381471508566,0.026717125343918357,0.02657153291394934,0.019372968401652403,0.004830527865613896,0.011946368123253072,0.012567625067377877,0.005937351399812282,0.0009708371888719787,0.0015037346165627241,0.00034419170504362964,0.0017876416677609086,0.0014513372758456365,0.007935001471196301,0.0008835220454784576,0.0026791690370852224,0.0011932539585885885,0.0008226947760184495,0.0030030203824776038,0.0016762499396918429,0.0024333459270314177,0.0004549408921858148,0.0031310764412270284,0.008616861744182339,0.002457045379560441,0.0029098376179142495,0.0021707967961415776,0.000972108543051449,0.0028414383108298275,0.005129693308845162,0.002048391309421681,0.0024129418613693604,0.003913054357205207,0.0032262410458051526,0.0020569139576562317,0.0006557398901841716,0.0007198027079640371,0.0020407659245251265,0.0099284281729654,0.0027116699727217464,0.0006504450648208149,0.0020543719332055247,0.002105498139280826
1500,0.011038508419202314,0.011081811101003378,0.022313959353292983,0.0034359575148510675,0.008551207342689056,0.008311827783472836,0.004731223789290638,0.022834834765971583,0.02096648750638094,0.008077660830167588,0.009149822845902685,0.018856752472597042,0.020487980790097605,0.013236089695992909,0.014339383971973268,0.010302447626600042,0.027635691085985552,0.013382934752993191,0.026220545355629708,0.022707911373581736,0.006770621580262042,0.010284620542993903,0.02985818042497461,0.01641615392679038,0.019474465764009408,0.01255589835345745,0.028471840776018647,0.015809427796436164,0.03221438087605159,0.015968297278372883,0.015046676926625271,0.018207576472867422,0.004994864618486015,0.007644396447197555,0.009132195386983868,0.002977583113274055,0.0006468899402869667,0.0009877335595030506,0.00026523193317035587,0.0011511232310112973,0.0006425664691186227,0.006213588945684023,0.0005625790850899648,0.0010527785343583673,0.0008253215497365761,0.0005932643792870555,0.0015783195078511838,0.001192557633544311,0.0010672755252644178,0.00035035946232462515,0.00179473223615787,0.004291227665817132,0.0012349742071819491,0.0014670560562897626,0.0011815014736855339,0.00045145280720052227,0.0013094830411387436,0.0022082540090195835,0.001345332456291241,0.0012616973792319186,0.002599837281741202,0.00231647946945672,0.0013317384630984936,0.00040681290763156566,0.0004561726608598191,0.0009485317187953753,0.005158829057888527,0.0012663888379290343,0.0004527634082478471,0.0008576644226914065,0.0009613044065190479
1550,0.013235317926218331,0.013101348800032778,0.02274009045989563,0.004268796404805751,0.011091646414155824,0.01623885297781921,0.0041052955122957485,0.03166432665003573,0.027834711306068245,0.012029067205730826,0.013246294838249868,0.02308781268027592,0.02315101887550995,0.018054706087709885,0.01861702870707685,0.01640190472244285,0.03571460850071162,0.013567066256286977,0.030079571846207336,0.028943430565608046,0.007955699057492892,0.012025977243735855,0.04588239651328574,0.026699976954841987,0.027839162675220342,0.011508153472095727,0.04526807316588313,0.019571385356054332,0.02981507920742254,0.024507092802049293,0.019146402002467464,0.02220842072767062,0.004712361654968005,0.00992146086118314,0.010716690518569926,0.003298901264705429,0.0007094805131792351,0.001043136973748915,0.0003849305873908557,0.0013643490674439818,0.0010832438642671362,0.004900311432720628,0.0007589455126435496,0.0018271121953148395,0.0011130040284402449,0.0008496074588038027,0.002181245029133973,0.0016072669156983466,0.0015581280456836825,0.00045714433343329637,0.0015580713963852478,0.0036632980287928754,0.0013258504739496856,0.0015369552931254159,0.0013709815775028206,0.0007996863390541297,0.0014124191704898402,0.003317970178613905,0.001191677405232541,0.0015322090530109841,0.0030871767182058343,0.002261938633314604,0.0011845936570790837,0.0004317616823083209,0.0006195851165102795,0.001501698520993844,0.006842932547442615,0.0015235636599648446,0.0007024800743238302,0.0012900601885564714,0.001616919320076704
1600,0.0062939329112162564,0.006111010402458272,0.012091245832076917,0.0024723278909312705,0.006595818237368389,0.0078110155757583144,0.0019979708174486725,0.018527732319746387,0.013301616695582797,0.005283461629005615,0.008587460733165412,0.01285098419701134,0.013522562114027978,0.009603069637457586,0.00867223344873363,0.00815885867147396,0.01845446886346465,0.011066040137629437,0.021638758971156285,0.016422682570603985,0.004248252115716101,0.0056200685596974964,0.032578243624108535,0.013888405466180606,0.014109286629790736,0.004618060169741511,0.02277561042337179,0.017594055842588812,0.023902379623477292,0.018523286635289907,0.012261547254553685,0.014346208434569864,0.0024016964550985275,0.004512292681854803,0.006387371603826371,0.002745671931084611,0.000292450857434807,0.000596529173807622,0.00017351008348789518,0.0005983775745335151,0.00048660918266366625,0.004862886100454489,0.00024056684487732126,0.0009801876260194387,0.00039696756145866333,0.00036670075553826923,0.0010540991013904364,0.0007048063205843391,0.0008390390220138843,0.0001362940924578156,0.0012846143394339238,0.0033980577585073965,0.0008203454184695147,0.0009723760785145343,0.0007991089073114161,0.00042937407058409667,0.0007048350970009818,0.0016838074407132808,0.00047392396013239905,0.0007714886816337149,0.0011175941918433333,0.001185778894283939,0.0007809898853776287,0.00023486754117084684,0.00032234447038111586,0.0007085670267652067,0.0041085618431679904,0.0010133112879422638,0.0003178176002620603,0.0008001677330003458,0.0008673237825860269
1650,0.00839407039126633,0.010288457097313195,0.013167338406977555,0.0031316872018998347,0.008008384923494857,0.010172326633307551,0.0037435916915015814,0.02452471839291427,0.017063436449116356,0.006801653085858561,0.008829389229549072,0.015175774887712596,0.019346294529510265,0.013051184156211093,0.012556814130991424,0.010854084199915329,0.02556486254477585,0.00980407393631773,0.028816410772768513,0.0231025419353197,0.00589614593434537,0.0058070868066611835,0.04012888334381084,0.018644949498896796,0.01470555076264732,0.005860327417030931,0.02826011260396861,0.015506538070136836,0.02530821882571806,0.020060108239704277,0.013525131925901709,0.012746955702403704,0.005165854768830076,0.004766766429637819,0.007983088921820227,0.00482782572726137,0.0005609943059186518,0.0010752681595146316,0.000302423820609973,0.0011318118727103865,0.0008049552645698373,0.004779628368851263,0.0005488744573085569,0.0015193497100354808,0.0008400400142962003,0.0007430666931863276,0.001864339615279102,0.0012517173603328047,0.0014019975613901523,0.0002115287740955616,0.0020395525735344006,0.00442717103336084,0.0014439225633395836,0.0016819639576893604,0.000990890763832481,0.0007014083107192578,0.001127585125403286,0.0036471918974712025,0.0010800346018287302,0.0014852566482239547,0.0024002369920102257,0.00218634150534795,0.0013343724036126838,0.0003847105323927223,0.0005038835653168564,0.0011197874880892484,0.0057944490441254205,0.0011817852767036687,0.0005322282740962692,0.0011528053204406703,0.0016183379804715515
1700,0.010608623868540383,0.011204596712357469,0.019496935439140845,0.0028586484267949484,0.014054468992796927,0.01260269531589334,0.0035667172988694566,0.036995112989554366,0.027853626917010245,0.010673453332856297,0.017521480749070898,0.024612104039097547,0.026671104778704994,0.01647630315115252,0.017678241346113604,0.018063110095681623,0.0402746953462026,0.016668061305815943,0.03835417642923338,0.033374593711147704,0.007809540426583576,0.008219136731765633,0.05423380385773877,0.023661350314311373,0.02824258172260006,0.008973600110039115,0.043911834599003344,0.023072964017046615,0.0416375755387194,0.02388299439565256,0.025220371536755312,0.022501484486453522,0.005369640152751414,0.00696371257343048,0.008672576840682369,0.0034937906592468998,0.0005137148830870405,0.0011562110409034756,0.00018023242337660057,0.0008256386777247826,0.0005936990026074977,0.004091532013262622,0.0004088941117515787,0.0016096740199779895,0.0006345086767013478,0.0006117471421540748,0.0015181470216224337,0.000962570395529383,0.0011214673154740765,0.00021706473547634562,0.001615425115736658,0.006397700387121101,0.0011022241713362746,0.0013429659152372588,0.001143392036691035,0.0007577076956460422,0.000951841341360392,0.002283636378706433,0.0008395524056241913,0.0010390905862060697,0.0014605411391433638,0.0018485230674379772,0.0011543156661328222,0.0003308420418433925,0.00038983844974104106,0.0010236543240860958,0.005601420354131343,0.0010585663807104642,0.0005056711870565778,0.0009127942661920117,0.0013030424917815254
1750,0.009015582697749188,0.00854060634608484,0.01914211781695485,0.0019208053053052236,0.009154810229776121,0.01006953498290386,0.0024737540909794214,0.03678322920927266,0.02165999119553149,0.008900049935618881,0.018284764642795593,0.024772805873630094,0.021185186010728958,0.01255934790771624,0.014739989926387994,0.011964558420004323,0.025560278350894805,0.009803972737509993,0.03118322287420077,0.027895660227319846,0.005764851810957995,0.007910790362594915,0.048539721770212055,0.017446755639199788,0.02785494751648031,0.009679230488836765,0.04009486044543014,0.01872019541769987,0.030004791622324025,0.02800441004904813,0.023934138882517195,0.02328718433944652,0.004758419735550818,0.004598401329509893,0.007496569259577275,0.004314021973316683,0.0003743786410747194,0.0008788614398905669,0.00020796910023610583,0.0007100354098383832,0.0005435113593716295,0.004805985787243117,0.0003520695205224911,0.0011504177602642141,0.0005202276893932753,0.0005578889987840999,0.0013315945854405424,0.0010898271637529433,0.0010811388050224822,0.00017475798296634986,0.0014136715351364378,0.004596417288363834,0.001003705183393322,0.0012092918955854007,0.0007932038592869127,0.0008039321315167895,0.0009714161273985801,0.00209317532426212,0.000570497790704394,0.0011751976328154203,0.0015998966332214574,0.0016835251488725677,0.0009969762845516757,0.00026733139671082716,0.00036636306483867683,0.0008943044789962837,0.004212223804123434,0.0010487940642160392,0.00035841255726154486,0.001112880220556262,0.0012612856604391708
1800,0.012898812201062872,0.013425102543637709,0.024985239724628627,0.0036667977833601,0.015705453601438858,0.014596033300871827,0.005207026602405559,0.038598805382920834,0.04022204294016797,0.013077012437861413,0.019879227318372692,0.02796352033417824,0.02939173490846191,0.018967775147316526,0.02457727044752306,0.02155131916515529,0.04981580125569876,0.02105482665032054,0.035419727209955454,0.041535882477958995,0.009688229032214552,0.012478720220055297,0.06377950329954425,0.03213542639665926,0.034077244672170354,0.008536966983228922,0.03439549299054629,0.03031311803594387,0.05050643704393331,0.034389102807073225,0.02563924769948547,0.02781849793749503,0.006205708839283593,0.009533353428746205,0.009561417913775787,0.005007802753035711,0.0005821549038955709,0.0011684385641605002,0.0002781512623450141,0.0008827880701574031,0.0008028315360206761,0.006933148280950263,0.00050905415082525,0.0017247194344618994,0.000660094934669599,0.0007448405815791505,0.0016101912615500112,0.0014712730668406948,0.0014728755880022272,0.0003006197940439134,0.0018286601960706042,0.0059809330220256625,0.0015974978217855097,0.0019604261867744773,0.0012603523904670447,0.0008534256670497019,0.0011550915832456042,0.003463731009105686,0.0014780479238854444,0.0015230817392316218,0.0019396952256405106,0.0022258711479646804,0.0012901522389896585,0.0003693722056915568,0.0005234203045903188,0.001226845492103119,0.0071553295004248086,0.0010558716986367707,0.0005766774620497017,0.0010840872156459686,0.0014558342634700238
1850,0.0077788220349592286,0.008887969893058416,0.027820811490528286,0.002709791533729563,0.009240309201634806,0.010726298376019778,0.003576023663152873,0.031948460218058354,0.03067227283012287,0.009877177930320613,0.018133305943963392,0.023891901891685698,0.023979214722093082,0.01683754832475009,0.018802291028858983,0.015934301782787468,0.03827616957797935,0.015621950814524029,0.03179702546913177,0.03382509211699168,0.007103962645907394,0.007515157478337642,0.05893130573133627,0.022453287604730577,0.030432796663796856,0.0072366669308394195,0.030894668455256315,0.024342630795824032,0.04142287479549208,0.026524493125180015,0.01884875528009919,0.029924589191348508,0.008506259471337567,0.005875453003682196,0.007876477363525838,0.003083438846390761,0.00047958648571310683,0.0005044494371924719,0.0001781676384714693,0.0006196055262535083,0.000487234428356579,0.003058429138036445,0.0003452717548498185,0.0012780689229609714,0.0006011592351186616,0.0003375685918009757,0.0012201787726473668,0.0005782508856100321,0.0009555686358531791,0.0001104000092792293,0.0013740995644743984,0.003596093664479364,0.0008560274698538705,0.0009176693430552925,0.0007863815485977504,0.000669115743882933,0.0006981750668019622,0.0031976485588529613,0.0008110335572205764,0.0009434463332301955,0.0010831941748620012,0.001305204446692588,0.0006999420484808743,0.0002255237231037353,0.0001703813080287849,0.0008067271826732466,0.005778160280897282,0.0008374044590995723,0.0003323464327422698,0.0007860170908545207,0.0008988674235297367
1900,0.0075031906019068775,0.0070636381214070655,0.015264878573361784,0.001867566492896563,0.006925475523553647,0.01099558059026354,0.0025126169284997177,0.022634928635157207,0.02593206892547469,0.009949636412784457,0.012095391846450195,0.01722835198553203,0.013468234087199424,0.012383526403661535,0.013344856537022519,0.01718927577409583,0.02433047742496932,0.012646072078496218,0.02440502426387476,0.024715709885349497,0.00575499132425578,0.006830774904561362,0.040093663280519345,0.0167915690515656,0.01791366681157212,0.005852487497031688,0.021082798028791948,0.02012953446683241,0.026078265186344436,0.02789655623106932,0.016279325507154378,0.016339845657617282,0.0048394099701629155,0.005312396531862337,0.010065662533937333,0.0025935536492137806,0.0003985619344491983,0.0011389820667153056,0.00017594218498820136,0.000977445517492015,0.000689970193792412,0.0037167932823649608,0.0006598077772650868,0.0014840464693981247,0.000506573608206389,0.00042941225799170623,0.0014890796393733023,0.000998377367352532,0.0011116117423092685,0.00020913924494049172,0.0015124959563623773,0.003425652010870787,0.0010294425243046134,0.0011479064886938135,0.0007054747117669241,0.0007365916105548174,0.0012019742757485058,0.0024273435628856532,0.0008012680978026765,0.0016613712826466117,0.0013372959637005502,0.0020588998975517338,0.001011530711400189,0.0001760545416251622,0.000400671439516979,0.0011315636785928457,0.0035018293627737357,0.0007966004694497447,0.0004175245812803041,0.0013302347099187416,0.0013353612856008112
1950,0.009412964125560294,0.01142664105389957,0.016534465151683737,0.0021632635961465825,0.012624510380813758,0.012450666836230084,0.0035040525718584596,0.031480725507671926,0.028579996637941068,0.014407273425604217,0.02270575748780961,0.0259934554094204,0.021146579537978112,0.015735820992355883,0.01829809868701405,0.017369631998008117,0.03423478308832273,0.01945599919786276,0.04149695534059512,0.03150121635524556,0.007086859060403255,0.008179483636922669,0.07802410535669575,0.021716030260237554,0.031112444975102942,0.00577267948538065,0.028733425144192522,0.03392597418375468,0.04694910741356366,0.045485563190361004,0.02507122382094773,0.031139191958712988,0.005048865110858549,0.006727789588906088,0.01331981273930675,0.006482794742104099,0.0005954301108144328,0.0009056578736900436,0.00021836634740278655,0.0010859918293135706,0.0008422713109753881,0.004216817251290195,0.0006359651622915407,0.001811662731741212,0.000607121648710362,0.0006739139390577163,0.0017866293348018651,0.0011899736561531427,0.001315021411708836,0.00020378327925837684,0.001634449767516344,0.005938265478713826,0.0010285118274623527,0.0014423943905466311,0.0011981672364997614,0.000685869033490731,0.0008737106470488793,0.005688678367732791,0.0008621976013121942,0.0012711005208704872,0.0021983633118604,0.002093929365391202,0.0011254669249562237,0.00030548009345767314,0.0004191067152229759,0.0010927804997699206,0.00690925502567552,0.0010957724596851808,0.0005810889661006513,0.0010173991527650487,0.0015097079507540912
2000,0.007316608690441196,0.007569410577330187,0.01634786700985084,0.00234014316520188,0.007825656734698724,0.008269122194698346,0.0029775100040663554,0.02608911958568748,0.02674391370707286,0.014321072871098295,0.02136755743449163,0.022407398346368443,0.01838676885094945,0.013069162295185819,0.01452030180080328,0.01895072282059118,0.025713623221409285,0.012489379687187604,0.02497244899028114,0.023101619977969678,0.006315337796849445,0.0065861079846009874,0.048702903347245106,0.016116339142414896,0.018884274549135525,0.006601703725755215,0.026969634000828767,0.019460848863673164,0.026047535454306533,0.04363279796633569,0.020118365054950117,0.020695518440334126,0.0038082610619067756,0.004187649651972014,0.007289209397438551,0.0017913387381278362,0.00033762138808637437,0.0006734673886305907,0.00010663590456901893,0.0006054424738977104,0.0004891288711579808,0.00311419786157785,0.00037147110197111033,0.0009993597400592222,0.0003877363498472014,0.00036108171290314724,0.0014729190217877388,0.0006141022611529934,0.000669707047595223,8.588693224903017e-05,0.0009877769753494738,0.002797906159685226,0.00061261551672942,0.0008117082565595225,0.0006697232628508134,0.0007261734975724142,0.0005800521326447231,0.004430213737578015,0.00042347184325485106,0.0007048251615252901,0.0018589668829614918,0.001474781013859038,0.0006573831681938221,0.0001503459218977835,0.00018968908302162567,0.000644619117964168,0.0032152290181589444,0.0006134243446892686,0.0002832961246213017,0.000706959820895807,0.0008179668933735229
2100,0.00819425972106212,0.009250012881777904,0.015771588465819757,0.002627153472097304,0.009439983527850996,0.012146927965139704,0.00399369347266451,0.03891742401345469,0.029118164287750384,0.011576867545954883,0.02554697149295222,0.027820873562465136,0.0206340119969382,0.015321997018128803,0.014414093847838504,0.021550085667210322,0.03350261184026576,0.013064396122611965,0.03187774290563539,0.026700201084216436,0.008547821078732691,0.007206900918390602,0.08039836790257444,0.02005185785043674,0.02626246908524384,0.008197080623358489,0.031431948855301484,0.024245994582694646,0.04012071374557255,0.049970510366209406,0.025400485331192612,0.023334661971043367,0.004399333025783283,0.005616243644400911,0.010288684269148184,0.0071280673317752575,0.0006352677601410649,0.000700382587224753,0.00017055667014946848,0.0006299506876530359,0.0007945365686708178,0.003641753992269514,0.0004333271897849045,0.0018332165123674234,0.0006501593027343532,0.0005679495466340865,0.0015882002341018769,0.0013857897320690427,0.001051102002747939,0.00015442716258720876,0.001597903067228729,0.004911899428407196,0.0007987966819200665,0.0012536086061879117,0.0009927826440303009,0.0006921149179106578,0.0009162478769818941,0.00412697731735534,0.0006058312978262216,0.0009476251129784102,0.0017964605416636915,0.0013239926020887846,0.0008984051052081028,0.00022657791067775851,0.00025421371618803177,0.0008530649116768142,0.006965890863544441,0.0009255288981479232,0.00031493210076405376,0.0007782143838077533,0.0010482810088433326
2200,0.006321808326017187,0.0075701551427806,0.01179974916158244,0.001463922579401137,0.0063539513948968835,0.009539140111883171,0.0020001567860280403,0.016700008994780993,0.017790573656015964,0.006283141527092084,0.01265960139183638,0.013989251885579172,0.015913572056557645,0.007757641801480063,0.009057188826195403,0.01684401202752876,0.01738881847926504,0.006967482185050185,0.02253459463411543,0.019235192117048428,0.00441613504909373,0.005468699623764094,0.041963796417694536,0.01750397189486345,0.014782982322642402,0.004442467167973518,0.01581989135851355,0.013924528655479662,0.020849771666860976,0.03072839697697125,0.01124650850504016,0.013806545016660284,0.0021418106179086093,0.0026054610890812826,0.006800795165569677,0.002144562205233212,0.00021526964428032538,0.00040445839972976086,7.322566949665362e-05,0.0002591631996438082,0.00030431151725814683,0.0028438728186301887,0.0002691721240807965,0.0005781779534453036,0.0002561668018595236,0.0002521442472763218,0.0007057692411699304,0.0006102294130414521,0.0005590669022302759,0.00014335293901074857,0.0010960586550516802,0.0020725696646574456,0.00041215449673472906,0.0006869579357990748,0.0004008672361845223,0.0002760798352855173,0.00043395319299898186,0.00188432699542318,0.0003757394033780454,0.0005344358673168105,0.000698835863537776,0.0006371981205990768,0.0005763256616504535,9.425783970597492e-05,0.00013843287039586963,0.00043889720279378697,0.002613009733717523,0.0004955574908522186,0.00019025492906621366,0.0004854419568969091,0.0006540622824104502
2300,0.00528759475816293,0.006227177383455758,0.009476333934192857,0.0012192967684733539,0.0074833540686684704,0.004244978501187039,0.0012215261691204842,0.015089489172062124,0.014906329763360628,0.004819332989427494,0.009603087941937746,0.013714615568423308,0.01034759364627076,0.007701506589166291,0.008794645058258218,0.009861245547654107,0.015967220124799668,0.008084484595581417,0.01616619448343824,0.020926453204980742,0.0030218485586094453,0.004367579132771685,0.03746409794703747,0.01431697203758328,0.011311550553987868,0.0046769603155553344,0.012888848996109089,0.014741249920916744,0.022273617463104207,0.024117134050621027,0.011745081216601344,0.009305242263228418,0.002214779733706634,0.00224350438394711,0.005608817264146637,0.002144617503810358,0.00015660935638319833,0.00021829162770617668,4.3545021378440106e-05,0.00023293262563583994,0.0002654576476724036,0.0015976037457221537,0.0001345911525277188,0.0007419934539173386,0.00020598594149927714,0.00012015953576077923,0.0004575462782125677,0.00026239624801860373,0.0004986865186694935,3.3704091079429915e-05,0.0009239706164477796,0.0019026003554548272,0.0003832660302578006,0.00045633225064583324,0.0004378090263093452,0.00015901460971111771,0.00029824451383476155,0.0009565166628817678,0.00022076254775053408,0.00043919889299454205,0.0006950843700906262,0.0005944234808192696,0.00035655830325359366,0.00010872061928337742,7.432693766733994e-05,0.0002883299181570243,0.001933979973858056,0.0004836160541704122,0.00013866312883692444,0.0003645442676170511,0.00032455205655423924
2400,0.007338941206595533,0.007016908806421001,0.00830215469856436,0.0011728010897058994,0.005597142713391988,0.006200365582896795,0.001963184215832547,0.013445237059118775,0.020668758270979116,0.007483425339160021,0.01817885234400078,0.01594260686122615,0.010939290337828976,0.007970572773818716,0.011117752331398044,0.014280929836483361,0.018151795260824395,0.010852758977503244,0.016309569689578245,0.01741891069880997,0.0042834504075122265,0.005261227682889772,0.04426378636543329,0.01816085332078122,0.013289133757574572,0.0035275434143841266,0.015616102641703742,0.015428996882595433,0.02742383090833969,0.031210444484684324,0.01627711110825961,0.0130965773423668,0.002856124539238618,0.0031119319894567653,0.007182090448218837,0.0017296118869905644,0.00025580059978461866,0.00040219499318151395,7.151969520050607e-05,0.0003490398504482073,0.00040755317639466624,0.0029499444426619448,0.00023054423745634268,0.0005476014161295576,0.0003448169464000354,0.000217859102953558,0.000597261718515559,0.000665931748528692,0.0005755918201069515,6.685295685119027e-05,0.0008581736555033086,0.0017971297371938515,0.0004448752719326876,0.00045334089510124984,0.0003051599653880313,0.00022432873513687147,0.0003305070671343347,0.0012094340763724176,0.0003636484187205093,0.0004967174447161736,0.0009369523727703684,0.0007278210633333118,0.0003692705366086523,9.821144975511423e-05,0.00012448058300328234,0.0004497707288299518,0.0014972874456101895,0.00036419200497203147,0.0001955221100615745,0.0004265452651207936,0.00048465591098647567
2500,0.006716840658407671,0.008195908391994803,0.01557512313593179,0.0015950316030424662,0.009042614916946645,0.008437850811917866,0.0023018622230137546,0.02019023167782043,0.030167927559910202,0.011737441993318498,0.02336753470094495,0.026915591818931495,0.014501972889499457,0.012483638342184184,0.014577514311017961,0.018965423543704674,0.02599788953618069,0.012416286685775164,0.024777565301129862,0.024546015687907735,0.005386367017882338,0.0068725715313381185,0.06821389959193766,0.020758127882436382,0.023838774948787417,0.006333582568913698,0.01771352755555023,0.01808386631940569,0.039864539983682334,0.03895206624509874,0.020020723865212253,0.015598393553563464,0.005288497253926694,0.003759467970244153,0.011995394430414308,0.0026144599180822426,0.00023454045499180976,0.0006232990162970964,7.281923039242308e-05,0.00036047142953066214,0.0003477334438917132,0.0019027501766686328,0.0002705397726458614,0.0010090752931366871,0.00019499075204198321,0.00023205271775493332,0.0007138664972157322,0.00048400279474947183,0.0008405063018973783,7.015166267427213e-05,0.0009831256187191263,0.004045247118180366,0.0005065947145340033,0.0005777854655337121,0.00035516629289085016,0.0003963562720111275,0.00043499245121668255,0.001540817918794346,0.0005153549572140845,0.0007713416749398815,0.0012340873096642706,0.0009834002464123588,0.0004520612987511817,0.00013852031636955102,0.00016107501182381788,0.0007225649416984917,0.0029259851003839038,0.0004838012602667209,0.0002210996660778619,0.0007720995643528319,0.0006634986799326726
2600,0.008261052698602528,0.01026956204549168,0.01994919404387474,0.0015641134686750144,0.00816726362844045,0.019861733727988655,0.004116922001905492,0.03255373560458276,0.05170415430049754,0.016002582837245427,0.041811904700380965,0.031591472898405616,0.02539489100066324,0.016894093260458303,0.01874114266161889,0.04207787094249701,0.050521878252939564,0.024627179452630727,0.04369709288169231,0.037136693901071945,0.01022331291415657,0.011395977688412781,0.10094802948956688,0.027988283192098607,0.038890552422445684,0.012035723589360715,0.027369860400100268,0.034753648811602034,0.056416860546040185,0.05220499346796714,0.038865733277052644,0.027292798940414705,0.008492695293958045,0.005655188383845894,0.017808299402531702,0.005908892320413932,0.00026873513246228917,0.0004978126608793074,6.489027993600494e-05,0.0004664249047436897,0.0004916492206033813,0.0033110580534412293,0.00021604528792522614,0.0014967919491219188,0.0003798038390031204,0.000328385727555412,0.0014308543924383692,0.001260532902890077,0.0010159346899603532,5.655121780860513e-05,0.001206053787651539,0.0062948996871152,0.00075200296996627,0.0007511132057608884,0.000546112227437271,0.00028983073637143457,0.0004488813884827616,0.0018851945351343602,0.0004052047277632988,0.0008123152671732196,0.0017072762736158136,0.0012165614894539792,0.0004857333568469147,0.00021448775363308882,0.00020800220388789766,0.0008991116476615637,0.009305846667432758,0.0007611573040169708,0.00027851312074744783,0.000577727663369865,0.0006394575219019316
2700,0.006382579067281472,0.008508720660487327,0.01137466891668737,0.0011498689641974544,0.006297093388201563,0.010941975311392784,0.0021251163984303393,0.014290637211696081,0.026130378759492638,0.009367915670736693,0.025227330184906697,0.02182041010976774,0.01276866684466685,0.011067343053362107,0.009693858013419872,0.019643035581490647,0.02221024060452778,0.023371522896923125,0.020580035484662012,0.023489675394569833,0.005394304261258535,0.0063182684051363526,0.06131138084223494,0.019971944174418846,0.018555429608409574,0.004425584268756211,0.01481721695322889,0.030685247298000224,0.05813537266872385,0.053006852420015,0.027137640758689182,0.019473160120049633,0.006002896272898047,0.003511067274599174,0.009366936650217718,0.002308700631536859,0.000264917809102515,0.0004548520992102567,7.463007580784517e-05,0.0006951270424906397,0.00037264361658538076,0.0021283509850036353,0.0002893450789997587,0.0010469392812075583,0.0003358945828040305,0.0004154065286132079,0.0007994304143179314,0.0014802419444777115,0.0008511106051283323,7.858553160324597e-05,0.0008631770707534787,0.002259500042479582,0.0004910635063424707,0.0007090245910928518,0.0003941353467059249,0.0002831400240459268,0.0004562850153888576,0.0016252741334028542,0.0005162884111895335,0.0006701323371649218,0.0013019374035745082,0.0009378332238303565,0.0005312440705017286,0.00013063583132820854,0.0001904842631322228,0.0008773595050647068,0.004691410758823622,0.00047130871664106375,0.00020624394301194116,0.0006684472259124761,0.0006648214985034429
2800,0.005464382083733358,0.005037011070978931,0.009659606458929678,0.0009897809552897412,0.00532566081321558,0.006697583207694281,0.0016896690004585017,0.011185392640375843,0.02653216526481099,0.008147407905198634,0.021571678446496573,0.02658869304806493,0.01318549678421043,0.010193095208678365,0.007588219050889807,0.017006280657369643,0.016065324305340516,0.01451152731086823,0.020081113416901126,0.02126672313005353,0.004216572403814868,0.005166397566167039,0.053515356072845556,0.012632111283649768,0.015491629710480098,0.004260240169242024,0.016583321176327562,0.02269162895269498,0.03374315142795882,0.03355357804297631,0.017135887786280363,0.01213211944559589,0.005935127603187049,0.0023714592660030046,0.010986235363007937,0.0022846702045821337,0.0001756766631316216,0.0005486493815128183,6.983970866625545e-05,0.0007969670183456401,0.0003268921044996495,0.0015121310607355554,0.00033757278288248926,0.0008479350867434588,0.00031062102186632203,0.00031686295018776685,0.0011634903389277863,0.0009501143064483131,0.0007834981485976986,7.199915737807963e-05,0.0008948989727636776,0.003743129444652974,0.000570884786429815,0.000806268237172436,0.0003885976193173676,0.00028233629630201244,0.00039906537223100957,0.0021878586176171666,0.0003504981224043351,0.0005630135908387064,0.0023320432165443586,0.0006760487178560711,0.00045423382486357394,0.0001601261514273623,0.00018031350029761798,0.000771780851209769,0.0029555846309189554,0.00048608140998427436,0.0003086571018684481,0.0006027928568012406,0.0008354730744031258
2900,0.009864999438562066,0.01229507844739904,0.02854602011696746,0.001621675385551778,0.014886543913994904,0.009007322001187796,0.0028305512823862955,0.02604108070041619,0.04889236169401556,0.010365326394094154,0.03647096295421368,0.03266445407213296,0.015690200508812046,0.019032474121283456,0.015330626247176791,0.03826723543655438,0.028957565664313734,0.016370071329565458,0.02397438614363117,0.03098946131571817,0.008097567219682298,0.009925149678435576,0.07975163036646943,0.03182066711888183,0.030534097782543138,0.00910357041284442,0.02635071250012017,0.031276196816179436,0.04698997241965331,0.06837759429547605,0.045555908116512,0.02179375076173948,0.006484770646553583,0.003997657982413224,0.015045277591626573,0.00551470599397622,0.00027834047506602425,0.0004913826790222877,8.457346743250445e-05,0.0005432939185538999,0.0003887909767999713,0.0019653810741147026,0.00030434158616117203,0.0023743917960305943,0.0004692746509183627,0.0003548481627538942,0.0008662886688270781,0.001066551929312709,0.0008859912536693094,7.312737811430866e-05,0.001022603379267541,0.0030836501252148687,0.0005276890631648711,0.000671491225482302,0.00034358698582670103,0.000340053560648812,0.0003497701837532272,0.002999646329044481,0.00045138535774135054,0.0006413626895384648,0.0031005208564844604,0.0009092113513390593,0.0004235963339211863,0.00014050406082845315,0.00017394807380494766,0.0008334648992349212,0.0044371720276623295,0.00043985026315298116,0.0003178101810590306,0.0006620602422010372,0.0006508318081614561
3000,0.005153672157502041,0.00522291705689255,0.011588024091906846,0.0010591477348778147,0.004479360221104131,0.004534730153474291,0.0015187431418751422,0.011097139718841907,0.030310336521957835,0.006480478994490113,0.021149756491075006,0.01582679451671631,0.010598030955544815,0.008549595889097403,0.00805272070934092,0.026017775538396865,0.017943304165826356,0.009925978198570872,0.011950037766447557,0.016544648927131977,0.00397099934524214,0.004457431376197617,0.05383496763727938,0.020561160418583312,0.018651990738276038,0.00331778060644865,0.013654874682434903,0.01680633476523023,0.01890748877365909,0.03456239948032054,0.026974299668023984,0.01375515397320179,0.0034917353076217785,0.00281196564918541,0.006965083540611279,0.0014870102532508359,0.0001519386323108943,0.0003762138410159175,5.3728487667954085e-05,0.000400134080166481,0.0003183721175272249,0.002164692772566923,0.00023673506839259063,0.0007560125842773184,0.00022056821601022659,0.0002914386817662619,0.0005124865759474536,0.0010029232257124931,0.000547311489863832,5.15645420736374e-05,0.0008655245228510466,0.0012077067779803958,0.0004449300075066276,0.0004084264355511476,0.00028069082590859737,0.0002752149408810179,0.0003245872009355607,0.001023421680656611,0.0003041646669619998,0.0006102381193229051,0.0018921981876095135,0.0005317303949371025,0.0002549069711642881,0.00011987757836716294,9.668704903257701e-05,0.0004422569967479016,0.0017169211615899777,0.0003682283508736751,0.00013576242463386734,0.0005562605065661199,0.0005449116957606748
3100,0.005188495088667558,0.007271599330663405,0.01004863161748896,0.0011690469176615947,0.005752969055386449,0.009636083863110148,0.003326127944033473,0.012708469798477987,0.047283906162837286,0.008330800294061191,0.03543025453540462,0.029360827494517197,0.013371878862733754,0.014162831117353177,0.013997857171617558,0.04103129125239017,0.023254769810591824,0.01582822629436261,0.01351911575433665,0.026341048206280297,0.005441409600937802,0.008163785641954746,0.07679107967298478,0.031860034919615525,0.017849481529704045,0.004245482524856925,0.0192801938563559,0.027138932474675432,0.03904551251736634,0.05248719338323422,0.03387414133603064,0.020535677841577966,0.004742764225581526,0.002860634714780581,0.013570365601885391,0.0035624299490726635,0.0002722791891516719,0.0006196038881501987,8.715478132392282e-05,0.0006878211175944671,0.000352905361373911,0.0018468845591996796,0.000388499253676855,0.0010001420142591662,0.0004012381629428618,0.00046653196634776706,0.0009356367919807733,0.000911151461565396,0.0006268472412902438,6.5312801077446e-05,0.0011140679495488606,0.0030348973990233694,0.0005090232007205486,0.0007950319190318364,0.0004492670937154265,0.0003975033250753768,0.00044733751424392984,0.0014332033370010322,0.00036245613839330163,0.000644317327952684,0.005012758208613377,0.0007924859916480879,0.0005236463524245968,0.00015272508660206955,0.00017792097585495666,0.0006768104193689431,0.003597023244115657,0.00040715396378739993,0.00027988551892121905,0.0007151992060335798,0.0007486150861950591
3200,0.0058189573602568405,0.007013999399970527,0.012360695439080397,0.0011989013263351248,0.004931665213813245,0.009663952202702473,0.0023437642976791868,0.01355194577926715,0.03617247963350714,0.0085470252961386,0.031621509437150336,0.023349439203638193,0.012076920626868465,0.012916004348495115,0.012961775596554884,0.035445028169003,0.02441119626677218,0.010612457939069954,0.020116241981408427,0.022755459118634462,0.007672652364104019,0.009774001807922364,0.06682138312918444,0.02233205430675298,0.021123977215860838,0.006671917624771595,0.020585741367540322,0.0182803227956659,0.030113632349050876,0.06032351488195878,0.02985145851736888,0.02206569399389152,0.003494880697102277,0.0030418052331295385,0.011473174531905292,0.004200196689063367,0.00030219736236416025,0.0006783982647572305,0.00011473178031896585,0.0007591978301206836,0.0004904839499354142,0.0021805414144182578,0.0006413181305106264,0.000956232245555025,0.0004071829345584296,0.00038974307640923404,0.000981498959334746,0.0016706107385004998,0.0008483942586375131,0.00010450658671536736,0.0011500058808311363,0.0054303536641479395,0.0006097584846429527,0.000988873803681618,0.0005666900607797414,0.00035532621867870063,0.0005531726271710208,0.0018110026794602163,0.0003624240330534829,0.0006611808907949195,0.0027073445487379405,0.0007952050735145339,0.0007112572250965362,0.00018379568021103027,0.00027180839646866336,0.0007329587444780975,0.004339745808725378,0.00041634081293570873,0.00037552049707301194,0.0008388787803084574,0.001120372126752045
3300,0.005694812345314563,0.006893899856583664,0.022086293475391965,0.0015894951228312072,0.005457377072668316,0.010321337704746318,0.002008425237598262,0.017800456335809192,0.030061044529098073,0.014580052578821778,0.04286998772295192,0.036435852356329894,0.013850548077078367,0.012222480028867722,0.010260365558582741,0.026255646817541372,0.02373225386864284,0.011234218855918963,0.02371757973118552,0.024531050121877344,0.008921884661518002,0.006300463633254237,0.07438254264571394,0.02851236713686376,0.026148792548430343,0.004885340016335249,0.022798476506244288,0.02282484977816542,0.03246383585775381,0.08163546966111866,0.043278012778609994,0.026567054453502912,0.004546640513161457,0.0034276086501682417,0.010296103544533253,0.003263504412123958,0.00034354780427747755,0.0004291007019425954,9.190686731849985e-05,0.000518968526421304,0.00043372378109160444,0.0019362981329322793,0.0003220228662030422,0.0009913969843182713,0.0004741241594609547,0.00036566054036484273,0.000755344250297129,0.0011795756821584291,0.0009115156337021949,6.807118064567807e-05,0.0010267852408385528,0.0043198724306421354,0.0004290682336431928,0.0005872111042310502,0.0004917532119022859,0.00027941645914159545,0.0005157713622470657,0.0017862475269794231,0.0004295543327291145,0.0006467225581778061,0.0016059998039660666,0.0009843728774539676,0.0004003878943034646,0.00016159923949941854,0.0001531951578120546,0.0005245792403025893,0.00631137046418319,0.0004376109867481908,0.00020506510736595374,0.0005939083301567153,0.0007209266172139905
3400,0.007464739958310462,0.0074152387161221765,0.016749974553628515,0.0018024431495667578,0.004890926696744724,0.006881942182579743,0.004098136345654042,0.01826477725875984,0.0361754398224168,0.01149482507025823,0.03703421924369594,0.02888183143406831,0.0130232702517374,0.01423558440265796,0.01099322484292583,0.03742834630490203,0.023574672082932444,0.01653383783200355,0.018986664604329104,0.027754309742401045,0.006748583402860766,0.007367762827405906,0.06470296581120541,0.023554553982345777,0.026606631810806455,0.006025062641128898,0.019124569298172342,0.026912375498795882,0.04039692429496961,0.05846653379910182,0.03632014199703311,0.022792201789203458,0.005355858105653729,0.004414425096318916,0.015641007590198167,0.0033522585517857806,0.0002761461300667035,0.00046188229878845794,7.7569404486686e-05,0.0006697737609329124,0.00039797763534768314,0.0016595654960838147,0.0003464191853709053,0.0013051919947764347,0.00034415924213757726,0.0003707473617461281,0.0008087589693260318,0.0009096002857518215,0.0007447919795140479,5.840723749563701e-05,0.001070176042139792,0.003195699829423878,0.00040733367641223597,0.0006039276446913113,0.0004361286081457992,0.00019489509974267673,0.0004470783826760179,0.0015914290179352975,0.0003963852275066731,0.0004518506905627034,0.001636412297860564,0.0007855297900737583,0.00039426420554028246,0.0001318054493560077,0.0001249130125668469,0.0005501438767192644,0.0037357600480650683,0.00045295921824912137,0.00019011060999218898,0.0006501998956663243,0.0007033721369225532
3500,0.005941221924700044,0.006951496675524309,0.02217033210520943,0.0014588838266298319,0.004660378982603279,0.009842223716467353,0.002466692606489115,0.022190309688905438,0.0375327719112083,0.00776694235537434,0.02753872256424209,0.030399363604077252,0.012629706741515265,0.012721022186407496,0.011662056637321845,0.03129461680267317,0.023873367843320704,0.012582074146411276,0.020139357611437196,0.026513735550300527,0.006391508990278593,0.007691634556977078,0.0531749595142901,0.023240285197728857,0.032758940789212904,0.00689767156727612,0.02378166831453376,0.026827265222285252,0.02792714614291018,0.046974554583298855,0.021188777318845192,0.01833574997502952,0.003362464404412654,0.0038339713768394622,0.014777172874245379,0.004758429085021427,0.0003288044140988763,0.0006482830527106257,0.00010601114061785895,0.0004845574497949201,0.0002888862448663589,0.002123014526659972,0.0005694664945622207,0.0015824499860173091,0.0004728376010078998,0.00034544360558551746,0.0012599886953498832,0.0018699492857194855,0.0009164394731011145,6.361067227606492e-05,0.0009931529560652471,0.0031748745799025833,0.000452909024170367,0.0005683348920182634,0.00038503223612647633,0.00030700958681832577,0.0005147578723613493,0.001212165199831361,0.000875552082738472,0.000600578350741461,0.003543069466832094,0.000749370538449179,0.0004030106511318418,0.00015139638940086074,0.00011313152188247639,0.0008481539539802311,0.010482026673603937,0.0004352823812463348,0.0002450472782129509,0.0007711274331178029,0.0006239562208065763
3600,0.004015778938893974,0.0050863470511373,0.015174269773221264,0.001002573807468602,0.003529561575961924,0.005229489973446887,0.0030816335163235046,0.014458062189149525,0.027891582083634892,0.009357365466712508,0.03143586814231067,0.022428554009226845,0.013631634774025191,0.011263806286671863,0.00807831484502565,0.016486157144148212,0.014621337498933176,0.013369183833755058,0.017068451004368917,0.016342510182682114,0.006292290026808937,0.004549906100562241,0.06420491310302168,0.02199860475072152,0.024483694894967364,0.0051651243586093186,0.022827721223884802,0.021858137544768397,0.03655584086321623,0.07120351613951742,0.037845456898988536,0.020077511918945953,0.002889572830528008,0.0030374556617759883,0.00754264054760117,0.0027543615426891066,0.00023214606335386634,0.0003473077532279686,4.548270131986594e-05,0.0004503923592551473,0.0002429938639763466,0.0012619247863767669,0.00025274626386817545,0.000863885517518563,0.00026409004864322733,0.000270256074356569,0.0005185846622433083,0.0008050939922839007,0.0004282927812584666,4.197895180947274e-05,0.0008475112164188221,0.0015742746621375165,0.00026802862994372844,0.0004360405381128064,0.00036630202050908905,0.00021310460116100413,0.00030303229833671434,0.0017091363306462881,0.00021330223671611748,0.0003055045341380509,0.0012568460930197033,0.0005381051060765223,0.0002977191104744432,0.0001061730583330188,6.343598781515741e-05,0.0003641604097148437,0.0012378728902798944,0.00029690788150560365,0.00011138401214338955,0.00044174708144040047,0.00048450532849528825
3700,0.005659776007165862,0.006879956810735166,0.01139755581971258,0.0010505315627737078,0.005139826710374224,0.0045518725528381765,0.001683621568777345,0.010890061917141829,0.028134544268935694,0.005360728988307528,0.024141516560907073,0.01756979320634855,0.007237640144232886,0.015205789999030954,0.009296389667125529,0.021051860972268816,0.013628602645656514,0.007562636263311923,0.017302737612875978,0.01682219540583901,0.004997580246582892,0.0049812507620247614,0.05320395439087103,0.016634292833380946,0.01813365155110313,0.003935599513351917,0.014196826671738359,0.019558963807260927,0.02397075722213177,0.05909772990754948,0.02629037101287395,0.012838564078825025,0.002297384590983361,0.002018416642216792,0.01170098956046988,0.0020849379746843105,0.0002490492787202177,0.0004993026175890753,6.907277187324271e-05,0.0005874359254676165,0.0003381658121251097,0.0011496685783640714,0.00028556893576023865,0.0007348334002974872,0.0003128180548006448,0.00026509160480340404,0.0006162275956963289,0.0012947280868473854,0.00046488143252959005,4.163388381460788e-05,0.0009001264960436226,0.0036747399438657644,0.0004130078050366137,0.0004600732099788729,0.00034605340850499364,0.00018502490572493778,0.00039217877013969325,0.0015879247857810697,0.00018608930059195295,0.0004903292835549039,0.0007394494408799801,0.00041835032150492647,0.00028874992445977385,9.072590186865004e-05,8.008669586464141e-05,0.0003913131318035817,0.0013906374245250066,0.00029993939030191084,9.678069454821525e-05,0.0005062950872152138,0.0004469521896680817
3800,0.005584094355514468,0.007976110185996664,0.011435345290616775,0.0012662379690132535,0.0045178546588661595,0.00538028115157171,0.004005393943859212,0.01956415129140677,0.040628996282031975,0.010004924100940116,0.031078112211774023,0.0318582562371264,0.012544162446195542,0.01842823748721099,0.013428898578893175,0.030842004203198787,0.022410363252371706,0.012459842563323865,0.01587350713296993,0.02428011725928324,0.009535591698659118,0.0059442348657674825,0.076388028440997,0.030871307129079165,0.030700451896423363,0.005728193745017052,0.021401022829870213,0.029678752260224428,0.04038010966786019,0.05590820150891593,0.024286524245981128,0.013570039676359067,0.0062640827168776855,0.0040088184878397945,0.020052295230723556,0.003571995659383122,0.0002347461106876979,0.0005595819400861563,4.8414108056044006e-05,0.0007101283440533734,0.0003806361350956301,0.0008378297297895188,0.0003213214730749314,0.0013308729565706973,0.0003294580440285101,0.0002423734548009244,0.0009409067254940359,0.0009704608263376713,0.000749000441389618,2.7376965301135154e-05,0.0011118082941860708,0.0028446503329178086,0.0003222413528419565,0.0005067028932713509,0.0004210603779185852,0.0002628422326696719,0.00048329314553464877,0.0017680386645224644,0.00023526240702014748,0.00043103104585148126,0.0014682080157702633,0.0004177931222016845,0.0003667421799238784,0.00016765037629296343,6.386405948433094e-05,0.00042045082160233527,0.0021429370395448393,0.00039011482914841713,0.00010865613108990146,0.0004996417229074937,0.0004387860026326962
3900,0.004416389512354383,0.005565818077970848,0.01087905561629062,0.0012979409525332112,0.005023861194509848,0.005673726284710158,0.003334817049401482,0.013680753611968648,0.03186302944241221,0.007100773815182038,0.033759123813159715,0.02627728713723256,0.010689461025211847,0.014554528701630647,0.009392261329305577,0.019876162572472822,0.01853392373249378,0.008895951550884195,0.01594113705297267,0.015728101393518348,0.008139152558354769,0.005956219518079057,0.05333720634769028,0.02328063837267109,0.024403192500199473,0.005773401260375977,0.021614348353626068,0.019045781327198103,0.035136590850101235,0.06121342863785215,0.02096305671768884,0.017787639772555288,0.0032367568170194806,0.003114552271442737,0.01154119786386016,0.002032933242584737,0.0003566851923048824,0.00047965143643192607,7.439667253591719e-05,0.0006408087736531343,0.00036935694168355534,0.0008702158302185126,0.0002834061486282735,0.0012619584049389232,0.00039824561260358774,0.00039462692275914635,0.0008167987213885665,0.0012745353454093333,0.0006095888724115051,4.8374356827645734e-05,0.0016267430067483264,0.0035160817842552206,0.00044761005337932145,0.0006514320127224688,0.0005642716344576409,0.00022005056333992715,0.0005270639574968867,0.0012406007481331471,0.00022885544730242045,0.000497885625701691,0.0007037185697602884,0.0006103867130032966,0.0003743576121535255,0.0001884646522526751,7.94799533549748e-05,0.00037479710757103824,0.002191563741299823,0.00037759673950593116,7.968326474383503e-05,0.0005160816990075331,0.0005782015476142987
4000,0.005372319888084422,0.006916467889419032,0.018211118003819138,0.0012746741826189323,0.0048959039284662,0.009076861855906568,0.003011502600847668,0.015090799835960235,0.04804318247118352,0.007924827732495032,0.04696605853839881,0.027355790650679928,0.012316124268567584,0.019585624167644488,0.011075454286679708,0.034212818078231066,0.028661453670966217,0.01055393349364565,0.017004361538316255,0.031722127151830745,0.008511727380559582,0.006067921436884457,0.08936058346414938,0.030975918126690278,0.02946991753733961,0.0052637472748756405,0.026329179726388013,0.0332233409693193,0.04580847767784315,0.09843709930317991,0.04630662859921964,0.02615029905260039,0.00594411949661942,0.0026634695650711872,0.012085462451472672,0.001928093147333649,0.00024711508070284155,0.0005296843790512702,6.585238851727469e-05,0.0005416658026433652,0.0003305769356045935,0.0015208766926662065,0.00032297408470185476,0.0009663807883809664,0.0002674804946812066,0.0002724872390704799,0.0007547013190305096,0.0012762744057965847,0.000481243192035467,5.1826826744548846e-05,0.0009727511021013085,0.0033714351926998156,0.0003509553906042129,0.0006285979513765541,0.0003180104722873537,0.0002386621320262996,0.0004562768455055262,0.0030611043439421337,0.0002661518688506072,0.0003616671404765489,0.0012314899494716277,0.00039968898807430416,0.00034446720805876623,8.138408881128632e-05,8.402608566231922e-05,0.0005101081320130366,0.001887225575566325,0.00029070066870490007,0.00010907983960350975,0.0005424270205084281,0.0004116455776966177
4100,0.0049977983252992506,0.007787100318603701,0.027447614877019078,0.001273346045435084,0.0059595671775264526,0.011554049095138907,0.004121916195212942,0.01506644478763965,0.041044975154962436,0.010159915756958071,0.043101556888022634,0.026496270221713882,0.013199255575962139,0.016997047300030703,0.011555733284502125,0.03099883033428341,0.030667111548523064,0.011503250124463458,0.02480688691970759,0.02818342601802821,0.00830515286417302,0.009145060375366094,0.10258413989872982,0.0365696562808201,0.03829014707644958,0.009969231393188237,0.023273670928427883,0.021824169234605506,0.04596154410939883,0.09351292431177083,0.03211265769360277,0.02029398307114696,0.004326489570688024,0.0033931102651729096,0.01396331999987726,0.00437109801441693,0.0001913151543907301,0.0006252368779810654,6.256955321735306e-05,0.0005900488143311122,0.00034495347598110924,0.0011349554843036458,0.0002679904358956264,0.0012940635114270997,0.00038102740704504723,0.0004830801902114347,0.0006163670147240433,0.001010287514120023,0.0005443631922185761,3.525810982616597e-05,0.001662353351135747,0.0021239546661793915,0.00031121101856115276,0.0005573597450815474,0.00030652246986674386,0.00030329930119809103,0.0006136951557686364,0.0018378866243438097,0.0002551961759864854,0.0004156536994672094,0.0010744275755617612,0.0005788840330018091,0.000455827647093193,0.00013448208025144045,7.979709537014262e-05,0.00045324659074978696,0.0017412058815742576,0.0003807805909684336,0.00011723076681846578,0.0008846480907342091,0.0005328237268258818
4200,0.00527414605627151,0.0075407790934184085,0.012948999676154926,0.0013134255427688073,0.004356899120052098,0.008053711004322395,0.002367323536858631,0.016483995685121045,0.031168143945021105,0.009054991678567603,0.04016018906654215,0.026415624431267912,0.012151347323334918,0.014807721811380223,0.009889573977767106,0.024182771987398155,0.02583007642602925,0.015093763312472242,0.02135724905695367,0.027622510995327806,0.008749643321733367,0.0065914841442073725,0.07868385735666379,0.021315479450762117,0.03369654662350917,0.005614576023072004,0.02102097388002045,0.03759678755644321,0.041565121398033464,0.07273996115597378,0.03296030002102877,0.01973222712583195,0.007795483285760314,0.002957619832582274,0.016023877610374864,0.0029561199202622185,0.00028610392657930407,0.0007220125507129441,0.00010255874017768446,0.0005561463858612115,0.0005187409507848218,0.0015687193154008128,0.0004812877534277504,0.0011754943349698902,0.0005245977978024473,0.00040534101009533124,0.0007492849778365079,0.001600691128089693,0.0007403654526569881,6.872487144639969e-05,0.0014249248083475462,0.002410898284021338,0.0004228900084854104,0.0007109884647100128,0.0005458796099289963,0.00025269351185257125,0.0006032521135542387,0.0013398880109889433,0.00031392695612137485,0.0007038934533109289,0.0009139813778650326,0.0005697311689605109,0.00047382028675134214,0.0002142328178518067,0.00013497770042805414,0.0009267467351716508,0.002050182163657155,0.000595890936727112,0.00014321875255518535,0.0009562074971173014,0.0006549485988216475
4300,0.004251226293146485,0.00621131179515807,0.01754039917917301,0.0012917966160435194,0.0030223426207457225,0.005337671442248393,0.0016915107470331055,0.011504053503421008,0.024736348307128595,0.006420005753170699,0.03350956919516816,0.0207513161475042,0.011831330132818866,0.011126014876274647,0.007574296548024422,0.01678708705730969,0.016649908060485143,0.008230474465482432,0.01940003997047565,0.015964782720354075,0.007554971537417889,0.005953207516021004,0.060779886811506006,0.01906460477366636,0.02334948846056784,0.005283508682623506,0.017542064336720935,0.022502595917103463,0.028196096906150856,0.06398610931195904,0.028253889710176738,0.016948764664658274,0.003911170171479538,0.0021098438983033195,0.008018761726513427,0.0011686010831064258,0.0001421578920802571,0.00034514059709842763,6.489277677016605e-05,0.00045370902500962984,0.0002566292065539335,0.0009985903907363536,0.00033694915209707687,0.0006372296152939702,0.0002500674946005395,0.00020321083086725724,0.0005431555921683882,0.0006574756231358947,0.0003337205257750987,3.951176801241342e-05,0.0008135110797831238,0.0013580088587635448,0.0002163366247259546,0.0004947828417002433,0.0001857877127020339,0.0001828322904409354,0.0003242832127368949,0.0010040241068054456,0.00013210393164323855,0.0003240931762915212,0.001162193352987136,0.0003903122938075979,0.0003353578157893261,8.107021566346547e-05,5.624107507173903e-05,0.0004493993290972347,0.0016305762598806592,0.00023659425196644092,0.0001433555228231853,0.0007122886986928447,0.0004894674239039887
4400,0.003909705538102866,0.005371707796627932,0.011605134039806822,0.0010832659118302848,0.0025831440732043674,0.004627433154382743,0.002590371486803633,0.012361798559283545,0.028003570984362305,0.006335613084957004,0.03231668552846567,0.023219787255844233,0.010872750513072155,0.011879785562279832,0.008859976243419464,0.02516096739661104,0.0156490274755578,0.01080627974212653,0.015320235651285787,0.019767535116213063,0.0070381849022921345,0.006006839278857764,0.05646498123339067,0.015275240427096529,0.027187377989956452,0.0036036422941833736,0.016543265435816027,0.028767075995953444,0.04032148329253473,0.08321692499357008,0.022862649720239762,0.014589993562997105,0.0033380778270996484,0.0025209536266460374,0.008244954562138041,0.0015841955046848202,0.0001681055180501732,0.0003254894228038293,4.7603325780862605e-05,0.0003203637930369041,0.0002500639423420154,0.0011969585921178805,0.0001903410350678314,0.0007139071658457397,0.0002469997161250304,0.00026325048470344625,0.0004471910070973089,0.000732559038084446,0.00042723272565189257,3.28808823310696e-05,0.000988733201561095,0.0013389424880188017,0.0001730313124426175,0.00041096991870810077,0.00024389245155706987,0.0003332294156941564,0.00036689409725729476,0.00104033915886248,0.00017687610146468715,0.0003177195773752408,0.0008466341210199364,0.0003137207118186936,0.00026746810270331616,9.000177078428146e-05,6.010295005075427e-05,0.000418170896586894,0.0012145097342519356,0.00024056275399729084,6.445234737384453e-05,0.000562522469622576,0.0003363592331879772
4500,0.004361582333159105,0.007225073456841831,0.016463401669170707,0.0013700994774318623,0.0044658439723138195,0.008155807256116532,0.002578513176617449,0.018202025190511645,0.03944292735482295,0.008007755372091196,0.04240424303484529,0.026729800050667777,0.011577932278724444,0.01721210939903165,0.009847402071532355,0.033352578456591196,0.020328665368392,0.011633815631400087,0.021337382936118438,0.0262603214274471,0.010013254881946173,0.005888701037292776,0.08277757016476243,0.01864319227800782,0.030799719892139178,0.005869483621791005,0.019640030059118515,0.0314156647703688,0.037954729096279206,0.0947229846812749,0.03272154068263868,0.019482776515920144,0.004619727402751568,0.0036110570688114695,0.012277143211071638,0.0025631969686271206,0.00023689683735028666,0.0004780546508052132,0.00010497044385407339,0.0004039612568931261,0.000338816170708324,0.0013500265995389782,0.0003734758493010304,0.0005840476176097965,0.0002636092768290454,0.0004844283032103444,0.0006726674148586952,0.0011848926257300718,0.0006706756858906813,8.514694945915835e-05,0.0012879623283319794,0.0016259309597141207,0.0002860793872969225,0.0006478688114189676,0.00025423298587878075,0.0004264081623907921,0.0004844501694879978,0.0014511890603898792,0.00028936548009520874,0.0003800051927660556,0.0013441811070758073,0.0005879356068113163,0.000477346456439894,0.00013762955990108544,0.00015054308096296154,0.0008031187754131207,0.0027901889864421848,0.0003337972786433802,0.00015663937983845244,0.0007215185661542429,0.0004615682817529887
4600,0.004051093554546635,0.00582982136229812,0.01918044703779742,0.0010974467418026716,0.0028125867924521843,0.008684799091757409,0.0016113144846742452,0.017713613136769637,0.026112285052880033,0.005614962385152467,0.036608027821021544,0.01659769976745616,0.012309177339457992,0.010886813749411058,0.007096242705473046,0.020238659097230993,0.01841642941976066,0.013976409762384534,0.027549602577762147,0.018097942212674144,0.0074529196969496505,0.005238469053438166,0.07680185679191102,0.01648391171329422,0.02579028389739087,0.00480448086746037,0.01763666958422325,0.025656234665802913,0.04356331209487775,0.08635563532739217,0.02134323533779631,0.01647672988474369,0.004449132738718968,0.003187602854077975,0.006508556438348023,0.0039573806630609654,0.00022967621223295666,0.0003644504578749713,0.00010907523345663485,0.0004028298845923928,0.0002592124436103675,0.0013681556665687822,0.0002072764989861753,0.0006752088604690997,0.0002630311138522015,0.0002597391916619277,0.0006488073851007931,0.0013503494370752378,0.0006068127261736161,4.73847095980256e-05,0.0012089066172778146,0.0015886163998099316,0.00028725834708893673,0.0006222634341685655,0.00037994705172454343,0.00027505200796440477,0.0004660448623952263,0.0012626930692931637,0.00024616489297576055,0.00033996459636770083,0.0012505572392304506,0.00042996587225149194,0.0004250342683715442,0.00013222282587276323,0.00010254797659096464,0.0005295881292585801,0.0018538196922496095,0.00037632904170256936,0.0001509500837073574,0.0006490941839752131,0.0004651051109249238
4700,0.007964813477096992,0.009344739005124817,0.02235319442115724,0.001569976958405907,0.005818102851029651,0.014429176517296582,0.004985772098265325,0.03298157904361028,0.05619013610537624,0.013149711186997592,0.07045777642418181,0.03384442762688529,0.01780262649778954,0.02272983729154944,0.01479532100047971,0.045663658723545573,0.040033316669342595,0.01910915251974535,0.029452441942079792,0.03404796961112879,0.01416283857093871,0.009656389979552062,0.09800880923712005,0.0393985819692413,0.04100066410203922,0.009522817749530076,0.03285242261582396,0.0285878669237718,0.046989742522675765,0.11240291864528591,0.047326727530841405,0.029402266731127523,0.006745216681338206,0.003954393262934308,0.017951365754318733,0.0031991936699081896,0.0005172283046081965,0.0007895142215685072,0.00018604913908260292,0.0008518049712620268,0.00043506912433781023,0.0018939707006211393,0.0004228665857226588,0.0017415438175559853,0.000501257406377638,0.0005162277655114979,0.0011254287255883753,0.0033611822789509915,0.0011426097921371523,8.92042737012327e-05,0.0017436915454359574,0.0029149139572837157,0.0005055512461694889,0.0008789941559222584,0.0005115648850889932,0.0005502796548998132,0.0006049557717536421,0.0019295428082841681,0.0003196270250656299,0.000550274237866688,0.001752974016320271,0.0007295265605383369,0.0005388667927103665,0.00019616620924811745,0.00015397757872253552,0.0006541755329552954,0.004250281897839159,0.0005751060534877187,0.00020399155914674338,0.0009016959773958172,0.0006464617981691845
4800,0.005509939376556636,0.007132836612678754,0.012566886890757209,0.0009079261273235226,0.0038205758074248398,0.004835804783007396,0.003233593246184154,0.01379558511760871,0.03175879999865554,0.003979115306719905,0.031005896418786573,0.025488315593529664,0.009338323926468465,0.01518070409700599,0.00822174949271892,0.023444483643591713,0.02162449826331188,0.009719754450975128,0.014716038904485427,0.024050674702351293,0.007949103052893546,0.007394718900676318,0.06255515986199801,0.01986531261500204,0.020992459922935167,0.008094174414873123,0.016263867735570755,0.025331664507878788,0.04462469497366863,0.05796741874514884,0.020959447502585438,0.01057495180150279,0.004668657415016661,0.003111864777206075,0.009414723790541757,0.0018794533620426332,0.00021972615953520864,0.00027270697219964035,7.433635614579106e-05,0.0003961866556210225,0.0002744062466688852,0.0011203370686416747,0.00018917047855211423,0.0006280331290327013,0.00019982786344419429,0.0002678901124389605,0.0005186697999306489,0.0012619727744436204,0.00045905954648176327,4.054853178042156e-05,0.0008766005127129644,0.0012966746198799228,0.00027301241461827883,0.0004120371745835766,0.0003029467025671379,0.0002310300338153452,0.0003446949604529104,0.0006224707858564216,0.00011934159601246897,0.0002615816410455479,0.0006155827298546986,0.0002657800063442791,0.00031380753326057284,0.00011369425679764422,9.23391453397926e-05,0.00033571647046218544,0.0017104729340644553,0.00043298784734060384,7.740712180748233e-05,0.0004090233644375007,0.00029192801812314426
4900,0.004294282550462584,0.00576217064345083,0.021439918297498178,0.0010742086070352414,0.0031547271097638893,0.005758362643453958,0.002213126863499647,0.015718614397794192,0.02676050677450515,0.008672547919559292,0.049034021228528867,0.025426382325702213,0.01007715485298611,0.014090585896734741,0.008575792566261953,0.023031792234784614,0.022099215290620037,0.010939972043771274,0.016566789692400823,0.023601703234404945,0.010259704085603097,0.00536333948106663,0.06920498436782509,0.01720479068074686,0.030595601367138674,0.005079214135184884,0.03314601782016501,0.0344360042521051,0.03745669951347415,0.09466850406299214,0.03100038661621511,0.01805275470430318,0.002990051641404534,0.0020841166272496828,0.010163291923365451,0.0022310795794250487,0.00022659282634968374,0.00036979683830974284,7.246660487064482e-05,0.0004876995258769057,0.00028430567158466147,0.0012390725205477793,0.0002722741972320364,0.0007419762552767919,0.000248135644908057,0.00026442182714439305,0.0005655390414256289,0.0011452816782195896,0.00043940973200576615,3.261465024644911e-05,0.0010817815291235232,0.0014538573753573776,0.0001841528712247964,0.0004889720980548989,0.0003031016085201529,0.00029085524800558977,0.0005116913948915035,0.001380526407956495,0.00027522480437230316,0.0004186210476081424,0.0009911766948789591,0.00041193470196738475,0.00036242507175538103,7.587155738161396e-05,6.677313649561256e-05,0.0003661454491332013,0.0006672339992032253,0.00036706328037252526,0.0001476049851589778,0.000540073413526634,0.0003577726056391839
5000,0.004752637198426119,0.005241108468638871,0.009329406884110844,0.0013534061993526008,0.003757199258145676,0.008289592849905603,0.002488710964415429,0.015250630802292303,0.02903248455900039,0.006843747592938598,0.03539919547018391,0.023651573066189837,0.00909552219055706,0.011163798494442633,0.007856275002653573,0.022301107276386272,0.0230650128027524,0.013548283606010217,0.01760682396291356,0.020882629558327606,0.007567899496377952,0.005135017245915411,0.055094563542709994,0.016197958236686343,0.02694491624609486,0.006081572780385613,0.018131021873541025,0.03851249364136796,0.03423171613557155,0.07012759220713398,0.021219138539939498,0.014465178779433839,0.002409536188513182,0.0032443099729324216,0.008651623177380921,0.0031341567679581722,0.00020465115094817806,0.0003991463227893374,6.647763256658064e-05,0.0004628295721431641,0.00031450919785593794,0.002532157101086341,0.0002786731321521074,0.0007959523067448141,0.00022719328379408629,0.00025252669575885584,0.0005015626286541718,0.0007974759699393985,0.0005548558088572337,4.5030178336508634e-05,0.0011326301740644759,0.0013772901553844956,0.00027433176728663966,0.0005158291189997856,0.00023640299696126021,0.0003043251203962427,0.00048668809200359147,0.001062668093254615,0.0001688493206996908,0.00040182200766419277,0.0013759506766897781,0.0003718306581298924,0.0003476882658375231,0.00010641194040209148,5.127583507500175e-05,0.0005011972441155064,0.002376579873920751,0.00035288235793431,7.803389388527648e-05,0.0006670796157028663,0.0004104143728909548
5100,0.004563078092139,0.0045716913300566375,0.015068957975017838,0.0008926943330712115,0.00251819811331453,0.00610853942427119,0.0035329328771519113,0.017809585134005722,0.03056112420155749,0.011190681223524734,0.05882866340340834,0.024312993816442478,0.014764158255385348,0.01662995868272529,0.007570992639760816,0.017965365482571844,0.025546189514335266,0.017552901417108347,0.020425876723103493,0.021537842004327103,0.011459840627713465,0.006697734098322273,0.074837276210698,0.020269139490361947,0.04120222401217602,0.005794606637209654,0.02381792442986719,0.0425304674487658,0.04912587204564582,0.10211803425678931,0.022001276188141978,0.023994459396747585,0.003904950683993145,0.0038304391689666243,0.024075640994447492,0.0025943259513171923,0.0002788836605328757,0.00038536600599896207,0.00010126961408688263,0.00038838892908188427,0.00022365127743951426,0.0016369164804928005,0.00027721329424821304,0.0006793426060348315,0.00022094619052950292,0.00019682997412116623,0.0006221706544238259,0.001123794994228433,0.00041613835989257243,3.432630976683206e-05,0.0010018751481626308,0.001284027154118424,0.00036299650455475787,0.0005457175231306477,0.00025034316265724746,0.00019189828877973593,0.0004251229795084337,0.0011341922217980027,0.0002109848477908195,0.00034797701943646716,0.0012375903061183635,0.0004093120642038983,0.00040904355669395216,8.690385317783473e-05,9.037269127374102e-05,0.0003691093637849894,0.0015566784760656966,0.00026844999341175106,0.00012341689216555096,0.0006996032466571813,0.0004048303577292245
5200,0.0033909222732512027,0.0032896522596409477,0.0036761807665849724,0.0021439318428747357,0.0028300371950881298,0.003138737121064748,0.0029024884983476613,0.0029005600543528355,0.00423578137260732,0.0024896556860767305,0.002972980438771853,0.002584850197011719,0.003257678292522376,0.003033642213488223,0.0034427122308817856,0.004175556813909982,0.003140696283524102,0.003267422233725886,0.0027540051253579024,0.0037028236066301663,0.002803689987362864,0.004108469500871641,0.0030535516639550527,0.003389818405654902,0.002543802389742008,0.0021208343212492766,0.0026096828505321737,0.0031331407735706307,0.003357559982139398,0.002360712621368528,0.003300071821237604,0.002601809647435752,0.0025409892629026077,0.002903437538364859,0.003604811777929879,0.0025649210074334405,0.0020712869284723544,0.0026690839969722383,0.0024101971466296227,0.0018785324646160007,0.002481022208775493,0.0028841946768807247,0.0019812956918030976,0.0025476691601062683,0.002450908548933895,0.002562193757122649,0.002418351922339449,0.0023198786348075373,0.0027502902386035643,0.0016424626916308296,0.002161694323764935,0.0020196515639933446,0.0031357865897007286,0.002565276886250976,0.0025481591763874068,0.0018341562245041132,0.003142385175877241,0.002177203190512955,0.003083091893737825,0.0023505814266032896,0.0027613390469923616,0.002367215998713628,0.0026561750241348315,0.002406772814464529,0.0028574614100054735,0.002853816821143128,0.0035140785621479154,0.0031234610303785774,0.0020066338329343125,0.002241759069905687,0.0019906504428945484
5300,0.008730272862767624,0.005511371171990133,0.010866876070698103,0.0034662289213604077,0.0038069275341732016,0.010415262309834361,0.004284043127441809,0.010354089566652536,0.011169122150344657,0.007263159423018806,0.005617191153434738,0.010429493612514771,0.012974968815053051,0.007540494633510455,0.00827081014354275,0.008513376946211793,0.010436290085116135,0.013273800076339158,0.012386450618838094,0.014795811117316286,0.006105747630667443,0.008037905581919145,0.007663557911291719,0.010372125636786222,0.0063420192294986,0.005645805271342397,0.010108751975255268,0.013894866962800734,0.0134434744647211,0.006948401930839604,0.0077313370703874775,0.009451159202189256,0.0040017167701500095,0.007364600887359661,0.007977694087862296,0.004015107938487615,0.0017466092369527598,0.0016455450518564744,0.0014904056575271323,0.0018730986603259225,0.00195105566076273,0.00727669574553147,0.0012600843918335158,0.0037340778071666136,0.001792954675291089,0.0029220956049227555,0.004113926911693916,0.002452432327572751,0.002671091795867863,0.00041483610865808174,0.0037422729661697163,0.005321282228881803,0.004035492648836225,0.004272773078457471,0.0036871914093479,0.0010411743370985444,0.0024144882218904732,0.0028680769755737856,0.0016856612761936656,0.0023018799272204677,0.002077853617568811,0.002070870998400634,0.0034370500825052323,0.001367563249381796,0.0015350772365410295,0.0024523164329720757,0.006920386879106185,0.005068776168392956,0.0009342136036138982,0.0027052224366710437,0.0021329200419131665
5400,0.005958557258890249,0.009116687457275542,0.011749815273409089,0.0016910828067921101,0.006066838879679046,0.013489336116305952,0.0041548657705613055,0.01889842569225413,0.038170914595970246,0.011608109940425493,0.05143910251704424,0.027516773582777074,0.014276085248583871,0.016521463972766826,0.014233907398439067,0.04300939593425331,0.023186993109577867,0.011999785656233235,0.017681359076440067,0.03453215193469077,0.011334277624700916,0.005870372630462433,0.08892196536529809,0.025068298378027976,0.028003163208874565,0.006936453050002456,0.02490788111003161,0.02420413922057681,0.04399366514647708,0.07754643238384291,0.034353738572487295,0.022402288168310545,0.006160468172433516,0.005088118326289817,0.023783558439592727,0.0018691780212196005,0.0002895734798441577,0.0005575542762182357,0.0001315448697966191,0.0007073783478972473,0.0004999082291064081,0.0008028993433981668,0.0004892390868917573,0.0008604182929909592,0.00031225890096194285,0.0002850848483831214,0.0010594836603319748,0.0010906791369649227,0.00048426279311664485,8.180450938446235e-05,0.000990653394273977,0.002925840686657466,0.0008291039572213777,0.000785358143154869,0.0003407515613271871,0.0002423825896006416,0.0004518560721584025,0.00174291328585241,0.0002696967595865216,0.0005641935555244205,0.0013223369363307331,0.0004987581397442902,0.0003994926841928477,0.0001550798162235616,0.00015995779944609644,0.0005239769714346228,0.00454685643801765,0.0004915696734227118,0.00022140025760108983,0.0007680134800588761,0.0006136127951322124
5500,0.004532506196433993,0.005098483059555292,0.00881245778388499,0.001119010027972623,0.0028526058462536837,0.006906192225869745,0.0031286577156988053,0.010550165279282202,0.027564754756756977,0.00775044945476111,0.03924053733130733,0.019387516295771966,0.009636857189682567,0.011160286499503083,0.008271730495942072,0.02027419375857183,0.01847497870490077,0.01239118373531353,0.013802766662722985,0.017603707658903053,0.008291799370174257,0.004072580891780879,0.0650062599250426,0.012019333997644328,0.019934258546974944,0.004340270161628723,0.01981564188815443,0.02908804884706721,0.037258096835712955,0.06421217206638351,0.019249056740663947,0.016234963008453354,0.004800257354138291,0.0030544218013325683,0.00890357704015009,0.0013455908780965079,0.00022823356797935527,0.00038236978963885286,8.748087774543513e-05,0.0003627918918027717,0.0003430363318194453,0.0010013548489951063,0.00031632373902539256,0.0006083423841597611,0.00024440919323272904,0.00024820983351544004,0.0006517791679822007,0.0009926391884249597,0.000430694235844918,6.207456995484377e-05,0.0008385725218186753,0.0010499079732350463,0.0004500178649323061,0.0005126143619329051,0.0002642226242234505,0.0002164812199639114,0.0003851720813018087,0.0012305807267694036,0.00025128347993409587,0.0004493376947161428,0.001066393959869553,0.000436654073676055,0.00030743912571375,9.347907625605994e-05,8.37288943229295e-05,0.0004453447693410819,0.0019879413344564716,0.00037252544195056205,0.00012261033947424949,0.0006639139362180556,0.0004465110512683168
5600,0.004542523890032081,0.004800337272980768,0.012365121219772846,0.0011761777083917808,0.0023907711076873645,0.007042406442841249,0.004630166786580136,0.013116036371131628,0.034246925954063,0.009900518962240312,0.0490911239161685,0.025112877433587397,0.009663143706733756,0.013875021564837714,0.009082544698578525,0.022039367960436113,0.020245546661109465,0.009738370164996013,0.0124700150294562,0.02172173536537836,0.009800281675751858,0.005028481177110474,0.0670099563888895,0.02243585004325723,0.027083266433143603,0.005028239404782653,0.018081242869929185,0.02641335391672328,0.03545896309523788,0.08406534857379983,0.022920774521286755,0.020569251572641615,0.005236338036306383,0.002798427995003294,0.015855148652917705,0.00329321390797434,0.0002909282816290215,0.0005956792767227108,9.430955095516962e-05,0.0004049493749107569,0.0003994510131410897,0.0010195521390414797,0.00031122019508984523,0.0008884169244418828,0.0003383118807074712,0.00033683769405407863,0.0007158192139493686,0.0018501207691912214,0.0005414589453062819,4.815853968797125e-05,0.0009956216305874058,0.0029913728267274564,0.0004429133179655764,0.000575595899024439,0.0003646717924656796,0.00023114307325820184,0.0005082457605811957,0.0009363146582472837,0.000267138036747383,0.0004235000884084282,0.0008945852556886772,0.00037702978332368556,0.0003600765191583411,0.00014933885562116688,7.848046071659256e-05,0.0006187945405322175,0.0020669963300211486,0.00047808960863632467,0.0001107790894820937,0.0007280089360186239,0.00043004630715586244
5700,0.006409851532324054,0.006550470983644051,0.01848771805331732,0.0014402664307943689,0.0038136972233806326,0.007940322160720825,0.003508861211875844,0.01655165366280605,0.03127246008208906,0.009214772966515739,0.05324150156157873,0.026444141820506122,0.010958031073008015,0.015277306487515682,0.009511509240752168,0.019537486257225584,0.026769976918807344,0.01239439603486511,0.018045498311818977,0.024820642659906297,0.010905592566366697,0.006869152318488757,0.06785066737482945,0.02081095566827571,0.024585298429306093,0.006719097588211298,0.026092140827160853,0.030014495823706966,0.04585920530508327,0.08743454792490793,0.028448690816003364,0.018596634490397543,0.005371307202704674,0.004635522788597629,0.012393785328539606,0.003690542910590011,0.0002677956220060495,0.0006955109922108187,7.387757616114353e-05,0.0003990695887523543,0.00037776827619556106,0.001282221184737864,0.00044577085673154216,0.0008037213682607552,0.0002525118757292052,0.000250211220444336,0.0008560578570036899,0.0008461934195764798,0.0005793406646952118,7.40736121026037e-05,0.0013945663155167354,0.0012677537494406959,0.0002835962710378226,0.0007109147685399393,0.0003518555936823069,0.0002874089500024142,0.00041966488948986884,0.0015367902187790605,0.000252416546484508,0.000478713737608744,0.0008965108012489509,0.0004695157558048337,0.00040003484927755953,0.00014398596650190066,6.553116691065952e-05,0.0005581070328442767,0.0023663311658310704,0.0005013750035447533,0.00011953444055734508,0.0007930699556701799,0.00043170498975086957
5800,0.005072203165115285,0.008454399004996824,0.014810381748247892,0.001070670089617264,0.002614550558478819,0.006554302618107093,0.003500278398742892,0.014592513662600871,0.033913780210828526,0.00803511799313128,0.04764115326480227,0.018866482897223882,0.010031143111656562,0.014250052256322691,0.009873958809561479,0.024007877276744694,0.021710684736068027,0.012774269135604035,0.014942199530196376,0.024133880926140893,0.010889222333949315,0.005741199455120035,0.056544620647716023,0.025978197245664584,0.021162076319876454,0.006264419760555029,0.01818513935752215,0.03452436866306622,0.04766223496510921,0.08119273780122908,0.023582890683901497,0.020603319602042366,0.003931333878007046,0.0034198135333501213,0.011464211934556564,0.003498930582022045,0.00024072332103299376,0.0004867464967074656,8.091040915560261e-05,0.0002847873165023884,0.0003062384150635285,0.0015181949547695694,0.0002829015222232556,0.0007912324108474422,0.00021230109039989704,0.0002535859177312107,0.0005093573607378506,0.0013866131742972243,0.0004966869339490397,5.6931632901647724e-05,0.0012717547590909816,0.001141690485989481,0.0004265225419658236,0.0006126538308085493,0.0003402866006016948,0.00033449147270981814,0.00039110208404396276,0.001530915063995053,0.0002735707512202781,0.00039013354829736414,0.0010484577986062504,0.00037542503100569295,0.0003260944191020422,0.00013732962728321222,7.280469435499981e-05,0.0004834714587299719,0.002069729217639958,0.0004427072130104006,7.651784045492604e-05,0.0005864695922966593,0.00032776307198219
5900,0.004552928040809363,0.006885190726650224,0.01899184313757966,0.0010059400819815122,0.003390325855388589,0.007926488311828248,0.003075522732527339,0.01668547429760699,0.03573362198396721,0.008486698177875951,0.04662993150464271,0.027030777544756086,0.009798570742449638,0.016638491253781303,0.009471442764248316,0.023402611094449337,0.026314961025491357,0.009607494773366783,0.017965543279258003,0.024804592682048678,0.011239222803879574,0.007032878531130596,0.06766071729362011,0.02344354611025968,0.024653341916125518,0.008745031896978617,0.025660651772575933,0.02956337849900592,0.04508860941688694,0.10347750834884092,0.02654662256400722,0.027174565815725006,0.0045957801049780755,0.0035232451144872547,0.020661266543255705,0.0035044438121596094,0.00033256899690202674,0.0004657239200737835,0.00010675795234770286,0.0004338803433938665,0.00032757440807801416,0.002011931906963582,0.00032769817516964395,0.0007092054741071096,0.0002753609311184846,0.00022339295996646666,0.0005538617188233873,0.0010232970403478703,0.000529269327240274,7.22723401519364e-05,0.001029092543551367,0.0010023377396161475,0.0005079974725958891,0.0005348448585023942,0.0003016326257332774,0.0003299304230908588,0.0004837554052139768,0.002080286349155358,0.0002659581474012561,0.00042721021873148857,0.0008741064647135014,0.0003797196421987547,0.00029260212539628373,0.00010886519629747381,7.682232858820094e-05,0.00043642824770264365,0.00221239585308857,0.00036174157171609705,0.000129309911699238,0.0006706583979913765,0.0003260617981140967
6000,0.0034696529619395733,0.005694408570653414,0.010777400903558979,0.0008905501077466537,0.0027002439162026374,0.005404496095642182,0.002745193056369082,0.012407285917445323,0.02629168713620062,0.005819663721922552,0.03533326142990709,0.015335447878395808,0.010372505114046913,0.012102577686274537,0.007198718628377024,0.015969789417188924,0.018389337792801337,0.010844526226305155,0.015369908067181573,0.019414555913147828,0.008525206587161776,0.00538122180296341,0.05990915131444732,0.015250709708440505,0.015683707262233216,0.005638263653963804,0.018650689252089868,0.02363409846899837,0.04435746298644089,0.07505268878864421,0.019604565658567785,0.012181314095729388,0.004329864821854174,0.0029463155175150414,0.01069087277412311,0.0019427366065818724,0.000206099090220098,0.0002406919619798745,6.49306004112099e-05,0.00041665489118258847,0.00028021102209211367,0.0011936714399780612,0.0003644687853011419,0.00047951554781895157,0.00017559314673187482,0.0002060550528101755,0.0003929871755772502,0.000539044941803013,0.0003222808937325367,5.0687136205273085e-05,0.0008786137598480519,0.0006658591209998121,0.0002167001486668596,0.0005013171900586434,0.00027686218420748104,0.00023040049365425313,0.00036532843304123297,0.0015241839582813554,0.00020143681332582573,0.00032441766052215826,0.0009729379637671324,0.0002867531011776909,0.00025291069619015616,8.35603433016159e-05,7.604249327010216e-05,0.0003718408610344435,0.001131483327688849,0.00029764526404153823,0.00020579601164172345,0.0005289827664654228,0.0002804797433782369
6100,0.004722738221627535,0.005490522879106855,0.011848160395553956,0.0008369655736504893,0.002865132015059213,0.009690107309974596,0.002410060153799291,0.016890818871758587,0.026551566647971345,0.0058140156434092205,0.04306648903164185,0.01667906705659668,0.00864554102405567,0.014737101152025967,0.006383784146986299,0.015889510067305917,0.015973888399977505,0.008206487508215116,0.015484117262531072,0.017512223730251814,0.009035098762321397,0.005658516053829642,0.053348319849465045,0.015984010060249906,0.03130215631117896,0.007572654355317354,0.01933572171307582,0.018596853465472424,0.03848252725986052,0.10414674504382644,0.035025900949840434,0.024443365765574317,0.004275590893594374,0.0033538325487190673,0.009804661063955993,0.0032174243189859097,0.0002720439109201547,0.0004727105928891846,0.00011520577241337532,0.0008533618565707002,0.00023564608715032783,0.0023365843007923104,0.0005333392262400593,0.00042127656764167016,0.00025152089595059424,0.00027722155653983854,0.0005230177281399001,0.001028838868649018,0.0004449889354810725,7.401678422783417e-05,0.001416939143039669,0.0006764658264728496,0.00034047723493131344,0.0008271913307277029,0.00033439147899053784,0.0004935375487879024,0.00042122087162629554,0.0017010667816066416,0.00028460570179807593,0.0004439860456981338,0.001205952715827152,0.0005299582760471822,0.00045139343489642705,7.905211729545651e-05,0.00010748644126579165,0.000615630872755889,0.0010312121147373027,0.0004087765767486699,0.00023386596149066463,0.0009056492307375747,0.00047870653979771306
6200,0.005112857933233278,0.008870359054223323,0.02483601829347511,0.0012755577647252582,0.0037151544138971904,0.011015286723185065,0.0037815332247074338,0.02420027043006164,0.04658514243562387,0.0160562758683227,0.06669774509816902,0.034478396102824674,0.01653356434579826,0.02391019758590229,0.012853437639355167,0.024677226004617598,0.038737450907536275,0.017790957836616973,0.02618723692804841,0.03131823079815755,0.0180234203620225,0.00964073328162028,0.07629620298743248,0.03185385909988933,0.04287202091978139,0.011864406056702137,0.029032951108914153,0.05237949411336255,0.05674314305651933,0.09799977593337966,0.04506500034593046,0.042258512654091016,0.00658045521799977,0.004259998906744904,0.01968632016925969,0.006900616584191864,0.0005148748159626848,0.0005479518776238282,0.00013245634499433064,0.00053369048237073,0.00037468395620190347,0.003556897978342022,0.0005534137850190746,0.0008570985064579872,0.00035051362629976785,0.0002925021209745994,0.000733933509205567,0.0016644697185199675,0.0005603937050589844,8.84208286813439e-05,0.0016759915603100895,0.0021045074869713667,0.00032617713659419676,0.0011030605279042252,0.00039338221898200073,0.0006245381724015301,0.0007057149790637996,0.0037810811791132437,0.0003196026664227247,0.0005524059776899566,0.0016251403879626498,0.0005470003881944121,0.0005700324932991794,0.00013652119947552024,0.0001065946865613417,0.0007929118317453639,0.002893622430357417,0.00045329614127674926,0.00015075480882842385,0.0011256624349102401,0.0005245809385087341
6300,0.004899540147783449,0.007402347613134663,0.013911685751130184,0.001024778246434065,0.002823208973380513,0.007768026174744591,0.0027809691667449268,0.012910091059679604,0.03486636673859939,0.007037047274934594,0.04361777209402292,0.021729020954362754,0.01134082597369949,0.018698462147299186,0.008366375062606119,0.020886517981125508,0.023875291129418958,0.008335553046280541,0.016806966030604338,0.021163208201760427,0.013320797623964608,0.005910103555184573,0.052953901092987504,0.01874206239420649,0.02934181211157776,0.008785821404308081,0.01969108435197643,0.027242902315265383,0.04050886740236927,0.09710974120929267,0.02777593845647061,0.02190992229868873,0.004897678388890479,0.0025788299760681056,0.017014988410260737,0.005656109315948145,0.00036738168484206604,0.00025991284763387574,7.572675013509881e-05,0.00046337272397067863,0.00020555709048213875,0.0010994705498887924,0.000435544076935912,0.0005062996327213018,0.00025749468626791466,0.0002081993111752516,0.00047917217534632073,0.0009839072367299195,0.0003974221812596029,5.102286013425328e-05,0.0009577417529586595,0.000881447632915903,0.00018333692496526056,0.0005298513641143788,0.0002070367090082386,0.00036936681863153353,0.000378618699898887,0.002391329850979673,0.00018872966504406778,0.00030850021082117634,0.0007415820112025055,0.00035662096758877,0.0003004533756312513,6.384650161946722e-05,8.012597714292092e-05,0.0002841259770852426,0.0013463122626749932,0.00025596427063360794,0.00011801895834651077,0.0005713382893229224,0.00034380267024971547
6400,0.005162433283781079,0.007287946118999066,0.02506682164190958,0.0010908899605475688,0.003573041778025394,0.010515510645096324,0.004132209325630796,0.022259645634239503,0.05741089967424286,0.014660018030554056,0.07159001583644523,0.038684903777813855,0.015485386085470744,0.020372502837827513,0.00978488074050641,0.027373509253569257,0.038802652227570344,0.01470812014009379,0.026266361087826744,0.02973517538513988,0.013793091904517496,0.009393013882020438,0.08975705825413267,0.025661710543499795,0.046773046652864046,0.011422600597143173,0.02615335434177635,0.058678002380474936,0.07084510008845588,0.12465852906719985,0.03708061325519035,0.03871388370484615,0.008190759627294798,0.0032093293897517915,0.0218924464748448,0.004186311361861174,0.00036187561564522756,0.0004469218071211468,0.00010219777457853316,0.0005960868807051156,0.0002862534824805365,0.0024035914793785196,0.000490181616260088,0.0005699290469285762,0.00025704253539037095,0.0002794699415062496,0.00076633774755975,0.001390593118912875,0.0005597583663702294,8.924790704027559e-05,0.0012488507213045243,0.0010136349640864257,0.00020299617171986027,0.000604749211709773,0.00029025485479184586,0.0005140172209146178,0.0006660897044483096,0.003412944909541693,0.0003644112101584243,0.0004843459782722885,0.0015651764721648458,0.000468169513915102,0.00028708180570902186,9.389206303928183e-05,8.839150824415911e-05,0.0008002784181678782,0.003895837765802363,0.00034308765233408996,0.00015929051028251706,0.0009377447187959484,0.00042950793431373313
6500,0.0041573067300723285,0.0062837959374991,0.011509952499181964,0.0008553121227193445,0.0024679731301793127,0.0071777310970771524,0.0015305668458906088,0.01295537214815233,0.026725630574679898,0.0057573295052861795,0.0389719753375961,0.020768215098003716,0.009119628148971859,0.01134016867691764,0.006149380046275944,0.01563314003093789,0.01973703950127293,0.013939182584238817,0.015541575225402735,0.01891936332685873,0.008397030371564211,0.008361724227922553,0.04448415205658724,0.013355530883563916,0.020276571001020437,0.005855514155700803,0.016016824152287765,0.045243695414683316,0.05189667172209524,0.0571740362719274,0.020184284301212756,0.014633660616639715,0.00471447707409075,0.0025991723653765635,0.007822815201102963,0.0016619032234887396,0.00018568861232300774,0.0001905705924152492,6.23566931926141e-05,0.00023554716767648642,0.00015632353169882875,0.0018921868095276295,0.00024647416939842514,0.0002595664302230273,0.00014579933098215597,0.00013086023178630058,0.00025502520493478586,0.0006766903308061956,0.0002476438737317196,3.472379657151495e-05,0.0005994443727244149,0.0004561574839196207,0.00016700942542229312,0.0003135072134793926,0.00011222410379057943,0.00015917072522080906,0.0002435086013867222,0.0016348184958587808,0.00013792492565774714,0.0002017026742298465,0.0005831927320590087,0.00020006406976614426,0.00016983703498799177,3.659740500675193e-05,4.916310414652495e-05,0.0003070708118755576,0.0020802663912036223,0.0001638020161607301,7.453402133705822e-05,0.0004245587677727018,0.00022369099388015458
6600,0.0047141370786128985,0.0074100696365348995,0.022514081031355698,0.0007745066098533034,0.003190822541806552,0.00925226729928649,0.002369892941861772,0.016026169217166528,0.03280719037350456,0.008934786383179016,0.0663527479570612,0.02760278274143609,0.010311845654734609,0.015536417692077741,0.007534679929770338,0.02015459189230266,0.021395526237029117,0.01206525808489068,0.022676524174000536,0.024094248101852525,0.01021233603408361,0.008873607537030434,0.07745476146539053,0.01828312265885567,0.03781731011709087,0.007665701676160097,0.02294462890066854,0.03479679684217748,0.04301713829593021,0.11489200497617863,0.03215891677614612,0.0281433375953034,0.0047190734661757446,0.0043224679137956416,0.015001640879846592,0.001911022647911003,0.00017565111402530564,0.00030092538591733586,9.051530642283475e-05,0.0004907326416514479,0.00018439382512148788,0.0018227753735118313,0.00036785624397452923,0.0003381943389333748,0.00014693543412967733,0.00014193916435617992,0.00038134539980953715,0.0011734556435953891,0.00041883220033327986,6.415984650878023e-05,0.0008504458095418299,0.0006222694288832523,0.00021122383332112805,0.0005566239325366486,0.00013996957973020095,0.00029925338648436906,0.00025673347500810694,0.002220406613560044,0.00014596715720927023,0.00028022914637823793,0.000728342865841114,0.0003155605954254243,0.00031903614365512986,4.268815519026248e-05,7.662118554839658e-05,0.0004918725831861617,0.0023816764299096705,0.00018004294926937848,0.0001885928925275948,0.000596646199895787,0.0003080907346884487
6700,0.00351018848733794,0.0044437384597215525,0.011305452392358953,0.000694989638017992,0.002644448236942135,0.007397108594886959,0.0017603120925360277,0.010601941755214962,0.028144733899341502,0.005414827455751947,0.02538538073084639,0.015157481491453892,0.007528541393570997,0.01168215816968851,0.0067541376097805745,0.022430055808702793,0.019352320992939417,0.012029333440572188,0.015936925545767217,0.017852900684035073,0.005963102146933334,0.005336869485290663,0.04124757615694155,0.016691258095791757,0.01760807518370538,0.004692729469388724,0.010222975471532987,0.035976939315636024,0.05241869141447002,0.0700391194692319,0.016006924910858894,0.015599445051450927,0.0038645772976031788,0.0024578522026659326,0.008126863764320862,0.0015918950734235945,0.00019867489512953877,0.0002180758672032177,9.538076178669363e-05,0.0004535596984851509,0.00015950585655813716,0.0013961989661765983,0.00029653881001650005,0.00038704510978660486,0.00016618650220870653,0.0001578247319262768,0.000379780922932632,0.0005575023961625902,0.00026162466594055803,3.2538720213117564e-05,0.0009239121918094147,0.0008790105192323002,0.0002593228538898984,0.0005791015544450694,0.00019307706968212533,0.0003397243399376748,0.00033536450562052624,0.0012845594019381679,0.0001906383408128123,0.0002781493490356997,0.0003803531133598881,0.00028374697840092113,0.0003710453057060982,3.948548982333631e-05,6.319064272651708e-05,0.0003156135253566272,0.0006669909775415103,0.0001680290573590025,0.0001466659392690417,0.00047473588334209386,0.00023735590002615936
6800,0.004272820191545179,0.006412970632987304,0.012849361354407543,0.0008993990221195137,0.0034450712344643096,0.00840694157107334,0.0023132750190392646,0.015142352835562848,0.032233636151362634,0.005987344236928038,0.041821701489144616,0.01932862648962847,0.009463780526085899,0.013757412026197098,0.008648634385933881,0.03178651009026604,0.021748267973418393,0.013990737324288774,0.01301211427614492,0.02573614392254967,0.012277774521484949,0.007557594591811981,0.054444600619996585,0.024148946781497215,0.025028276530931527,0.007989452034235001,0.01927923960864709,0.04425286832398948,0.046259356791715084,0.10142058266407525,0.02917085221532034,0.0213470547437632,0.0038642477438814308,0.0023015570810076855,0.010188300834367206,0.002125620720627402,0.00026473560326753374,0.00028486561404861277,9.673282581487396e-05,0.0004081009819856263,0.00019621762179125886,0.0025086901732720435,0.00034126544487662614,0.00039458575558551514,0.00020696046412922443,0.00017425012176772726,0.00047013884932312067,0.0010322783036826877,0.0003648257646812548,5.0834575383553535e-05,0.0009287122684187264,0.0007311867466341937,0.00024934219545684754,0.000505563154528856,0.00021852172596544702,0.0003296739944496287,0.00038169627113083767,0.001182250633064541,0.00019198900981917986,0.0003077569955866448,0.0006366549276814718,0.00039716477333366775,0.00028996841404107355,5.025606311916432e-05,4.51130367259288e-05,0.0003825907846145459,0.0014271311192715075,0.00023196388687735282,0.00010728652137004246,0.0006766467256339569,0.00038467999984277413
6900,0.004201757210909351,0.005949411104666069,0.007706116574505965,0.0007270822019143872,0.002933212990015657,0.0062591430968106055,0.0020051842624407954,0.01948289044558609,0.026538843487034246,0.006092396728490712,0.043430958855121084,0.018602920923735746,0.008854833851342626,0.01807860805825895,0.008806909643488538,0.019233018033749733,0.02446210562456621,0.010468403468736672,0.0159151821530291,0.02232463220367208,0.010597759436250971,0.006828042049684362,0.0595160320866853,0.019201398785905138,0.023260287710443316,0.010124861821532249,0.01616974306483415,0.03629713579600017,0.04019625828385709,0.0913958135301542,0.027445759411008717,0.018850832680562653,0.003299489404840782,0.002632390066939352,0.011032688530879872,0.0027728691294604296,0.0001442014352529728,0.00031716408925190495,6.250105891933388e-05,0.00045475330000499525,0.00020032704276943945,0.0014702358857903164,0.00031506644845649137,0.0004041721948803905,0.00017528447839427634,0.00016079674930032136,0.00047462847607292994,0.0005201279005149217,0.00032624652741842825,3.774244520503668e-05,0.0010492741594274636,0.0006983091204043982,0.00021747852661064827,0.0006079802327692552,0.00022027336421286174,0.00037612096850187464,0.0004386324052311172,0.0018485332120690146,0.00011994621904578808,0.00035671320605475695,0.000580434184363791,0.0003738424945248225,0.00037423718484003784,7.657194720678974e-05,5.262946494137092e-05,0.00035301701448931113,0.001085170715149226,0.00024678622701702945,0.0001330586803760525,0.0007102262789740358,0.00033456773671787233
7000,0.004068995684753424,0.0052620460262039195,0.0082905630794509,0.0009342806017230032,0.00283381846595977,0.007241762201634369,0.0017109982766581402,0.014958055451393639,0.03282698279407312,0.006688121298793703,0.03555679770997139,0.026584546557665928,0.00969250566700022,0.020459047817205304,0.00823335206732736,0.017639456932859805,0.031094352869591342,0.006921938577036173,0.01704889111819544,0.020281079282673697,0.010005466259910743,0.0057676210071804235,0.05473642353822167,0.017594522690827338,0.03345494364602639,0.008026650175452232,0.020503599635107565,0.02513240626528083,0.03877270265845308,0.09048856970255129,0.026334887871247097,0.01798301095214601,0.0029762920613533284,0.00165548552988269,0.009274668966504073,0.004237749657217397,0.00016561877520727744,0.0003503131033953237,7.480708541015153e-05,0.0003790335497342312,0.000239310847915631,0.001027318356136675,0.0003157267781716655,0.0007390981199454185,0.00018989613081909115,0.00016326836807495837,0.00047444081404759535,0.000844937708109228,0.00030971330066081307,4.858131499283693e-05,0.0008007999713929446,0.0004548123767259919,0.00023513450651080348,0.00048312080121015277,0.00019401118798073028,0.0002925530951126182,0.0003392155730414019,0.0027097410948044853,0.00021583620670955698,0.0003476114128856212,0.0009076649034492827,0.000334434356756158,0.00024330884293198728,5.343672349939683e-05,6.17744628673083e-05,0.00038344962383955327,0.002491277986596937,0.00022471274493177185,0.00010541495225879771,0.0005896937704577596,0.0003302237964817323
7100,0.002832874155059029,0.00366016139741987,0.009247760666767135,0.0006124471685045417,0.002227934180719106,0.005322289199934208,0.00186201668762923,0.014823076346039991,0.02523126865127802,0.005297211777360644,0.044419931262022996,0.017426898676622303,0.01029849746952426,0.011740365639552969,0.005553735387066434,0.018800000635868248,0.017435915112963857,0.007176226928544266,0.011697737841002111,0.015239804897185726,0.009692336879575473,0.004390218068822703,0.0543817528632159,0.014313996680236111,0.028852338300480153,0.004716299753636122,0.017486764241297234,0.021011016991906217,0.02513271399451803,0.09720143238706852,0.02124600277078571,0.01909437200699288,0.002701068013161253,0.0016021501493902856,0.009280202620882645,0.0017467225253702573,0.00022461514904056172,0.000211344879889194,8.785687754951426e-05,0.00031175177412023913,0.000172362378194482,0.001201832100377942,0.00030656399176223206,0.0003924962018477106,0.00018195414300670995,0.0001384294806176253,0.00035621826169006995,0.00080560481677594,0.00032337093984849695,3.2291326161529554e-05,0.0008128416861277051,0.0008687639522880394,0.00025438591110287233,0.00039112211847428365,0.00018060576722150315,0.00022218234748420812,0.00036207858495125096,0.0011967507443841896,0.00015630924489566192,0.00033021009055049104,0.0005622168722766218,0.000287366105211614,0.00024208514554191897,4.802622050454637e-05,4.1496033898308975e-05,0.0002600249257526442,0.0008771611724763975,0.00020933281322548452,8.866912185112596e-05,0.0005519228407978854,0.00028137679473729806
7200,0.0033929863551551338,0.0052847671818367584,0.011618585558608174,0.0007703170055510082,0.0030678209962538457,0.005666674430748182,0.0011888298167245775,0.016162396794100583,0.029364871268810502,0.008627416827948764,0.04032660854899865,0.019777329085998795,0.007780856604574982,0.01820753986050311,0.006993127303019933,0.023083128088425536,0.024360404317294956,0.009452443055608132,0.014312503036178117,0.018645686093950644,0.010039733898660275,0.0072186329120346015,0.055537165557034314,0.015548763082673151,0.03206008635618399,0.010293972026556731,0.015110615836742763,0.026601682850014186,0.03196962157141089,0.1054584087445795,0.019963560900941958,0.016953553262283094,0.002882026651832348,0.0018814653472069294,0.013972103859284997,0.003714393057829771,0.00030430109848710247,0.00031747273979735013,0.000165409643882577,0.0004169041549175745,0.00025110276555038736,0.0018023477441602154,0.00044094194963690826,0.0004882905546094806,0.0002498029453770294,0.00019530183109282007,0.00041906462899389324,0.0012981100137210433,0.0003620234393871403,6.889539922254203e-05,0.0008237357149692588,0.0007531885363884309,0.0003164946843753569,0.0005365044353497143,0.00018894098000851828,0.00035113735686371166,0.0003594276314552483,0.0017394704391335836,0.00015417935832020803,0.0003899776267924328,0.0005604442764403453,0.00032052723794041285,0.00030056443111553326,5.7327006845855624e-05,8.192692560745247e-05,0.00041178889473308293,0.0015834188203111158,0.0002253779028131197,0.00011421847420933773,0.0005558248171952119,0.0003786080393183511
7300,0.004697054566054863,0.006789473002923101,0.020538223417437013,0.001050347083890721,0.003527588937951022,0.007255266112874129,0.0022711590044045514,0.029542911540963415,0.03573152040723782,0.010109308823302854,0.06839365911106636,0.03184074515968173,0.015097460245614815,0.023474283020318995,0.008705615465399151,0.0207272169936914,0.03109960951301868,0.01641040592847828,0.025695245313857282,0.026479499597335233,0.01718685746662651,0.0090593578757502,0.08593604440956067,0.026364744074332216,0.03965356492272039,0.012119481898844242,0.03271030874572217,0.04741821139396052,0.06421326925731538,0.14876663129947584,0.029548098751499007,0.028826841887516472,0.008327969762411578,0.0031033909027153345,0.015166978135918422,0.004797475070647904,0.00031385139381032596,0.00028846557622521436,0.00015432870601128903,0.0004228190566664125,0.00027990243977504353,0.002159031846531434,0.00038670468475174855,0.0005721300281277907,0.00030575027471250473,0.00028805504325159095,0.0005458524285466794,0.0013485217276212325,0.0004104295080612152,8.2381991061001e-05,0.0012548080181099626,0.0012327918205604267,0.00035388347678235734,0.0005432723277297147,0.0002223643099067227,0.00036052794943812347,0.00047043044737277937,0.0039563121672472334,0.00025884498011742433,0.0004863648213638673,0.0006273460408313743,0.0003881686164262529,0.0003349637006269606,8.060893324901363e-05,6.506635549562311e-05,0.0004966710893986837,0.0022099319581424686,0.0002969194200696004,0.00011225283128624142,0.0006449815094075508,0.00039597332215635106
7400,0.006260210522914595,0.007902263941812433,0.011557636025827378,0.0013087031155009754,0.004692281047626446,0.006497497254583452,0.001938807682152753,0.016354093269910663,0.033879843976494524,0.008230032573919743,0.03449498107843676,0.01553654188133731,0.011413951175089813,0.014843918983057269,0.010022703918238061,0.02478268329286948,0.0318585100598977,0.018709368313017265,0.018091008133654083,0.025405370886825648,0.009026729884611156,0.00913401561514807,0.07687147991421323,0.022076134349238902,0.027950076088595708,0.00897920187562704,0.01427982408319123,0.046551475404460994,0.048771688135970825,0.09489247998827786,0.02552953366539441,0.014650190616241442,0.004336349990475915,0.0028445078117561766,0.009186611516472314,0.006726088326364074,0.00026873236104046027,0.00033508510717762295,0.0001304060535337804,0.0004191483564000009,0.0003045682742111317,0.0020158671595709166,0.0004251628808560781,0.0006447966864614404,0.000270484355802948,0.0002635812793901745,0.0006317502981657622,0.0010956902861920526,0.0005736895306952271,5.628250354758083e-05,0.0011498475147723533,0.0007549366182502126,0.0003233630035538226,0.0005813823034407746,0.00029740513761272925,0.0005331678512447979,0.0005057836358470815,0.002813922639688826,0.000321900181319279,0.0005244253049498254,0.0007004353215355271,0.00053932675283489,0.0003874833907199597,0.00012426969074563654,4.4908667405252345e-05,0.00043978737680431965,0.003653326860720491,0.00036286320214219724,0.00014592946240554738,0.0006849079587757407,0.0004526912234723568
7500,0.0033699304367473815,0.0052089795299926425,0.010385070578195155,0.0008547165073720792,0.0028302987902171033,0.00400927739558808,0.0017704685573511187,0.017785632780835253,0.03330604675486743,0.0077836574710090645,0.042067476497951575,0.018447986654791748,0.008846158834675214,0.013852112620291089,0.006949261054978706,0.019438726177516703,0.023536145300438096,0.01113032121940728,0.011610731769386413,0.023720558897281686,0.011430355609193681,0.007279127452160797,0.055308266861053806,0.016102625166240614,0.026042271886826566,0.007286897394806147,0.015108245712091899,0.026915661614718072,0.030761479420642203,0.0774960329887812,0.02628786035202211,0.01866238415879287,0.004486610663828008,0.0021581435767286674,0.009440799706984157,0.007660747310053141,0.0003599155225186367,0.00032513122906410984,0.00012414526145769204,0.0006186114312640711,0.00029842892466033246,0.003339311198942596,0.0003281071798483026,0.0009475834790225092,0.0003336327444757396,0.00028291588458029894,0.0006747711143505416,0.001651353124174193,0.0005419574164699074,5.2129383386107456e-05,0.0012623730940084408,0.0007368232296964076,0.000360421864388627,0.0005865005687341255,0.0003221720601467151,0.0005588163557232209,0.0005850128562928813,0.0021501353094208753,0.0002746689487101624,0.0005693041971776088,0.0008585567537617559,0.0004943416909857964,0.0004313034357134408,8.177272472191059e-05,4.7943339975770665e-05,0.000664494770540109,0.0009111820784580361,0.0004012542614814705,0.00014524946823257778,0.0008310498239300331,0.0005068381273304112
7600,0.003521048363295818,0.005551827329866312,0.009609380867914297,0.0008265259600683259,0.002833648785424516,0.006052665824037311,0.0017038327131587956,0.01512337090646136,0.022653774360910976,0.007551785085524898,0.03872075410168848,0.015427609827699543,0.008815503936299743,0.010661960099021213,0.006726623576832935,0.019333973473597627,0.0203000907162537,0.016518739034801933,0.010927037194570792,0.014373604235394547,0.009056288992220428,0.006103340169439824,0.06095973872579634,0.019525457826118024,0.02542334230199072,0.0060771487187594175,0.015402944739170995,0.02673914713583751,0.030448355181279647,0.09558875780930975,0.020510388325880438,0.02034368929497969,0.0026382949898876317,0.002645549530550556,0.008280673199300913,0.003349918951438927,0.00022669668996250518,0.00021042002721184292,7.366944608687604e-05,0.0004039758991893905,0.00019712259519410317,0.0012764097082254011,0.0002735917076279293,0.0003206745942933546,0.00022692629596636642,0.00019275615022706916,0.00040405184498874743,0.0006669909926984019,0.0003233494060090191,3.28513908078259e-05,0.0007753203828647551,0.0005173653098609066,0.00016708736584405414,0.0003930627968025985,0.0001818697993602937,0.000216210697875464,0.00038213576747801454,0.0021550938954533194,0.0001441785551005776,0.00029533862109299385,0.0006410238949077514,0.0003172085295127838,0.00025556843770068046,4.737084887065148e-05,4.76628191689896e-05,0.00034083074317166323,0.0012829977256062972,0.00020802034020283417,9.936428011769749e-05,0.0005981430567313326,0.00032509241136722265
7700,0.0035303729112186105,0.004345111117732746,0.009331238000110412,0.0010172679647019742,0.003028639552719107,0.0076519222597458535,0.0021318769355099403,0.01347922197886624,0.022478757625817074,0.007991465157829225,0.04220534743666419,0.01691395183156508,0.008673357539175247,0.011366789547482216,0.006579787329503554,0.019264134985860437,0.024476334150503612,0.012447537306867115,0.014919750625267625,0.015896714632011328,0.010711781017352432,0.0062246150862068006,0.05806240382759521,0.02074416642014209,0.027474792381990628,0.006818718649446965,0.014374635542128911,0.02616518698899502,0.03495648319401559,0.0924049766177749,0.022676202994771303,0.02677836980169209,0.0023659714021015622,0.0023447835826731914,0.010251927687527819,0.00599526526340404,0.0003244728624945549,0.0003768027805067091,0.00015305519867847962,0.0008730646084131877,0.0003346450384972915,0.0013397307629929855,0.0006330145433821599,0.000629643709448589,0.0003819261713416429,0.00039830352881803523,0.0007643130138284617,0.0009457491127022877,0.00044766834543977517,8.167954187725131e-05,0.0010741971085315946,0.0005900510993039158,0.00031295036169467496,0.0005588511148558535,0.00027190643633165845,0.00034754927979851016,0.000558922167876654,0.003095457495874143,0.0002630599487171518,0.00048251316904777643,0.0008187785836829183,0.0005297730059546959,0.00038704006050870195,0.00011032978153838617,9.280381770319461e-05,0.0007764377655626227,0.0010754166869446635,0.00026706127017137667,0.00020872656045867188,0.0008240815270347267,0.0006082144333049655
7800,0.0036769427927022145,0.004488804611524015,0.011805213172920048,0.0008204697531674845,0.002702708719143514,0.004031345539260656,0.0028544018513780283,0.020455376185161772,0.02450982832550248,0.008090145653113723,0.046981387620038687,0.030298168885305392,0.008480686507413559,0.013803242726046874,0.0063503159060286744,0.01509286751631104,0.0196475293761025,0.016224861497581122,0.017336046585114673,0.021673542717471718,0.009901880115397105,0.006859933856633559,0.07570593525267516,0.014831370169607302,0.026797784462461196,0.00835687192156911,0.01837736500014979,0.03124903118684112,0.051423301887424555,0.11978542798275274,0.025448058606125413,0.027025065388163336,0.005898766360675067,0.0029783759993395422,0.011421084133972827,0.006781649288443857,0.000289173918022961,0.0004347097290685104,0.00015670776750643616,0.0004994016942418966,0.0003477885710747208,0.0019395362196519272,0.00041132447186100765,0.0007379344100818822,0.00029734478123971615,0.00034186187379613587,0.0006349469177509666,0.001115540197503151,0.0005380468177432265,7.607823507979364e-05,0.0011293591928244076,0.000749655207679704,0.00031600757065461946,0.00048254881659552353,0.0003018827837563706,0.0003626366243142084,0.0005174088510787159,0.0037730149624621845,0.000396165089884764,0.00052463044468403,0.0016133867041692913,0.0005343968763681718,0.00028116822159063304,0.00012315948305029878,9.851595799167019e-05,0.0008314021083192943,0.002031146206718404,0.0003503697712440337,0.00015768138746352633,0.0006798978669577701,0.0004753154826175887
7900,0.0037634359776692124,0.004801816456839097,0.011208452138816938,0.0010129481683039698,0.0024254624917882175,0.00454631432824369,0.0015302980845292276,0.019707554828046876,0.03110294567131514,0.00813785564241698,0.049632218038306836,0.024366731835099777,0.008582304282974677,0.015847173961171364,0.006094623326798148,0.02275462824521431,0.028237366689912353,0.026679536752488252,0.018856052521316866,0.02848223729718787,0.00912736224092721,0.007319884821819349,0.04874672361571963,0.021240066574682713,0.028927593047791605,0.007776857633143663,0.020341086295839857,0.058169783928557685,0.07173248661907992,0.11189574741858392,0.03243381779757328,0.02857618813868612,0.0051400644364845835,0.002431176641081503,0.014961168280731525,0.005247038857890273,0.0002634628661469737,0.0002364462875861632,0.00011243907417874981,0.0004273753919505907,0.00019683440789902576,0.0009837098004936706,0.0003627724654506892,0.0004456963817670169,0.00027200369473863055,0.00031098489108347035,0.00044656780343294694,0.0015348425320098613,0.0004561270613113924,6.854919774923474e-05,0.0009626346851991212,0.0005666159798541534,0.00023604642228747252,0.0004405738001915612,0.0002692950294721382,0.00031082926513838834,0.0004717176127811125,0.0013367033234317205,0.0001831164689178877,0.0003445875289029433,0.0006464937278603126,0.00033539588036390303,0.0002550208910347633,5.766622155181369e-05,8.012534251772902e-05,0.00036728828880378775,0.0008578596202174335,0.00029562625116711624,0.00010841946357231791,0.0005755957335771987,0.0003997897234512493
8000,0.005085257993365254,0.006203526969464427,0.011146068961049119,0.0011565376525350774,0.003879813141827958,0.009320191506828581,0.002449143067268221,0.022471311117246217,0.026977002581277908,0.011513606405060273,0.06057069600806974,0.02819311316377526,0.014089656398441135,0.01871124406501291,0.00813320714069585,0.02465984239339984,0.031636007096191555,0.023990883194632193,0.01904038237574111,0.02191353814152535,0.010321577486376134,0.007939493990176873,0.07320841694095483,0.026044681787849792,0.06135879363264105,0.007491274364292621,0.026363130234042933,0.05783937147740895,0.05240775988923441,0.12389776709671659,0.03137778211714855,0.028611638171311755,0.003574023641498605,0.004105909286387709,0.010303462755675556,0.006191421731338258,0.00031251400267999426,0.0002552471670159403,0.00011883223062916414,0.0005746325530822105,0.00029769752689660776,0.0006629251688536897,0.0004170177578998846,0.0008757426072215343,0.0004393663743413574,0.00029675864477667345,0.0006087957600604504,0.0015074968182773318,0.0004976727146907345,8.779971556743311e-05,0.0007696355120690267,0.0006667938390213143,0.00025798692950047554,0.00037095939990890934,0.00026008918039537845,0.000385714486914036,0.0003372420941295493,0.0019896774174412712,0.00025043787276659814,0.00034062519446076926,0.0008094290312631832,0.0003269221854347423,0.0002301195857870442,6.534255335118196e-05,6.795019251310603e-05,0.0005421561379682624,0.0017021755702444352,0.0002747647597773046,0.00012983901137886278,0.0005463924080151413,0.00046901977839297615
8100,0.002451779941750558,0.0029882051495843808,0.005815144783506791,0.0006042763514694972,0.0018691763528560059,0.004735888672127787,0.0011301391110435125,0.008187861384666414,0.014871386984654974,0.0055869295611046255,0.030759212590414847,0.014375327274304867,0.004682886899955161,0.011817835696009834,0.0038635062056367616,0.012468003483566767,0.012091563765092619,0.007148244855498093,0.009231556331672306,0.0145705716003431,0.005078555606241235,0.0031573114665661706,0.04317911105230451,0.012112833182618488,0.019474940130113815,0.0023910032585263254,0.008340000532869806,0.017226632836658002,0.025690273057861143,0.07251607044177476,0.02325833958690055,0.01574988981939476,0.0022113842738742907,0.0017927664206539237,0.006964891564873849,0.0030364279814421025,0.00017584655433653862,0.00016943888712458747,5.150476649814883e-05,0.0002362737186558661,0.00013536710466094984,0.0007682927061978262,0.00015205631643766537,0.0002889900769763412,0.00016307460175180735,0.00012061474388766718,0.000353847246391556,0.0003436847071043303,0.0002051057385870081,3.393626841650323e-05,0.0005269348346141319,0.00046968251088704466,0.00014471088979917113,0.00029246098210005214,0.00012528268366465988,0.00015830839455785198,0.00019556333935852113,0.0007843692519600154,0.00011561713708690352,0.00017410572427252192,0.00024252184163439476,0.00018685241259904176,0.0001695754893060237,3.4588198031014074e-05,4.297936084185494e-05,0.00025228679998407015,0.00028311283910755137,0.00015987404068776032,6.639067044034164e-05,0.00031335777343539895,0.00026856911536015103
8200,0.003770456261475841,0.00627281214757305,0.011930633098624336,0.0013424087551426895,0.0036418533100580053,0.007088711256593732,0.0016027517611937288,0.01520682729560398,0.027926145108929493,0.006045231290045194,0.042860761077149,0.01914744391533717,0.008236589309738272,0.0151092079910141,0.0063894934636396904,0.020361107599455863,0.018409259747949408,0.010365346577047971,0.014253062846754412,0.0214498017920414,0.009806219265577126,0.006785203697810565,0.06523926449163507,0.014747869617955682,0.03258691271820146,0.005838251300156116,0.014544419629073086,0.033650215780653525,0.03614862890236135,0.10908194551513824,0.03089385430018107,0.023938704217121434,0.002527721471053085,0.0025672439651950913,0.011727362614894647,0.006932621911346359,0.00021983442433051286,0.0002916499379352899,0.00010824842245228756,0.00040651669326052797,0.00022805146854710636,0.0016027208366722334,0.0002452547664688609,0.0005183033895024748,0.00028541549262100537,0.0001746289317549911,0.0004229627244744175,0.0009047774202315395,0.00032987124775680625,5.7197967676488176e-05,0.001068742729659369,0.0005764705483670696,0.00019943838415201754,0.00046590879173891153,0.00030016264846098833,0.0002901830303843863,0.00043230217765359227,0.0029114942972228164,0.00020503129431719772,0.0003380036329662499,0.00044837660619426363,0.00034190197594173414,0.00023701387106956208,6.728202379645563e-05,5.943794066196359e-05,0.0005812565608981199,0.0008206962868696012,0.0003188981491837973,6.851106070371316e-05,0.0006990096930274055,0.0004388384797493927
8300,0.002781072716380869,0.003089889448784999,0.00758831459582628,0.0007817790448965612,0.0017505204687040532,0.004523050798785074,0.000997008947589136,0.012128677543289229,0.020550369724920137,0.0041697757860674756,0.03701521785150823,0.016283145550432334,0.006193348299623749,0.010920563717015531,0.0039349719675288615,0.011030538429622538,0.014199783455773113,0.006723220097055788,0.010156606876989827,0.018222601099405437,0.008203682767186995,0.0051842861366822035,0.032773247067040455,0.013748531708188239,0.024042444519716176,0.004295442858710885,0.010839245989993815,0.02710890224686106,0.03248204148309442,0.08386844105576353,0.023680908907748138,0.0151686714391242,0.0018994849810426856,0.0015167627664828445,0.006122435614088317,0.002991474008435294,0.0001301163050225353,0.00017707810283437456,8.975350739826562e-05,0.00033595158208754583,0.00017316888360778164,0.0011465581010270398,0.00021534273673751159,0.00022959847291004784,0.00017677470783670097,0.00013963178724338832,0.00031507358175587256,0.0003327046847374504,0.00021821614906269228,4.835163889021549e-05,0.0008817274457424691,0.0004021744948659034,0.0001907916597701842,0.0004192228277634986,0.00020347430046089795,0.00023299213932081,0.0003574949773743571,0.0013677832466783002,9.874422306034426e-05,0.00025986149151391985,0.00038948465377567726,0.0003162273382336954,0.0002622398283333664,3.77509914328953e-05,4.6745251691188765e-05,0.00027038040309877953,0.0004386529451169606,0.00022075239403539899,5.7646186178317294e-05,0.0006454342321315174,0.00037192580603004897
8400,0.003566635377226064,0.00463560042812282,0.008164696584572084,0.0008015194257705633,0.0028112287067806737,0.005930252011499501,0.0009057731719856806,0.01418091526127183,0.02824249877531783,0.0068318865523906425,0.038823151107975226,0.01866335130301993,0.00667068223728248,0.012430462051931747,0.006718731614990461,0.022531760172569193,0.02302842459227707,0.008956138209087621,0.014247704141390776,0.025619184472598134,0.008504212133895914,0.006868359430232626,0.061247031406189006,0.017838469249060532,0.03709279621074933,0.005596648436039686,0.01351334497866769,0.03607719683107765,0.03670123445301536,0.10111581126130337,0.023916039360531917,0.018932005336235028,0.003839550295249585,0.002233714088339015,0.012147741243501918,0.004830952277383663,0.00010991352588749386,0.00017753918886724435,5.398654613315327e-05,0.00025140255746691764,0.00012481916168655246,0.0009822645761232707,0.00020000170752609847,0.00025625263577622767,0.00013652805056680288,6.911655228317874e-05,0.00034936875610519405,0.00035036614610817196,0.00026799305196383445,4.0135386618864935e-05,0.0008076655184595438,0.0004402322209292227,0.00013314369934960268,0.0003324585817682994,0.0001805241412951326,0.00021387379948381832,0.0002736116708371311,0.0013475888581524487,0.00012615812359702735,0.00017610637893575095,0.00045290635450025244,0.00028577221365027385,0.00019388771291536008,5.2676597632042204e-05,3.413186641409993e-05,0.00022564704135244004,0.00046436905124989735,0.0002387630294866804,4.3908975612794165e-05,0.0003985100637722656,0.00028722933220706184
8500,0.0033033998258139726,0.003682553194704707,0.007116398073170179,0.0007648990035354822,0.002432170984804221,0.005263623606879264,0.0013395187605114657,0.010786773340192204,0.02253104901255132,0.005439519231003942,0.033584684907835276,0.017491492097624173,0.007363400921211437,0.01135808987942944,0.005730910278832786,0.016647267975107145,0.01706531921254715,0.009864142077092282,0.01200179549674171,0.017332357086318854,0.0059985272180571115,0.006123687404137205,0.05065002966206521,0.015983657640511715,0.025495862808874958,0.003692218870855868,0.01429264091970136,0.03033133262094149,0.03622684506459764,0.06553980848771208,0.018973310813113736,0.015220034852973185,0.003131528095055868,0.002188371467677508,0.00831558658359831,0.002406152404806302,0.00022042491535725466,0.0002127277442592789,8.892552017071915e-05,0.0003853931627872953,0.0001539138040117634,0.0009776110009624972,0.00018051255024147393,0.00030679552343683197,0.0001639009061890599,0.00011394306535196717,0.00022737752481972215,0.0004633928121364761,0.0002197798869631164,2.791087469879792e-05,0.0005743653594471162,0.0005356949510921064,0.00016082343627203953,0.00030041325294869424,0.00017491578646827136,0.0001888922015496064,0.00033453115726735376,0.0010155217473766243,0.00013138623119364942,0.00021607468583030053,0.0005402014270657673,0.00020451837408399438,0.0001896302080442385,4.728522698282144e-05,2.723796923318231e-05,0.00021338322553615457,0.00041625586527516134,0.00018867805348298634,4.0054669284472766e-05,0.0004302074757557237,0.0003036698373762192
8600,0.00361864826698218,0.003957595299450784,0.006385775122907944,0.0008474767422740115,0.0018889347030162293,0.007011820291934002,0.0007126680032841602,0.012275864955097181,0.020697698333260864,0.006256469561776612,0.03758751729037613,0.01589457948314387,0.0067213163049679924,0.010083368529387482,0.005362691339156727,0.015846734885902453,0.017890511175210122,0.007333825818333728,0.01358634393961568,0.018057636333202634,0.006924419012704255,0.004725841250157308,0.05381141250487417,0.013631176536000567,0.027667236598236264,0.006184311443939805,0.014172036667831333,0.030937710927294877,0.0353881788053139,0.09228230645537898,0.025585964446266492,0.015886259940788686,0.002527652566134118,0.0020671280315497803,0.008278633217236752,0.003507003456499141,0.00021152739935515505,0.0002992247060650367,9.033986174998348e-05,0.00040487257103904994,0.00026639315299380157,0.0011428224042902002,0.0003100495051512553,0.0004037257181871131,0.0002235865320088985,0.00020749529977430418,0.0003631119512376021,0.0013677939603837785,0.0004494520175881164,6.314401393452003e-05,0.000920616148330457,0.0006361594487316324,0.00023230324513860977,0.0004259116000068797,0.0001945915374280644,0.00027457693630078046,0.0004532862200111624,0.00143667929842195,0.00022059194435226144,0.00036958281991526467,0.0010350697210014914,0.0003723341897839614,0.00025833013522195096,6.970955712096986e-05,5.856590360053815e-05,0.0004118519773328444,0.0016261528936800979,0.00028246579226502477,9.334480296274705e-05,0.0006729289725779442,0.0004000172186351847
8700,0.003553866161087786,0.005562143905316824,0.00750134265399538,0.0011172934506108645,0.003329745748395666,0.008162817003072373,0.0013827464265799086,0.012831075884534191,0.031820701501705045,0.009554465977998916,0.05336321703550682,0.017412776852083603,0.004593064527866911,0.01627472041086135,0.008380930287025608,0.021900825115153566,0.021383690895163454,0.014789955299627625,0.010359682030476896,0.024958345896253984,0.008115503224591801,0.00678542299673219,0.059505372487474235,0.014552705490253478,0.037543492807936486,0.0057235113345086575,0.01624392633628656,0.054295782282376116,0.04429042203050545,0.12100686371770515,0.034634141846715163,0.026130931098193217,0.005175313285821386,0.0015880210771155002,0.011569376754373984,0.0044171855061644495,0.00023020874143759627,0.00021673028822988272,0.00011811128926243568,0.00039330870117737504,0.00023023200213251682,0.0013756249700236367,0.0003149898277115426,0.0003405623796616534,0.00016666185142400391,0.00011825288686720472,0.0004292182250202658,0.0006511486253799603,0.0004092884471760797,6.919409257865151e-05,0.0009069450072589601,0.0008192742682998263,0.00027305527473799886,0.0005106059670280808,0.0002638562337810511,0.00033907813733755825,0.000401448679234994,0.002362801439630857,0.0003039932128040669,0.0003614483593852268,0.000797256324828292,0.00041267586523948313,0.000306111056202267,9.125002447576294e-05,6.528730874480162e-05,0.0003914540177536221,0.0009715830684789191,0.0002896518897333892,7.676489474306436e-05,0.0006037352517172117,0.00040446114526275777
8800,0.002377608511803398,0.0033835871996685724,0.005987949960399419,0.0006048297773164589,0.0015681950755169042,0.0038595631808025894,0.000703152785644629,0.014565052060860064,0.019569152150681845,0.004503808926529018,0.04439779611794496,0.01543234346811042,0.005746603086608406,0.010191796386744969,0.0041564324179917626,0.014245090050584016,0.014084851216986343,0.00940411232663849,0.01353624376393522,0.017097014302465442,0.005723518812066266,0.0040156098558717145,0.047749960153208426,0.015386199102795216,0.028343808893594773,0.0034130003303289415,0.0147017615740732,0.03367289826322425,0.0356699479786638,0.10236771120347135,0.020613930323161184,0.01868093259243044,0.003054512536095899,0.001673492221016204,0.010468080299486045,0.004294440539654586,0.00020219908233947966,0.00027076880740589166,0.00010065702123489268,0.0003634257410567443,0.00018178812619700036,0.0008637895953143016,0.00021787184286949923,0.00036668816918743115,0.0001996380332217852,0.00016395631837602716,0.000468381300810219,0.0007352427721372123,0.00032665609199378605,4.287293061431476e-05,0.0008282655605538681,0.0006388154455028902,0.00021845696683158166,0.00048026079672795,0.0002092361260894967,0.0002580118140361843,0.00042449232311018054,0.0009565026548443711,0.00015486214500507836,0.0002427994861276462,0.000810620291546608,0.00033540633247260604,0.00032780213878477634,6.460804913765494e-05,5.4931494054876064e-05,0.0003233722534480273,0.0008135658200834379,0.0002470887037520147,0.00010305381283615134,0.0006067636766739507,0.00041556157302693466
8900,0.004240854433659036,0.005433722378694694,0.006132447500325118,0.0009047547276378072,0.003046568265111816,0.008440227813220449,0.0019366088064059787,0.016448322083805596,0.02695175294935279,0.007682312934775837,0.05093036941971262,0.021607927364631015,0.006689618520657391,0.016000161039163217,0.006458703925497556,0.020353566088791315,0.02054794355249864,0.007974700139808952,0.012003728267570426,0.0178789925990471,0.008984297958900593,0.005685145299139549,0.06268119967387369,0.018477555566156902,0.033519553900987376,0.0036245229188352824,0.01260411215222238,0.0327425830134113,0.038011856600710686,0.09727939807893446,0.02249305114208255,0.021036947990069166,0.003280525566459311,0.0021179809250603536,0.010239238690701313,0.0032663945671629335,0.00027002864738422333,0.0003203266591795413,8.661470339126049e-05,0.0003571605503793762,0.0002508968318531341,0.0011207307788936305,0.00028439571788112515,0.0006562138137508699,0.0002529845590910746,0.00016968277043848243,0.0006179778518248655,0.001055388659310097,0.000355929625490309,5.649692849891091e-05,0.00098093287674601,0.000670800617323645,0.0002230438174592564,0.0005063268107900216,0.00031000796160038466,0.0002464953503766248,0.0005016233950808909,0.002736615517278551,0.00014128710272290037,0.00026676079641429866,0.0007048195118841249,0.00032921023036349025,0.0003019526334187335,9.113749292573466e-05,5.038795724330056e-05,0.000454310653461922,0.00110587083405075,0.0002964401424822339,5.501308294242335e-05,0.000564024724538461,0.0003985733914305456
9000,0.0039918330083900085,0.005417710283331366,0.011468660901300609,0.0008851203126071666,0.002152537937761252,0.0061716274399909055,0.00139123668829979,0.015146033369591368,0.02620230192470341,0.00837603321269853,0.04830533331964326,0.020900391185524333,0.009997781788556356,0.011774714624841705,0.006235684394350221,0.01468155983457109,0.024596692972755546,0.010806678171907669,0.015975899844696478,0.02085372378351167,0.007872607810154128,0.006658907456507482,0.060602413343731315,0.02147017109261166,0.04197332915519216,0.006795383710414171,0.016677666328295374,0.03410747865442924,0.04603866540778921,0.07662832910805704,0.02929186194164989,0.023333223625041474,0.004309875144791966,0.002381233589741981,0.007219390207966272,0.00561771599801172,0.00017254021088918212,0.00019530505828284234,5.831263176212333e-05,0.000218777977352147,0.00017394872374426726,0.0008283034803753253,0.00018974585291289258,0.0006137987339140014,0.00021741751054497925,0.00010482950382798403,0.00041574996223796024,0.00048045206933977624,0.00028992003341233517,4.2208521914620754e-05,0.0008580756982015513,0.0004855018648110369,0.0001261945602891501,0.000444173270064924,0.00021185536971988142,0.0002366109006702159,0.0003120634546136106,0.0010948693234240636,0.00011698379714175644,0.00020226332325574522,0.0004961474839850174,0.00029622947990461514,0.00025795864864145795,4.7275413748024107e-05,4.1619289428732977e-05,0.0001897977980744062,0.0005169837084914823,0.00021349957911121647,8.193353494334588e-05,0.0005315457955544507,0.0003307238024717662
9100,0.003428791400093925,0.005607412435993966,0.006811137136537582,0.000920193829425933,0.0022323497203937614,0.005948082943047796,0.0009786668579768194,0.011833931404444407,0.02014603704069314,0.00596350131672807,0.03332087696769942,0.01452776269523346,0.006752395573791794,0.008519157452224825,0.005433213684891063,0.01283669845724944,0.016404284798010763,0.010366784223750281,0.011355675108331655,0.01645129545630577,0.006424660953304667,0.0062433238667186485,0.04044796710057805,0.014072357946376238,0.02402300396201936,0.005228731781244278,0.014846570469437152,0.024327215845308576,0.0318087316244868,0.085476724062544,0.020228018409300906,0.018245440489128947,0.00274483919978453,0.002398634135610083,0.007885322906885348,0.002469607029330031,0.0001490407209865608,0.00017604356385576963,6.591134814402447e-05,0.0002643589564854665,0.00023754910703101292,0.000943612125411164,0.0002451378340083465,0.0005408722320824285,0.0001625361681075638,0.00015089590101849482,0.0003736933814938662,0.0004222001476392734,0.0002677540822975876,3.826673442249144e-05,0.0008079944593751302,0.0004180068881396437,0.0001713582892989507,0.00040615480333033296,0.00023055580960976057,0.0002254245441277321,0.0003593579624985753,0.0015294319855456706,0.00013099282644033237,0.0002649529937396157,0.000499886809726983,0.0003788554135348198,0.000272958747582716,5.586431131575352e-05,4.694960989581887e-05,0.0002063670074310178,0.0008932603502346735,0.0002429549731129643,7.556992670743057e-05,0.00044650931568339885,0.00027594775729085087
9200,0.003287905629189776,0.004818844793286796,0.007550119703713183,0.0010668595852621366,0.002898700030585397,0.004578258197787883,0.0012354635580836216,0.011234540087125246,0.02375838698562687,0.0074832325262832455,0.0440969959585525,0.013682502688648035,0.006948088846966681,0.014582578757902163,0.007212382489995113,0.015458959436121708,0.021063307238884072,0.00903763693405162,0.015900136487159346,0.016444289098338536,0.008366233494066714,0.0055445936975177445,0.051580978092582275,0.010366853579277328,0.025733484444601114,0.0070372441783547405,0.01825300123093785,0.02765049740022126,0.03504443783244556,0.10266792550054003,0.026676350246416406,0.023126527658650257,0.0019010049554970885,0.002046435339739113,0.012471076941842007,0.0021950311599344525,0.0003038118855472835,0.0003215057753219629,0.00015317955387809528,0.0005156536831236735,0.00022848848949068155,0.0013012529598199762,0.00035853412082360593,0.00046310869516961057,0.00026282782913959204,0.0002808201490292309,0.0005827565104514258,0.0007632986976631173,0.0004051447229765723,0.00014079118864174234,0.0013558823945529115,0.0007470868740711012,0.0003871642533340491,0.0006561538348622128,0.0003153824390806378,0.00035400958296866685,0.0005629437261133364,0.0020880088331978186,0.00019806439931042204,0.00034821955922290305,0.0005401000238634879,0.0005255844063845695,0.0004208141953212261,6.062319147457782e-05,7.170126708741818e-05,0.0002918710067454165,0.0011160510790172598,0.00028087068790869714,0.0001908647379877948,0.0007180900778881291,0.0004679097797634313
9300,0.004170489080344261,0.0050612105244201505,0.010905304622914022,0.0009685386729240865,0.0030746568263106083,0.004407140118668654,0.0015998071816460241,0.013936712513004393,0.025592430073180666,0.005704501505533699,0.04233708901957459,0.01693024251965523,0.007526963388293304,0.01299121394097738,0.006849783992904978,0.018136410881803993,0.023162543524882666,0.010497009451095829,0.011967793809682397,0.021952878815548804,0.007986075367401868,0.008052162009335007,0.041464680725863824,0.01820417156801947,0.03264595442537,0.008632413856685162,0.014180765248790023,0.028472951154981274,0.041717469973681386,0.08756421144836725,0.015544101792232444,0.02393113631898394,0.003351435448061798,0.0025148403408313115,0.008865411681957388,0.0034608912315629175,0.00020885961986263473,0.0002761430845236067,9.410733845612982e-05,0.0005042706538915809,0.0002212444374876252,0.001760141357408429,0.00026746000376078884,0.0005510202031234114,0.0002961964619604068,0.00029809091906664824,0.0005845271420456125,0.000585518529405249,0.00040197940182318644,6.345016365892e-05,0.001041595532055558,0.0006908872794610943,0.00025840616617642807,0.0005330209463195666,0.00035043468063843743,0.00027885938450047183,0.00046533559564141476,0.002867075608264713,0.0001720000737321925,0.0002929098024441583,0.0006464360255752884,0.0005983849511736598,0.00034945698436988297,8.348365746552428e-05,6.627410807090605e-05,0.00032767955787215677,0.000975381881809361,0.0003046125520665643,7.46688021990849e-05,0.0007125246885007378,0.0005174174559215317
9400,0.0026327155404008385,0.0036160187893848933,0.007833560084691271,0.000678513429486954,0.002160855515803287,0.004178860781913889,0.0008321569216531639,0.009349463924402645,0.02297154563412629,0.005422838326921919,0.03375765886646408,0.018380577656212062,0.006106549769438888,0.010918538478466817,0.005837465324785786,0.019464233839244116,0.01739936142604122,0.009175606430589244,0.010961895546643063,0.01761553013231605,0.005728236297062932,0.006011301946013451,0.04549819975315283,0.016427712175694373,0.018949069152262785,0.005040115350857377,0.010617559147043897,0.022433364527993643,0.032106674772084634,0.0753853842693535,0.015379045476826529,0.015278889303422498,0.002190445931380334,0.0014873539921397825,0.007893730446085101,0.0023597801457851475,0.0001321921865478783,0.00026841271921346726,7.584931741058174e-05,0.0003653106624597058,0.00017756053537286402,0.0010704427932068938,0.0002888502877794963,0.00035855153572284556,0.00016276387184820793,0.00015701755159268162,0.0004644720228490067,0.0011216861058329641,0.00032709236569613057,6.074319377479366e-05,0.0008038176917807505,0.0004875014622787906,0.0002953716157207964,0.00046108484672672325,0.000193839161730811,0.0002457093586888897,0.00031988787097889733,0.0014343678813020233,0.00012586670617527793,0.00023989721664922678,0.0004121478360199641,0.0003162434090417489,0.0003029309164301392,4.9199438672895576e-05,6.097620462242048e-05,0.000243254581689982,0.0007621309149336801,0.0002134606429590789,6.572956772288308e-05,0.00048263369477476273,0.00047428567449969705
9500,0.0035400842253521486,0.00478148840570443,0.006997016336147984,0.0006570519669297098,0.002357015612008731,0.004074438577975213,0.001492785105798952,0.014132792662826878,0.02500356816173873,0.005545914304093458,0.05246850172306388,0.013663560267949444,0.004434730838649116,0.012387808447149864,0.0061970149001675,0.01942548847485644,0.01480380889898654,0.009498240837320402,0.007971689988543014,0.020155933527081893,0.006762909263628759,0.005170013736330604,0.05246816030315434,0.0240575338100219,0.025809199016034005,0.0041999831330031155,0.01087931595177525,0.019471574126024887,0.033933630193967154,0.0996988370285591,0.02657308558545386,0.02160037916753656,0.002736183909995851,0.0020363860049381105,0.007405725969874766,0.00404811497855917,0.00019197797415041636,0.00024140665383046408,6.74433789184599e-05,0.0003261521162016834,0.0001941695480253018,0.0009722488975967281,0.0002676660898941918,0.0004872044836175567,0.00019978503485043275,0.00021768090768676173,0.0003721166255688826,0.0018610971256691755,0.00032535005689639766,5.653378601974427e-05,0.0005778459247686932,0.0004822425377521237,0.0001692937730695121,0.00037220074389143537,0.00025672351800714183,0.00024888391974607,0.0003774146436469852,0.001761877560056746,0.00011234603478587562,0.00025147145903387213,0.0004422460840942222,0.0003279574592417253,0.00023537133792901673,7.279419909340308e-05,5.988440554776591e-05,0.00032944491685357914,0.0005235211868109348,0.0002276161790792142,9.183002015333841e-05,0.0004303529960850005,0.0003616844383941498
9600,0.004243899567636372,0.005260770052835277,0.01198682499913654,0.0008817946793827175,0.003885828778188222,0.005306649869973106,0.0013525260161669952,0.017588696070471962,0.025478126835026423,0.008343956542375963,0.05368662462749427,0.02392626341802219,0.010461317830821357,0.0174374953269514,0.00714599137821043,0.017694096464159276,0.031831049796199384,0.01576380279483244,0.021948674889115085,0.025978324568131938,0.013290795778224352,0.006785723429597316,0.07060755806664626,0.02630944743626363,0.036853841059108536,0.009357314184308052,0.016394478300137582,0.038167864576583575,0.061186388305812967,0.11959682676247359,0.03275412763468921,0.02727025282197596,0.0057580391646227394,0.0028835956133640814,0.00806830985756177,0.0060223899632936605,0.0002905254384586442,0.00031508697892687366,9.140388804454748e-05,0.00039434171230823267,0.00019748990053629199,0.0008858918154146522,0.0003811549126112368,0.0005035179898473679,0.00021628454818901923,0.0002198930745245369,0.0004631215774998852,0.000664616608759161,0.0005577977894423886,0.00010210610765749483,0.001069723217698573,0.0004510121583128542,0.00017972024834307377,0.00048415838396717196,0.0002550253224210886,0.0005686594214570174,0.0004389512862686114,0.002684760826468846,0.00015416405422759757,0.00033740463619464067,0.0006091251672235861,0.0004982937973881068,0.00034187248775197077,8.669445118734452e-05,5.675836776693662e-05,0.0003584253303439231,0.000801812722264523,0.0002637336883231734,9.169534058628415e-05,0.0006071787106864714,0.00037669736229872797
9700,0.0032085041822102612,0.004815947091965763,0.00957112608011812,0.0009224964174791239,0.0025579447617100058,0.004387728109057727,0.0014836129140612978,0.012506069055662546,0.023683218162118522,0.004654392319935141,0.042923199519497794,0.01828715538969697,0.008052852734346578,0.015024497713139599,0.005024410509641337,0.015873262474390987,0.01718160764063387,0.010716150801767348,0.009750735031307809,0.024232361181639135,0.00786228681432616,0.007203350141415805,0.05216319073534881,0.024429874638493252,0.025310775091398566,0.007807111227884888,0.013140349295422165,0.022736453468193456,0.04895581647425013,0.10868406938466398,0.023448336574753436,0.022035104979295284,0.003654302021922936,0.0019398329065108218,0.009729653854770327,0.005098623396926476,0.00019295142996461916,0.0002329678588714821,9.521659869432074e-05,0.00031770344583037513,0.00024729185572305916,0.0008403225401707459,0.0003635182226389588,0.0005127152968558029,0.00017883038024018262,0.0002111183628975206,0.0004448075197583341,0.0004462937156972657,0.000321484306149269,5.173540524662133e-05,0.0010010860036415508,0.00043304674439544516,0.000193403841512918,0.0004111484640445121,0.000277938058921979,0.00020531553768292227,0.00041417133408725034,0.0016321944012815948,0.0001353293707621914,0.00023529046770468434,0.0004510229588049697,0.0003741893967371261,0.00024117735180576952,7.58119452560398e-05,4.9669981914727636e-05,0.0003376771555259119,0.0006142039029717645,0.0002725712887981459,5.639456833250733e-05,0.0005849007664116524,0.0005697391046851408
9800,0.004982135973821985,0.00734579475074834,0.008821832753407458,0.0009876597896576501,0.0037583832878065352,0.006027719149382652,0.0017935862611745007,0.013370799291057183,0.02007278927072847,0.006605243142985273,0.04163334063321846,0.012047197528642885,0.008012790452498435,0.013023708333838096,0.007315310747456833,0.0188566101375424,0.017032702210556073,0.01355802596810486,0.012294134732136237,0.020985229847719892,0.007689852994155024,0.007431604251126244,0.04753191359418755,0.019636737590917618,0.028103869705990377,0.007640744186937809,0.013977404572459261,0.03005101654950219,0.03699557420263505,0.08668908874988707,0.018595388767619927,0.017159444799360175,0.0047384263277325984,0.003196410479367207,0.009699794254427414,0.0037182862414348555,0.00017374075581468978,0.00020932805554449178,8.438595252399349e-05,0.00025187787832692266,0.00020183215901803858,0.0016178943233171594,0.00024215472121795755,0.0004989772963821643,0.00022037143020210543,0.0001674351064610034,0.00046326248638363545,0.00033199895527502576,0.0003525711936065128,5.92311787179576e-05,0.0008088008327551787,0.0004364799762394493,0.0001979156855668407,0.00040200612697009665,0.0002101049994335285,0.00022100996214000836,0.0003410556539693648,0.0006423958275263431,0.00016730079975009934,0.0002701503634713075,0.0004884398187035307,0.00033053719890161913,0.00024896808678965534,4.519834892808167e-05,5.936296333351897e-05,0.00024863153108030514,0.0009645836791085978,0.00027150381468972695,6.589049780814094e-05,0.00046031583158520417,0.00035986740331281906
9900,0.004710369362107264,0.00592734172608255,0.01118203648366034,0.0009316526423040509,0.0029056598387232724,0.005613677150644695,0.0015250771103608477,0.012717096983025982,0.02093186223536105,0.0065477104362798855,0.03522905625329629,0.01994606473428056,0.009268148168992026,0.013721271661007919,0.008254791065187686,0.019742430296901148,0.018981250976572654,0.013199258600125868,0.012932473947460364,0.02321611131968287,0.00949612282392991,0.007895708019922105,0.0444535135369127,0.0200603164996816,0.023230828787038464,0.004809754202142358,0.019549755676757007,0.030010381238146994,0.04543817392071051,0.07051841130117781,0.018637285000101353,0.015179552350533553,0.005250550527482399,0.0028477163662522123,0.008040853547249248,0.003284758975204178,0.00019098952634521993,0.00026491601403739134,7.05658054187782e-05,0.0003597343230694605,0.0002798084072339329,0.0010656501872290391,0.00036343193046377563,0.00044912652811035514,0.00025371468560287644,0.00018710221258970704,0.0004937379630734396,0.0003775917477355506,0.0003765550802654616,5.3957710158349734e-05,0.0008946909365896808,0.0004559517932041975,0.00018375663312326652,0.00040658004416734315,0.00024337802758587902,0.00018394335579201155,0.00046417950231629495,0.0008737094585740124,0.00016752552846178837,0.0003071444386408145,0.0008307579724108412,0.0003245122930815909,0.0002702642396225538,0.00010517917804168678,5.772624535893556e-05,0.0003542812612374894,0.0007521761539724789,0.0002988087726508536,7.4263141755182e-05,0.0005533659508071024,0.00040409833454759794
10000,0.0045282210245401276,0.0076503051720835545,0.01702492164137463,0.0012760711975995666,0.003617458517775175,0.0071559672027693266,0.0012479308934416622,0.02205042130891325,0.032514533205392555,0.009274128038669005,0.06687875637241329,0.02231036718212079,0.01007535175780173,0.01964112311907229,0.008698295503221315,0.02574888977687806,0.031241671330159686,0.009561806350586866,0.015776624865663638,0.028015365651032575,0.011051100932616884,0.007903294160054688,0.04895141148474067,0.02210496215702733,0.048184198585485796,0.006974086444824934,0.02833328576549144,0.03050821493404025,0.04309438939072767,0.13100816140274307,0.032696909316970654,0.027191323212509114,0.0035258055782885723,0.0022402832738555654,0.014992974759176528,0.004810088824082673,0.0002797391622439854,0.00024977195128237577,9.043073060934422e-05,0.0004411180242414048,0.00028365217910765965,0.0013645502513099927,0.000484501335040477,0.0005340392702859582,0.0002674099638122578,0.0002559752074392106,0.0005122069111453847,0.0013543227493002519,0.0003197866577654073,7.146322906754159e-05,0.0013606904947594627,0.0005049904775660252,0.0002658726665686117,0.0006113523100533971,0.0003021541891437915,0.00025201002154062735,0.0004196158364016634,0.0016616473640169716,0.00020201381491347092,0.00034182837539097256,0.0006501031735751895,0.00047083682049990893,0.00045162243232307783,6.871988395343235e-05,7.085220527692905e-05,0.00040255376499370363,0.000487304765036762,0.0003437301495363125,7.733171332802158e-05,0.0006921704674242705,0.0006356063102430198
10100,0.003940227675991844,0.006234393917515667,0.008299090395060679,0.0010187274724907742,0.0029587952070685305,0.0066186639305669814,0.001195388087346087,0.011976566640192223,0.017958839364641616,0.005050263680459466,0.04281239331064654,0.013230505537463539,0.004535230755484945,0.012110416240554487,0.00568838661428719,0.018479904560081195,0.024550940020292598,0.010889763385720574,0.008150032889846313,0.02296104158973321,0.006960551504478364,0.005950533805194677,0.04306059583788738,0.016678221006683695,0.021988294814715148,0.0037305773235857486,0.010951751911864361,0.02403393804100536,0.028595784699427897,0.09158626884210765,0.025761934997475085,0.01820801651159015,0.004380067967006723,0.0018743034271570059,0.010861766921556814,0.0018032415913954278,0.00016698155636013805,0.00018901817152668215,4.410345744248164e-05,0.00018988549800269539,0.00016935313807452793,0.0006879383972773212,0.00025049755486179494,0.0003696920896465216,0.00017465341039783915,0.0001486564900216893,0.0004387820337494001,0.0006060911237284472,0.00023569560397030225,3.840315563055893e-05,0.0008428950666432054,0.0004263938684137732,0.00013262124866741942,0.00040490417706344175,0.0002697674727673514,0.00013592178178937914,0.0002729857748417216,0.0005459327257995028,0.00010749731449285112,0.00020291637707277216,0.0003557743831455203,0.0003061316475476551,0.00025090466915908446,4.8799708366942955e-05,4.354543084951324e-05,0.00019334924494520333,0.0006426686743777411,0.0002455495266522047,3.1091419458562086e-05,0.00044788625851621314,0.00036522133232210765
10200,0.003029541222801797,0.0040070586773152984,0.005580237993854098,0.0006148226143033334,0.0019148371171882623,0.006129431455130023,0.0011522679749525137,0.009320156752901133,0.017085194921710813,0.0043946443729510065,0.037424917984969434,0.012795271161830525,0.0033695552988457634,0.012015919061620176,0.004874050983155886,0.022642764262855053,0.012660891953038074,0.009489682323448182,0.006763114672919203,0.0196182257301795,0.0054346687310708845,0.00655211672736706,0.03241643778048456,0.0158317078705295,0.020126662251958992,0.004166808212175965,0.008583370874710512,0.016140967891260516,0.027509921410819517,0.08287431843857648,0.02666635834146291,0.02073114121706637,0.002803821470676072,0.0016976240184555726,0.008242358421234207,0.002296273411632553,0.00014640596655705226,0.00016420098175083032,3.4498066412767464e-05,0.00013992094812920186,0.00014933975287379888,0.0005496407829923555,0.0002020116502080782,0.0002682411918852411,0.00012711910903817625,0.00010602344249751435,0.0002834801432806687,0.000727783413879024,0.00017203574267811965,3.3259404228209114e-05,0.0006458091296106151,0.00045086089524678147,0.00010464477527420968,0.0002490958093923317,0.00011904584579465806,0.00011446327632504769,0.0002168026074736757,0.0008686866904099588,8.508382533041943e-05,0.00017473497236306475,0.00041395921537817535,0.00022493040964591469,0.00016389928222687795,3.510151062786266e-05,2.359743171432961e-05,0.00017685144041331718,0.0005220324474066729,0.0001791594013787568,3.114918769142605e-05,0.0002960700129802381,0.00023787854206602788
10300,0.002846267189778627,0.005304962981932072,0.009011376668543866,0.0008884951097290748,0.0026323152006982498,0.005764865798742643,0.0015324015621445142,0.014673054301038421,0.022592052453915188,0.010123709420440719,0.06648815683675585,0.02064645638581299,0.005863074395826764,0.017682212403142883,0.008684203609471511,0.01916996836856318,0.024835021429767255,0.016315788932106327,0.014499751668024276,0.026846733196483303,0.009557163737106468,0.005400824493595532,0.0767440001371627,0.016091196872487976,0.03620992018252201,0.005201875977218151,0.01795320388825325,0.02721987007074252,0.05324120479053818,0.1385705959396399,0.03733316506957635,0.0301450870375937,0.0024867450172791905,0.0021683847519662503,0.009902818810789742,0.005492517756335603,0.00024443855293037285,0.00023557504408183212,7.217481893951709e-05,0.00023433377680248668,0.0002479608374608475,0.001173201506389887,0.00037007416544838635,0.00037677901979661426,0.00022127848279572055,0.00028352266659957033,0.00035629731233680024,0.0005951392146528178,0.0004121281046913094,6.707620443855625e-05,0.0009793742757700295,0.00042914170398944407,0.00020808997069252655,0.0003119582426957002,0.00029096522440999375,0.00028005413192162945,0.00034645055220803493,0.0018701540348047274,0.00012361247550213901,0.0002663308894835399,0.0007186949495614196,0.0003082613868627959,0.00020621699395970036,9.476969589454425e-05,5.512525947576958e-05,0.00029954659707569095,0.00105606315784306,0.00035495511098537053,6.750390707566112e-05,0.0004875906480807897,0.00037531785637838765
10400,0.004197483325893896,0.0076746365963050196,0.011151424405397847,0.0009486242163872633,0.003057357425675462,0.006025446233772007,0.001846086557751762,0.012945054623403349,0.025928741994224007,0.008284030802315101,0.05347415875143337,0.01842457080546206,0.006192587321768797,0.01813658292865677,0.0073939939694622914,0.02152405028755311,0.03090256715499674,0.027200108030413075,0.014262065742514096,0.028073043576053655,0.011183501798292967,0.010976088710906749,0.058676187372766433,0.021540318836196094,0.03656366922257889,0.01288178637623787,0.017220557706746003,0.04411780730636868,0.0489039931593545,0.11750025592505887,0.02627247876293647,0.022566946205468133,0.0028061529988139436,0.0033569219091543006,0.011610259458797777,0.0040386592386961895,0.0002503678916749969,0.00032608253373341125,5.763146325616946e-05,0.00029615490757350926,0.0003132715423768612,0.001367951150314184,0.0003049312377243041,0.00048077207180827636,0.00015892950596983275,0.00018144340661235348,0.0003951965092726408,0.0009185780772540397,0.0005258780577542925,5.117452734669893e-05,0.0012571930863049812,0.0005404053393552507,0.00015536270366283133,0.000485313857190741,0.0002646218849333999,0.0003480829593007167,0.0003931377812145373,0.0006648763392149704,0.00015376869428804539,0.0002843643310440642,0.001256768233361072,0.0003579933511323899,0.0003919248942683798,8.524696417028994e-05,7.245980689023984e-05,0.0004214137387118006,0.001358560497984789,0.00035366914999801133,5.8121824963563995e-05,0.0006258502642044693,0.00035043374118686187
10500,0.003558533802739426,0.00570876649861155,0.009381288381215805,0.0007491967731766636,0.0021821333837671107,0.005023143553574171,0.0018472334588530489,0.013113370921357772,0.01768356565031653,0.009798501014302019,0.04633180647269236,0.01916347268658627,0.0059973837368571285,0.012068994923924258,0.005716953487974345,0.015436204033903778,0.021098087406634086,0.017149965993874364,0.010293858932397728,0.021631541623501106,0.00880581004522845,0.007476204112988073,0.06451822696564098,0.017539284494220434,0.0343930633160718,0.005564512312412262,0.015878531452002673,0.027955611856062507,0.03807839768192293,0.10270684952070776,0.024980470297159628,0.02639458155093822,0.0031964440920721525,0.002545048624005028,0.009882960943893218,0.003081111306593292,0.00016666408614104226,0.0002959033458451317,5.108866447293819e-05,0.0002986349530260668,0.0002621379574646469,0.0010680733921617502,0.00024160186794688343,0.0004605094644782519,0.00015928539237153783,0.00015735345805621494,0.00043084655039580725,0.0009443781030853415,0.00031648382175795823,4.323930203430461e-05,0.0010798727575302809,0.0005136699992362992,0.0001508480796474032,0.00040265485721629004,0.0002474139265390916,0.0003781449012504626,0.0003993702154916083,0.0007646778376511065,0.0001643344457420426,0.0002453900749200189,0.0007295216886025931,0.00036295024371748273,0.00031273740796677885,6.464755857688271e-05,5.850403714349442e-05,0.0002865681267866858,0.0009825631521899986,0.0002614021069575756,6.719257567056047e-05,0.0005335527236921666,0.00033508171218272765
10600,0.0036096765938595666,0.004832083911255554,0.009740512769591684,0.0009048392710050953,0.002387882918983335,0.007189410842589236,0.0014119244734766038,0.014663656070707458,0.017676415398593142,0.00858005675036111,0.04673499329429534,0.016109786896146144,0.004644821370620224,0.010487150756737472,0.006234743673399755,0.01802695513955162,0.019276039893849798,0.01384518475049246,0.009861713907282268,0.02026280031966356,0.007958684181427927,0.007413773394676225,0.043137895921245215,0.02382805318751101,0.02670895431081243,0.005457164533436298,0.012656645444123217,0.03186381588481405,0.03339588036178611,0.0945066928961164,0.023763301494376114,0.026450831408370644,0.0023646074900336945,0.0022204275937415226,0.011849215460339716,0.0032643071023942738,0.00020316140741047812,0.00020057070849526843,5.5690561076374594e-05,0.00041112692849765153,0.0002571228599643949,0.000668065738864243,0.00034161622970714235,0.00043018125468638333,0.00023429445691841753,0.0001974052969899276,0.0005529124391694239,0.0008284702634284713,0.0002811415443547644,7.168422168681651e-05,0.0009707753699121195,0.0008481752001898712,0.0001336259878371493,0.00039206425196184404,0.000281194359370696,0.00032186019879273687,0.00039506916730334203,0.0005373283775043092,0.00012775604676246784,0.0002095000118410658,0.0005406443792404995,0.00032125245499667484,0.00028723082921176146,7.50863600309835e-05,4.123461379397971e-05,0.0002677710170234616,0.0008382593698895237,0.00025075242580251437,9.069304019249103e-05,0.0004690827309718197,0.000395964197741705
10700,0.003920271021244745,0.006630745714237155,0.012481394078349695,0.0008535149705074638,0.0036848249133820702,0.010763402246604008,0.0021619084782874016,0.01446943241200072,0.03045134080070678,0.006881311070173979,0.06356888132911452,0.024712028143656018,0.006479752417142277,0.01629149693083794,0.008794166093396009,0.02714265576408555,0.02512865213100754,0.013917561713311396,0.014320926129585132,0.022471082228391122,0.007931295048981086,0.010172356656507222,0.057859491476168236,0.020613762421514064,0.0357953659995618,0.0117877047508955,0.01500485028945179,0.03934520803522901,0.04445072415538187,0.11965267337678422,0.032362876653205606,0.03798374019970652,0.003176102611073125,0.0029722626911893183,0.010631654709060159,0.003238042858876205,0.00030321436795594837,0.0002261170517489187,8.102386742525212e-05,0.0004548409546032417,0.00026970333488677965,0.000999353478619014,0.0003421695591896423,0.0005721982455916555,0.0002978792860391734,0.0003103860561200885,0.0006877025939741687,0.001656549646838812,0.0004339797170704797,6.979081771615628e-05,0.0012103841774625415,0.0005563102313317358,0.0001626045039301971,0.00049815700534667,0.00030261423928785574,0.0006685464436486654,0.00046540070263134073,0.0017889707087306306,0.0001972498775191727,0.00027431399461980057,0.0007003156361558165,0.0005248563551288899,0.00044223544943667583,0.0001572779248699016,4.268552654846442e-05,0.0003228231867601076,0.0012842084317006603,0.0003353181612037441,0.0001222798148887705,0.0005951674275407839,0.0004481962710997323
10800,0.0037127327558590805,0.00726516707153577,0.009167141436288754,0.0006617902261635978,0.0024683197375970503,0.00387026383707832,0.0012853678438278298,0.011544520116990944,0.02987225508944373,0.007753840756777208,0.06346243991657378,0.027533573007456985,0.005243336508680262,0.019023357240560774,0.010275751930235213,0.021139262050079804,0.027497924375417086,0.020007025593408397,0.010531806482634107,0.024874306628868605,0.007119483493387144,0.007344765769370757,0.05751607601220409,0.01738908295907701,0.034517216004176246,0.008772078063338995,0.019266844805080778,0.04636030724213924,0.04561979432319811,0.12442706737273247,0.03174517124794268,0.029239156781561457,0.0031398326339714144,0.0023639748984816493,0.011340878386464383,0.00335423260756735,0.00017303073283121768,0.00015157208789870228,4.1695513787035235e-05,0.0002742848172943013,0.00022646978516391718,0.0006055253452359466,0.000174807169878477,0.00047515955156995915,0.00018279074408239564,0.00019643540621245849,0.0004355059896752528,0.0007776896421916035,0.00021936591555270847,4.6953614566353444e-05,0.0006554763033259055,0.00029474541755310685,9.561915867379866e-05,0.00025595968033986555,0.00013758805662605325,0.00012770659751285248,0.00023279681699345782,0.0003948871308239177,9.135122318247745e-05,0.00013486558618226878,0.0003130487450713796,0.00024891295616745544,0.0001623040406549855,4.5944951090597635e-05,2.8503287416646748e-05,0.00021600500928219515,0.0005119324747023971,0.00020706451170994915,6.515298935028113e-05,0.0003492948640507334,0.00029906586605648043
10900,0.00541084324435655,0.007678532167725886,0.013588968412174532,0.0008225783857666941,0.003226989354124835,0.006170455291534641,0.0016246398513870982,0.014215823974261773,0.031277279485764184,0.007691659677220741,0.055132397215160896,0.028980611695650232,0.00850226020415765,0.015702583397907085,0.008810222556027892,0.02657030725580019,0.026973922763967755,0.017162684038063345,0.016295592462743765,0.02575947447330691,0.009809011649464922,0.008363871417324325,0.053266692271766565,0.019111514378892025,0.03386441083213348,0.007347174501046538,0.020095793194242664,0.028468916066534195,0.04092081819989664,0.10801370706148221,0.029493252201937138,0.032988603779813275,0.003105430729898619,0.002798619542117258,0.011287842410739459,0.00324853756891181,0.00024578597138937957,0.00026442853488168277,9.088248961540875e-05,0.0003215779556171583,0.0003462293433551864,0.001179741460873629,0.0002912165150519286,0.00037628195404019945,0.00022549562133798118,0.00037444136548206837,0.0003931917166754143,0.000868382285219127,0.0002587632731739365,3.2113185418645365e-05,0.0011919316434159555,0.00043536096048531664,0.000166023555357242,0.0003381560952072263,0.00026933972762419907,0.00030732965205970686,0.00046161682772063973,0.0007953316544444533,0.00015647690297902904,0.00023534684209712745,0.0005347699698783497,0.0003381452353152625,0.00026951826046368095,5.796086072411715e-05,4.9741737711883616e-05,0.0003164939159267471,0.001078543862344564,0.0003454541204751921,6.0930123709113104e-05,0.0005456347153391229,0.0004934918926664978
11000,0.0030949575534700794,0.004188651491724023,0.010871906735701486,0.0007887161178027432,0.0022243359408669595,0.00713432692490252,0.0017023571860678907,0.01528414053666661,0.021559205651504307,0.007000071469519753,0.05092221100844822,0.024606856190632465,0.008287565393733199,0.016584870078077074,0.007870665852191023,0.022458890534229187,0.03139234308833866,0.014167976844908458,0.015514979962193007,0.02226111218216829,0.01016984324999682,0.006193053238218583,0.05907340023977061,0.013017486032185843,0.03912289154865744,0.005101944552734494,0.022424957579548186,0.023157834350665023,0.030333132890176355,0.09671464967757329,0.021445207234743673,0.027094678042116217,0.0029218344540971396,0.002197871157265983,0.011963176978396304,0.004237483466957721,0.0001936835337561972,0.00020080471478484634,6.284182612456657e-05,0.00037545407485595206,0.0003081213972593027,0.0006561765785590978,0.0003903849097696366,0.000545243584335702,0.0002619720578303187,0.00023018420986643053,0.0004387541893297646,0.000678264064532641,0.00027860310734891317,7.418112702659776e-05,0.0009422019098495254,0.0006987770901408415,0.0001827218682592502,0.0004764569912367733,0.000231052137427594,0.0001882235995832492,0.00046984848612277916,0.0010528620605327887,8.109881627168154e-05,0.00023942875948075828,0.0011423161677763952,0.0003781173400961619,0.0003248662058097209,5.403209411679609e-05,5.749021723507516e-05,0.0003762937833087492,0.0008633825551182131,0.0002816690198378344,0.00011581671162730345,0.0005374487603248093,0.0004939433747495059
11100,0.0028822804799002936,0.003414459496357099,0.0068605682463385165,0.0005125042864305075,0.0019720104666265787,0.0051129489979108,0.001188387704778213,0.010524241571593117,0.019984653754317485,0.004650899780244799,0.0502806260404292,0.018874547123250894,0.0031896441556234618,0.011738497287958373,0.005651211738072829,0.019671720588424552,0.01268148687571132,0.010104654133216703,0.0050456409350902376,0.017191093298994625,0.004802368135222843,0.005303467370270353,0.043330454527555656,0.013188606670397954,0.021775673716518444,0.0036990030203014612,0.012157269788487258,0.018049627128978802,0.023736121919800474,0.07793358399313517,0.026688025141290077,0.023938377768410228,0.001877741821667419,0.0018540340933277336,0.006492675033061662,0.0018013474806528912,0.00013143656018368537,0.00015345409470186993,5.2981211254803615e-05,0.00028559959469021123,0.00021780328084942277,0.0008941805026552174,0.00028562645211422933,0.0002726189829301898,0.0001486374764250573,0.0001745359832966642,0.00028949733550370294,0.0006327610348932922,0.00017299870716928564,4.6105972036126665e-05,0.0009331206360632048,0.00047913901547265897,0.000122900939459214,0.0004481950240451439,0.0001913765430611514,0.00019596832564936696,0.0003053358849810852,0.0007537056681030663,0.00011684474943902185,0.0001650472404260374,0.00033139310107799247,0.0002753655681168331,0.0002550102891560797,5.479937782830995e-05,4.7450071684175375e-05,0.00028847389588115114,0.0005564303597306466,0.00023963809710384368,8.436401481048961e-05,0.0004101054310853551,0.0003491032992315013
11200,0.0030160468701266123,0.0031378820308923926,0.007240881202354406,0.000710184187748662,0.001643550485846678,0.005876820201852492,0.0012257455912350129,0.011669306810682767,0.01926103120675617,0.0040552073769504204,0.04199329675692651,0.014366630702077563,0.0060287815583499405,0.010629715460791804,0.005247018608005259,0.02101491944146498,0.014982820557287639,0.010060324383526746,0.007840002431683908,0.01584964127279818,0.005724342066283638,0.003836952707258336,0.03640269098260129,0.01069828922530481,0.028202784073997348,0.004116445221006871,0.01902102949222148,0.02471436890724969,0.0253193970220095,0.08643614065740915,0.020031086118736614,0.024937778514308426,0.0019816872954528174,0.0019254021133028167,0.005628989925551448,0.00299868722562938,0.0001947193993601104,0.0002118451272756581,5.024777190183487e-05,0.0004470641231364425,0.0002015784758039909,0.000907607827684842,0.00033076668369176333,0.0004131753080161472,0.00019700041495142567,0.00017227798867419812,0.0005275398144364947,0.0012450021553433999,0.0002616130694146422,4.8543577205154264e-05,0.0010640602481124426,0.000907971982996969,0.00014962951026973315,0.0005347474160567354,0.00030877103607304765,0.00026709084506199525,0.00039842534269771406,0.0008438202048637322,0.00013884500130087772,0.00028403808489131806,0.0005812091695891771,0.00034837836624784134,0.00034203841153578616,4.983680364111442e-05,6.915641905733437e-05,0.0003135104710514946,0.0005433951950440782,0.0003480697276313182,0.00010173731641316408,0.0004696553062961609,0.0003869601172482362
11300,0.003601587230396281,0.005259496684798419,0.011175190913490951,0.0007892478207745276,0.0021725164351894966,0.00562068961361157,0.0016082395122500584,0.01281010183418973,0.01864889791401846,0.007513998403737787,0.05689583009361853,0.022903176486950692,0.006222318567751879,0.016849349631670382,0.005832359016023796,0.01718199733295478,0.02259875112109252,0.029894504572531573,0.013367241082180823,0.02586747590568848,0.008707725963120957,0.009312843899741503,0.05221847254394864,0.014621610949203993,0.027456941964965877,0.0057264006230980154,0.020268948410727804,0.04860945110946583,0.06004881931037423,0.09787054833530771,0.029422884807378674,0.02744192714229799,0.00498865785710205,0.0030428770351559357,0.008607410652378652,0.002519451434376866,0.00023229039188184911,0.00030668815204328644,7.9408715935708e-05,0.0003420714973572103,0.0002990407609955737,0.002103979539242573,0.00041650383045634955,0.0005572798353999755,0.00022965807151386367,0.00016389215537791253,0.0005351190104767355,0.0018837741121870977,0.00034385911939791876,5.3282583518342683e-05,0.0012355516993920901,0.0005849234785273438,0.00025222638359991836,0.00046757216912329585,0.0003627661073300385,0.0002615589907112404,0.00037462865561450285,0.0006093755418987712,0.0001671168265854956,0.0003714367429053639,0.0007701956434175372,0.00036879759796227185,0.00030899302082279637,6.293330220778607e-05,8.015223405285117e-05,0.00043121936290514316,0.0015810691423082193,0.000366623757740157,8.353290877494146e-05,0.0005322795978376418,0.0004680889625888085
11400,0.003850968532689778,0.005117378020831557,0.014013338989267746,0.0006897783119851598,0.002714458451401133,0.005957351648248732,0.0012282995634919761,0.018437746545875117,0.02738059128401064,0.009015375242597656,0.05600616796643554,0.017915915789727684,0.005708545949980335,0.02205861244830444,0.00816646523791646,0.02138313181058038,0.037883033122246466,0.016133705942811962,0.012069903981422872,0.02982427854090929,0.008748698434367095,0.008502489242476128,0.05477553898779054,0.015268867975100875,0.03843271034727675,0.006448694691061974,0.022392210065229467,0.03404884238868059,0.04255935868303127,0.10750874036274317,0.0297377747669816,0.031303358756793805,0.0036217203970111836,0.0029654861382157325,0.01667277620638035,0.00511087202059051,0.0002083260504054794,0.00023885150221758522,5.813126625684798e-05,0.0002692930779630842,0.00019791875079716462,0.0007836881941329921,0.0002924614770563494,0.0007216646537065236,0.0001762516117100619,0.00020990841873559215,0.00046048811956305206,0.0008555370249467842,0.00024444043173514667,4.1343145023182096e-05,0.000852033965496118,0.0007388804497168167,0.00011992912732239347,0.00035520577501079153,0.00031925555770706933,0.000258990300856319,0.00033407389913409915,0.0006253331771404191,0.0001330489619135733,0.0001904341551660484,0.0005789941157369564,0.00027584157524009935,0.00027480284986975475,5.753085733804173e-05,6.0493080430508904e-05,0.00032116559111284904,0.0009910303992260846,0.0003013785858896764,4.904677695094506e-05,0.000385192326659705,0.0004203234624583274
11500,0.003621488051902742,0.00485078932898533,0.010085740813034741,0.00068264559572876,0.0019808322508249113,0.005065769256491747,0.0014088948525069658,0.015563908046198205,0.01923059124523137,0.007591127210616833,0.05274762113271051,0.01762576412938313,0.005623522168289955,0.014748051524568864,0.004964002167295856,0.016231186455115676,0.017043954517811516,0.016665446772416936,0.00896944768776718,0.023403713393296735,0.01052383451022671,0.005266506188880677,0.04891852060953776,0.01728547001160526,0.031067439167744605,0.004017043020576238,0.015738609935778507,0.02609758589278499,0.05198551916058504,0.10402079424473472,0.0284964098505831,0.026657620077737823,0.0029240918877523935,0.0026966198576786177,0.012100779149881823,0.0020267216739609595,0.00024238145031057158,0.0002599829189090418,8.835778125519783e-05,0.00041236027755076066,0.00025068222055566326,0.0011139721746076248,0.000316632407339057,0.0004196980705608822,0.0002164980960180018,0.00024256101074960108,0.0003405959675881987,0.0006353936624634571,0.0002588465380901245,5.9353509641368873e-05,0.0011098893802157434,0.0005520685526789748,0.00020345284865470604,0.00039875529776564893,0.00028493273572982207,0.0002102561877770561,0.00038765444802383204,0.0008251895178545965,0.0001396697103801772,0.00026224430110652553,0.00047858800850614593,0.000346184419695859,0.0002817235556196667,4.991379900652114e-05,5.812335196727266e-05,0.0001784730852823368,0.0007191150652943179,0.0002802109548810911,8.274057668700152e-05,0.0005986907411881032,0.0004341989340900909
11600,0.003744837917160161,0.00497390985751904,0.011065254143128792,0.0007637938288098667,0.0022485544458838457,0.0069333585478099325,0.001534920834303428,0.017107134345375623,0.022903904271838138,0.008329815696924925,0.06494486835435964,0.02108560407971393,0.007222510098169248,0.013717567639766705,0.007051405686605208,0.02246147104112121,0.02650398358361729,0.012376987802850589,0.01316772963452552,0.02568840841917942,0.009898260734175542,0.007732771428761355,0.04649639040386925,0.02427228133456083,0.03721709901918306,0.0054422975052148105,0.021783992895741962,0.02096098385300138,0.04847080439692089,0.10919206449668103,0.04067276506063839,0.03319627497470579,0.0031257213073558887,0.0032916997559707026,0.0062821106633540085,0.0030714505281009353,0.00046424001065085914,0.00027897493782802485,9.038067308934096e-05,0.0003961185985872362,0.00030353331374286386,0.0011765503932110732,0.00037458611022884726,0.0006475400962364418,0.0002719814014486282,0.00032075396375798196,0.0005004310379311056,0.0019772752569195973,0.0003216877575737428,6.045740776078839e-05,0.0009673278177580449,0.0010128539239910121,0.0001805250678444281,0.0004245699170979253,0.0002751777807008756,0.00023846045910018304,0.000499432863537266,0.0007055428095554817,0.00014820151100833654,0.0002576058525916708,0.0011917749236696788,0.0004238098271067644,0.00028437133941797247,6.838732486620109e-05,6.956095381206574e-05,0.0006382285733093045,0.0007216713716583659,0.00026797976913886973,9.865870367775642e-05,0.0006051826656693563,0.0004235215877997689
11700,0.0027209854755759857,0.00498759208615714,0.007683951373716506,0.0006286721305654142,0.0013383861192156888,0.002966351742673266,0.0016033871502112297,0.013233141770743875,0.01734554569481554,0.007373560481937602,0.04743442877862648,0.01682416791262934,0.005379914897000135,0.015648547599443136,0.005932306639057488,0.014356658740628822,0.018326503399813582,0.011090250184046269,0.009793864721099712,0.016863745835920176,0.0064468593956077645,0.004438231808178118,0.05093077554755534,0.016297646826812222,0.02907884176146047,0.00395166426897049,0.017432903297195743,0.01901917557552224,0.0355648056104067,0.10932623459889475,0.02217839358219256,0.023435973696625576,0.003095196369293682,0.0026410172388348784,0.004136611519546325,0.003245636637854789,0.00029002123211572134,0.0002815893785736989,9.226925454553215e-05,0.0003321423220086217,0.000222207656426032,0.0011059833705076016,0.00034094646525772987,0.00044348835227107263,0.00018962767751777153,0.0001519593367212175,0.00038382291083045156,0.0008458345768929121,0.000302405393422932,5.370331531263549e-05,0.0008491858568084773,0.00047964826656728593,0.00018269791362399702,0.0003625208551892108,0.00020319923928111856,0.00018135884023319125,0.0003613821390313059,0.00045632416231455863,0.00017686661892134402,0.00024245387195640853,0.0007068596204286829,0.00037493692026703595,0.00031964427605796826,5.6451034811903515e-05,9.252598283637781e-05,0.00027755341197208307,0.0009009393756319436,0.000235987961931891,7.840334296815854e-05,0.0005042934914678629,0.0003082455406911322
11800,0.002638706609129283,0.0041266831216893885,0.00793356849559738,0.0005998331856972072,0.0022824134989777914,0.0032751170552468727,0.0011202308087963648,0.013878288194902387,0.013263951805037082,0.007836058141037938,0.054433472226028914,0.016243681054276045,0.007210221947664677,0.013728360724075394,0.004515471741679529,0.009541705876472406,0.020954815314672443,0.009898790872112047,0.013035143721416327,0.015899792797475432,0.007122209984894513,0.005940939721637862,0.06011950628831983,0.01585671589273261,0.030290883552446586,0.005917843244969845,0.01627110914846379,0.020421093701467424,0.0435813375570647,0.11364815289280453,0.02089313310648625,0.02038039331539319,0.0024515520415381896,0.002356469743168672,0.0038686315917099514,0.001685040931144093,0.0002661409655980893,0.00024283249959725336,7.132028953634859e-05,0.0003675569605547935,0.00027133843677608853,0.001044323609676212,0.0004717160489235539,0.00043423434449084056,0.0001765299182520003,0.00020176975753137023,0.00040857581733003476,0.001150806192924847,0.00021269401285563022,7.311924595011409e-05,0.0008174119054903992,0.0006878766550168317,0.000152654010526021,0.00039462851407511245,0.00019424460665975167,0.0002552103211531754,0.00038218269780558605,0.00040850203458830947,0.00015934499121309878,0.00019583967228894696,0.000771383155855195,0.00031752687815359454,0.00027530073964077964,5.1194041320700264e-05,6.68440348413747e-05,0.00039133981427566343,0.0004953752213623375,0.00022180271196064848,7.933105030133447e-05,0.0005071954118258353,0.0003789811356909922
11900,0.002841027276116546,0.0037794050591333805,0.006290668442185658,0.0005791815593301391,0.001732766175037692,0.003232365590520203,0.0011825978107657237,0.007863097340519102,0.019276840342529255,0.00544239144801395,0.03313724322957389,0.01056685906839949,0.005333737874576455,0.013734439071523604,0.005208284757356844,0.0151717435583123,0.015716858402551485,0.009489559443576167,0.010366578467905388,0.01915293852662823,0.004946571791193632,0.005211486967449933,0.040607914896681904,0.013685152313458578,0.017167079696625318,0.005512651102617383,0.009897846912398593,0.020687615275771048,0.03186527623902828,0.07515398538265389,0.01681061752800209,0.020423659871224888,0.0030023202861483556,0.0026888569825745815,0.005313522983164553,0.0019260900468387782,0.00018509523441647807,0.000273313773008836,5.063287277969348e-05,0.00038403412850129826,0.00020045227779761225,0.0018750870758594829,0.0004759634934089263,0.00042626933712821674,0.00014506837219653934,0.00018273324498555406,0.00040318408016965055,0.0019123528212503516,0.00038370634507404685,6.129182599000738e-05,0.0011080615524756117,0.0006393103606872804,0.00022283625876298174,0.0005546660676354434,0.0002593363685797346,0.0005623289752375885,0.00040211115973301845,0.0006418447733267385,0.0002417952489647885,0.00037437869392446235,0.0009013561981798072,0.00038564927686938094,0.0003739341873033145,7.519743209601845e-05,0.00010949846202695173,0.0006308982186516454,0.0007905447491793893,0.0003227156477160245,8.961115224792593e-05,0.0006704764735240278,0.0005218433605477912
12000,0.0033642979978066177,0.004972953020586391,0.0064199268381344154,0.0007834654394593179,0.001960756523485658,0.0057738731681768385,0.0012801854076197714,0.013713191357537118,0.025887121109710417,0.006021518995112274,0.04904420454526481,0.016470520946944706,0.006291216906957385,0.010901119155746666,0.006581042588154292,0.019544327185334016,0.02244244904016211,0.011317040528836838,0.009869248697733772,0.024265999315151325,0.006878731448103701,0.0077364955720570705,0.049605337167158724,0.02065441125644914,0.030160198580969813,0.008072340534999967,0.0155435217881947,0.02464363923536439,0.03792482832265223,0.08620658423305647,0.02858398186198125,0.02483125914631483,0.0041093325937009255,0.002691798628802644,0.00816045200554072,0.0050446787429661655,0.00022344914513221164,0.0002673403374832229,5.435123721984284e-05,0.00034087217352407606,0.000282639233111037,0.0013351017096283613,0.00037757318659714656,0.000678368911681709,0.000255189903662923,0.0004032399004245235,0.0004885166682199046,0.0017086468297691226,0.0003384410736402813,9.3646219862752e-05,0.000979719853799347,0.0006617649420756303,0.00016486690619785805,0.0004714557935028784,0.00024236178812535745,0.0007219796399030284,0.00038760109203795636,0.001009782953588001,0.00017735739771435673,0.00020358520080033206,0.0005988817581965122,0.00034506430681239994,0.00031905565731870375,8.171112296606209e-05,7.45927880214165e-05,0.000515209845994454,0.0007848001342998552,0.0003033009696801239,8.545962043626787e-05,0.0006023777792323308,0.0006293247242865618
12100,0.005001319067142086,0.005370007999806182,0.0076439826807472855,0.000678781785917146,0.002836918436192327,0.007086864614393562,0.0016670576737704969,0.014738815584945875,0.025430195023511282,0.007163284397392999,0.06272559532792205,0.015368833109185251,0.006659877500637915,0.0143868033124873,0.007770456105465521,0.02125285028887447,0.023908588684467498,0.015930722277136992,0.01019041056237516,0.020762848423716302,0.0077151548114740695,0.005545543195694336,0.05805028102127835,0.01810626115742101,0.032958139801704665,0.004917894722893834,0.015314587781528732,0.02500128541335774,0.050871439402758636,0.1043448953564474,0.025058321302834276,0.02499110036968397,0.003859064748081227,0.0036133746877969187,0.012492792643671338,0.0034427883733120063,0.00017451707278843585,0.0003354012068567417,5.884224021911105e-05,0.000288774524051405,0.00029856905476624383,0.0012042152284266194,0.00034317709623792324,0.0007569860501557981,0.00021901442471157918,0.0002981892570850115,0.0005937565664313744,0.0018633391899811613,0.00046869717726653545,6.132232982219483e-05,0.0012471196197181528,0.0008876855617927504,0.00014686235699628013,0.00052894453103957,0.00035839192329651016,0.0006507534343737378,0.00044710886195584913,0.0007791572224959964,0.00019863502802448037,0.00027456539634071166,0.0008380101001724446,0.00045297085910934456,0.0003587139575824107,0.00010455231305050793,5.7033207970865384e-05,0.0006134188638557075,0.0012440302962204441,0.00042770572552384577,8.166299255663034e-05,0.0006545348159069813,0.0005478002247400581
12200,0.003956833089014745,0.004549811336834898,0.008834971738300132,0.0005430283787903206,0.001962901048535036,0.005436242267023772,0.0018652674311411947,0.0128671917466586,0.028526420997163942,0.006535706794238649,0.05444796689150763,0.02003999728690453,0.006518757220791568,0.015096973458033366,0.006581431255600525,0.02237636659507795,0.023613326184464052,0.01457594249830758,0.011063058012431222,0.023616103371993328,0.010969151328488526,0.007983862146439995,0.03655482210141296,0.020864839072116108,0.024054976817246318,0.009271853556856512,0.017200693789017087,0.03802708209817259,0.051618023663211395,0.08776029365875612,0.023160075295018033,0.02523631619092507,0.003948962747432898,0.0027080057042080307,0.010065363794435851,0.0028151828586747535,0.00018564426996865797,0.00021025603895065035,5.23373412799782e-05,0.000218540126525113,0.00024914254783091545,0.0014525023589158081,0.0002603667733637849,0.0005786621331935748,0.0001291868318060695,0.00026099043476506266,0.0004881589610177846,0.0008485458269404944,0.00033163925188311056,5.659529403022713e-05,0.0008589544417365967,0.0008704451750721395,0.0001715994152618805,0.0003933145793297979,0.00020284011679905234,0.00036193344856821403,0.00033112112308322875,0.0004678498680732446,0.00011491409991827418,0.00024809242135443826,0.000698530051704438,0.0002452884501821323,0.00023816318072796867,4.623965123591752e-05,4.600004245326595e-05,0.00030940831672299506,0.00044253184803112945,0.0002763479596172059,4.110541613044916e-05,0.0004667882245683802,0.00038399442855734377
12300,0.004659892356996991,0.00413911903645688,0.007299505319679156,0.0007968483926351137,0.002364503234183516,0.007093108487814399,0.001333606628929462,0.007200231989354863,0.024071214550496756,0.004437193425474106,0.0421520468939159,0.010846217071697797,0.0036970472662660263,0.009931364095102639,0.006111709672789884,0.01741450440749759,0.01796775952486011,0.009762319762339296,0.007571071542250658,0.016408458741304154,0.006557382273254356,0.005165484070468145,0.034945449573763956,0.012435214282353021,0.021554775927547273,0.007020677858963609,0.014816748065993212,0.023139935578607645,0.03712073194653974,0.06038919428430099,0.01874732014994758,0.013891232038776461,0.004307485486680644,0.0024984168096209964,0.003264679348730068,0.0026003147631204876,0.00023968206839622565,0.0001962041531607445,6.222017482451268e-05,0.00023983477831279743,0.0002187325910799313,0.000838880743685877,0.00025856929769361157,0.0004352169547162607,0.00014084100956480191,0.00020815664470319462,0.0003130895780694182,0.0003007502502256898,0.00023403227120180134,6.812813498155182e-05,0.000717207438628975,0.00029521772239604616,0.0001503612016676925,0.0003468023334827027,0.00016964612499076133,0.00021062074901320474,0.0002632000519189469,0.00027253130974713713,0.00010126652643470556,0.00018411025016925684,0.00040965484925739777,0.00022692566346599032,0.00026349212844757456,4.516155604403491e-05,4.235530034040696e-05,0.00017692577614377718,0.00033822606513110386,0.00024519954640017124,6.229179712136101e-05,0.00042091772235583165,0.00028425138079910537
12400,0.003447714127793694,0.004811811668332666,0.009694650914752856,0.0007316713827794257,0.00240645592239622,0.00681830127723515,0.0015654750248711112,0.012460762745011416,0.023556437175551465,0.00667510674247751,0.05318505242165109,0.01464449556598473,0.007723502158610659,0.014612766681900459,0.007430074464997126,0.026597548773376428,0.026147068107786168,0.011516203126454537,0.013341805889337723,0.018696080421408016,0.009325686129215263,0.005873578489757035,0.05699705871831005,0.01554141605544525,0.03668398482610457,0.007206292496994138,0.014905492502176428,0.024393900211483317,0.04051647271861678,0.10185469404161503,0.0213662867845657,0.024667533732449207,0.0025657475243554893,0.0026670602504499014,0.006756766559798659,0.004199638124581335,0.00034647108106199945,0.0003043893841756719,6.29284911090245e-05,0.0003825368952448116,0.00028902678147770005,0.0011401670180930523,0.0003834056478808634,0.0006707862253518359,0.00019586665811833595,0.000231766847806674,0.0004516690632315882,0.0008089474475241332,0.00031383432741645737,4.589639514630438e-05,0.0011352562628067413,0.0006584991824638564,0.00019142593318974833,0.000492082823999523,0.00027174797506976855,0.0002778329383297453,0.000419310521504495,0.0004350793128651276,0.00017356732379564873,0.0003020356547285001,0.0007022701736180655,0.0004022834078417266,0.0003093492196226348,8.071747334634802e-05,5.229428794943184e-05,0.00042956693143376517,0.0005118620143288613,0.00033137573368714084,9.03876168649731e-05,0.0006372128873637941,0.0004676725606259424
12500,0.004801402295236806,0.004513435987367605,0.00812522088381229,0.0006663492616028704,0.002648561473287822,0.00625453595005508,0.0009410844398981651,0.010924318800343648,0.030957350590085034,0.006240126767806942,0.06084633726025874,0.026127739316470236,0.006250981818249618,0.015338065673969333,0.006890219247639727,0.016591825032567915,0.03138675715100752,0.015335265239789092,0.014940346108882554,0.025703718207466107,0.0076629879400850484,0.00827729027020853,0.06170679493031154,0.015947708032278265,0.03330239508414663,0.00866305222734809,0.015689003310692517,0.03336151400678015,0.05118349681553595,0.08997200604625827,0.023667514521318177,0.02729951606418651,0.005813369671277367,0.0017693900498311132,0.00645943245662137,0.0019798230208445083,0.00018344025194270026,0.00017389152460302947,5.702991724736268e-05,0.00021994497694777237,0.00014666913434569886,0.000931010332351434,0.00026383411886854446,0.00045382518149046137,8.814305858657846e-05,9.913706040671448e-05,0.00035324262879393037,0.00030270013583333366,0.00020942590185376472,2.512435168517351e-05,0.0007836369665360857,0.0003954780968342675,0.00012711560375464615,0.0003122713019087203,0.00020344488276068345,0.00013478755413002958,0.0002322591852682445,0.0003796721925937163,0.00012107423458473932,0.00019260298557548174,0.0004229549169394886,0.0002560794105229727,0.00017972788715202046,3.894006730300683e-05,2.4525422961434946e-05,0.0001705192967637668,0.00032161898291503476,0.00024085585999405486,5.372050054575084e-05,0.00040948247809284425,0.00023927601905597838
12600,0.004439261949202675,0.005441985634172818,0.014279118506237864,0.0008369588800493287,0.0030946371422217026,0.007230978059981551,0.0015155588153579775,0.017284572034887057,0.03076832244449731,0.008016009058337659,0.08859764218379249,0.03193438798144616,0.009406858964322248,0.021726664045038917,0.006277573856727138,0.02473744647674418,0.027777484207208977,0.02617610598873064,0.015869645056747168,0.028911537630095456,0.014239179936003684,0.007953172376021809,0.07164800524401169,0.01686218255684556,0.06310033792986014,0.006864126538857818,0.025589193719028,0.039549883444124134,0.08346698677804157,0.13252916686061297,0.038164842861394085,0.049401922818595685,0.005572452878298533,0.0033431121325499355,0.01576706645250346,0.007425130943504753,0.0005065983625746938,0.0004250098632341674,0.00015215949306695116,0.00045926386133032793,0.00034284347455158765,0.0023393006104015512,0.0006126145235612057,0.0008206802936719645,0.00038672257417745546,0.00040796205458134085,0.0006497494550865412,0.0010112017113783622,0.0004889881007047421,0.0001010993241007699,0.0014374901905354748,0.0009649948096921435,0.0003326741098135244,0.000661589128830368,0.0003131188122693104,0.0006775815347116969,0.0005982098042412901,0.0014607103257731069,0.0003023410545210936,0.0004464978011758201,0.000906513483823801,0.0007222427388437462,0.0005160468215392568,0.0001455890579924377,7.216723760292452e-05,0.0006539130073923099,0.0006297142431971484,0.0004409592135116767,0.00019487134522933047,0.0009968760155558102,0.0006604454651096603
12700,0.0033312298687264586,0.004953720245760417,0.010224883997580037,0.000731881669428101,0.0021248489993703963,0.005858487807147737,0.001186105360184522,0.013894320827995554,0.02351486538588423,0.007374414264631923,0.07682718686241352,0.018935508574532852,0.007135462987758784,0.01689731800885938,0.007473098670144442,0.022677760646426275,0.030022079629339886,0.01917246519477413,0.009785425508328314,0.029575927808182315,0.0083956657186858,0.006548885924530623,0.05281617604196072,0.016275109665245206,0.05090650450426712,0.003966612927615643,0.017951004194166613,0.030148416435016163,0.060552828214028576,0.1046920513359627,0.03371155394396434,0.04684319721687084,0.00406722344809378,0.0037845915907974963,0.006869107266134556,0.008002568984206196,0.0002765192498612267,0.0003610988896980416,6.917617308745212e-05,0.00040663623678938166,0.00029512430619724135,0.0010317157284589484,0.0003610175421272288,0.0009022168012865892,0.00023882895883090035,0.00020950479238633437,0.0004891541461961823,0.000371318624999617,0.00034019936561764614,4.9471432165856555e-05,0.0013542913776221283,0.0004913406977114695,0.00019228402015869506,0.0005516465062100906,0.0002927040922227677,0.0003401596059120493,0.000533466005113188,0.0011365340233169263,0.00017466782619774475,0.0002824688928530332,0.0007104561096639373,0.00042849089948843953,0.0003731346619470396,7.304353943693043e-05,5.1719502355101416e-05,0.00036321618154624367,0.0006607750666652075,0.0003608267246315864,9.521024855985161e-05,0.0007459427590617429,0.00046740549005335196
12800,0.004416852737080803,0.005965295704771523,0.00791521685217352,0.0007130244378249,0.002396198396437987,0.0053455240901842315,0.0010576023401118882,0.010176958886315297,0.022423957977215525,0.005027306891861372,0.05356886065464444,0.019176148733354888,0.007795565041967414,0.01771577716014387,0.006668034901582252,0.020139305224195898,0.019238022723237963,0.013079569692711663,0.011311295677192643,0.01995940224849619,0.007466756393646043,0.007654184566100801,0.05365971277467906,0.016870573301275726,0.033729400273596326,0.00399086200632155,0.015783387673382682,0.017940232433223475,0.03313213314986035,0.13253289476697025,0.022753641952682906,0.027737047044166293,0.002247665610822808,0.0026111358753507035,0.006438801926479856,0.0056265094360372,0.00014946750451073107,0.0002813151917176914,4.9035259338100346e-05,0.00017576416144038376,0.0002282115440387296,0.0010149782337975921,0.0002099358393024886,0.00036372338466830306,0.00014151758852293776,0.00011824975421177441,0.000382684669890104,0.00027591191987852426,0.00024786441436562795,3.4741982414164916e-05,0.0013586988034988352,0.0007361474467870721,0.00012924831098644064,0.0003771895969794987,0.00023700204737592842,0.000303204083882685,0.00030447836718761414,0.0003945964504055155,0.0001281759619536792,0.00022111403443257307,0.0007917441001457822,0.000313589465408939,0.0002822719927819519,8.33978368367146e-05,3.460341779120629e-05,0.000213046365955394,0.0006682569865006371,0.0003019868065832138,5.944026059978569e-05,0.0004262698584163078,0.0003053938587981975
12900,0.002614141345622704,0.003914580816786771,0.005113524268381298,0.0005352468623291665,0.0019356246620524952,0.0026488638587969554,0.00089812777174126,0.007027175511158181,0.01481594086049605,0.0041652991640148684,0.04168259334264691,0.00935540765181495,0.004978047853166407,0.009018818208212244,0.004896015167661758,0.013157363437737027,0.015420370646010963,0.00964788815354386,0.007071029621459145,0.012706527982760842,0.005280461297325718,0.0054121756563420475,0.03706591902843987,0.008520522150865873,0.020026119829188765,0.0037700698245316743,0.008180483612528816,0.014224176755912291,0.03621125742339406,0.07894020635308886,0.013694454554157952,0.01988713862822176,0.0022067218192686456,0.0018510254290578264,0.004404800264334578,0.002915375197517278,0.00018005896543184607,0.00017412869204814672,5.856631741240913e-05,0.0002773218033098601,0.00016947512759504614,0.0007454112383129541,0.00024090350434562423,0.0003419188238024761,0.00015028046072027216,0.0001394922988189202,0.0002220408452813628,0.0003145002514202133,0.0001833099111669573,5.416001572071268e-05,0.0008293811597433467,0.0004909712961307378,0.00013050928719167133,0.00031030751276319986,0.00017481853874728428,0.00016295871715886858,0.00032211380807062616,0.000284584781184094,0.0001645666718717267,0.00019384627508560906,0.00040338339131267275,0.00032017013621383426,0.00024022153925047692,4.3259967356903986e-05,2.6526071754536435e-05,0.0002481816074530845,0.0003655183524772708,0.00021837826107773048,6.094653792843019e-05,0.0004817010748632763,0.0003659248161056894
13000,0.004272175778513318,0.007376135149065198,0.010342444724907788,0.0005776793523462122,0.002425828611344111,0.005148741044519868,0.0014428803429074187,0.010845543555321866,0.019483965582194403,0.006802720214182045,0.05099444623524898,0.01702919097947508,0.008393083063172966,0.012948817835422233,0.006772502754671115,0.018467860888146486,0.02346026184559811,0.018665961345032896,0.01085399800545669,0.02170622184523381,0.009826251808646283,0.00788721535510766,0.049974264950336265,0.013211821244476596,0.03352003748134141,0.0069881992414593695,0.01791726735950027,0.027197769578682102,0.05792231596937841,0.093882378495994,0.018783018176909538,0.024815801046385717,0.006069363308230235,0.003611018623582082,0.007479257310074495,0.0029632432319561175,0.00023838837433973631,0.00027193927979334893,7.295287599001576e-05,0.00034277723045761377,0.0002541495991016881,0.0013174697960494086,0.0004798725491127698,0.0006876401055610346,0.00019142402791323164,0.00020704152722958368,0.00037935017096395695,0.0008001816388940597,0.0003387715267873036,6.65623630414881e-05,0.0011882734473007215,0.0005231270946145136,0.00022043402714189142,0.0005170539898430508,0.00022401142441281238,0.000287567297246741,0.00043506732479101475,0.0008239632825279841,0.00018708919790810796,0.0002998203944816151,0.0007914806170447264,0.00046436272033202174,0.0003846592413975924,7.553228691174989e-05,6.837633352713763e-05,0.00047303480754068574,0.0011535628668103268,0.0003523853330357673,0.00010366740207246039,0.0007817883975009,0.000533442171945353
13100,0.003457596431650706,0.006210616205525757,0.00990994889192128,0.0006276237473614926,0.002148435534303345,0.006640055665879377,0.001559068278414,0.016103935088419046,0.022632316743315468,0.011628106774878688,0.06727964665818338,0.03220334807738997,0.007399725210923476,0.018671129439484725,0.0068721316762521915,0.018889226693621215,0.03163971133749112,0.020952352762142714,0.015010874651904618,0.023390948976933335,0.013555501724798746,0.008082686120230522,0.06161349633863817,0.02783241773965225,0.04523955565084526,0.007684628386050463,0.023089051239015047,0.0303508006594105,0.045604083252563966,0.12279970997863734,0.021789348281454294,0.033187285177588746,0.003950612324965382,0.0031656193646614514,0.011244839510861008,0.005465805923449807,0.0002581091401608367,0.0002599497033357197,7.337909688343292e-05,0.00044080538964408333,0.00029018443030915303,0.0010152002923859982,0.0004446515949894092,0.0005663017969039318,0.00019330464720520755,0.00021193823510462346,0.00038715865510216405,0.0012562203880293055,0.00039177477147185185,6.120614129527398e-05,0.0010709517811357309,0.0004625653127732221,0.00013986883423058316,0.0005401252265630541,0.00027319904488806436,0.0004129938940671061,0.0003683281285252975,0.0006103050500314566,0.00017891515858221082,0.00027722908589217134,0.0008287837106763618,0.0004060241867053812,0.00033962973699359553,7.42471524931675e-05,6.84508179094539e-05,0.0005642087832605391,0.0014405937503657437,0.00033947651662592467,9.645646741773817e-05,0.0005997940680885711,0.0004578774471156066
13200,0.003144171695099873,0.003685583959277547,0.008492803574578526,0.0005223116955396388,0.0016340391940744506,0.005703043826153069,0.0015550257832816692,0.011693965156297838,0.0173764078818185,0.009180615990771912,0.07606404499699833,0.02044274026099759,0.00845773609101095,0.012838733561555713,0.004933606705761871,0.01964114032307407,0.018265428939706736,0.020860061145614527,0.009179787941060827,0.01897434606643704,0.00883289260568395,0.007012959013601565,0.05816355206227551,0.016467011509181853,0.04388827161320868,0.004733012476935983,0.021459332193591116,0.029566400551023737,0.0325792794872541,0.12395020729215298,0.024497947307924428,0.040776778247583516,0.0036591588344881878,0.002851778489267142,0.012044160942928607,0.0021104100053759922,0.00027491570371670316,0.0002691930235001068,8.607454678730643e-05,0.000528671882193521,0.00028479878540110803,0.0013263077553347102,0.00037501349052035946,0.0004862445580089881,0.00021637708852818163,0.0002836572297350618,0.0003806480420344247,0.0006642053199570341,0.0002986535743204889,6.018753860685551e-05,0.0012527167681617777,0.0005647213364075773,0.00016440703693660909,0.00045365214486528017,0.00024286886526107113,0.00028838865232087716,0.00039217590839994487,0.0004761014206451364,0.0002359633143069257,0.00026379005938416904,0.000610199899286575,0.00043858196139104447,0.00029181751913845937,7.269900034721964e-05,8.364062068721978e-05,0.000347339936654732,0.0008903516427380964,0.0003001208514957955,9.982584356293955e-05,0.0005628176196227623,0.00047083234640012963
13300,0.002906950668959227,0.004370146025731055,0.008323759446890714,0.0005174758937685581,0.001701612692815178,0.004803037270903587,0.0011907499263895348,0.01267706930401105,0.023453354607284645,0.006326405295112636,0.07289270033275157,0.02528580927173607,0.0063002955875796915,0.019706697704267837,0.005885354051904013,0.013448467239262149,0.034838783716363,0.014008314939307143,0.013445700202802462,0.025021834379682938,0.006868719610373284,0.006502091186251034,0.05677448694749425,0.01849289313176996,0.04494987014399995,0.005019100895151496,0.015246065186147462,0.028765073334701203,0.05274463540785398,0.12745471072189357,0.03388356053968891,0.03967866471682031,0.0043778748310370035,0.0026856380641960597,0.010806785380635928,0.002681081566931555,0.0001757683582603046,0.0003354677385438911,5.818090298214292e-05,0.00036003922559757484,0.0002811205909346369,0.0012361958779365523,0.00042457308954908514,0.0004605442347957777,0.00023452520839974136,0.00021067705573451739,0.00042806539149272505,0.0008566879477598377,0.0003467140040576286,5.970300133578183e-05,0.001265291566183945,0.0004074929347552825,0.00016063042858149856,0.0004121210208073275,0.0002829397069255155,0.0002627039754191752,0.00037130295314327866,0.0006067091544537107,0.00017693265046621795,0.0003109716598723585,0.0004775747615591778,0.0005067548714573262,0.0002512044347895426,7.219944615400466e-05,6.636258290705478e-05,0.00035144915892050885,0.0005828058061264788,0.00034010496066853635,9.022367112265783e-05,0.0006645990888959388,0.000501243547478225
13400,0.003098148701069845,0.004309980577629715,0.00551978379614108,0.0005421379607958863,0.0016140535135031014,0.004063956408312411,0.0013314145282287604,0.008726565100825574,0.017578134353105363,0.0049053809543693205,0.03735807698426975,0.01373754272720603,0.005130590230251211,0.012169450606245047,0.005288406069153365,0.015056342221214436,0.02425723204734303,0.011070371490882568,0.009748118389065244,0.016455319732776842,0.005786692048709833,0.005298588915008752,0.03806884020916186,0.015072453179163859,0.033199500584501836,0.005410926742479205,0.012423168914533416,0.020708452673716238,0.033697677689419565,0.0998825026674181,0.020750790137875206,0.023163304919412788,0.003241696311428873,0.0027381135643609437,0.008688744174125733,0.003559931623418119,0.00021139096671312903,0.0002524892512486655,5.00097942139872e-05,0.00026857609958597095,0.0001529231005679805,0.0006158413762022974,0.000290850322926417,0.00030135505676298635,0.00012516035202153082,0.00015902555864012616,0.00030292144376225974,0.0002722097366998355,0.00025414781423439213,3.579904660000466e-05,0.0008743231790294186,0.00029400907957703265,0.00010571677048574202,0.00030000507352696685,0.00023452257034383867,0.00027558320107345935,0.00028899807499348305,0.000350863762832887,0.00011132702127112124,0.00019753669007164157,0.00037293515597411895,0.00030347448381034674,0.00020896040383309742,4.428610836757716e-05,3.06745694413419e-05,0.00022068816028936395,0.0006976218254359472,0.0002744983124134045,6.930927474968485e-05,0.00046562184295052085,0.0003647286494015134
13500,0.002895805787104748,0.00393646239697571,0.005169077465931575,0.0006399481099344065,0.0013752293980590516,0.006340843201282301,0.00088040731603659,0.011949587705078325,0.01797356446644975,0.006087964250582445,0.04656534900574048,0.012626734274001175,0.003944184828221544,0.009399251834552022,0.005228118402352693,0.018210659092195176,0.022541129950522668,0.009183101596412413,0.006396279197360855,0.017077555807578998,0.006235029619655017,0.005282964452297685,0.04149614648272594,0.011478489321840849,0.034731068149128644,0.006008269428275525,0.010061504035929243,0.018455530144516768,0.02553484433250132,0.07676300747651464,0.029340381702252973,0.027426505454618912,0.0015860648641180957,0.0030710946292708476,0.00954555799459437,0.0030580354009543953,0.0003060677090616082,0.0003030148717781148,6.945956042124953e-05,0.0005265109082301933,0.00026785438398476005,0.0012456543918233365,0.00044484905192803125,0.0004951443234906611,0.0002024065814494909,0.000197894982685349,0.00038368116728985084,0.00034983712743041906,0.0002530503394499929,8.29683051713139e-05,0.0011539382301984566,0.0005402069793187062,0.0001560521695864736,0.0004759555286742695,0.0003062621194501468,0.0003309859406396175,0.00034086244668483283,0.0006609402007597964,0.00017449264092148396,0.00023723194940080598,0.0006447357174086695,0.0004429082233945758,0.00042794495085992686,4.2080178322853374e-05,4.827819813928929e-05,0.0002849022898004336,0.0005577065333324884,0.00027071596722114393,0.0001032587946951935,0.0006648119975931472,0.00051949050885014
13600,0.002971267528836678,0.00477551415786837,0.006346016438328661,0.0005685509088345078,0.0015318789629429974,0.006323740900760251,0.001199922911690655,0.01017156842663455,0.01646337405930618,0.004686445181505405,0.0442781872593907,0.016364070844302865,0.005668226092397658,0.01571110986388345,0.004884042195515255,0.018029928573620662,0.024114274416032935,0.013584106149302229,0.009868771837708274,0.021156302044012896,0.006163218697390851,0.0070227930985181175,0.043866781870213645,0.012339640694093153,0.029723855273856778,0.006387431221082806,0.012473584772740123,0.021702288863404345,0.03921397934814997,0.10170856698870569,0.018133514656704694,0.025993352057412267,0.002906737817179069,0.003053498367503486,0.013202096350141801,0.0028273815823922632,0.00024020837176857114,0.0003373072177055292,6.865610250140189e-05,0.0005317067161740852,0.0002766537010099087,0.0012708677641057875,0.000539530338937766,0.0006492104999587786,0.00018516431084304044,0.00022119366878022058,0.0004683912612531378,0.0005806351716159952,0.00033920562595838043,8.710594168157762e-05,0.001316400858461118,0.0006502645273940288,0.00019073470393777826,0.0004151078884410244,0.00026535931446515265,0.00046892265130405906,0.0005565218066343517,0.0004829404042538954,0.00018327288295773137,0.00028515680693929496,0.0012791895135402835,0.0005561847808108254,0.00034944136890165584,7.65173069732948e-05,8.792390185084919e-05,0.0005343433586185475,0.0006215530125440896,0.00034291395902454817,8.943005462924702e-05,0.0007135135663152103,0.00047540444174956067
13700,0.005179740614481931,0.006921470378680776,0.01765469561117546,0.0005652054562653155,0.002688014172005601,0.006033693668931457,0.0017955184336877269,0.01724755278858128,0.02653597559797566,0.009788606515940046,0.09180613068208375,0.02512171614988783,0.00780001514331988,0.023864602580226456,0.00788256144754568,0.02730346767930314,0.02816802203319856,0.025307018574344912,0.014250308449845761,0.026983366004812222,0.01347454916103743,0.009753525010832423,0.07119580062649523,0.020302645382131838,0.05998546101326365,0.0129771183244884,0.024000704273813397,0.03553090245137961,0.055188613816897165,0.1653441963503757,0.03568076131748967,0.041819855181249574,0.0049485412066237935,0.0038940823629080874,0.012379783085634699,0.005227161728271312,0.00018243990387801254,0.00040528032001351346,4.8001956437507166e-05,0.0002646013447247242,0.0002776783217425273,0.0010352996741858078,0.0004091742563105072,0.0007583752249047393,0.00015853890699394182,0.00015788980969416245,0.0005433696713927866,0.0014830278297779387,0.0002801580003310376,5.512225710514361e-05,0.0012482703306257183,0.0006251065960896085,0.00016893116044229827,0.0004144386735157352,0.00024075583816487905,0.0004789621195661973,0.0003625500886173736,0.0003201922445441596,0.00015959509478433474,0.00024173224425025043,0.0004829841719280618,0.0004747304982059773,0.0003793552567475234,4.3817656078645415e-05,7.094834028167598e-05,0.0003972077610543037,0.00047452168499668393,0.00035819665758422603,6.146028675857451e-05,0.0006591312445196599,0.0004780065786690102
13800,0.0033353797395672723,0.0038763302026954653,0.009311339395935647,0.00047945623595156716,0.0016444159295064356,0.004901489138969087,0.0012634700304173044,0.010889060433791932,0.02033959528351353,0.004364034393802285,0.04967712040183588,0.01833873172587601,0.005415981903559331,0.014994566133805854,0.005278430704664275,0.017497032992347766,0.018574515183337054,0.020011896188695078,0.011085349403271851,0.01975091501682376,0.00779717952494908,0.006690955572724176,0.038191424948939436,0.011907953365152935,0.0367877328761905,0.005798366758972407,0.014604494258345502,0.033215961853178065,0.04868412379035041,0.09546850939354513,0.021157498486960927,0.03237900462968705,0.0034338721160163633,0.0033488251307950798,0.005166904797281152,0.004157099820726476,0.00020419877389007239,0.0003703369665427917,5.6778386106472394e-05,0.0004928725933268652,0.0004276675531182844,0.0016187476740014972,0.0005545022198930383,0.0007470485470548738,0.0002104592205413562,0.00017430422066817236,0.0005599121846707453,0.000814659064189982,0.00037408423486340325,8.979648125453174e-05,0.0015511704023643128,0.000749025993476001,0.00012874233343609375,0.0003981068843948341,0.000318548651382022,0.0005707318326709686,0.000346937510712255,0.0006749080721419887,0.00020490469605900015,0.00027884272620632637,0.00046563674683663215,0.0006081997447132205,0.000465467193171881,6.034065025740855e-05,7.269131068217878e-05,0.0004748432106030772,0.000565452115032323,0.0003876663697133887,8.642245552437089e-05,0.0007046451150888955,0.0005114677551318891
13900,0.003610252998908903,0.004602305673567268,0.010645743401255459,0.0005235410197061496,0.0023872349431971825,0.006067342474125326,0.001352982858524258,0.012934919043818452,0.02952036208821655,0.008968731639470207,0.07854787165940061,0.031225953150967645,0.007460294522002876,0.01864315878386454,0.007548920226733625,0.021046514957561158,0.034833800732268994,0.018845494717943095,0.014221834958464439,0.025575763573870064,0.008807278035755399,0.009306156035303761,0.05168291344307363,0.02489839381960337,0.038677596207962205,0.008843747060745954,0.023196295676884363,0.03474942320948079,0.059629405416575645,0.1134608142101863,0.024258837507804856,0.037086076743435115,0.005709803622249428,0.002356036132136238,0.009022866273880936,0.004734067257491655,0.0002073235393350172,0.0002708666908636753,4.939607052313159e-05,0.0002534576219659357,0.0002952838709398612,0.001054174327691726,0.0004361655582215462,0.0005471333687110976,0.00013007103573870968,0.00015652261820053225,0.00041293375643921567,0.0003054084257598788,0.0002636332804301893,7.215791567267098e-05,0.0011587173062882637,0.0005538401380060046,0.00014890733946231193,0.00038367934522117434,0.00030593021400473564,0.00044726668800814713,0.00038240102656599966,0.0003569822374629439,0.00014161696414147527,0.0002597894291983931,0.0008211717452165127,0.00043846477568686463,0.00035069095914271503,6.137133197159062e-05,7.03136401069868e-05,0.0004936623417016598,0.00045474107771172257,0.0003641343139003267,5.841696406605479e-05,0.0005662623152143895,0.0004118991933864891
14000,0.0032242032900555656,0.0037816759323942716,0.005744681291010541,0.0005218826456117453,0.001965758133487322,0.007134886159162436,0.0009724541361808201,0.011060685765936369,0.02124931328212312,0.007110735175956506,0.055362488412266646,0.026900578814983957,0.00472912263825437,0.01648140587922447,0.006448026470324668,0.0207206072518602,0.019219821083381595,0.007898431511513322,0.009913852059980854,0.019452258749321723,0.006341269149477459,0.00573638775917321,0.03491174679171915,0.013650677496237525,0.032464250148988204,0.005300675798207521,0.016965112231592947,0.018749196590457966,0.03088953990372829,0.0969913134240121,0.023894518052693457,0.02769977943926978,0.002365080632063592,0.0020738610876219884,0.005332663995634195,0.0032489822184028788,0.00015802320262393646,0.00017385812456764555,3.792972536056291e-05,0.00022374404045422125,0.00018838026574756326,0.0007029685275483644,0.00021536532940444886,0.00035354091165859964,0.00013712607645797298,0.00010073787982167102,0.0002549212131031565,0.0004070002201039813,0.0002268554795819,3.694800828022628e-05,0.0007835145731545568,0.0005140978363063672,8.864753999660024e-05,0.0003236712794817749,0.00018315484480965473,0.0002833379104975558,0.00026954656530956187,0.0011916691423721204,0.00016302061080371763,0.00015177074489936506,0.0004716658668257878,0.000296346803543935,0.00026785800670310253,3.480798654932228e-05,5.910712419184468e-05,0.00019574692598987232,0.00039673794942375807,0.0002236276539675938,4.461497428565053e-05,0.00038028333824704607,0.00029377901955740526
14100,0.004767956026527728,0.006397866136265091,0.015841612446820363,0.000808253655934375,0.0030564590468409596,0.0100259151908436,0.0014539253833713555,0.017111373400457167,0.03457558943423637,0.011342425576003734,0.08342886070705043,0.03524050034101659,0.009677783074562974,0.025369145552483104,0.008587264875549248,0.03542065228248248,0.04438498063349731,0.01571199125971327,0.014250941915504103,0.03275594960936966,0.009770655423129099,0.009703347518162835,0.06948244822366784,0.015669373960311834,0.06956698403045598,0.010995565727353097,0.02724748920891509,0.0389814075048586,0.07595211144190912,0.16137847305599867,0.03460614570765756,0.04418841693460798,0.003827921831749301,0.004825584198971587,0.012437962293915916,0.005834466770790771,0.00020602594963747833,0.0003340337973647613,4.723375204173271e-05,0.0005255746036709752,0.0002551887844485967,0.0008492170763929607,0.00047362621007778215,0.0005100662116379489,0.00018155959141471326,0.00015820771340518798,0.00039034350026524505,0.0004995850082423203,0.0002881128302839176,0.00011144245027852858,0.0011659829803158154,0.0010191083435226271,0.00012653431913349776,0.0005552784484966743,0.0002485267709587412,0.0004430648806936171,0.000449517940382144,0.0006841207205070532,0.00022936457211623443,0.000232635039782718,0.0007307369778573047,0.0003919920155195903,0.0004099092417601679,4.3256804681257086e-05,8.683462955458608e-05,0.00025623345023726774,0.0007563963684203502,0.0003007463652262422,0.00012033615030304645,0.0006611647867040509,0.0003747067465155851
14200,0.002988030205636499,0.004913795075413806,0.009806874004425481,0.0006374479130849628,0.0019078109682503723,0.006857275680106666,0.0013080768191479541,0.009891418773109121,0.01817127073583741,0.006407241493434412,0.05674389480285485,0.02007554297144489,0.007035510029130488,0.01642934481931275,0.0048805132506993905,0.018577963826828636,0.02378615807512168,0.01193122310719388,0.007827833829131643,0.017219293887804573,0.008354534002976904,0.005886325554456562,0.05107112521538511,0.016137960734219328,0.03170551857502211,0.006746676587499678,0.02243576417153705,0.02104449487281575,0.031163001303845222,0.11844957491789941,0.020570048002215725,0.028294064147093404,0.002442573112655457,0.003006032062584445,0.007975048442555513,0.0040691399473027036,0.0001567344782559207,0.0002752601088683481,3.96633503529652e-05,0.00029281052064789037,0.00014778372464535736,0.0007242989922815468,0.00032910826521401757,0.00044470168962250584,0.00010758219129313243,0.0001113766489457443,0.000423872304529077,0.00014795133513700875,0.0002434507783493308,5.14200284090872e-05,0.0009745018861674628,0.000469601631872744,0.00010604961516946787,0.00033481324638215686,0.00018030133403577753,0.0002905700712290127,0.0003241190236142864,0.00041554351059858163,0.0001613972752036514,0.00020021162041442808,0.0005324622473078004,0.0003018170292057954,0.0002712002012433206,3.0263600819011003e-05,7.745990741467621e-05,0.00023175735887216196,0.0004573519480410531,0.00021274278314590886,6.478695183886884e-05,0.0004772512136299179,0.0002932840963694616
14300,0.0028594557306614414,0.006064753827457834,0.009865117657075947,0.000559619847752821,0.0020343372624999656,0.0068098282208666205,0.00177827915960675,0.009207517624257462,0.01416598869690449,0.005506345343746943,0.04517879956624655,0.01864974241903392,0.006867535391145132,0.01737628274471111,0.00617835750864983,0.015654536068420082,0.02400423897155893,0.015897439988374215,0.008069499547543404,0.015544198527544116,0.007502656398145728,0.005180384667905206,0.0546107696245114,0.013730556668209222,0.029707363663109145,0.005314666335470975,0.012812220240096307,0.03113569138076855,0.04150037507369073,0.11289841155819651,0.019230885642658298,0.024989425643490486,0.003104096667811973,0.0028062810640623738,0.005348540027625859,0.004027225218643642,0.00020194770992307704,0.00026453627734471496,5.064934752697875e-05,0.00031686434545008524,0.00019359834830277365,0.0008143906106852228,0.0003465099796812865,0.00026189108087381,0.00015952392699737652,0.00015950777809621287,0.00029981036023105334,0.0004814973497175856,0.0003478303850435058,6.131714049347052e-05,0.0010027863966360412,0.0006422485668432879,0.0001678727065154817,0.00044253034120258084,0.00023240624949690317,0.0003978057330558923,0.0003369542293942794,0.00040438449923385633,0.00018171040676406847,0.0002470345472829649,0.0004337835405749502,0.0003034751269355653,0.0003518833528114892,4.375826749621722e-05,6.5161133534275e-05,0.00018719058764034272,0.0008700141596429083,0.0002738274046572725,8.125350802856701e-05,0.000511954642527545,0.0002820808962496812
14400,0.0034830240932245253,0.005109027681842067,0.00792430606088601,0.0005877578737244431,0.002366462278218875,0.008417834361482943,0.0012843985288430216,0.010451806923454427,0.01791637025442331,0.005981056689051911,0.05236753257656941,0.02577315022525148,0.007205922359858188,0.01906610455912552,0.005573004261532333,0.01745214957918506,0.02484347705727227,0.027528986797514785,0.011270620731271006,0.01820108878542669,0.009344325920476246,0.009484254503669425,0.051673799313139174,0.01963747346768893,0.03991920022622614,0.008137570368126035,0.01897784946155415,0.04277426197707731,0.057780982374884736,0.12002182679486484,0.02043230999959633,0.03834756791072253,0.004735461151680143,0.0038605477807428794,0.008013754262921995,0.0071958363611689235,0.00024354330578621317,0.0002613901974241757,6.429235188616405e-05,0.0002780391295118534,0.00022604552701677868,0.0013292349121911684,0.00044648043331108056,0.0003205124020927255,0.00019316917229700363,0.00017607880399249812,0.0003991419498481519,0.000639883653036577,0.0002893441090879511,5.722473584186942e-05,0.0010339382969994824,0.0005723187127841811,0.00017510221478005404,0.00036005739015568646,0.00026820222743042214,0.0002168208682798484,0.00036986748088360574,0.000688576617903891,0.00012446905021255993,0.00023655997640442084,0.0004929349874146282,0.00040488883954117963,0.0002851038427959591,3.8258245863002854e-05,5.388888985180529e-05,0.000251071648462685,0.0005058958618714574,0.0002715926604152276,8.562592131511337e-05,0.0005113474510094305,0.00026380746730865213
14500,0.004036116888479178,0.008417269023118058,0.0073746848744728295,0.0007531098050234364,0.002657805028378144,0.014187376347503491,0.0017682995230936813,0.012085742393323658,0.019943553015488034,0.006286044434091309,0.07496026085321734,0.02277682825171018,0.005546013188326138,0.021597743554704004,0.008445549826651319,0.023127548496025458,0.031119285939417922,0.024313129434550676,0.010088516270375944,0.025368310149448615,0.010045481535822687,0.009892092071043277,0.0498968315233166,0.02180848311363661,0.033607931717322945,0.006372931925579905,0.017037887194390117,0.04240711079667866,0.05615434806335115,0.12073706561415982,0.024460714061666902,0.03208039457856033,0.005148966614552382,0.0035088192338197017,0.007348208389481038,0.002501335348629904,0.00024816193907003923,0.00028271656033625317,5.9493658893122945e-05,0.0004165431091678329,0.00021317611587155045,0.0009426088599866489,0.0003612982949562138,0.00044777441718523684,0.0002142508612833856,0.00031840095534302495,0.00037377270459010585,0.0006314109907350485,0.0004212481509167164,7.484462346176521e-05,0.0010242756503675292,0.0012096736306072369,0.0001841808159952052,0.0004127234860974642,0.0003103915946196829,0.0002507332665118156,0.00036826641869367295,0.0005397420454755775,0.00021637320874548196,0.0002458778826551749,0.00038072769069306863,0.0003343840408956811,0.0002927748387096303,5.679279640004621e-05,7.250841331875158e-05,0.0003268374887727089,0.0008618720829482689,0.00026658322235011985,0.00012693901476268366,0.00046789048363035445,0.0003359714482940035
14600,0.004017704205899783,0.005660416265190752,0.00610986217604174,0.0005678167221049079,0.0023156358937613513,0.00674886056471483,0.0013332586607160215,0.013068305450895637,0.024642057485213132,0.007852057633499498,0.07313909345912965,0.022453566268472506,0.0052987813109983545,0.020039591115192074,0.006908007369972492,0.019371741114203662,0.0327955400290583,0.01794033559942559,0.010789631196530536,0.02719744876764404,0.012621021926063875,0.007762574876973564,0.05181806191258753,0.013009615743915978,0.03274074735513534,0.0065844671335071325,0.014756532703740373,0.044219185856491094,0.07115705828456317,0.10110458459460078,0.0232824206938191,0.03584193552915867,0.004468279844721005,0.0038424453513323177,0.00559712145918133,0.005880211208477704,0.00023210034741120915,0.00034341246216420336,8.80588453890004e-05,0.0003691608383178391,0.0002493888307913523,0.001224186578838271,0.0004358788231911603,0.0003712577774996661,0.00016768727985579877,0.00030944316039754736,0.0003255883051152571,0.0007013370474879821,0.00047693609260555795,7.662862406670519e-05,0.0009724838309361635,0.000840178976735236,0.00024134531267918646,0.0004451305244123321,0.00032590829599437964,0.0004319642656892856,0.0004316143796395702,0.0009041077855727053,0.0002794169862138713,0.0003504335535511088,0.0007564136537742646,0.00044457710044943884,0.00040096939968255657,0.00010196739891922859,9.878152518972961e-05,0.0004978584815058616,0.0006376196319511759,0.0002827903944337102,9.629144699374592e-05,0.0005535070991418481,0.0003041714286155184
14700,0.0037804693504743204,0.0037219766635206287,0.005584606073777347,0.0005216967004134158,0.001847071360477653,0.009361195003813398,0.001266637540744165,0.009608497895932683,0.01881722490614703,0.00554642743554723,0.052701026171066416,0.026602779652885333,0.004236555856495574,0.022313907506693133,0.006190561684129267,0.019018235480568062,0.023063646942578737,0.011637089089151542,0.005364208351238631,0.019131377165710242,0.0077459969418739024,0.007004551741374598,0.04211828509811312,0.016664967161280703,0.028521437647473898,0.006993049243465066,0.010637946257526393,0.026170737760063883,0.04755971057354199,0.09861780995027314,0.024275849582433392,0.022887531631008293,0.003129880963784287,0.002802198468279405,0.007253983640920423,0.00256211626788172,0.00015220660888141873,0.00016884489477061751,4.327157153166338e-05,0.0002709704079961739,0.00014553715449041037,0.000719139203283703,0.00030463226908068465,0.00021740363469067043,0.00010886686100811379,0.0001430459349681509,0.0002507477404737744,0.0003872313763508828,0.00018662901373020226,4.9301019316772e-05,0.0006463142982493781,0.0006851890160154047,0.00013830474836140638,0.000262522198366297,0.00020222795081218495,0.0002060558777388492,0.00020651137541575227,0.0004874973687947204,0.00012820510384080485,0.0001784587464149249,0.0002534009670246936,0.00023158657415933703,0.00018917667500351887,4.0756638892727664e-05,4.879617457239268e-05,0.0003149981715706689,0.0005675955004075409,0.00017696339072182537,5.7217677465359884e-05,0.00034088349555134323,0.00022289457174338168
14800,0.0034336424078729405,0.0042681670154841546,0.006460766523863033,0.0006569753704332889,0.002104216977731764,0.005611222249821627,0.001399460952407319,0.011385381579006492,0.017389652781874453,0.008253431384218857,0.05636646524793899,0.019808809121300605,0.005489248152033807,0.016916246629548506,0.005790062166531296,0.01678953926602844,0.0185601453504205,0.013219895240293721,0.009426091947326702,0.020508420299350596,0.008296380433309353,0.006438043224209521,0.04696744089325269,0.01695352709563546,0.03696832785412664,0.009614127036184073,0.014014040369323582,0.026851354762281215,0.05505591036994969,0.08672553461562324,0.02305313823065565,0.026241557840526532,0.0034671661931130215,0.00286754466219992,0.008761963027306289,0.0034930938065502104,0.0001604780564464722,0.0002239116329292301,5.305364722752562e-05,0.0003127966252804981,0.0002172382419158044,0.0011009699810529128,0.0003467200733211939,0.00033411127754477904,0.0001287256391821613,0.00023929150321139658,0.0003350637199585898,0.0002924452134891453,0.00020213282996415916,5.383083597817776e-05,0.0007784566747572031,0.0005074727505416377,0.00012730439120787196,0.00036060438321087253,0.00023412672522556084,0.00032608615583740175,0.00028256311124810003,0.0003066489989578258,0.00011317092758152587,0.00021735046457951494,0.0005873197227629134,0.0002574297665914464,0.00025397724748135833,5.763977510202683e-05,8.062431455376402e-05,0.0002964556479836775,0.0007743145927504104,0.00022937350547269284,9.205930473399349e-05,0.0004446948656672661,0.00029108281469234496
14900,0.003430200145934627,0.0036344386613496615,0.005381247217883356,0.0006646898570369768,0.001667337968338191,0.006214824218269703,0.0011230133516678066,0.013322627412693976,0.01673155841716017,0.005324564112015651,0.05009960758759939,0.01840422598311585,0.0036814133945330414,0.01563375413443833,0.005720496999021955,0.01830160944276334,0.018837505271741457,0.00958683689440235,0.00880229492239388,0.021183967250205268,0.009781513233554926,0.005751658264411422,0.04174188597671067,0.0172759447232238,0.027738241577199438,0.005887507367879153,0.0091328712348308,0.02302693842163232,0.04794757364151712,0.08899354364832342,0.03614554606125845,0.03075638181494119,0.002917405962939221,0.002266865962874997,0.004876377237653489,0.005170565240535195,0.00023061359106398078,0.0002492711854839317,7.756656778914782e-05,0.000490413319766958,0.00022125745710988492,0.0009054695365193766,0.00045401859933917875,0.00033692332899112155,0.00017847626967475088,0.00027154714812890494,0.00036194698559324534,0.0003132463786812423,0.00022078010335760688,8.730033893946462e-05,0.0011594909765475538,0.0006425418529640107,0.00023352729476755485,0.0005622138321959195,0.00029451872150871325,0.0005799491712175288,0.00037569295269075995,0.0004422913725647959,0.0002068767544061403,0.00030069595779003486,0.0005214645413313216,0.0004446249011854439,0.0003735338991477706,5.118913648746801e-05,0.00011256697790587269,0.00036429763928357386,0.00031134498827408867,0.00026759855236854665,0.00017098402759074816,0.0007705406019760799,0.0003890552063239738
15000,0.003968656546095264,0.005712988757295534,0.008485026844330909,0.0008808143814908712,0.002660704452358039,0.008083357109821268,0.0017764954928210382,0.013564595343161593,0.020379640280340557,0.008388900827412726,0.06409877816532784,0.028316458595717058,0.007717071937584093,0.02381251416679306,0.008152564590058961,0.01951309594733175,0.03241932607332793,0.01912429390690301,0.01091854295061369,0.026483617020615687,0.012258659576162664,0.00940718977335564,0.05954318975719313,0.02018761820096794,0.032698681335161725,0.009300443157553673,0.019631832157609743,0.038220327980525326,0.0642330367514446,0.10770431302502871,0.022303920630365612,0.03328879258613317,0.004737588363221553,0.004118112080187678,0.00884392643153357,0.00703237772560377,0.00013355033100101297,0.00020359160490360492,3.4570979912669246e-05,0.00029460859133223494,0.00016217303483544846,0.0008205962321881088,0.00028964415205336993,0.0003142955362196325,8.255782557554132e-05,0.00011785600880947251,0.0002821942367246951,0.00028704771312959565,0.0001533048700703775,2.4540765852262584e-05,0.0007969409124108587,0.0004682931298702897,0.0001328609059783048,0.0003701925660959892,0.00019436984489559485,0.00020318782166710165,0.00026243517578389215,0.00018400957469566492,8.537880499185728e-05,0.00017484033318606424,0.000585950896978223,0.0002354283678612539,0.0002123415830215823,3.225051557672339e-05,5.27848229062834e-05,0.00029442332114823245,0.00041194275243989456,0.00029021943439858897,6.7666489428575e-05,0.0003731087979743455,0.0002574772506704903
15100,0.0018434773770619555,0.002581417948628465,0.0044366317257906,0.0004228165235102866,0.001480934004184401,0.00783393272597875,0.0008363564927475959,0.005602196890857372,0.011924870060824957,0.00419582189169887,0.033224442671196834,0.010861025594638295,0.0031930855360714663,0.010946465649105834,0.003800712921549669,0.014507078086656596,0.013874945572405565,0.006655226010295763,0.006347462532825635,0.01423952497561307,0.004534523069882058,0.004399131070515848,0.0293981524114497,0.008567736130741348,0.01974665017278601,0.005050607374869287,0.007264980934304467,0.011490971273209047,0.03250088719069026,0.051221099683912585,0.012621023854395995,0.022347968219457053,0.0023755806147566826,0.0025919995351974057,0.005975869082047009,0.0025079882741140735,0.00010499701982337826,0.00014479171353410823,3.91593574957928e-05,0.0002949821962374699,0.00013409659822356958,0.0008557526725780917,0.0002798332077873056,0.00018790759680230526,7.392385768501922e-05,0.00011711990015166001,0.0002313338042903636,0.0001983465037014298,0.00016170581391924285,4.9109077074469745e-05,0.0006243185040288013,0.00041239588457149995,0.00014341888672788627,0.0002790299869808891,0.00018783064773868257,0.00014443221094883154,0.000249397241385586,0.00025400675485798274,9.199427521859131e-05,0.00017708279863025103,0.0003211356133761001,0.0002067491083886536,0.00018886885335531487,3.521931323022629e-05,4.886624689485567e-05,0.00024532525709786,0.00018002417748773172,0.00019812119023983557,5.7133111681650917e-05,0.0003229306241352612,0.00021312343051249627
15200,0.0026400920500285843,0.004814893405569752,0.005322867327777203,0.0006771074564452507,0.0018816702669960537,0.006160280288895592,0.0015514563588552729,0.011230039800056164,0.014682682089095338,0.0042877456198766595,0.04775725037235347,0.01926245796082129,0.004982882669234338,0.021292294652525787,0.005718284567153793,0.013227043191970248,0.019232242477647515,0.015441919143512091,0.007140518053867189,0.01834289608639665,0.011535816732689105,0.005309992474199784,0.047619025475966435,0.017345017233553032,0.029735876388821497,0.006257428228855133,0.012591966861955664,0.027988821670684654,0.06041351569070043,0.08759655417511127,0.017474241374778408,0.027408383983688858,0.004509569067067787,0.0037042043718958115,0.007718077245145751,0.002749247114479658,0.0002458204833027067,0.0003121730149525154,7.655722855081668e-05,0.0003938901568290021,0.00020475861729064878,0.0011766706193157006,0.0006038949337380473,0.00035921640535793573,0.00014313888764981561,0.0002206506761759946,0.00033437615772862427,0.0002864191716014375,0.000272089385079794,6.539458366784278e-05,0.0007786035090808023,0.00047125411432110315,0.00020936750079272314,0.00043583253299940984,0.00027261177807492363,0.0001702911758911796,0.00040441038397138297,0.0002872812679015624,0.00027972431642966613,0.00029531617838074453,0.00044662546182128914,0.0003781093714580923,0.00034446933427211153,5.64689186384393e-05,0.000103258009201252,0.0003528789224656538,0.00026350970568143694,0.0002827996490850637,8.82535766777437e-05,0.0005812704042634758,0.0003980163575761253
15300,0.0037878242105393468,0.005701239240200569,0.005720694825868122,0.0008478238344720851,0.002132472349468934,0.007630402696252402,0.0014972403335876503,0.010587954427476278,0.021589821554065382,0.007967171586642507,0.05600235378477481,0.024758126819729023,0.00471331923891381,0.017593041456579653,0.007271223182760878,0.016753788491769228,0.0214950887481488,0.015565981538789464,0.007735676065619502,0.022264584304066373,0.006441738423913753,0.007009518119827719,0.04267384614019344,0.028470633386071618,0.022754190895255537,0.006330450158566236,0.015117571456357837,0.024115496102846617,0.04959508648779079,0.09361215793849682,0.02480176875018515,0.026140142693363417,0.006245548521637654,0.003123936444205546,0.006355580367299909,0.005030666092222548,0.0002122027180851211,0.0003169329269109188,6.193774226565175e-05,0.00034144447567996394,0.00028585433615455953,0.001120023829571437,0.0004910407389616012,0.0004205265852425854,0.00017390579425984086,0.0002542593691909393,0.00033391429347798214,0.0003326461354760113,0.0004148635011014104,6.862956057706138e-05,0.0009103722526351003,0.0007816155084583443,0.00021108255823492071,0.0005622636998646622,0.00031643024848218093,0.00023435487954967274,0.0004529693195108457,0.0003068477262786473,0.0001614773166364911,0.0003125739975075703,0.0006006274721585214,0.00044335883024760605,0.00043295361050426165,7.118902089427433e-05,0.0001149004169241784,0.0004764789116890895,0.0006222469876645066,0.0003469355018908925,9.343957663077163e-05,0.0006648857853950848,0.0003843866932584206
15400,0.003328737861551958,0.005804116009299092,0.009736293580014413,0.0005396543704661711,0.0028666391142307267,0.009573706342572612,0.0010810564592775922,0.011098674575252659,0.022552382312075875,0.006389337337168399,0.05992065439932048,0.027369514121550757,0.004312995337055658,0.025190111929932202,0.006992166987808613,0.015657670866251767,0.025542704760872375,0.01860680519010064,0.00641980000572013,0.02406800929728585,0.008579659511479595,0.006505043440808679,0.05163854414403128,0.021605509844448534,0.03936924372378382,0.006528425915166736,0.015577178627843809,0.030987415514876677,0.0734202346747385,0.09882121696477218,0.030603415777053063,0.03273884731326969,0.005803470199238676,0.0030199385403457835,0.006377707489365194,0.005005275914202555,0.00020878423349227217,0.000319807053694438,6.189093120616257e-05,0.00037595934895762184,0.00023626525306708765,0.0013820142485201359,0.0004476057680221857,0.00039331657267451333,0.00014790338713234968,0.0001907583401150857,0.00037854421170697863,0.000391606879738049,0.000321648687516025,6.906557403205873e-05,0.0008713606379667628,0.0006875909130030777,0.0002010677306316211,0.0004598008704213461,0.0003217068386157766,0.0002378537709029677,0.0003990729162157344,0.00020007194461868494,0.0001823471244316958,0.000257001095787228,0.0007510968998152141,0.00035873986507917296,0.00035751381003339903,6.0107532250300324e-05,0.00010707222968954334,0.0004922879634191364,0.0006321644751941287,0.00033368387230054043,0.00012434367522473622,0.0005855093658275652,0.0002848524276487296
15500,0.0033440262772814634,0.004384589190724202,0.006626062893095271,0.0006130148779518025,0.0022930851675160347,0.007686058658042124,0.0009372970928398577,0.012107308378914489,0.017789336672534243,0.006790991388697876,0.05398990923267887,0.022734392050236293,0.0046327575899230205,0.017054440065266768,0.006196516364905299,0.01444180582620902,0.023440673996360385,0.012767263638781078,0.013246290628947983,0.01917804065082843,0.009206308112411184,0.007452048681508521,0.03666257373057306,0.015066871919771074,0.026348958399871156,0.0064448758494108915,0.011134824754897694,0.02444730133599175,0.044085009268361744,0.0872915923475023,0.02463010936723246,0.03419817003528946,0.003537960385083002,0.002492110503226286,0.006127579391532991,0.003711806516483713,0.00028386689411706215,0.00032330914043334565,7.317916604361345e-05,0.0003029965066616569,0.00025054764086370536,0.0014751225935469847,0.0005387284023527173,0.00033013038180223174,0.000207104456364361,0.0002212793122648041,0.0003429216274829135,0.0003617662839516811,0.00022956831323959893,7.505317431754189e-05,0.0009640321429147801,0.0006310564914808007,0.00019571690463635605,0.00053484528756116,0.0002071456240408789,0.0003328325339514942,0.00034384612331695113,0.0002770625997072784,0.00018523558693712202,0.00024498204794116854,0.0010330609692270323,0.0004856266084822002,0.0004148212187492054,3.283994403916638e-05,0.00010916677658517276,0.0003038497575939151,0.0005672887808551812,0.0002194506780597294,8.185472597688204e-05,0.0005822490275633999,0.0003456824393651914
15600,0.0035168534308763198,0.005892838506648938,0.0061800556650268845,0.0007482770956602718,0.0019503129181810182,0.0073832192865666,0.0013695186917175306,0.013107094863788043,0.015081641142871053,0.007243452118927962,0.054298628228328503,0.019453630065016818,0.004821748030901124,0.014422609427349402,0.0053235681435634275,0.016970680761005497,0.02061507346453644,0.01617248538480718,0.011133000298286788,0.02424914041146015,0.006866295517200062,0.006835225530007197,0.055138431342784316,0.019776683778157653,0.036244492607245715,0.005313178803771734,0.011809334368550597,0.026754140741104493,0.05889879390237825,0.09485678299068005,0.026619912108872087,0.03278040773987483,0.004585566820262206,0.0035963784387202523,0.005424267483451533,0.0032467163097018264,0.00038521350807298546,0.00035518408648468636,9.77940670914707e-05,0.0003583408793019771,0.0003281195966850491,0.0019825612216664013,0.0005812229130242486,0.000416511701060747,0.0002476201881539677,0.00014553290100138838,0.00043816436440816657,0.0013576561720896052,0.0003748178611940916,9.122108733870185e-05,0.001146034668853155,0.000980320104038886,0.0003451770302490331,0.0006721087498887329,0.00029260171335220643,0.0002174810938000023,0.000580400566558569,0.0003087218133259739,0.0002448061518281166,0.00037849464209172695,0.0006491824421876421,0.0004140755625372862,0.0004989487987485416,6.458617294688215e-05,0.00015950784331329892,0.0005226581518860706,0.0009944823473883194,0.00032012423105609946,8.559109812722454e-05,0.0007276797587415908,0.00040602810113341545
15700,0.0030771609430843994,0.004734096060726895,0.007794507403256527,0.0004431509954044416,0.0021597481494540307,0.003798190044887763,0.0011501363372835546,0.012773888404184369,0.017757573066451704,0.0075392217077023815,0.05612619790055625,0.021129652699491255,0.004308107460956583,0.018699652921372257,0.007002176167417715,0.01505289092650249,0.02480285714634755,0.013348476785895284,0.006878236186042029,0.025282847160318245,0.011173144818866814,0.006943252609614449,0.05223939357791096,0.021189859376924382,0.029422077717465564,0.004282486764714122,0.015486127043738135,0.02300368949242208,0.05938144480622962,0.09847921255371353,0.029308067675932154,0.030514603160554543,0.005902856915278894,0.003703413369421046,0.005265797679385287,0.0028473134812462115,0.00011107664647026563,0.00023538707848109135,4.6921029863084865e-05,0.0003383351884167496,0.00019749126609904704,0.001299569203183637,0.0003609497376601212,0.00030227812299256726,9.41880354108243e-05,0.00015520879826129072,0.00029379758856712694,0.0004089345747502193,0.00021233348811894507,6.126322893413254e-05,0.0008313066223658657,0.0003528089832798287,0.0001196041197545128,0.0003856931150726361,0.00020868522137632305,0.00023023860855821775,0.00029058123000531947,0.00018859848728425277,0.00011136336221776826,0.00019627268877509498,0.0003582926618643493,0.0003198161044297781,0.0002953906209263045,3.825963691671351e-05,5.880933046379747e-05,0.00025741898212067833,0.0005410976934529442,0.00025912530374732284,5.9273787996971805e-05,0.0004921531693552799,0.00028910560031363274
15800,0.0037329694781431965,0.005817910040301892,0.007312829387956299,0.000637497302732999,0.0025388140951046025,0.005331935726904443,0.001056797836715686,0.013761502233797265,0.020646661422009098,0.00925900024958537,0.059090365435824625,0.022253349303577943,0.005233496323467769,0.026791247886924822,0.005765932524510016,0.019443535803778406,0.03273327555784601,0.012672418437064095,0.009485214518333254,0.032444221146482356,0.009862130667715973,0.006418511477997007,0.04919939924574768,0.025337649799621432,0.03593538878594122,0.004805660201236605,0.01727355537156156,0.027236617233938887,0.056272802098315235,0.11450703660152466,0.03276242193280875,0.0374565051729755,0.003981142620567915,0.0024809035034153103,0.007857916229921911,0.0030127798403814915,0.00016688123660538908,0.00021922496307524852,5.1152087694226136e-05,0.0003430348275514916,0.00022257645277351642,0.0015158646183408564,0.0005077511597846752,0.0004785265722794544,0.0001574234968709214,0.00018843981368295968,0.00032972999189408717,0.0005812829180236179,0.0002842284480517139,6.828687388736977e-05,0.0009522542194715173,0.0005592212978626776,0.00013533621895476245,0.0004160881959548106,0.00020396211703914088,0.0003820828017275992,0.00028151988522773946,0.00034843369121517753,0.00012592740145578318,0.00019216925284126773,0.0005405373854349212,0.00035787255728791934,0.00029211195880162887,4.52457425617959e-05,9.018574322302204e-05,0.0003111569931206759,0.0008383607341134588,0.00031139200068207263,8.29271449447333e-05,0.00048702217259042225,0.0002915814537118422
15900,0.003493788029880159,0.005947121331701055,0.011257819433618957,0.0006636299758890975,0.0022203042955212205,0.008521150373521127,0.0010060038241663865,0.01180975844167109,0.01739462275707157,0.007500849391362863,0.05648448689119247,0.019169494304837918,0.004974970194973249,0.017939933072877026,0.006453077538539861,0.016339353678631596,0.02334176107078314,0.013525848318542696,0.00933334993481237,0.02007436956783446,0.009504644752534938,0.006923732637265597,0.05299297171256816,0.01522588883829788,0.039551293040165636,0.008187729492783546,0.017852582476734824,0.03402548300255148,0.05312511768536163,0.09137042705791124,0.023479224933932227,0.0345193139420679,0.0035729625323531657,0.0033094782475652823,0.00798813115074558,0.00505314162137438,0.00017193724778807287,0.00027400703766033985,4.7112455538545733e-05,0.0003996341498577749,0.00025969974139928686,0.0009256436660507461,0.0003648114687166526,0.0005670980897679998,0.00015553750860674068,0.00016190998128422506,0.0004205824090301273,0.000770414264721353,0.0003230964274860463,6.24857392391608e-05,0.001144317635981469,0.000493829767947318,0.000154349682998145,0.0004607186719465749,0.0002728188303770931,0.0006658904651637633,0.00032387935963377324,0.0003155049362248974,0.00015831955638784874,0.00021104362373220145,0.0013377430847564635,0.00046036716843010715,0.00041676670695812426,6.083875702462866e-05,0.00013250220298586,0.00043680809310356014,0.0006789568230617858,0.00027607706213332003,8.315306649819831e-05,0.0005982094536506827,0.00033217637173947877
16000,0.004580012293346855,0.007177662855678203,0.009211449908131423,0.0006785571577403552,0.0018208619207880589,0.008372820917949346,0.0010398356356407959,0.0130913428337069,0.023054429129152145,0.010468283617228735,0.06712534476034228,0.01822301155609276,0.004036374965918102,0.02052543487727896,0.006612575707720894,0.019689961380208842,0.02157590276432789,0.011627606073500519,0.008707006752956659,0.027925606838349874,0.010070796562481868,0.007641109903358613,0.04330516527911338,0.018604065268057943,0.04420290882666854,0.006295893900096416,0.014926867214618993,0.033186363680821764,0.04478458606780109,0.09488752612061592,0.03675772034407904,0.037020543263329625,0.0036038378528688167,0.0023922131225591267,0.00552509010049107,0.004297240776525412,0.00021897194397381195,0.0003875143029290484,9.695079053203535e-05,0.00044452088889102015,0.0003347425002591487,0.0020869508407486137,0.000559594156948151,0.00046363627629225927,0.00018683601064319527,0.00018695944241114504,0.0004229613612535519,0.0007795372553971447,0.00032840633352391487,7.370017101493431e-05,0.0011632331381476364,0.0011086886740182915,0.0002917182384408079,0.0006428575812160674,0.0002681030860473803,0.0015505911593539747,0.0004440236818814439,0.00034838066585507477,0.00016148923597509364,0.0002425820564055287,0.0008782274599070661,0.0004810912288336621,0.000388961904314379,6.035018840488159e-05,0.00012837723564492384,0.0008444397395318706,0.0007968250153810784,0.0002971856840777183,0.00011992877375632816,0.0006601556864353836,0.0004441509992830106
16100,0.00296509635832941,0.004721060636694785,0.009131316173200807,0.00043764785721298093,0.0017080946674952106,0.006579175707884133,0.0009473713926420333,0.009936079082014175,0.018895250300731647,0.005810585549625102,0.060658974934478554,0.018284955272668654,0.0029783652216517085,0.012397101577583024,0.005922631408173081,0.018178055247214314,0.017943561709346665,0.012158064301718096,0.008189695926765645,0.021032081694186976,0.006154745974415093,0.005449373218068233,0.04275391329157477,0.02102781709181727,0.028712308846378518,0.004802107950672508,0.01120707545663707,0.02191438742374885,0.03384923244182787,0.08813474000776149,0.023892651395872235,0.028804120211414277,0.0023709387239180682,0.001934901764777118,0.008354325482287095,0.0027659157664337336,0.00014126906009287747,0.00016946771682507295,4.361538713987189e-05,0.00023806823799077392,0.00020979702705101365,0.000937659364353749,0.0002832061912158679,0.0003076014080234975,0.00011348694753044249,0.00015160557032426627,0.00022973204674695138,0.0009674138760544793,0.0001743177918701255,3.3625114714265116e-05,0.0006775563795424834,0.0003388887277348355,0.00012834975386795123,0.0003246705248840248,0.00020235478499169653,0.0003835849195597389,0.0002586447250211276,0.00021781749569527165,0.0001088376959330617,0.00016784304477299045,0.0005932960145704177,0.00022700781540247443,0.00022569133079741732,4.083380457330776e-05,7.145384673397832e-05,0.00033977631324864,0.00032151950498311114,0.0002335318146793402,6.749654738769095e-05,0.00037880757889131227,0.000276364470119006
16200,0.0035693094708934754,0.005930559772187499,0.009010725104114195,0.0005903726765749385,0.0019428960504113474,0.008112007365395715,0.0015619907537198273,0.01034525826381629,0.01781106738762671,0.008460068514978047,0.06746055486749995,0.023050839564626696,0.004140082903067003,0.018658710897315443,0.00589397239337439,0.017328175466294244,0.025783037167933627,0.01631347753462688,0.01134232324797527,0.023571303623029963,0.0061393351527350695,0.00773663808208117,0.04082367324425529,0.01839403064598931,0.035566634993417195,0.005349528952501714,0.01703974336134061,0.02852384775966736,0.04498120985278065,0.09148463509043195,0.02681216784112621,0.03312787465088499,0.0020630307150082236,0.0022806974742030266,0.007171332274285507,0.005570994187239974,0.00011503227835275634,0.00021612288765027188,3.0145015634241054e-05,0.00027066902646311064,0.00016037848642331772,0.001008609568089014,0.00034746325709420487,0.00031410674833559345,0.00010190062158998396,0.00010874046736911884,0.00025299560953148133,0.0006452712302404962,0.000173227977954631,6.169389792954793e-05,0.0007588070551159594,0.0004255208270175596,0.00010453016056999331,0.00041257736573206043,0.00016597177514556498,0.00020449992759743262,0.00025879119423353266,0.00019118095133308088,0.00014111752531991643,0.00017591849421548362,0.00039512777523971937,0.00030755359716383077,0.0003648244804160775,3.927353998073863e-05,0.00010436391635772047,0.00036520342693218885,0.000752495998312952,0.00022519830515519852,4.857932481172611e-05,0.00045812977901625666,0.0002603260192699963
16300,0.0031379359379325004,0.004173661422639809,0.005525646100674446,0.0006125019806999122,0.0018462430864157704,0.009092746036393302,0.001477595429693587,0.010326185526769133,0.015777692426886862,0.00813619598193327,0.0708560415376179,0.022601018760965694,0.0036488057400371567,0.015559631432882848,0.005380985671966782,0.019619992259928647,0.01563280591931072,0.011948604855091086,0.006551447810904522,0.020032837338124714,0.006029755133260131,0.006321168368491011,0.04465727691693852,0.017017166901011176,0.03915448911293569,0.005207998328842223,0.013977768344932796,0.022943562292008817,0.059548355690682966,0.10492982812502305,0.02650792860755852,0.03589582999792093,0.004394683598167586,0.0031339009810201174,0.004874063241004478,0.00471636802948134,0.00028234443075952616,0.00025731631434279154,6.804523973981753e-05,0.00033171405516441155,0.0002628492001775235,0.0016108503077703062,0.00046638431522296744,0.0006065632675783586,0.00021899803775197237,0.00021941591403447093,0.0003360891335097748,0.001447318191623026,0.0003510840863954995,8.66704642083443e-05,0.0009244259541027042,0.0005044698673373205,0.00020845750550506635,0.00044956117147064233,0.00032343860791648885,0.00039472469126683956,0.00042774807221693695,0.00038651239992759656,0.0001950966727185409,0.00026000641762668515,0.0004981601531956888,0.0003701962298921615,0.00037806063905750136,9.730921809776946e-05,9.256850090524595e-05,0.0005229322119325311,0.0007244853227997997,0.0003665353364681323,0.00015178980424934707,0.0005761261533941152,0.0003296025563031435
16400,0.0021820791564489293,0.0022448014416214493,0.004489276596965889,0.0003599648390193649,0.001299903310828546,0.004584542600371476,0.0009189712945513865,0.0058845316972092766,0.012021315018132497,0.004923740067170002,0.040544730002480205,0.011010827104080224,0.002749296121085839,0.01319809912588839,0.004222462527093953,0.009928710586488402,0.01415656739308837,0.007438097730105083,0.0047945220472424156,0.013901922547374853,0.0038753246058499478,0.004236735751679329,0.026012005669763312,0.017254290712662622,0.022737348546682384,0.003624196513555944,0.009046497105960189,0.01581598264844312,0.024832212277482647,0.07103982523978865,0.014514294188023389,0.023372379722646795,0.0017300849434561244,0.0016141775278895715,0.003298460295910546,0.0014002074350888247,0.00015753370903918325,0.00029280527203148017,4.3375317450528494e-05,0.0002982103274007386,0.00020470984712003283,0.0007109938896974199,0.0005123101711433265,0.0003743739043305763,0.00012438375059374313,0.00013710845276234198,0.00028467680337136,0.0005167128047958158,0.00024508103958145635,6.503601252916269e-05,0.0006874321538606847,0.0005584326636380865,0.00015390827211376746,0.0004573621624461209,0.00017719313686468703,0.0005240412531499962,0.0002640812121445447,0.000191848644590209,0.0001540906718749587,0.00019836183213416147,0.0004537055208250725,0.00031356168218495947,0.00026712875806980365,4.804719096150088e-05,9.087195535863025e-05,0.00023256430873728974,0.000609574835055225,0.00023822984733655057,0.00011701531809649168,0.0004210341139543682,0.0002744506153248949
16500,0.00408025885062179,0.003980965393431553,0.0077445851056836545,0.0005753380870653648,0.002373343216587975,0.007768917446290808,0.0011990303369789363,0.011336795058656101,0.020652645991918413,0.008092437205050373,0.08921758933344937,0.021411895486269306,0.006043132310658235,0.015845912323239838,0.007024134575840435,0.014574115062714554,0.02549050104495282,0.015351866428295292,0.008535797713973028,0.02393075987813063,0.0068626100057652085,0.006637867951212684,0.07038552050401146,0.026895316522253174,0.049044176000207364,0.006551086506806314,0.01930718396960724,0.023007065392448567,0.0523612069311853,0.13300546669462723,0.03799637417590323,0.0352325224319849,0.0038007635632810047,0.0030386637427423117,0.007036247535223892,0.0037857237734897353,0.00029174301653256407,0.0003271945302416994,7.125522569071744e-05,0.0004428456861660379,0.0002949940256843199,0.0013544929679483175,0.0006458778603700921,0.0005923245080339257,0.00019464553852709574,0.00015824485440459415,0.00031927451003579526,0.0017428369828564882,0.0003419547388148203,0.00010038820073532406,0.0010023007076667384,0.0007997118364073685,0.00022525016247527675,0.0005752182853994986,0.00021054958007629592,0.00036342910764439944,0.0004333576628117151,0.00027138001587445615,0.0001472023803804253,0.0002484320332979013,0.0006905722121397655,0.00033611633410791616,0.0003754363658151339,9.745443509706781e-05,0.00015513506473831108,0.0005543027935747485,0.0007998423451291663,0.00027223370626239967,0.00011504459166644665,0.0006334974221760963,0.0003308330778963864
16600,0.005104884341661189,0.0071340371731720455,0.010975107390549965,0.0009311566247001443,0.0029736456939806174,0.008388224128533952,0.001644268012363858,0.010673833195908753,0.020735314003887433,0.01016047937082476,0.06476551737531411,0.023421387376643274,0.00587644190201183,0.01996154650634818,0.008733663254315616,0.018463380756050658,0.026647625789337326,0.018402921962419147,0.009939426606121873,0.022386849028989672,0.007154466589599906,0.010233790110110672,0.05670408592869838,0.024775660210919644,0.03831045609822179,0.010590538941323757,0.016891202335705936,0.0251889450737508,0.044445748350357035,0.08757151589780997,0.02599543566912568,0.03350827009238016,0.00495244903085607,0.004905593632936998,0.008855258935202275,0.008513070406219672,0.0002032418201212606,0.0003342475420140545,7.361667100218278e-05,0.0003925470691683586,0.00048824770668885476,0.0010574561274552252,0.0005869469554454554,0.0008450002395348795,0.00019223895952133095,0.0002664601386186405,0.0004006877144140737,0.001171993570906693,0.00033923962125519553,9.409598388546411e-05,0.0011786715140750367,0.0008490350452727095,0.00017424045727238991,0.0005557243235596949,0.00029819770805198493,0.000394798312878596,0.00038895604775853013,0.0005904628642383614,0.00020556100967420812,0.00025421746314140576,0.0006177912971907062,0.0003988820903770673,0.0005146827131654761,9.388500480527655e-05,0.00013146459686039534,0.0003718293853019638,0.0008379981232532632,0.0003779800176377443,0.00015398842606373364,0.0005839175996736245,0.0003871369615808362
16700,0.0027922613617930264,0.003539871090281479,0.00494066733517684,0.00048543492130193044,0.001453780394881563,0.00592699328886478,0.0012965124179690093,0.009923299391612447,0.014288312390161519,0.004056880425196141,0.05961498041402974,0.023271976959816185,0.004912163993029742,0.01121442632839634,0.004031691643638838,0.012894811137812212,0.015680426217971086,0.01064367651905499,0.006796255547669716,0.01584192568125824,0.00538475235151474,0.0040612187663100485,0.04372527733134727,0.02638381342573363,0.03450891160034752,0.004250100161880255,0.01223669871709013,0.017758314352249727,0.04235142805076012,0.0817001583412592,0.01838539132993901,0.034756051210794024,0.00356265230273432,0.0031433269044967792,0.012181135664933309,0.004075091626126388,0.00021223524748548747,0.000393427078299944,5.59550754910944e-05,0.000411928496305336,0.00034707452350437267,0.0017032487157848664,0.0006779955416277517,0.0006537917120831002,0.0001550409991786613,0.0002010949783815314,0.00048743715620858303,0.0007351105671631331,0.00030157701990149156,9.103648170077412e-05,0.0013396823334915098,0.0005404727262430242,0.0002013730405451497,0.0006604071954361458,0.0002980692995057827,0.0005209435084080641,0.0004745377804459666,0.0003149320687043655,0.00021437042039451626,0.00031869379633392853,0.0006041973089547051,0.0004943793805110271,0.0004607721087908161,6.492854610875945e-05,0.00016333863297606714,0.0003551319536341766,0.0004662922448395485,0.0003026786203751301,0.0001480968875284816,0.0006870771363889211,0.00044357879014569337
16800,0.003406804213473397,0.0047236866548364224,0.003935241198632866,0.0004901843660403616,0.0021719299490737458,0.005677674171498178,0.0017030917658831318,0.008908022338907947,0.017473887880660646,0.005125935913383728,0.060667578229769765,0.022340622527049072,0.005191011912150619,0.01596666051872572,0.006506424782641903,0.016780490598951776,0.020085530783814778,0.015643577454641133,0.008791894360911101,0.019954264275729657,0.00559586505029214,0.005896054737084861,0.043419202039949596,0.018038983555258407,0.032678503616591026,0.004070553393103182,0.014736642641207342,0.03225347810863847,0.04882370022173478,0.08729548444065469,0.024921116334347366,0.02858500461913466,0.003134385090594203,0.002486032024535234,0.006011345756835201,0.0033248640239175336,0.00015643675189829466,0.00032879768183523663,4.4850558440950674e-05,0.0002808190897667373,0.00016615238201724269,0.0013197178577684099,0.0005335808520612773,0.00034504409320920546,0.00011962856368355509,0.00015126153988213834,0.00021075242495913828,0.000543540523992192,0.0002871299912009096,6.567888360884602e-05,0.000854177409382828,0.0005058096365549621,0.00012359327629383188,0.0003774009449870744,0.00021160146338686524,0.00025473378627793863,0.000265674717372339,0.00024968389288915205,0.00014554396885715606,0.00018882535734799323,0.0005504736976339094,0.00034776733996576823,0.0002896176819107226,5.894572952481237e-05,0.0001026747213472845,0.0004089412923231184,0.0006794697565055685,0.0002579412310960687,9.429261478999251e-05,0.00039539723572389225,0.00025762724035303106
16900,0.0035029041296798526,0.005082038162207162,0.005440786730711504,0.0006496784234444091,0.0018854628896279573,0.0044460909890144,0.0016460106644738135,0.007123167760808286,0.016739166219504345,0.005632929878629511,0.05324592964686339,0.02585914918010382,0.0050552354179231,0.015084444779252712,0.007843614530771875,0.015699580922955647,0.022203468201734636,0.017106099494827227,0.007676471480018725,0.018483166369066262,0.005494626203653752,0.006364818086435012,0.037917186374155185,0.01209444694056098,0.0298740222869027,0.005993338255211711,0.016908914219158994,0.03218600819188092,0.04578258897492881,0.07883971472502678,0.025870360476934973,0.03375968504517984,0.0036659756722048522,0.0029558914443335855,0.006597072462884373,0.0025067638479023507,0.00020176535554726702,0.0002745389328993042,6.890901306907112e-05,0.00026566182191345433,0.00024011245576527104,0.0010947405735350912,0.0005993390848743729,0.0003628554096442378,0.00015114942408744306,0.00021324426159188598,0.000298404448593621,0.0005093431345954968,0.0003046160532229461,7.460529286618112e-05,0.0006317569241918346,0.0006819997221706823,0.00017962422498385422,0.00035187335145435227,0.00021682510788227302,0.00013902261740771462,0.00029032757177652283,0.0002744038047239883,0.0001358378304037918,0.00019320265674440843,0.0005433679310954176,0.00031809897332853626,0.0003814404579787623,4.789133319988921e-05,9.903022651592942e-05,0.0002998724263519549,0.0008553059768538722,0.00023825270650120495,9.616954378088849e-05,0.0003645198030579256,0.00039274190821743106
17000,0.004254774273323238,0.005346214288793918,0.009551312691958932,0.0006562478440173436,0.0019117784449227207,0.005385968459969652,0.001976461603839374,0.009887956990888935,0.016424161243868425,0.0060490486612252425,0.061583750617882974,0.02318591680642032,0.005098752709631243,0.01990235488825199,0.005828135828136617,0.0196004479706365,0.02177247401379559,0.01803530404444407,0.007959374216235509,0.02359318003213654,0.008893894646630193,0.005866327142809625,0.03713155207379411,0.01876130424813406,0.027007515256252466,0.00845113368704915,0.01102435234799721,0.03755385064141592,0.06280323792598211,0.0837695941820951,0.025928211651335006,0.03050233687211473,0.004625176919498349,0.003683727965454996,0.004659849883965863,0.0029303576969011503,0.00027348505347234956,0.000274787626122733,5.999210042406399e-05,0.00026706788014507765,0.00030365770233382796,0.0010000167567341123,0.00042380684844829376,0.0005977660324501094,0.00017342290646315392,0.0002450442592492306,0.0003483360072638326,0.0008898972209721023,0.0003538036899985384,7.437674519844057e-05,0.0008105642492899698,0.000551707027473943,0.00014385296744876542,0.0004501298278358133,0.0002744012997246845,0.00024837869419901506,0.00035247660375178934,0.000305772400679416,0.0001816169220647781,0.00021298629256377282,0.0006140729585846808,0.00035723805717557836,0.0004197301572680266,9.080393417887306e-05,8.633619290776551e-05,0.00031193405609812613,0.000694025480957602,0.00027769633628475923,0.00010631128157001513,0.0005251155678156426,0.0003476935504295398
17100,0.0035842915369996902,0.005707109143259004,0.011619497992796823,0.0006042944214361621,0.0016810277209031806,0.008541491223565702,0.0012895617815047444,0.01186741512741291,0.017359913617538848,0.00952343500830466,0.06401572098242647,0.027526060890485662,0.007186881022018056,0.020154639876195826,0.005420274674842778,0.019930924972868524,0.030421459438609116,0.014622743100022213,0.010679358105075412,0.02215024082455784,0.007628364171236731,0.006544880708458679,0.061007857002162685,0.020123080807752557,0.054305326632784846,0.008829809026792645,0.015400954894967952,0.030467200360969098,0.048344038025842404,0.12357688470787721,0.03076867247912257,0.04306353097602438,0.0037427951447870536,0.002433752369502462,0.004258745531640468,0.007576774779278951,0.00022322327811851115,0.00026093030258132126,7.340846679450904e-05,0.000337388146590456,0.00025029593242873084,0.0009805064946704078,0.0004060931329149753,0.0005083434491672577,0.00016629631408202265,0.00012792631428055757,0.0003453812532745615,0.0009065367082499165,0.00032004985740153143,0.00010739120989455841,0.00082668917414664,0.0006659641906783994,0.00018493819152354263,0.0004498809090475742,0.00028172789530674043,0.00027797436219274954,0.00033981225929422974,0.00028103777003707364,0.00021513019225633597,0.0002672609379610199,0.0006483021616683497,0.0004152867783852676,0.0003829828916861044,6.944601776561833e-05,9.335415759576588e-05,0.0004027303298775601,0.00112585239704848,0.00027009441285027574,8.233038431626483e-05,0.0005631681556032996,0.0003410747011002968
17200,0.0024750760438453996,0.005989066756295937,0.007330163411097601,0.00044657170524610245,0.0015870965877022886,0.0056920225574036264,0.0010758980263216795,0.007792797387154161,0.016609376783890184,0.006906627011630917,0.04968303348294195,0.02037739403229872,0.004061141590213854,0.014187250377951634,0.006339021443872137,0.01891427418740932,0.017185016762163115,0.012267683565622502,0.007324043046017843,0.021944371363691366,0.005907375937665795,0.00577683645081249,0.03851508443709463,0.013016494576004334,0.021287528914399445,0.005235034739598632,0.010356671986477111,0.023618921856420155,0.03351316586040946,0.08965903577782522,0.029481133694935123,0.031902453396469355,0.0037309821698534927,0.002395735426753797,0.003942989801241008,0.004520015813211232,0.0002242049451859585,0.0002394025932517252,5.6549034704666295e-05,0.00022826614849691396,0.00029280006425866075,0.000861328813698492,0.0005402504006269737,0.00040887502482770576,0.00013670159511859406,0.0001391368548281337,0.00037586356128677405,0.0003798216828982959,0.0002982347213344775,9.116059428296549e-05,0.0008022819564547927,0.0009435049981523965,0.00017965901533898432,0.0004062173800553048,0.00030810942233325353,0.0005565081909563477,0.000280103620332406,0.0002035138854807883,0.00018441628234692567,0.00028102838139322837,0.0006502197960799094,0.00030431969012610237,0.000254253699697276,7.192154677451637e-05,7.974981559123585e-05,0.00037169007517551614,0.0015588429248184963,0.00028385447712348503,8.330501589171035e-05,0.0004357790300115589,0.00035789999856206123
17300,0.00437564818025134,0.008061955425310534,0.008711009237837667,0.00095665601136436,0.0023266776867636,0.010638745268806815,0.0019870470881165427,0.0161786441258657,0.023310955447517632,0.011980463794316165,0.07512353592190063,0.037173061344108235,0.00733187933149042,0.025121531220396388,0.007855237091537086,0.01973888602272685,0.04326223564099304,0.015356171890191403,0.013572647747683473,0.029558351450444508,0.012999048337895567,0.007368205397402302,0.06919240289988617,0.023743964988777105,0.04938545889412386,0.006185274105519056,0.020996745910451864,0.029651216973434202,0.06689580689648317,0.1337066004145468,0.04833010733864891,0.03979153483389662,0.005391068037200652,0.004809251160199786,0.008771234764329469,0.0059774553238379925,0.00041863447284796215,0.0003433839880348056,9.148036190938921e-05,0.00038082210835455044,0.000518162589829212,0.001921793747897027,0.0005871272485819645,0.0005244448833476973,0.00019168457230606643,0.0003924768511231897,0.00040854798071290644,0.0011330579717423461,0.00033073029165060346,0.00011865542521925157,0.0011909167867298282,0.0008322286630573217,0.00024692493898328396,0.0006643694011602617,0.00036897161721597137,0.000540766952987972,0.00042977308284432466,0.0006129076691649971,0.0002474166562112461,0.00030542382203118626,0.0007789476228936109,0.0004771325323011991,0.0006301023181044406,8.69793037685389e-05,0.00015273378408488093,0.0004557515724379548,0.0016417405115914465,0.0003117030751897595,0.00017442297826164577,0.0006416603637797594,0.00040866460440156514
17400,0.002565854129922652,0.004548948802510966,0.007827102524364212,0.00047790121561075254,0.0014695471225284655,0.005472779350904082,0.0009250045972616898,0.01254305142855646,0.012293752900393284,0.005690631416655378,0.05152903815708411,0.01373250261289917,0.003389817445140304,0.015726390281170923,0.004753752490507716,0.010525335590500617,0.021011549742286747,0.010180852289718304,0.0057271880796179175,0.022289453980629332,0.0046058357400397655,0.005161776862548452,0.03417347685511534,0.015168322419655548,0.020687518660293242,0.003841585572808981,0.011216978887293203,0.022120956595244934,0.030063534740988603,0.07251534681704323,0.022604050838078062,0.022602361990720965,0.002497490689329687,0.0021410485086837366,0.002791093010374526,0.002341180121837689,0.00024111713497931256,0.0002963208707197654,5.101064443628472e-05,0.0003453205662253822,0.00026114552309159175,0.0010933261592072085,0.00037411625980894315,0.0003726358338673507,0.00014748365240034456,0.00025691543340989096,0.00026347802070615634,0.00028025768514794436,0.0002776252054500533,8.315044930317195e-05,0.0009897730872860569,0.0004907030916001531,0.00018703810674196574,0.0004344531875065105,0.00028774165899637314,0.0002565771569193616,0.00032051890589808793,0.00027082526139565744,0.00014614409870085233,0.00020521039463906513,0.0005478045290753168,0.0003148963186496926,0.00026253461257713044,5.503435680086998e-05,7.485652390136642e-05,0.00026487385406795367,0.0008798391962565282,0.00027732396456082325,8.891270317690214e-05,0.0004953469343498367,0.0003867464736686088
17500,0.003606640895521048,0.00620330772006936,0.008948927953800498,0.0007384119867100918,0.0014739524300653734,0.005082470747376127,0.0012697126993360495,0.0171602368932594,0.020896789256525314,0.008153413291438483,0.07615710521601197,0.02906742972459606,0.006014817879380037,0.024135225846156103,0.007233953433933493,0.024009806254374173,0.04187236500997858,0.022583574825850657,0.010337240835984371,0.038210756157447276,0.010746653015443232,0.0064433682526734105,0.06173044986246774,0.02510498568917683,0.041583248523931526,0.005960666760802269,0.018935102647388232,0.059234658103378024,0.07891156693273361,0.14083471149065335,0.04035316630829281,0.03818085399689153,0.004514948788408464,0.003132907254164524,0.0058552969308544155,0.0064332780693803215,0.00020408404354480138,0.0003566927718400786,5.124249459670984e-05,0.00043739978264056845,0.00037622233573645335,0.0016318814305122942,0.0005882418750843499,0.0004893777567256046,0.00014725450007398123,0.00020754951881209698,0.00047687570663344417,0.0008312143793176574,0.0003427653700861089,0.00012526461283745118,0.001220830739377841,0.0005258668282597986,0.0001399810589646222,0.0005033805113902306,0.0002955769721603278,0.00041713101663018193,0.00036439541913897564,0.000271807208264363,0.000181486306644274,0.0003127073335375686,0.0006931133423980403,0.00040489020278572195,0.0003760272101553036,6.559398928828585e-05,8.343065302243404e-05,0.00045694341413575067,0.0007372791868484845,0.0003612940409663767,0.0001729309335587459,0.000584278680672018,0.0004002253466751426
17600,0.004482083000078313,0.007072235092184403,0.012731899643161645,0.0008702462431616508,0.0018164967713104648,0.00886666979308107,0.0016595614419671737,0.016799160271914967,0.01622763871724785,0.01064095690890099,0.06666168533761434,0.02778221756812038,0.008553161945504447,0.019157289410941303,0.0071260405617923584,0.018153416220836032,0.03218834279080814,0.011671662388098296,0.012811308963656691,0.02307853090343997,0.010412451293772253,0.010435818569801216,0.0511111568841928,0.022479354292348337,0.043129021160735095,0.0065367622300982475,0.026406287251501775,0.02625881174450721,0.04889839878100354,0.11178955428817237,0.028280297536790993,0.039426201582850456,0.004037573861792838,0.004505426577071735,0.004575912048797666,0.0055813305953051895,0.00031600942701228823,0.0002884370438881557,5.0548970244310924e-05,0.0005836471385691766,0.0003705986026885667,0.0010759116212284425,0.0005602290397291654,0.0005928231338609629,0.0001960867151434573,0.0002578699076301356,0.0003936049745773249,0.0013375792244616491,0.00046046804707908326,0.00011936684400511281,0.0011210974669526106,0.0006895932271315056,0.00013713396547245793,0.0005964989581190487,0.0003419310633034911,0.0004695313397281676,0.0003989695027661172,0.000377351245333557,0.0001657378157094374,0.0002937644457373468,0.0015327627889443344,0.0003829574445350567,0.0004075041789730204,9.702478823906072e-05,8.47025898514807e-05,0.0003972616517070752,0.001045369417884753,0.0003797066802679095,0.00015797704077158414,0.000573789636238122,0.000472925124631729
17700,0.004271129188644998,0.005511188491019075,0.007629646803252399,0.0006873614823724403,0.001859475323841782,0.006557070791521775,0.001250037002489168,0.012619411768551515,0.015937262694104545,0.006171293447550852,0.05663068609759154,0.020015445599488067,0.005819750362372195,0.017968231377656622,0.006036449384576853,0.018220465800065238,0.023976046437101536,0.012908348663713005,0.008433742793775829,0.02616782084844696,0.008124775738668598,0.007876494778039549,0.04084632376131291,0.012186589190241648,0.024943240515673846,0.004815546656027436,0.013663613485644623,0.039322468806858524,0.05010199515963905,0.10108946243171006,0.028201293126427725,0.030093521999123577,0.002763055295723951,0.004178615763944541,0.007346089566352829,0.0030187319457581907,0.0002629765662947504,0.00021814706302724187,5.044993732767525e-05,0.0002729180089318106,0.0002580604439746357,0.0013139452703399002,0.00035801763442577794,0.00038380454574699367,0.0001493695361013555,0.00016562229565774292,0.0002584319660392092,0.000711540423431245,0.00022465917452885558,5.376547400456647e-05,0.0008926902293821443,0.0004887782433797838,0.00010378878614574205,0.0003878761992605085,0.00024741834442528637,0.00036389013902490575,0.0003490966781257196,0.00021523300938497414,0.00012771302776412894,0.0002186627267012507,0.0005291640940413344,0.00034335198716856026,0.00022465163526787905,5.256878985410613e-05,7.081546290363703e-05,0.00023260368836961246,0.0007796498503012117,0.0002381461057915834,8.193732850259039e-05,0.0004663358630131668,0.0003048977643629769
17800,0.003804948388770336,0.005646838600686924,0.010179069295797186,0.0009647792157361087,0.0022095322032028787,0.007648052639394466,0.001551482020820385,0.015027383493040414,0.017752124606138037,0.007298720458493335,0.08046607465992027,0.027601257757480048,0.0047864389621695,0.025896063191987305,0.007304345126441844,0.025056865182705224,0.025354292342810714,0.015771444699774154,0.008556946642264458,0.03466964323190041,0.011036516093106631,0.01002616138690168,0.05134992328705266,0.024537438259479436,0.037367655547328356,0.006039263820275665,0.018704627155168584,0.03455049768429793,0.04375971031532733,0.11054239981956104,0.037872947842115534,0.04381363315937611,0.005435220102968357,0.0036939371397196274,0.014931130725825723,0.004117103143471468,0.0005119364918755309,0.0003014977489576929,7.178066531985195e-05,0.0003739794188959422,0.0003520756009986647,0.0013788947526336415,0.0006323287783743581,0.0005586135182391828,0.00019187243511911028,0.00016541543315530102,0.00040580498941716013,0.0003594648394980027,0.00030431419799211215,6.685748018174887e-05,0.0010377839062130079,0.0004414181360819687,0.00014110980773693882,0.0005122061551706533,0.00032549653311936456,0.0007081956388322975,0.0004138617783140827,0.0004918055001326138,0.00015671066229098565,0.0002538850919825983,0.0007754739027101702,0.00032100988483708406,0.00038075832704904586,9.13974329721912e-05,9.799222769086353e-05,0.00032595542120066355,0.0008191754921946475,0.0003249193424333117,0.00020325635205153958,0.0004929514825791649,0.0003444218273216393
17900,0.0020961976347403048,0.0033459728890900603,0.005541153948191398,0.00048074411722784415,0.0014524941717250909,0.004241692710950572,0.0011023221639539593,0.0091984307050463,0.010549501038382649,0.004672288276196923,0.0575015218802699,0.01725583839050865,0.003513008165596561,0.014084305688811583,0.003725159611691625,0.010866447989731872,0.013841858340085656,0.013707754845050152,0.007589718501549214,0.018142574943679695,0.005044835936580337,0.005414733421665525,0.04840819441480562,0.01247475412710628,0.029477556551033297,0.0025479731149971483,0.00882061531114408,0.022666017703765345,0.04148110578586484,0.09209749496186569,0.02037072961354473,0.03217355988454074,0.0021726021258180375,0.0023265495869858317,0.003909105033219223,0.001646252584838034,0.00021529458143432797,0.0002088467363963983,5.044138643518318e-05,0.00022539586666425748,0.0002171808002381016,0.001019548313706764,0.0003696910342114279,0.00033894934222189477,0.00010762520046946041,0.00014594988201516962,0.0001984902561369445,0.00027916902848090785,0.00017530573769237952,4.5199897902586436e-05,0.0009055880738182728,0.0002740008715894267,0.0001070199505193159,0.0002856238971450081,0.000251270262604772,0.0002461093234325579,0.0002131531802602225,0.00023557005397378816,0.0001150753404001787,0.00018769345113189327,0.00030119325335059934,0.00025579854986630066,0.00028259494331871757,3.926411560408818e-05,5.896487972576223e-05,0.00015314233776545923,0.00026969221497503374,0.00022883442761117441,6.692489625947928e-05,0.0003981248771403344,0.0002475885668900446
18000,0.002173378080319585,0.0036966947108912455,0.008179713414089443,0.0005358564659847896,0.001810066495578857,0.007219659530424646,0.001592221708051511,0.011248209842568602,0.015524310110685051,0.0062004332794458605,0.05536886785027749,0.014384677536011678,0.0065526804237654715,0.01738140447240298,0.006265073580845423,0.016010242128686514,0.022999402649605014,0.015591756694897114,0.010829360538212183,0.02096700990688987,0.005490238875525112,0.007994772046134,0.06388260019710287,0.018692099840215328,0.045319234560814776,0.004876719345338643,0.012647544660144523,0.024694356787222205,0.04523519093157066,0.09207604691560377,0.018526649295235984,0.032654231642552004,0.002193993595955572,0.002681168354810811,0.0052088405928872004,0.0021829040316723486,0.00043205872939803446,0.00018875520055933686,6.097990265595717e-05,0.0004135017118187534,0.00021241326757543457,0.0011407852252887096,0.00034459828748367727,0.00041709839661052683,0.00013423806949025387,0.00019027483260418063,0.00029242069900136444,0.0009532379577450456,0.00027832167213624607,6.571181417960112e-05,0.0009074187788708234,0.00041499384269627626,0.00010628712061588885,0.00028149597524969403,0.0002478005521723013,0.00025869931340077363,0.0003002930396432539,0.00022725040435034316,9.937867160185003e-05,0.00020901521577868082,0.0005922863225957068,0.00022642808579270403,0.00022576479561933042,4.221768040839084e-05,5.783062058779049e-05,0.00021828030525308326,0.0005756618666055147,0.00023351651499810503,9.041320197411551e-05,0.0003771309574014075,0.0003027906670467928
18100,0.0035800094673185093,0.004222985553227503,0.011377283226465806,0.0006879821063473803,0.0016111432502574517,0.006685072472984237,0.0014187877229761075,0.01409394143653723,0.021005468979246527,0.007467223040293902,0.07576764014766575,0.029956926355151486,0.010599094540917908,0.02271352903930661,0.005990872635800983,0.019263466017340154,0.03726480919361902,0.019857989599828055,0.01186399206718696,0.029022790402329215,0.007641075192273443,0.007959146272696671,0.0684787378173011,0.022911037289789722,0.05849959676480568,0.007178500387817621,0.021191893131476864,0.047733131386242654,0.04841267603127669,0.12193856629892252,0.024551973966687606,0.041583340894878626,0.0035146310265758984,0.003887624148435777,0.008898380408936646,0.002546001683802907,0.00028848575192042566,0.0003823911882301962,7.503988524467238e-05,0.00045725879294877814,0.0003876656001930895,0.0017993199617194477,0.0007687387569603743,0.0006555578112104405,0.00018898073879092026,0.0002696371102534353,0.00047575554318475614,0.0007807590004063059,0.00043211381078686704,0.0001833470572488626,0.001260643663072887,0.0007460545857611578,0.00019220202921133023,0.0005760315928325456,0.00037484990477016,0.0006022499502168185,0.0005024989599777293,0.0005269901103019947,0.00018432810422079152,0.0003312143042561589,0.0011435517740513508,0.0004527451170478373,0.00046102160043422674,6.43276683841815e-05,0.00011354433000734489,0.0004308203653588909,0.0008163485477520485,0.00038237184086696173,0.00013643061242873955,0.0007924757343566509,0.0005383174175221939
18200,0.004402825532746942,0.004309617537526517,0.008085681222534427,0.000568763816786836,0.001783212380901147,0.0053532956434147695,0.0011098586800867892,0.00977686741323708,0.016462300245390755,0.006021751967637101,0.053057101609962874,0.020647858597376213,0.004417576198730702,0.023305711121021446,0.004409347682132434,0.014979359868448228,0.0241602473610588,0.014423629497045273,0.011573895824507676,0.02406280658324249,0.0063373921457381445,0.0076755812740105156,0.047323398600177216,0.017091117107944833,0.038581018749691935,0.006240646983496845,0.012998372880071158,0.030273416883270936,0.0448835035215084,0.09162019090604924,0.02443587253607499,0.02976699964179156,0.002641990118092963,0.004171552868070268,0.009207884716791645,0.003034251012585238,0.0002436135787200711,0.0003513918930945114,6.937741576243149e-05,0.00026660093362806947,0.0002924018291955787,0.0015027035369712394,0.0005436129169538618,0.0003410080637063641,0.00017004608655138566,0.0001907085408902276,0.0003462517735714069,0.0003356269377263743,0.00024651568444290924,6.451152975469913e-05,0.0009806362527412533,0.0005909308529226109,0.0001412567973602563,0.00039175915347242356,0.00021540029392154198,0.0003027777472446112,0.00037098983714821117,0.0003477029704299639,0.00016070600941652124,0.0002606547252071323,0.0007146615384651038,0.0003477792668329658,0.0002950749706845575,3.639511828418813e-05,8.057817851497223e-05,0.00020995798336293596,0.00047823599327654975,0.00026093251007032155,0.00011261455182420832,0.0005619708429495565,0.00033998709041043184
18300,0.002785993303749254,0.0038325386984204807,0.007331950017639126,0.0006247821725432564,0.0012603261406460475,0.003716598086092355,0.0012294683445640158,0.011111881302164037,0.011960354867910552,0.007376393576123519,0.057559982984165814,0.0225121654750591,0.005246606510781655,0.01976396392626956,0.004360568282123388,0.010856416626969198,0.03311492672634943,0.0110220745658278,0.009473589369528261,0.02449318252969533,0.007945470574052775,0.005132587456370986,0.04934182264221211,0.024309435478789963,0.03416041843546924,0.003790738875977695,0.01056350604422703,0.020291161442704226,0.03261628986459554,0.09283466647438247,0.02047069857013412,0.0291708009944369,0.0018620740597856849,0.00250057603701608,0.006158592752197162,0.004446841271406551,0.00019209314160961136,0.000319266418790159,4.666342079236715e-05,0.0002875568861782085,0.00026891439081959726,0.0018575444591988344,0.00048168152934522366,0.0004931418327607006,0.00017766041787820684,0.00021199259809106608,0.00039879140949619396,0.001212756857455588,0.00033555321345861086,9.487140716208324e-05,0.0009896147739709704,0.0006759246742452282,0.0001420588840119308,0.0003613504478770275,0.0003296159073466572,0.00020248254540175284,0.00031066736186579464,0.0003124694212601753,0.00018264295259958394,0.0003012664521660414,0.0006073822912488443,0.00034226298882620014,0.0002992343233085261,6.879784229551644e-05,6.334178417293717e-05,0.0002411492308989158,0.0004440492287228283,0.0003048368622860527,0.00011821158420843858,0.0005213442747478111,0.0003085200285568135
18400,0.004759545805132507,0.005562500237526062,0.006999970542286367,0.0007303238395811954,0.0019490067297047522,0.01068383060295933,0.0010355505422217726,0.010228730341123975,0.015226131635187547,0.005119843506690813,0.06031959371269037,0.01987916320464063,0.0046170732935989335,0.021361991697851794,0.005145969188871437,0.016563815292708266,0.03263567428941661,0.015285943334928088,0.008579951141395472,0.027608100773456195,0.0066952743329168765,0.0066707879385441106,0.06070487384218723,0.016885458474765375,0.041661094502376816,0.004720461810939014,0.011003198619178992,0.027377799857883172,0.04224851580511313,0.1054527450414166,0.026392553588375448,0.026656961442383293,0.0022847625800619218,0.002786055562505363,0.0056601673521880815,0.0017781950251186832,0.00019222520122758922,0.00021938288872744042,3.270883650728422e-05,0.00031386514456244186,0.0001827481871835497,0.0008554704254493117,0.0004098860103113111,0.00034739778919557515,0.00014565125905056974,0.0001280998649398108,0.00033183858427595655,0.0007775804030814015,0.00028366796750403943,7.037312628778058e-05,0.00087857850578355,0.0003986271623640884,8.495887668686919e-05,0.00036532144392311945,0.00024355372192201623,0.00019870171986853663,0.0002197224219989655,0.00025272834363931906,0.0001138255816562782,0.0002150867600413711,0.0006690602656211316,0.0002858336890192986,0.00024574954794068753,4.0378058909621496e-05,5.238243466010317e-05,0.00022124874299919752,0.0005285324262201487,0.00030631301299051974,7.833347581254202e-05,0.00043566369087417697,0.000261166878772201
18500,0.004709811832956778,0.005503782487250175,0.013509884777401263,0.0007617527818393473,0.0028570565073441456,0.01263785211735272,0.0017450837347701786,0.016162000416336336,0.027528342708471508,0.00972152940084925,0.0818597341939393,0.017254896156373434,0.006509988290913911,0.026164797819519386,0.007441273427042795,0.020041818149669172,0.046444843711859515,0.02213073615021591,0.011750979577690097,0.035257108377991245,0.011757940516242972,0.00798911377881138,0.06830208995301898,0.0241051424551794,0.07777520499029567,0.008598949015140533,0.01226354388692867,0.0450106337023802,0.0774013198179412,0.1328966181601807,0.031771614418830724,0.03769867849769071,0.004404068967176045,0.003511194679155123,0.010532230885777002,0.005074813766116547,0.00032517138017857706,0.0003568541300906376,8.834082353198291e-05,0.00048502247614123917,0.0002577768349065662,0.002370547954342328,0.0005534663059734157,0.0004068981665783978,0.0002467793922302295,0.00018955118686270517,0.00035056810586690535,0.0009771404053395827,0.00040355833064903234,0.00012345730878719635,0.0011936413377323053,0.0005344732853700407,0.0001564731639518868,0.0005496468858502934,0.0002874336030423553,0.0008698774927324848,0.0005289197488016198,0.00030503037942253286,0.00025762755940503566,0.000361773655262928,0.001296423988242168,0.00041660989717290435,0.00043160756215204147,7.114053459485444e-05,0.00012611724519552404,0.000283822743744191,0.0005532777940970846,0.0004159265110021601,0.000149013134659981,0.0007524030433076007,0.00037552914145635443
18600,0.004008201855794067,0.005363403898189534,0.00847013556631282,0.00047715569824224353,0.0021523880608169113,0.009297183785487764,0.0012962088866985259,0.010687817285988964,0.01606379050037181,0.0052996045305917505,0.06000663174307664,0.018710634260728234,0.005372142816971366,0.022085391927138324,0.005404016371432911,0.021172710938117234,0.030606737758283827,0.01669405451003179,0.010245410031140116,0.01924613650228518,0.0071505500782362875,0.007836309729879889,0.042563508284122996,0.017433202209455583,0.04057883332383686,0.004445160343311727,0.007352935534101796,0.03444479389327171,0.039653955868561755,0.08325729618093558,0.023537955233477986,0.02535537863150239,0.0017334644182675709,0.002274401787660683,0.006715470455270002,0.0024728872472223884,0.00026521441764328443,0.0002362664854445029,5.800245893479188e-05,0.00029706512725624634,0.00018713688143150726,0.0009720430516608758,0.0004048267193866195,0.0003061436566081523,0.00016096971976367058,0.00015889638684062188,0.0003479205937637425,0.0009054712342972948,0.0002393341345819424,4.9833824257141465e-05,0.0009571553691645161,0.0005256924443225822,0.00015085877057572362,0.0003976914070576919,0.00022398899022062262,0.0003095908257157796,0.00037822611668689794,0.00017454680209993967,0.00016171946187329113,0.00022821269888551726,0.0006430041908364122,0.0002870654926502089,0.0002946400042034198,4.025784718177018e-05,8.198916940374248e-05,0.0001348954291430558,0.0002401523298820913,0.00022998289017000536,7.634744883944222e-05,0.0005115596339069385,0.0002698017189686652
18700,0.0023702763540043364,0.0034911544223885154,0.006188995253372316,0.0004218607054169227,0.001125853345922822,0.007842826773412526,0.0011619283586403453,0.01004869030593374,0.01427876611277601,0.005156685190740973,0.07014779981842299,0.02303918746014349,0.004314355533234916,0.01772021040685076,0.004593461709844311,0.014243578104166469,0.017967665483541038,0.010928886890989033,0.006289624779518428,0.01953937260162396,0.005288478330805027,0.003813675703635714,0.03395974526996724,0.01891431577617671,0.03554180916156232,0.0038281164132058622,0.009585966410213587,0.02048593845271777,0.03344068968166111,0.08379699815838737,0.023768283629518314,0.02858120636889138,0.0019423944707258355,0.0020518555037449195,0.005294771679473342,0.0031400357795194267,0.00014567121776340892,0.00018239099013457732,3.2129507514516906e-05,0.00028208769742832374,0.00016949914151459877,0.0008381558909604792,0.00032673004798198233,0.00032553758845958665,0.00013307917581282947,0.00016041386729739315,0.00031024254497966916,0.00030373348423395896,0.00019476789292960755,4.191578649293991e-05,0.0008183117596252907,0.0004920242396716882,0.00010447217318869662,0.00033458005641385136,0.00028010176466241004,0.00025518714429298683,0.00025933853422791664,0.0002287771912961034,0.00011062315155956842,0.00018489357504362347,0.00035309783246096537,0.00026788382588862193,0.0002602042387243947,3.286022740564829e-05,4.601236782440942e-05,0.0001458421750275984,0.0003243688954950942,0.0002001356682320244,6.308086167905458e-05,0.00045467502944219855,0.00025725318773766047
18800,0.004598550421940525,0.00537503908088655,0.007991583464900032,0.0008371796875787997,0.0017318184392611847,0.01293701711776001,0.001798376558400055,0.01714622536268971,0.026300200894137895,0.00904635163169587,0.07190900744890426,0.030250469150684824,0.008840811562329305,0.02569202275602341,0.006424907621626249,0.022801939465959247,0.029475520460307183,0.020448893533365306,0.013035997465652014,0.029135997984946396,0.010992701407471592,0.008607888881670078,0.05552502597294127,0.018905234831860677,0.0501547303955747,0.006636819476261735,0.024094176416134185,0.035963954893910945,0.05461203105035512,0.11237001716618843,0.03942452139027106,0.04423621364716942,0.003506783124329069,0.0042306822156946465,0.013517978623793978,0.005716006068041679,0.0001425335295416038,0.00019136208828223806,5.1115752435782864e-05,0.000281855906337114,0.0002698133181689492,0.0014279398164944723,0.0003038782473595347,0.0004270074016523339,0.0001346922913159544,0.00022929759869530893,0.00040044997591362437,0.0005031314450292257,0.00029598823241015233,6.688917073915945e-05,0.0009790264949165598,0.000364374278736553,0.0001448758710466791,0.00041931370627452805,0.00020044874728573006,0.00034431413868415717,0.0002580117761241244,0.00017333600226265844,0.0001266893538974677,0.00019531588285155103,0.0008768973423381491,0.00032721384142923756,0.000346512914903643,5.165083777134347e-05,8.626605146370518e-05,0.00023804941653682586,0.00040027929597792015,0.00020331114712238588,7.46652645773338e-05,0.0005748393564279453,0.0002711451077630045
18900,0.0037699461686684487,0.0046289820128111855,0.013505167240509763,0.0006935030264755299,0.0015812000468411243,0.012029373220035009,0.0013035770132025773,0.012119612784076975,0.016115082302556264,0.008571730999392457,0.07418078632650173,0.025635181969141278,0.0060404237667557245,0.02001641404521334,0.005772465234686559,0.018301759409951046,0.029593637633730567,0.021280784792078164,0.011010364327895721,0.023130947255219022,0.008905591123150841,0.006165591863334287,0.04301183696137741,0.019052780704926893,0.045473668354033076,0.0037544309394434094,0.018680681568360842,0.02831010332617249,0.04246253565446857,0.10254560429800016,0.0314624219078299,0.03279953856522647,0.0033684569254542286,0.003075185986871961,0.005716046289712217,0.004628475928305826,0.00015515553089148613,0.00022049151787293587,4.945656759999505e-05,0.0003931607261620229,0.0002118114673715141,0.0012061000379617326,0.0003840742274405784,0.0005254724745483193,0.00015070539720909437,0.00011896473626101007,0.0003548522816768047,0.00036659486874413005,0.0002570970855407691,6.606799832876608e-05,0.0010974876428847963,0.000543224563292218,0.00015307813173421892,0.0005020261957854798,0.0002944784724165621,0.0004300998396667472,0.00043569948157192,0.00021250231429803534,0.0002166411534226932,0.00030327198062598024,0.0006710332447255496,0.00037614008371052984,0.0003682994293841249,5.379858749837457e-05,0.0001061591998829196,0.0002474308326286105,0.0006415842336926809,0.0002866401118900109,0.00010872430880226602,0.0006627466396714547,0.0003362030238349689
19000,0.00435199432615411,0.005496434948764983,0.008536086354676323,0.0006352326254133144,0.0017653814848247898,0.01331964780443481,0.0013058174681939436,0.01051849122564354,0.018830889587235694,0.007124037732864963,0.06982802694417639,0.02698135266985687,0.00728749842550535,0.018345182125234383,0.0059416793785845474,0.02990233845775947,0.030505307132270468,0.020634990424224283,0.010237376330353851,0.022889740359581388,0.014177338775152749,0.006106402856078473,0.04502212427168464,0.027402499356442907,0.04225542864462893,0.004902930953539908,0.016932031855943816,0.02625495515288397,0.057165044653469096,0.11083914821762347,0.026974136509234085,0.03279663490740439,0.004960451669238462,0.0033894772714120336,0.006036449997433617,0.0038562194073879902,0.0002909582207944607,0.00017156767882459627,5.249147231431807e-05,0.00041756171390261443,0.0002537683986082947,0.0013111074422340607,0.00034136067442887,0.0005237363672533416,0.00014634667759788787,0.00019910956195222493,0.00030203356555559145,0.001024512904635344,0.0002679515014122068,7.544090501389952e-05,0.0008156148540295433,0.0007225467422055468,0.00015370643013739026,0.000439266972349213,0.00023574333891733187,0.0004307117597735751,0.0002665620380945276,0.00021600823856715579,0.00019764663559524505,0.00026706520209420257,0.00039036598718666937,0.0003382429941710495,0.00026472563004736676,5.316136782705537e-05,7.353397975546411e-05,0.0002019406964815038,0.0004255320870600242,0.00026669457450577373,8.956144483818207e-05,0.0004552361829652199,0.00026132580023841
19100,0.00331392983492618,0.0040085875726718866,0.005329289330499402,0.000551533001005457,0.001157127307135541,0.0075783925130963326,0.0011847107282025513,0.011524939842096429,0.017254656832444162,0.00543341952652554,0.05189112389124614,0.019151487562673854,0.004495830661846522,0.018646163950810053,0.005475600860261372,0.020246325873207145,0.023067879163482713,0.012067704969910975,0.007087660888958324,0.02178258728624011,0.009031608886652975,0.004724911013649294,0.04194750452802206,0.025028382359596434,0.024642375899439063,0.003509556921198964,0.01201490546713279,0.019407633204536978,0.03170589155531214,0.10001730465556911,0.02322055855387589,0.025434871745976403,0.0028377438589057666,0.0026836778219318192,0.008601584084317437,0.005348740859160118,0.0001654749926274235,0.00019940004412174775,4.1117939382817335e-05,0.0003076203145155887,0.00020909299775347733,0.0009632565361243905,0.00029182008292991666,0.0003314451165160311,0.00014603606575148756,0.0001546227433193183,0.00026993326194937444,0.000470343760056835,0.0002495641197364076,5.566433963560319e-05,0.0009142982422277922,0.0004801336244781851,0.00011195523402420803,0.0003365878824947036,0.00019404037448111922,0.00024268407444403485,0.00029208966743583434,0.00016170388835234917,0.0001248539009234643,0.000224633045462934,0.00038783775659491463,0.0002598027094143285,0.0002553189460067423,4.251070549184373e-05,6.864629883946489e-05,0.0001604781124563948,0.00036012643379633246,0.00018972528328452926,7.353094781592517e-05,0.0004641216426213813,0.000267243192774913
19200,0.004335269924922613,0.005294968851591909,0.0076363843157499405,0.0006957433048508112,0.0015295188781398988,0.006703102320898324,0.0013122102863704758,0.014231926673685438,0.020172735746442252,0.004536586133326637,0.0511270529922187,0.014453958739383724,0.005764606305588545,0.01347395967891454,0.005336382082040312,0.02784901743749894,0.026558944571228323,0.016107175033539534,0.010229175380248177,0.026055152054371623,0.008434680447163164,0.009208144991524543,0.046067931703291834,0.02377515922441186,0.03220895799648364,0.005440321890637279,0.013504656238828535,0.025255739065566257,0.04027682289939977,0.08744148338255106,0.025032925933871106,0.026269483601656526,0.0034986066544932396,0.004198963599730294,0.009273512283268955,0.006621689740248777,0.00022069327707485123,0.0002783603800211991,4.761575818306537e-05,0.00032943068231361394,0.00035256901864197566,0.002549001314037014,0.00035407982613833155,0.00043470802570242853,0.00018621110211824998,0.00012001850241014317,0.0003663847495405654,0.0005235496360143088,0.000252959246383539,6.335204687440472e-05,0.0009230929570619012,0.0006823374612091963,0.0001414583166479133,0.00040861370394404916,0.0002688676639332573,0.0007199886880367889,0.00048314633902684306,0.00033778274701035116,0.00019002205889743587,0.0003591436593034394,0.0005504420717140116,0.00030792868065746204,0.0003288479261350909,7.34229518924179e-05,0.00011682523351434308,0.00026343693168921355,0.0004829387331223448,0.00033499718937851105,0.00010420292272783627,0.0006395351185591524,0.0003591297041566577
19300,0.003699649211960826,0.004040610083999733,0.004592185160921265,0.0005639643504204846,0.0016999575843985003,0.008329751227782773,0.0006767414781880953,0.010247866067277523,0.018255962690482536,0.004117617565498222,0.04743090152336618,0.017273008521442534,0.0045648926827583855,0.015709024876934673,0.006305828251489027,0.01716898572340142,0.025597953398054023,0.01460724294957811,0.009808906628417649,0.024662249845374996,0.008682830196511742,0.006273053515347523,0.03962330885580741,0.019233970603575776,0.030459426196189486,0.0037233724957332014,0.00911112895500405,0.03369986914428106,0.03506626225614181,0.11264514311985677,0.02483671482904659,0.027874265940716632,0.0028622534571590783,0.0025200843259416046,0.0038562653280678205,0.004780448008724696,0.00017679759091487014,0.0002728323902787948,4.5318356950405996e-05,0.00035036001804655825,0.0002664313981555058,0.0011370486754458398,0.00040439676740788855,0.0004919999327715854,0.0001537285009123336,0.0001474122228257459,0.00034930818142049505,0.0005172789332874572,0.00030091130854700544,6.541114626915342e-05,0.0009236010525035873,0.0005269027924441616,0.00012794886861229316,0.0003781552380188463,0.00025356298938904414,0.0003604102046004052,0.0003788525074572047,0.0002500209616300708,0.00014093794469418854,0.00028246088515096257,0.0005849468388381258,0.00027452598595372884,0.0002772832285700133,7.789535112835012e-05,6.18750776387363e-05,0.0002087799903401665,0.0003352449441860829,0.0002688578350781397,8.328504486598831e-05,0.0005298510980407757,0.00034472091756470035
19400,0.003995288613647997,0.004744315046183247,0.005766338047881921,0.0005164602719350324,0.001669635272840343,0.01300539929902048,0.0009608117376237421,0.013856882586397286,0.018188328840666675,0.0044227700018382166,0.06573850236672127,0.014977588626495663,0.0035717587708142783,0.016773076313918202,0.0060019096386788396,0.02919699105405016,0.02281819545394336,0.012829773670137577,0.009938490934603448,0.01839279197350455,0.0096013438304978,0.00646761678042042,0.04646898397593759,0.01528396829750515,0.03735073228132919,0.0035998157458379866,0.009655458852560719,0.02577061499929793,0.0358284740780672,0.09116107810557643,0.03167349023084777,0.03373519101072676,0.003651731403248977,0.002648309002620937,0.0075366057297085514,0.003250975156577494,0.00018802516067233612,0.00023187099147683264,5.4991964495994e-05,0.0003168589134929789,0.0002548519049986816,0.0011715292730514193,0.000487113009148743,0.00040502805945595214,0.00015673971583486204,0.00016949616938128593,0.00033344233865487664,0.0010343958989125213,0.00027131739895970705,8.662051972020312e-05,0.0011180355354484233,0.0004950180712815685,0.00017164841847261414,0.0004401301507177592,0.00027211093565083816,0.00034546901365088576,0.00038542555592025027,0.00030748699191462947,0.00014629751003288524,0.0002851465457192367,0.0006410394790388334,0.0002990412638473083,0.0003054551047238487,8.052831314368329e-05,7.907801813821102e-05,0.0002844064539475495,0.000385444373023347,0.00025750164917143036,6.569623434415917e-05,0.0006108685672242084,0.00042512871950748374
19500,0.009295183525741654,0.011507234140514844,0.008478985366915973,0.0020945246224493112,0.004565088174901195,0.00916665280237794,0.004555684553187964,0.012207527968498385,0.02164359952550075,0.00464737563743256,0.026278865413688537,0.01786853973190977,0.010075738791122356,0.013587051660799647,0.010164067185114083,0.0179855853736323,0.02688871740316418,0.028295797368812173,0.01695207926760694,0.023744820539141075,0.0111421672533442,0.008300219869852299,0.052112590949982406,0.016003830624686088,0.028549662845704468,0.003407230647280812,0.013608779681465333,0.05120480278128525,0.060009372180930394,0.040458744322677376,0.019535128350835294,0.022218064866207827,0.004943746810288128,0.007097522880432607,0.008831348797280548,0.002923751977765018,0.0007905879466833492,0.0012404012655183165,0.0003819797921096324,0.0011913117077710922,0.0009768240094304697,0.0038420545533881523,0.002117905640625395,0.001400750613500254,0.0006569025721929441,0.001507837533881684,0.0022843022718421835,0.0011160156427649781,0.0008581472363936161,0.0003046973198996222,0.0017754251531117077,0.006529093068820657,0.001441253031953238,0.0021406656022157464,0.0010320197771793104,0.001714662829644195,0.0013120436401501353,0.002432083259918727,0.0020291643903773446,0.0012518066519987769,0.007366298550429444,0.0015140870668654961,0.0018552974667087525,0.0003215699987916335,0.0006130642549477569,0.0009247934762620921,0.002359339393608804,0.001078926589695672,0.0006013061756675597,0.0017436942325730342,0.001473654407163849
19600,0.0033804919291248333,0.0048483564972196256,0.008849194763267102,0.0006114239166960872,0.0015191749446359286,0.006728257724067329,0.001263804179650892,0.013878110503534189,0.014648472189831788,0.006103831532527693,0.05928961248665238,0.016749768806351182,0.005026475185083903,0.02200283222660029,0.005040448753211154,0.012461757083656266,0.019976947628795944,0.01395689064999335,0.010808482021924906,0.019247565349408736,0.009203100355513855,0.005845319659134215,0.0465551222107994,0.019261761006176433,0.04656302575497807,0.0039238118100911375,0.015207341480603528,0.029809961164573906,0.04127358362696695,0.09620179366151381,0.023630239226622506,0.026288387152957372,0.004072627087194947,0.002745354687693518,0.007419910546660604,0.0023249968082187217,0.0002651430765198663,0.0005291348798809023,6.262796693360531e-05,0.000300997998465391,0.00029230332498105357,0.0024188498082367005,0.0004772740525368135,0.000456515158236327,0.00020563767951611416,0.0002629256962109139,0.0004302323526118064,0.0003877086951717956,0.0002963030202753826,8.573281469249527e-05,0.0009694501693117602,0.0009287775910706841,0.0002564846465247683,0.00041894850292752676,0.0003466149901841759,0.0008277470749982803,0.00037580325626686804,0.0003986881438322598,0.00016675192111708585,0.000313929067907828,0.0006130308659824854,0.0003737948017534177,0.00025679180082618214,6.632574934735965e-05,8.47265849491426e-05,0.00030208807770754726,0.00045761261649853883,0.00027920988120953437,9.309525808021135e-05,0.0006605585989470891,0.0004340293806308182
19700,0.00345017908752984,0.004571409647016683,0.008529929643070014,0.0006922400373206563,0.001740592294101842,0.006604224310389587,0.0012372484935337612,0.016240115571075447,0.019956187640592718,0.004548054617771413,0.059489178673377156,0.021699762606510135,0.0051664845351214435,0.023265845022031113,0.006319474006672595,0.01768000672745984,0.02465995431858963,0.015601188351865858,0.012288096348389186,0.02290166826879916,0.009921759546957148,0.00889187019557929,0.04784284493730714,0.02198453109085676,0.03409893353125967,0.0034947678097523747,0.011117342196514309,0.026970246789157198,0.05492033848653698,0.10575402363857363,0.030806747514191858,0.04093586261128971,0.00430920939091423,0.00326150349521709,0.007012263969146362,0.0027754468009594086,0.00021634421030189275,0.0004909339136660988,5.89197090006159e-05,0.0003156801716386326,0.00027127770526737765,0.0016566253161727218,0.0005530532569537172,0.00042657641643017996,0.0001607522509737847,0.0001897275473879745,0.00033305413206251517,0.00035485888348318895,0.00027205143576260334,8.61518805818791e-05,0.0008837153431578862,0.0005086142182335607,0.00020700490240415091,0.0004262707620631661,0.00032243549632202584,0.0003410348338299875,0.0003961418075754585,0.00029225267098809127,0.0001355585891107896,0.00023513547207935166,0.00045379067450994625,0.0003451528672416981,0.0002940561333633485,4.145506743764411e-05,8.034190553492711e-05,0.0002336206269484881,0.0005443859790830174,0.0002503787492846567,8.718048457012628e-05,0.0006092377485294812,0.0004430394896189682
19800,0.004583932780381449,0.00399824426481414,0.00911848185933195,0.000690395142975411,0.0018520226313521102,0.00544903491806638,0.001130988690757447,0.013833385906193643,0.02084871891377047,0.004094841111509595,0.0742069829135334,0.02177625176589535,0.007027238993693821,0.018934724709073304,0.006361562936816721,0.02039208086838092,0.027859703701410797,0.011244103750523439,0.01131520328012162,0.025165204064299663,0.00715100523253708,0.010757564661097214,0.046200374679562325,0.025988914917373526,0.041186940329290725,0.006633606203831732,0.014178082328315566,0.02255492527789708,0.04505931381435777,0.12150106008982309,0.02213202253866863,0.040308299516954534,0.003449333732113211,0.0022718980238328928,0.006632237800254693,0.00429990656389886,0.00016389826904933695,0.00022345767659069017,3.0141962285202922e-05,0.00016430084042440285,0.00016943628442364338,0.0009816379206313286,0.0003652655523183057,0.00034075261627501615,0.0001376055149529221,0.0001567412095563928,0.00029268114430156027,0.00024015625372442173,0.0002530509361059589,4.0795302001325496e-05,0.0008356205897983342,0.0005941117321223525,0.000105029148835456,0.0002968474532930746,0.00021745574131586934,0.00025492649964772596,0.0002563366401137569,0.00020350905015220633,9.976695806320397e-05,0.0001594405402556731,0.00037507316689395034,0.00023056935733669674,0.00022153071165154903,3.4869330754297256e-05,5.3538901435482934e-05,0.00015915530230494688,0.0004488554994687937,0.00020086299875838302,5.083670259864448e-05,0.00043048605994427063,0.00027507678896654397
19900,0.0030031012981723776,0.003490825495208372,0.007631679667004694,0.0005170769197250663,0.001645691610836458,0.005753372833299052,0.0008793243905235995,0.015398754388882606,0.014299080045550253,0.004901385869743535,0.058470555298378184,0.0242544746115156,0.006649059180000966,0.01762599419480742,0.005420923190831673,0.018682063501425244,0.02026940145194766,0.01303461221815971,0.01298487194331496,0.020246955134207382,0.008239895015671768,0.008052912847266011,0.052362216017985096,0.019590163409823922,0.046204741367430885,0.005581065756268799,0.014297762888036818,0.027373599013420364,0.05152489486114492,0.131614884889249,0.027217655492713676,0.03731116332122698,0.003211533130288794,0.0028863802260677275,0.007206361139146288,0.005705845663052449,0.00017121573078408177,0.0003133162913813563,6.587972159305065e-05,0.0002942933817848825,0.00024507932263328797,0.0016874191987881204,0.00045971277741045923,0.00046726993394641844,0.00017031046148698997,0.00026672624066545074,0.000293886541756269,0.0005126957128922527,0.0002752996987949481,8.640634636818008e-05,0.0009639860827449481,0.0006601484725858123,0.00015564624573016772,0.0003442700356628142,0.0002654535292408425,0.0003132550746158813,0.00027924245531359837,0.00033736337900336366,0.00013064539971057657,0.00018085878759498323,0.0006809436883486342,0.0002695989562555472,0.0002840627697945887,4.655989302103957e-05,5.957902299592711e-05,0.0002110654393429475,0.0005024909283487691,0.00022614408768339262,8.202474532481574e-05,0.0005495619843561083,0.00026346615522925275
20000,0.0028939850830332994,0.0038016243881968505,0.006574854919260058,0.0007027806662965584,0.001631279072677864,0.006465574501947101,0.00105704745707528,0.012729015067081633,0.013945675497630367,0.005347350448573707,0.05307106489321378,0.024087496534552975,0.004479873817410517,0.015461392198741316,0.0054536852662482385,0.01993061105410258,0.02554677031470679,0.013660013656901148,0.011033358268572815,0.021140223091157775,0.006753696291189743,0.0063883118451225785,0.04252524775181276,0.017434861709383163,0.03365323149635168,0.004274659603834152,0.013484219204274854,0.025739010470109253,0.04858475671807194,0.09142548481031554,0.02876854093299092,0.03789883313808017,0.002633713477135958,0.0024952126887212724,0.004165332198075096,0.0031631157324990716,0.0001782916714139566,0.00024178664327998624,4.160673097430845e-05,0.0002520870170883427,0.00027097001346656395,0.0011204348993487656,0.000508416531374678,0.0005064965436375994,0.0001339974820439238,0.000201347840548546,0.00025898791736117825,0.0004137473879097797,0.00021480105938515972,5.9557500621436205e-05,0.0007823077880857454,0.0005188387511528466,0.0001339063936029561,0.0003618339636404369,0.0001993098626842076,0.00014337779769200344,0.00027260775201401916,0.00025998721957876114,0.00010187088415768307,0.00018704008834202586,0.0006753670992717767,0.00026495897806012424,0.0002593806713135833,4.032284664083056e-05,7.292369567342878e-05,0.00017390532260620816,0.0006417305053868663,0.0001876146365341649,6.320124253988979e-05,0.0005189562897681417,0.0003524718866174226
21000,0.0036419921932089915,0.0032743425970828094,0.007134293960310363,0.0005070683394688576,0.001146071339577777,0.005508774159742253,0.0012925053581475073,0.010210759612913107,0.01264108658368151,0.005105551430460764,0.04367320693635531,0.02052933767141922,0.004797606893010776,0.017796612621719814,0.003861983773094835,0.013772474652796518,0.01547218113929765,0.012742816077477499,0.007548233974375762,0.0205385120214972,0.00743783135760448,0.006322429933334206,0.041025305742708344,0.019426748156062483,0.029106182666076903,0.0033671868965029716,0.011541694453391697,0.0326385078393893,0.04940396632608848,0.07602858744998699,0.021227685885484484,0.03209571148125598,0.0022149233570532855,0.002390760574831633,0.010718745770848019,0.002495515814903878,0.00022324371593640535,0.00021444290707057172,3.795585862106631e-05,0.00028794541827892317,0.0002545918375865748,0.0012300532716835733,0.0005527513963897946,0.00048740789957503835,0.00014599294510461684,0.0003043862401503767,0.00044221069142542804,0.0004724312359059013,0.0002338056757558849,7.903156066194325e-05,0.0007607542438738444,0.000999400965914295,0.00011439687223173678,0.0004543659322326694,0.0002329221974675953,0.0010672081210610816,0.000245752456145075,0.0004928339790239988,8.773903371977415e-05,0.00019916419494340795,0.0007202430601561598,0.0002560363245072617,0.0003104114325651608,3.186755090224848e-05,4.606108531232975e-05,0.0001877178956124521,0.0008920926601214367,0.00022161903582822298,6.657475393012646e-05,0.00044200269841909907,0.00037284003919921813
22000,0.0036839186924791305,0.004434013621735007,0.007400300613274642,0.0005817697105927576,0.001966774627915215,0.006103188601887918,0.0009826875187524907,0.009266228510230077,0.012993928895308341,0.005309281736117555,0.04264984600228706,0.020394894353242363,0.005150599218199424,0.017001411798198453,0.003982495354092166,0.013003117948149642,0.018445581271017936,0.01259611016124652,0.00679940554255154,0.018272935235096762,0.0068393984352042025,0.0122738192838889,0.0405678558566918,0.01580750220200571,0.032340758777868434,0.005261295149102807,0.013456717177881904,0.016820705345404956,0.040588480248526834,0.08734796791266548,0.020406730976343775,0.02474079063708464,0.00404761074527799,0.003401332086066886,0.004582987437364257,0.0014351487242752878,0.00016373531223890544,0.00041739299724047834,5.409216791976868e-05,0.0003909513535518272,0.00023307021079899834,0.0016567198545089923,0.0008644333523989189,0.0003414022956732017,0.00017887006269072452,0.00021893222165252673,0.00039509086205693995,0.00047893657090014585,0.0002605171505561445,7.158406895707066e-05,0.0012413140384454052,0.0007204664525488624,0.00030810059652139896,0.0006135517557354155,0.00032258795193950486,0.00043145040449003733,0.0004288082763616663,0.00029865659007555223,0.00021049892003096224,0.0003173091948086109,0.0006488644229345179,0.00037796144035764294,0.0005130500249934914,5.6754068837435954e-05,8.940859333961271e-05,0.00030219808269810693,0.0007277075206470077,0.0002636383188205987,9.524284001827255e-05,0.0007546830060347639,0.00043408363635535354
23000,0.002689935561107091,0.003808099321624333,0.00835746650651951,0.0006837659132893,0.0018371037694802758,0.008820254363984401,0.0008129581077032673,0.007955949992488148,0.011374799419092044,0.0031196747841022443,0.052100108699286704,0.013989270393777791,0.003936614887083344,0.015841570385170846,0.004427068379385781,0.009972304867308898,0.02120233297353566,0.013694195048824612,0.0059581670294781884,0.022890944328974,0.00564075922198194,0.005573547329601881,0.045016584012191746,0.018061130528682648,0.0439503043452287,0.003126299800351262,0.009885232166726059,0.019660840259651497,0.047278484583982976,0.08969261675367542,0.021128426982128683,0.02485183261272211,0.002071633892652559,0.002854338653864837,0.005250826336123282,0.0017944939399317913,0.00022672024346990694,0.00016777887834574688,5.5466210284636425e-05,0.00026237801318984566,0.00034608930740858416,0.0015843793507883674,0.0005339154988178052,0.0007378182441530761,0.00015048862809348258,0.0001677963727583379,0.0003170313103877114,0.0003511420983031144,0.00031457363119333703,5.498406203101199e-05,0.000815211171566961,0.0005780654437330668,0.00017259466767427512,0.0003679198058604498,0.00028919725602839926,0.00019273091724740382,0.00031866146278472474,0.00031537871745968005,0.00012492771083493103,0.00023654953173928123,0.0005713981539884116,0.0002646811404354848,0.0002768617090690963,6.153211909616214e-05,9.725745884578727e-05,0.00017564715717053805,0.0005658549297160269,0.0002723109032292688,6.296146455042617e-05,0.0005107567393518847,0.000304528927517822
24000,0.002371548581838913,0.003826839171341379,0.007920422436048588,0.00038997573859747857,0.0013135346059554441,0.006766062046933387,0.0009167775873016405,0.01062834653438425,0.01119588373059074,0.0037879536885156995,0.05607987176964669,0.014553518066814108,0.004363981262554951,0.016612705108965394,0.003998027168991565,0.012929933439105904,0.019582621579458993,0.010561181411561203,0.005438003549768057,0.020765112079388928,0.00819719204167156,0.004622586139086187,0.04275936503196135,0.013713783186055177,0.027157739529525677,0.00286425172816962,0.01324241433388623,0.02290436332017028,0.044362967992578085,0.09086534539106182,0.034701447564487654,0.03270439453011092,0.00504252364292221,0.002273086513860319,0.004579864281671083,0.0016514999548624992,0.00019412729843799368,0.00018745102492671734,5.9176803830838715e-05,0.00019585165387070447,0.00017472135743901163,0.0014169108580972534,0.0006179897676702239,0.0003177754254130904,0.00011386388344985071,0.00019124279287439095,0.0002154610702993459,0.0003979400309361836,0.00029398707910143553,4.341914468981982e-05,0.0007622823131476672,0.0005293163627963319,0.00014826366823399438,0.0003762186101159052,0.00020609969522348396,0.00013189852312610708,0.00028063416047316225,0.00019169368351867888,0.00010896600773927882,0.00021311178121462805,0.0004118510310945567,0.00022686672356099068,0.0002852755542335217,3.836017311449076e-05,5.9002878616512236e-05,0.00012794565738611757,0.00022877015700422426,0.00019163241467646413,5.107879587740172e-05,0.00048673478811585535,0.0003923992038835422
25000,0.002872456174987452,0.00471171773905452,0.006234620877269966,0.0005756230798187272,0.0015070550707260058,0.007613848237919488,0.0012716330024960048,0.010655282781454826,0.013533495473686482,0.004794332093297271,0.05062392063566087,0.02447982553081713,0.004874667095436686,0.023856718576346546,0.004731750133685315,0.018315267937092965,0.026497685569492682,0.012540428433935689,0.01026649740483013,0.021576335800928062,0.00790959887381877,0.006289668121423476,0.04573248316107007,0.015589816723877447,0.038934141400132495,0.0034059125231578947,0.011430444465722464,0.027423083787046682,0.05727117398962625,0.1187587888065419,0.028612824816761227,0.042590867007115424,0.00439745120140436,0.003918716470358303,0.009463546350768107,0.00141699242111112,0.00019366745627130992,0.0003077027315818916,6.306398390679313e-05,0.00022933209447728586,0.00025587419203683317,0.002586452921605087,0.0010025904019130393,0.0005256857247762749,0.00015382193066072527,0.00012911555004718267,0.00048088822143798,0.00045708981419068095,0.00027619224815993973,6.704135082393556e-05,0.0011181771545649938,0.0011498362361332208,0.0001864245019532973,0.0005749211129429513,0.00023205603661310682,0.00037961269696428314,0.000424132078026276,0.00031052838858158793,0.00017251268146386187,0.0003893855925175908,0.0006455812091492892,0.00030250826622220975,0.0004611033795030111,5.2923389181192794e-05,8.717997601100554e-05,0.00022327882669588843,0.0005228608970355708,0.00029120151450826834,8.842464353620016e-05,0.0008157426803817918,0.0003534155632223701
26000,0.0032889324104109765,0.005542830573782946,0.006373983444063924,0.0005448332207099436,0.001581563864281726,0.012791435550233083,0.0008581873063385795,0.01009549514599391,0.013217647431552399,0.0036578703566192416,0.04707940330424915,0.010431203997838139,0.0035060978526334193,0.01586610973390634,0.005466437796028057,0.02050232186350816,0.028387975516428316,0.01003269791821183,0.00791455092673589,0.022810762933222577,0.007489668575271935,0.004981959562233637,0.028686694502442454,0.019603692978974626,0.036099860383916486,0.00449795942986384,0.006583155322357103,0.02440343533195725,0.04362332956499064,0.08153055111559356,0.025219670192260915,0.027088478612803064,0.0019779968938783334,0.002048785170911795,0.004574326682308715,0.0034958469438086987,0.00018308871265042783,0.0002810163858322829,4.964914457247347e-05,0.00031064212339515507,0.00021896643358723715,0.0014755601150682196,0.0006386449793353676,0.00039538101760914097,0.00016105477714422464,0.0001332330712403161,0.0002918564573719139,0.00026361997034740625,0.00019455797040132767,5.642644117125945e-05,0.0009756030074500954,0.0006867206684546545,0.00016739942839194555,0.0004762812862894379,0.00017236282863074127,0.0002806367777917661,0.0003529188436337419,0.00025034385771505185,0.00015838508444529807,0.00030286220799797983,0.0006109557931267773,0.0002631337373083126,0.00032794800765461533,3.804469172603415e-05,6.838749979781116e-05,0.00013789715182622775,0.0002807333288988697,0.00021743214144537103,4.728607990500677e-05,0.0006592753490637557,0.0004833749342651572
27000,0.003759015694978754,0.003954303737070101,0.005577129908488132,0.0007192691281558767,0.002161917039037563,0.006227824695607913,0.0009012841611043006,0.009314282662457759,0.010062635096513572,0.005065555182227399,0.06078375315683158,0.018409339296618893,0.004627954059149929,0.015356969910995262,0.004278532409165671,0.008980605100684139,0.02862509531440169,0.015201577484236346,0.010582942332673286,0.02315873283718247,0.007794339948416634,0.00697440859110949,0.03372403031253877,0.022380162284753168,0.03343127696106898,0.004593837331049145,0.010491025667438553,0.03449887445155279,0.046432747255654674,0.07593213929184488,0.032541505423529696,0.02644288866297127,0.002636631311098916,0.0036027226923642745,0.004730379947027864,0.004545370589897045,0.00025804692289679415,0.0003565990819796835,6.720792586462947e-05,0.0003053508892207901,0.00029633530222172145,0.003235850252167438,0.0007815165998181328,0.00043873131787557594,0.0001963191358491282,0.00031588127684796876,0.00028846216040172995,0.0003538404872074352,0.0002565176715146161,7.997264616609424e-05,0.0012610466455533662,0.0011528131132460355,0.000204977419343777,0.0005584188911969398,0.00030972001554644145,0.00028076212459960846,0.00041754467548021386,0.0003505464219415444,0.00024449451798444797,0.00032679675177160576,0.0008890722862512727,0.00037247396876800945,0.0004691155575158148,7.134082219070822e-05,9.352402897396435e-05,0.00017999900892863915,0.0006269300460449553,0.0003456636796386192,5.995084654841776e-05,0.000759098069083695,0.00037701839464716614
28000,0.0031025876856261136,0.004466352400615708,0.00786948693469943,0.0005297595508986538,0.002075809165288302,0.008371081348741427,0.0008920339368042703,0.009161079710097778,0.010810016079539068,0.005001841031116783,0.058780968026293984,0.01965208388156145,0.004529201070192467,0.019309048752995404,0.005288927518289283,0.011587820508187482,0.02356348315238609,0.008071563366131526,0.006667883189428332,0.01930285564196917,0.0061033248726114556,0.005510071578880472,0.032637361972592774,0.018518715156218,0.03055193581184583,0.003514794632792473,0.010104286794176591,0.01574253136338181,0.035525228111039135,0.07936905312524159,0.02940251919964794,0.03118976534684547,0.0032377726823649656,0.0019303955486129568,0.0066545030193891665,0.0036292758359845073,0.00021999211283304918,0.0003089554642925081,6.114030106143316e-05,0.0002982397578534801,0.00024822167197610125,0.0021334494631446432,0.0006548504403326661,0.0005681223497049359,0.0001632121466747393,0.00017164891712094946,0.00030915831207254855,0.00018104823841724738,0.00025613191581700886,5.9092156789120054e-05,0.0008357441582680061,0.0005897079698418869,0.00019117424271826168,0.00046709344346430843,0.00021530749682855896,0.0001696385172015818,0.0003295615223901076,0.00020466014484554762,0.0001905760102355695,0.0002691741944405434,0.0005112458153234911,0.00031703475691981394,0.00031082185492542285,5.119190835078346e-05,5.933419763298136e-05,0.00015005678064822009,0.0002997389752376226,0.0002286378533980379,5.147026161012036e-05,0.0006151371068247064,0.00041826777014648543
29000,0.0038268888450123063,0.005507674123186411,0.010010698431869969,0.0007289286750724736,0.002754530292643526,0.014092087620935802,0.001470448421045031,0.020361494898822333,0.015549979556108385,0.009076753041881602,0.07362084300436919,0.03833413730706302,0.006621005389289084,0.02962921031157197,0.006358186767208869,0.021315526151738595,0.040902554655033216,0.01881290497066736,0.01650561998082724,0.03019194708089344,0.012306349917190136,0.00939132371523296,0.06406553597111876,0.02180896093377669,0.06151063006698331,0.004397462517954409,0.015001208137853668,0.04170176055913544,0.05157793969975661,0.1201360327929339,0.04452456975433355,0.04902665608096868,0.004198991135852408,0.0035821556666633114,0.009024575141059662,0.0031927002849962654,0.0003990309834965669,0.0005701394845593975,9.107492488751686e-05,0.0006630649234011798,0.00036295340053952034,0.0015522629728366155,0.0013438628393487306,0.0006689151681425038,0.0003136307492815448,0.00032585308069721055,0.0005618706488644021,0.0006199722973576627,0.0003992637023790441,0.00013409344997357536,0.0012549791954580333,0.0016120352881140814,0.0003818072415015195,0.0007435568407586566,0.0002807646563363458,0.0003242338189011207,0.0005945573911860695,0.000655429289508902,0.0002524636470108514,0.0003969178834617756,0.0007696770611801184,0.0004721492869262014,0.0005227906371214043,5.670679643076214e-05,8.933117432105873e-05,0.000239825618632199,0.0005952683760759621,0.0003218996470168129,0.00010816087063858504,0.0009809210887014917,0.0006427642350899987
30000,0.002964374937471655,0.004154138659403004,0.006398361084090236,0.0007257542453421943,0.001870484395135751,0.009677104344258882,0.0009895571149554012,0.009721109952806728,0.010258394990229089,0.0029836886042176047,0.036015507382093526,0.021087586904866618,0.00425411206555454,0.016013395353349388,0.004465350665593767,0.01118947497161571,0.027949981267045673,0.012545407274104301,0.00893248914508149,0.022262967816204765,0.005711998021825611,0.007604757945305859,0.033000223765460156,0.016175779866049803,0.033299581510835286,0.004725127946585417,0.0075272717756360505,0.03049067609269211,0.04562861527186161,0.06889826565489901,0.029544050893746315,0.03002061524267237,0.003318611410942542,0.003266613612098343,0.005089851703814929,0.0024659982131782143,0.00018438434731730298,0.0005156789403289705,7.497959958081115e-05,0.0004468172653560032,0.0002254719044172971,0.0027843894094985444,0.0008304680841320078,0.0004506522088233492,0.00021835265019226906,0.00020617861166718804,0.00039058000492045,0.00033162627370586506,0.0002797918979946064,8.863379149591889e-05,0.001099280032842496,0.0011661670945007547,0.00025258711975766345,0.0006012820518588675,0.00017879493686356502,0.00039801357119854816,0.0005088700097555267,0.00039492027963206056,0.00024041747677946054,0.0004041139777725151,0.0006619290948340979,0.0003608252834681636,0.0003914881581968749,3.460794667401527e-05,8.15065611984917e-05,0.00016718225569766455,0.00037023753299893415,0.00022410321327107164,8.203398033401754e-05,0.0008044700516314938,0.00047843058637226933
31000,0.003564892009652229,0.0036072915377358353,0.008487059591667881,0.0006490463508481088,0.0019434757593985465,0.008738023719550776,0.001093914098213821,0.01006160058015809,0.011180329095565602,0.004400419669764233,0.048468694205102685,0.018933827894188095,0.0052288432943345415,0.013110091856574538,0.004806164205022951,0.01630902659356555,0.02978046215091689,0.007911980037188416,0.007067476702754253,0.019103111521108076,0.007616179056738195,0.010463558400000952,0.03524979602429085,0.020041511904491927,0.035477125433288396,0.005420622858218848,0.008469918336613187,0.01928025048255222,0.04613695550326477,0.07673035286021448,0.030878053699076796,0.025232386846955005,0.003111282646546425,0.0029165413782953524,0.004233410664205116,0.0023818841838029975,0.0002685194967613681,0.00028626526678139766,6.1784677116641e-05,0.0003845023135227166,0.0002498166627640572,0.0025295671475760173,0.0005375071425078204,0.00040972088587104257,0.00022917193796992682,0.0003266247038465865,0.00028052264748399275,0.0004834472140302637,0.00019158712147819988,7.279149940586649e-05,0.0008571913411427746,0.0009018303077633997,0.00020006597260362468,0.00044357275532538366,0.0001973636352227788,0.00035726651197943613,0.00039218951887080275,0.0003018619036083692,0.00010622550664467983,0.00022752473863035377,0.0005659630748899266,0.0002791020028585032,0.0002991809333252604,4.193397643911675e-05,7.172450568759814e-05,0.00010282420309120827,0.0006071556604833209,0.0002531502373621438,7.457933890009372e-05,0.0005461747098576909,0.00031880000460660085
32000,0.003501367919926525,0.0038881407688475316,0.008008762306417339,0.0006956337149648999,0.0019046751786741948,0.011451003424424146,0.0011578423365438452,0.010406593317633914,0.013602197016771704,0.006525664415676147,0.05148534854046891,0.02062875215273268,0.004297953158983904,0.015880299255293336,0.005482538904470857,0.01614036089934719,0.03379292259575907,0.013967047261274597,0.010111279467569798,0.02591513904723494,0.006041782776565714,0.00612973475257864,0.03808241938706487,0.014732354145113884,0.0392616148788615,0.003541672124993056,0.008098240102856747,0.027994990780522738,0.05251073245839079,0.07561377193680176,0.03411580064625014,0.029484607753917,0.006291538112415869,0.003058582251427186,0.0036346340323992385,0.0039970759085333285,0.0002137029719171168,0.0002728031573827717,4.830794765680421e-05,0.0003175787530835805,0.00026979230903847605,0.0018902599695138633,0.0007548613717517583,0.0004770796188638901,0.00016731084943833258,0.00021295984126124624,0.0002182050452574913,0.00034955612858311724,0.00021073930551649718,6.70763114282057e-05,0.0008876377850566104,0.0007830362734845645,0.00018382739872322418,0.0004721712569019529,0.00019534547497861585,0.00016189135889858747,0.0004948732005403301,0.00021771300362161128,0.0001611327398304891,0.0003385002550203353,0.00032355700811118976,0.0002785875744261683,0.00029260735168969,5.239852962117479e-05,5.515160935626934e-05,0.00011708333787790654,0.0004759459429156517,0.00023424523939844045,7.171526863203326e-05,0.0006402123572192099,0.00035220287245465445
33000,0.0025364208964625454,0.003229569652898203,0.008122021773791252,0.0004780309351609993,0.0012614126867159525,0.008698885620106012,0.0008903438781911268,0.009615868579738377,0.014580811088607436,0.005871499917702749,0.051019637673348765,0.027882587078424042,0.004736758705500203,0.017427635409948187,0.0049075501091197914,0.016227015884699842,0.03205434556886238,0.01263332857398163,0.007328992088982237,0.022504116576941062,0.005180688075807456,0.004379919926967497,0.0480699673620984,0.016583053799816602,0.042480131337051426,0.002026421402115375,0.01391275740112882,0.026046789746033028,0.045014835566775324,0.09297544070279636,0.03525442237587413,0.0314739471516357,0.003206129716340036,0.0018938308588308985,0.004283014324957751,0.006122002092882083,0.00012608644767983366,0.00017092434658975847,2.6443111651078432e-05,0.00013981120486050713,0.00020414616169352697,0.0012522399711087928,0.0006981399990763748,0.0005070562122359421,0.00012099365175297288,0.00017697398863804535,0.0003018442347111934,0.0006939308027824609,0.00015771959424220203,4.177055647729007e-05,0.0006136879087185102,0.0013089516899829807,0.00010633825604600133,0.00025324519378491274,0.00016277683015028616,0.00021409490074636943,0.0003027570573585665,0.0002033005121120368,9.412282502631165e-05,0.0002547122371372377,0.0002264319104748817,0.0001951970513253263,0.0002425988646219021,3.9278448469361195e-05,3.909103745374725e-05,7.426296347502658e-05,0.00021617054335365538,0.00014508343839048803,3.715157495776111e-05,0.0003911001097266376,0.0001889402796223294
34000,0.0021490535137254976,0.002900823713086235,0.007442055342835374,0.0005246190638550055,0.0015117118564261017,0.011704606573662854,0.0006505824505380119,0.008531691525907567,0.011826951613651937,0.0033952616358874366,0.04563971635088595,0.014964255406938515,0.0029884863152719017,0.015112874813040076,0.0042963733047466065,0.016465797691732103,0.03479605504227428,0.012751176072832764,0.007204095309134573,0.017761330993962474,0.005451337213903921,0.005898978796332293,0.032568215803864105,0.016216741559280004,0.03199872329770144,0.0032503648777492344,0.011841743185707474,0.02347634833859047,0.03864714716259828,0.06730583943516971,0.022872453339514324,0.032354127161222726,0.0020709900378210913,0.0018359394430157154,0.005784786258017347,0.0015331687526603283,0.00015377596697649815,0.00025822189457936804,5.047565013042168e-05,0.0002399212932004957,0.0002463065401416122,0.002389380802924279,0.0007683650535909691,0.0005844196405776433,0.00012286899417583634,0.0002325865765913347,0.0004068988387428506,0.00029413338826600466,0.0002182029848286063,5.725785670372054e-05,0.0009987519388862263,0.0010711097629609867,0.00022064834520278963,0.0004657363123052554,0.00023787235809793165,0.00016181336559384363,0.0005010374274773909,0.00047140724473138107,0.00018837998358852323,0.0003925107141395319,0.00042553579939218856,0.00032764463665893915,0.0002911464799008509,7.783427859599747e-05,5.4927620011666375e-05,0.00012465171638806086,0.0004159985349230867,0.0002621787929398572,3.816409670776011e-05,0.0007377874551653009,0.00040275221108458935
35000,0.0038852971424234595,0.004805316999813335,0.006672541203442961,0.0006286435991569306,0.0020298441320708753,0.013448643460703482,0.0011106859001228581,0.012456075208319817,0.015626615085480647,0.005887930150493048,0.08277038243959621,0.02672796068969658,0.004233876281156854,0.027945566641034075,0.008195337346071883,0.018678899480922457,0.03280288534118708,0.011257959157670553,0.005330815175381888,0.034953813492320476,0.008639104889460633,0.007689228227523667,0.0604555857150505,0.026256586957606486,0.060340393237383404,0.004182060062885284,0.014469711513107365,0.022026901337085292,0.05046609233078711,0.10144027394099178,0.04763434200256597,0.04222419180083447,0.0035331778195648246,0.0027984694694845698,0.006017963223510176,0.0015076745733689936,0.0002340778859027188,0.00035417753116979094,6.576173235365984e-05,0.0004802322945351989,0.0002306887055501067,0.00164780082195648,0.0009016090238219476,0.0004410006280953607,0.0001910672160240785,0.00019959193162516646,0.00026622854412189075,0.0002151928158014016,0.00030025539189378395,0.00010455564742270244,0.0009682545567976866,0.0009482515336761329,0.00020293221314204857,0.0004768581303342588,0.00017258538508909186,0.0002597573467772401,0.00044034198693039523,0.0002494667310202203,0.0002618751235180146,0.00036173062629901465,0.0006400539509437901,0.0002877619887219411,0.0003602277218609136,5.183583970687618e-05,8.803869948476656e-05,0.00014545184516960447,0.0006899306811517038,0.00021149310925700832,3.959342791404197e-05,0.0007331531641506169,0.00033547654311405495
36000,0.003981453811000982,0.005169727257452905,0.00956251176345783,0.0007147370479427852,0.002242676325030389,0.010205505536370245,0.001159745442075819,0.01601491584162931,0.016825051477663014,0.006021639812388457,0.08221736884342483,0.020828544739854304,0.00592722344145207,0.021154962015343975,0.00695664667244487,0.017847860569114953,0.03433028186732588,0.012640173982053736,0.010837199852435983,0.03135793628054671,0.011369866141992063,0.008716858179468545,0.06872886214327688,0.022630906334234167,0.05311643264911485,0.006589149823412299,0.013726517230445039,0.02722963469508007,0.0578415772634531,0.13640594665406341,0.04302927844653216,0.04889064003677609,0.002635625003094333,0.0033202282126673474,0.006046083162598532,0.0032738290553230138,0.000298913891930696,0.000473663916140636,8.950438779901374e-05,0.0005161019209936057,0.0002886186497697905,0.0028857729339506477,0.001116201230615843,0.0004669079815740636,0.00017989962760973292,0.00027261154604697627,0.0003252586267527684,0.0003487801704409321,0.00040176681624149655,0.00012900951514893677,0.0011719711966949175,0.001175098418267832,0.000351795089954976,0.0007003262875217359,0.00019211780975105097,0.0003864720502778337,0.0006653003206093838,0.0003844978482447914,0.00027309865367265555,0.0003612149314274295,0.0006931397050114659,0.0004539967701194528,0.0005207962104678801,6.261130291121033e-05,9.403480503856877e-05,0.00015050182017668185,0.00046503498119169047,0.00033168672161909194,7.220649160899484e-05,0.0010235438624347029,0.0005143064485309878
37000,0.003513277732422835,0.004479889463120209,0.011553211338953892,0.0004742786672767789,0.0015303828874804614,0.00991668256756384,0.000846666621529743,0.012321655123741948,0.013097716888204318,0.007083578122546896,0.0644603487458813,0.027528159284364456,0.005677882363670506,0.02528095249115061,0.005590439335270168,0.015546950442512752,0.03838846296147971,0.018374098607050138,0.010093250014636266,0.028480864301673136,0.00935628376119684,0.006836470633386073,0.050978555747618275,0.03341636005085699,0.06022225404416935,0.004496736917644739,0.012685868062802794,0.024364037220342045,0.06516112803159665,0.09737814589742254,0.03491707989751982,0.0324126058884968,0.0029685127441391266,0.003625323235610267,0.003052164025777731,0.001890699611034766,0.000165177097809838,0.00030606425041862,4.5243227432420316e-05,0.00031020239930512616,0.0002107769431075483,0.0017607723875698866,0.0006820280226747854,0.0005499213571774339,0.0001356857748042354,0.00021001151530169538,0.0002448501048874868,0.0005469329804839163,0.0002460448936721275,6.862329122337873e-05,0.0008238210775673976,0.0010735175107280763,0.00017280734518863028,0.00045332488825435425,0.00017336116079918454,0.00014128238829223184,0.0004447279942557729,0.00023115503790904768,0.0002553612400851711,0.0003012130613010063,0.0004677944853028748,0.0003108913585971897,0.0002761031786980715,4.622239513074411e-05,5.2228733693482354e-05,0.0001128906188781699,0.00044975054126033295,0.00024737724547803955,5.009742199035827e-05,0.0005882243858956039,0.000309776915673865
38000,0.0029779204845957843,0.003961402864661068,0.006777577402923877,0.0007052278539329284,0.0015922414357283983,0.013237585461216181,0.0010932085317489832,0.00991125991155665,0.017884276718523093,0.00575340346313169,0.06388405048903538,0.025405585837243238,0.0051985105259739085,0.01841158186057741,0.005367076767352581,0.021275338983590093,0.033091779285487496,0.01781230753757755,0.007710933864083407,0.027085508586411986,0.008834357157166569,0.009996674223462574,0.04512657405342907,0.021348950564303474,0.052680256051918686,0.004272380378097296,0.016793719490564282,0.029653479958445434,0.06212372955907246,0.10912524518883607,0.035706578827036234,0.038815711855512254,0.0037917401912531765,0.003366070513990518,0.004576601192335754,0.004231735924642115,0.00023371229978788745,0.00030157153287291294,5.930142435498779e-05,0.00037791018007737875,0.00022735127103299012,0.0020890890882583335,0.0006266545431572012,0.0004167053894937118,0.00016369930198331865,0.00020051755955786835,0.00027980965893149054,0.00047578674988812963,0.00040900101387329605,0.00011138814881467789,0.0009819026239431248,0.0008573950796441446,0.00021994076669216157,0.0005191342207043056,0.0001949408347643149,0.00023448109682662604,0.00046044534637594456,0.00027692108324117726,0.00020185489588205505,0.0003426922659855336,0.0005541103932046098,0.00035724263718674913,0.0003184276206243171,5.4865689519231036e-05,6.773728010658588e-05,0.0001594810382900871,0.0005726902361077789,0.0003087542370115025,4.9991959258477436e-05,0.0006613076225871087,0.00039720487584418154
39000,0.0037864412089785786,0.005723385970297925,0.00936054605214546,0.0008014323522869605,0.0029133005654203552,0.01237486636299374,0.0017390425136616086,0.01570910349112762,0.022409663463447572,0.005314317535521695,0.06326398044216654,0.025388587735144064,0.00603529037272727,0.023284311557455858,0.00804255206239759,0.032352875394281,0.042817230355943876,0.03247707210115711,0.012323706986665326,0.03594876260457871,0.01119775083919264,0.010962303771261108,0.0429580931761302,0.029062381270099042,0.04822152401902713,0.006319903489202261,0.01717994206873916,0.04081376108903593,0.06981202420360846,0.10796470825199879,0.051721557231309515,0.03593271794334914,0.00822927089497118,0.003961955633036099,0.0056240317412124975,0.00413307861461882,0.00020874391918225324,0.0005167857821520142,5.529766346341373e-05,0.0002823908876052883,0.0004321325849550123,0.0033759966463549063,0.0007370961073320359,0.0009867931696230937,0.00019011260175925837,0.00023717172515976668,0.00039063784074562394,0.00038321065429158807,0.0003396073557033905,8.038056933979864e-05,0.0009227465724856861,0.00073075065483863,0.0002595450096123386,0.0005002160076920907,0.00021232892887100801,0.00019736868274445772,0.0007105701115115055,0.0003061606785195181,0.00021703147461948902,0.000353738922282131,0.0005846904049879716,0.0004307398661797291,0.0003520248426327641,8.803378196708755e-05,8.394300736351094e-05,0.00018844091601312793,0.001264450752517275,0.00035041725983968455,6.152790552960141e-05,0.0007196047502956764,0.0004433647009136621
40000,0.004108654730107692,0.007123551329304637,0.008581177738960832,0.0007972295735761201,0.0021042668973977117,0.008817865463372852,0.0010757669574412566,0.009809465019012956,0.01734458179897599,0.006933674740139395,0.05433312419156636,0.028556167779679155,0.00497900427647189,0.01823799160686604,0.006337958770317902,0.025140769786958117,0.0400253677701888,0.013532624720695982,0.00848533767358666,0.030518752062052953,0.00725023962301328,0.009036579122948751,0.03793553309049457,0.02307962186775209,0.04783900121286038,0.00451828921213746,0.012345579357726467,0.03038406214485197,0.06553401485537452,0.09437703601795347,0.026853954054531642,0.0399374905302046,0.003968890185230014,0.003560796887414167,0.00840138617139827,0.006493983042868682,0.00029091277317667464,0.00030888150765597607,6.479849423475932e-05,0.0002873902271858242,0.0002918027204719073,0.0019746237703657243,0.000786631911614677,0.0005243052760545796,0.00021985122724512812,0.00023586315286365788,0.00034055794782162003,0.0004580700430381057,0.00029513322709229624,8.932098642782711e-05,0.000901411208290553,0.001201205026821602,0.0003089383055339567,0.0005032582885178272,0.00022133916743392735,0.00015692394018432506,0.0005076173946328846,0.0003574072188712307,0.0002033284217191067,0.00031380649686700335,0.00046188334490580016,0.0002914026409129175,0.00036050370737130934,7.061143637369864e-05,7.813796512184328e-05,0.00018413351410770276,0.0009619981228752295,0.00026313237655433715,7.106539484880159e-05,0.000670658587471987,0.0003818525907263393
41000,0.0031449138793283745,0.0036059610844218965,0.009588507295120507,0.000575109484634595,0.0018538505829164473,0.008089195816345247,0.0012072726952928566,0.01015100984324247,0.01183080905016889,0.008479331001581158,0.05210696851560145,0.019876072543995957,0.004806473917348988,0.014923511841213136,0.004654137336611337,0.019032856836323237,0.03029405998867809,0.013093231549439362,0.008924464464403823,0.0246736469133369,0.007517750010954562,0.008672906127653082,0.04628895116116231,0.021148212531988973,0.051891657768190644,0.00298528695711866,0.009841496056402145,0.025160256196916937,0.060798806157510946,0.0859977267675511,0.025773019758053125,0.03527602587172833,0.00466851695393171,0.0034017687597275486,0.004683285869355637,0.002501719436314228,0.00022985481975387016,0.00028341526831354713,5.804525945754301e-05,0.0002419037095933163,0.0002100635438230885,0.0020629751088563353,0.0008317709496623138,0.0005101523150570804,0.00016359818585586159,0.00021738717565296742,0.00036628436538322013,0.000599377948901747,0.0002499828039053055,5.888499444236831e-05,0.0009041951750567443,0.0008173242313205265,0.00014595709981222172,0.0004155621582515091,0.00014450310083765513,0.0001874426715486069,0.00041618991128162115,0.0002566968387327506,0.00012728471813893015,0.00024721606177990907,0.00031375948322723464,0.00026527653492712,0.00027510983193645153,3.2039684958510554e-05,5.3865223485950585e-05,0.00011425980981336828,0.0008056159016892447,0.00020051923082251637,7.985490898931857e-05,0.0005681890970281376,0.00020987296447856353
42000,0.0037802289854290713,0.0037809990134081563,0.007088252231672716,0.000787401660076844,0.001931620945757873,0.009445036000605407,0.0008933709730685692,0.011138877491284088,0.015267599089556709,0.0032275511148327496,0.05872865366809829,0.02706920907948355,0.005395998036626473,0.019706883215004575,0.006267185075044194,0.018083563426140852,0.031575370705208376,0.011990848642072487,0.007079082399806274,0.024213778491248377,0.005798372968900786,0.00858827197836425,0.040347054469554375,0.024365833291085437,0.05288714732206057,0.0034735914203338327,0.012418067347190968,0.023402653861921863,0.051141942348605134,0.09541098720056916,0.027750300105350713,0.03388389605298961,0.0027382260470246297,0.0029423610787151036,0.006230837301397211,0.005420155512670785,0.00029599602300167086,0.000326593307942279,7.510006578039716e-05,0.0003199423813384783,0.0002726968843509236,0.0031528376202913933,0.0006202332446264336,0.0008612126562902153,0.00019276692259345988,0.00021252848297958086,0.0003960940204482891,0.0004297484599788959,0.0004152723795884632,6.399628103860199e-05,0.001110085671755839,0.0012577472959189133,0.0003746289978153072,0.000547268872855502,0.0002195731215359611,0.0003489231121420744,0.0006691900339857418,0.00035239693761468516,0.0001853393579141185,0.000538561366864507,0.0005009989967220463,0.00039141459285841143,0.0004284104360084274,8.055568458747746e-05,7.09542806968481e-05,0.00016381670591774261,0.0007807810210839047,0.0003534534471547827,6.929924819587541e-05,0.0007671600930941068,0.0004577683386742137
43000,0.0027494130932560388,0.004360606475125274,0.007213331846287474,0.0006210249557905347,0.0013495028444157457,0.006971848654627267,0.0011099373629598808,0.01073004829973512,0.014284126143449405,0.005316445567586925,0.04713655135990983,0.02655100895384637,0.006746127889279954,0.022667962749961367,0.004404671898716034,0.01738034448499093,0.0297106749891273,0.0160361657532881,0.0068731675585565555,0.030201733416955298,0.009235217473192628,0.007984101968109567,0.0433138961220781,0.03142448972588075,0.041154697431285595,0.0038091881899163125,0.010760359163566224,0.03208216462189739,0.05359792148502653,0.10153318044326771,0.025046825790389752,0.03329956366304451,0.0019002281648327496,0.0025023414128068104,0.002960371615093512,0.004882815171543241,0.00033319466365355765,0.00033397051348319195,6.095009607031306e-05,0.0003174811336066341,0.0002734245628860353,0.00247448128357064,0.0006621898137382232,0.00047182331333093125,0.0003147903406084209,0.00025741131260344577,0.00045763741254153213,0.0003218913918203725,0.00039355171119935,7.473630772768625e-05,0.0007295881740481911,0.0012347838855930604,0.00025196827191393824,0.0005722501636952,0.00027509498613653705,0.0002561764965569389,0.0005016716727417373,0.0003402572201594012,0.00014645034022148847,0.00038057426697308145,0.00035569149101017197,0.00035935632786276983,0.00039523377058180305,6.011329165008024e-05,7.140903087727363e-05,0.00012692692743931057,0.0004533157412619663,0.0002607214842852602,5.82447419503751e-05,0.0007142639595166801,0.0003645580101874657
44000,0.002548202499186831,0.0032299734488737564,0.0065856559861761825,0.0005638125099022335,0.0011278057410914076,0.008422559449432552,0.0006296087277963036,0.009055985899655805,0.013293609325414821,0.0033261533117183717,0.05307457357016967,0.0241111993700728,0.005180647502790883,0.020152375494669257,0.004020759803033263,0.018959219472890254,0.030103808059807523,0.013740333229858912,0.006476064239645244,0.019430221179888272,0.008479222158145533,0.0073648103461729465,0.03342244387061025,0.023967960343967813,0.042391270467695516,0.002612402685917914,0.012049157834905688,0.026214628745947266,0.05159135416307596,0.10736387258962608,0.02477925380730691,0.0457674636149582,0.0021016818437697813,0.002439497823679419,0.005400472875711178,0.003559724539302676,0.0001758747422100944,0.0002384930680405391,4.0085467809006674e-05,0.00027028742965740093,0.00019433445843429928,0.0011712254672602285,0.00043156094652658795,0.00035766162186758407,0.00016391331692638662,0.00019020915892318564,0.0002121817823527843,0.0002989313224688317,0.0001602605071082445,5.828830018634273e-05,0.0007575547979076174,0.0013722949606744805,0.00014803777776251081,0.000423359060695642,0.00014093941335259247,0.0003308959543656701,0.00031204211319329984,0.00022497025247503188,0.0001591564473907662,0.00027386049646688313,0.0002714505753829144,0.00024564321565091914,0.0002249592568525124,3.072482227171267e-05,5.826441681872691e-05,0.0001010843890549926,0.0002406042401292195,0.0001595441048524912,6.796725459423669e-05,0.0004684146183650274,0.0002227161076007178
45000,0.0041255255835838745,0.0042987775835812226,0.009184087549025813,0.000723483117172481,0.0015937686866949016,0.009857575259437519,0.000949667572601151,0.009257472236426752,0.01636990635514722,0.0036648353070631856,0.04933315606602399,0.017889834386978134,0.0030411920302095964,0.013981778316189197,0.00607146543362058,0.018889045039638102,0.020803117297397138,0.011507059954021338,0.00499415782230374,0.022849054963929423,0.005852171833878227,0.007601457765628895,0.031724287949036804,0.023323178036541017,0.02924706429910166,0.0034783352399244904,0.00871481284045125,0.02094556449204295,0.03941681590479086,0.06982099976014597,0.024890294474898836,0.026547380215980902,0.002547923568871423,0.0023170859983724238,0.004127962107708704,0.002698232573006213,0.00023290140552489902,0.00026950679524485497,5.4683352622502634e-05,0.00021865007590804453,0.00026739250913433737,0.001507869554188801,0.00038289716158033114,0.0005037115896764016,0.00020833380424033077,0.00023926922990459128,0.00028289007887475525,0.00044600519554194307,0.00022875714224592856,7.55272502911711e-05,0.0007995105562748414,0.0006339924536102141,0.0003066446879529394,0.0003586119128715149,0.0001588217232108883,0.0002689616000928006,0.00048399607889008115,0.00032124012750500697,0.00011651782381250086,0.00035249689801555807,0.0005343835686896152,0.0002669238339378001,0.00021804237963739002,4.299869000090906e-05,5.195767981705204e-05,0.00015383468525061444,0.0007522257510572672,0.00024334574159926462,9.277037105448471e-05,0.000578556579240904,0.00041747459981706926
46000,0.0034139501452021227,0.004790740414238017,0.009999345522373915,0.0007262217297046356,0.0025002033964736693,0.013725830208776253,0.0009342952271400727,0.012350497074044588,0.015847364972349953,0.0049994873952528,0.07907460165662075,0.031732831619861755,0.007424783941876905,0.027890823343334363,0.007249484483969247,0.0154016563052816,0.04176037120790473,0.024760978123249747,0.008036585549624371,0.03303191813126129,0.009857020877164429,0.008453007238391106,0.05330013885550822,0.022472692030593558,0.045415556457887835,0.003518353495746851,0.009806484506600922,0.03195954055748492,0.051786761707626285,0.1271725239102154,0.0495578379315945,0.04077204516327653,0.0037808649737900604,0.003025912785571648,0.0044061171457643565,0.004351906978026169,0.00019851208547175988,0.0002302592944364402,5.8114549100460555e-05,0.00036320957792668196,0.00020938963763833174,0.0015462710452993633,0.00035315201748744587,0.0004831309796779686,0.00013193212324423304,0.0002482900392416403,0.0002461486795757657,0.000165395920653566,0.00016348827012217074,4.540925135643192e-05,0.0007301299576003938,0.0008070328767644241,0.00015633577531843913,0.00042580639029085653,0.00022266915020109396,0.00021618386224211216,0.0004147444812187259,0.00016611558521617553,0.0001567307246546079,0.00032774695044001696,0.00032539451822231056,0.00024164276892797815,0.0003408675785505221,5.340365014449121e-05,5.775199305288778e-05,9.810894276337681e-05,0.0007269833890209806,0.0002677136523153246,3.4699536485049975e-05,0.0004713557347958074,0.00035371087615203577
47000,0.0037163167572126024,0.0048502475848956105,0.005576099351552936,0.0008039776354472941,0.0022289883510110704,0.020778502645303627,0.0011727752728934466,0.010341229804693926,0.015075003338316044,0.0054332217514456715,0.03923282567030796,0.018365070064461104,0.004395677482314182,0.0210834691468225,0.006250874601413242,0.01824683453620916,0.03158058470892554,0.02333116188831038,0.006288947346287647,0.0268796363552489,0.007126037262519975,0.006945195427955956,0.033059004444318515,0.022847801041643835,0.035021743802298305,0.002872866264078766,0.008093412414587699,0.03850892966632576,0.04729249624309459,0.08140830797609881,0.029932925041842584,0.03053343800890546,0.0028494507973802615,0.002674749964869481,0.004839463093554109,0.004186133345180159,0.00028667306006163447,0.00028905392487517514,6.24706929074709e-05,0.0001858126133811311,0.00028512846767354973,0.0037802553342771716,0.0004062708430865314,0.0003907919995790029,0.0002382267733034831,0.0002784451211433796,0.0003186452838371336,0.0003067722196306022,0.00030056709744422767,5.1954492908573066e-05,0.0011211380855246926,0.0009118846492128796,0.0002336284815100953,0.0004353118259652027,0.00022443503088464336,0.00022504191065308987,0.0006475549748707851,0.000242589595472964,0.00018419195960935517,0.00044986248703935414,0.000407265067769913,0.00031536966031292464,0.0003246389967191337,8.120707558224272e-05,5.1291283954116e-05,9.821938132748298e-05,0.00048143880719310673,0.0003373514576860397,3.536690928740427e-05,0.0006892517005570797,0.00035789791036222596
48000,0.0038873202164894966,0.004404172198351093,0.009841127709175149,0.0006547704090805312,0.0019351686038319286,0.01854672710136843,0.0011224428109427767,0.006964534182770876,0.011993306754263784,0.0033227848980459385,0.046654919479839956,0.010682446492632969,0.0043816988587478236,0.013694709241848834,0.004874895614664317,0.01205797594593605,0.01903662115624424,0.012741209509195996,0.00731774112084947,0.018545616373497373,0.00684863969687425,0.006445289836522404,0.028174844355865692,0.01665422998982346,0.0299665431352517,0.0028352367342449726,0.008069695741053897,0.01644251202439288,0.050915419048054474,0.06290834051317014,0.022258162918442393,0.02502507912532355,0.0028800088556365086,0.002940514528957063,0.004689569410402328,0.0016157819956593553,0.00020975579698307754,0.00019993439181317544,6.572715519778505e-05,0.00025097200693835475,0.000284374266028224,0.004117827549634967,0.000571029407910828,0.00042237958579885584,0.00018729010110435314,0.0002683114225013534,0.00030504591405476454,0.00014324186117420368,0.00024109356243978504,7.03904153686546e-05,0.0009817439103314356,0.0011098760332970414,0.00032204266972257756,0.00044929467859052534,0.00018635583076282838,0.00017104544031099067,0.0005480890828450004,0.00029060041924822144,0.00019379836569694616,0.00040445489229079193,0.00028795346661354416,0.0003291531125424988,0.0002895620930724329,8.622818404956388e-05,6.468211278034787e-05,0.00011987505639182644,0.00030228782114655975,0.0003145903017884078,3.568396387265693e-05,0.0005765084745330607,0.0003973404753196519
49000,0.0030839973086757883,0.004282398922778493,0.009237944410415366,0.00075104330152009,0.0013905754721972813,0.012869535853886711,0.000977709711165634,0.00719104016367483,0.013568662882571055,0.004230089878547005,0.04354777937844097,0.021584419272093494,0.0031841230172148876,0.013423056578010966,0.004466965743481791,0.014028972120286198,0.027669237304507988,0.013507710224536212,0.004103185508159056,0.020454843555150242,0.006968898820986606,0.006193846749998296,0.03284251972955341,0.01500355042189767,0.028718876537736616,0.002462566248141229,0.010930874955104832,0.01634149825986242,0.050498466342619126,0.06760519952695176,0.025442744987473512,0.03079269720742909,0.003066645627985036,0.0029077191242914673,0.004071298935135322,0.002556590513401196,0.00035470459396205306,0.00029154175362319535,6.19270082174205e-05,0.0002850205121376348,0.0003141053680628055,0.0029274526314111426,0.0004295834396543796,0.0004737274843807283,0.00018242353656349128,0.0002549165752303192,0.00030966889980925513,0.00016533037901922398,0.00025645748992482025,0.00010827281403180677,0.000954208356782916,0.0012430400026156956,0.000262887204917206,0.0004813231500928832,0.00018735778369240318,0.00016354466102215653,0.0005759828946079373,0.00031291650202547316,0.00020094919815013176,0.0003881087376752335,0.00046572001059151565,0.0003496562833847307,0.00032857770111149875,7.82518086063712e-05,6.789006854685592e-05,0.00016101908309414662,0.0011000109479937237,0.0002762897546792755,4.203520015266804e-05,0.0007644300246337319,0.00041380909678991886
50000,0.0033995328362711793,0.004575631401234272,0.0075208928804689395,0.0008205084785983602,0.002251934930934078,0.011873534057355885,0.0013039718420083273,0.008875328581209532,0.018468722971480434,0.004616086207533954,0.06062348983696098,0.029446393139463053,0.004147396048982487,0.020676610010868346,0.006003673905391171,0.016306619718913378,0.02576870443884954,0.009406160070307411,0.004639080542671893,0.023088085577765014,0.009741935222158505,0.0068560473278661705,0.03689502142369747,0.025227781706053064,0.04884001228665944,0.004343529976904392,0.0089128916294847,0.01941450346324321,0.05850455571712433,0.1142804997908834,0.05097705099033192,0.03514625428719088,0.003201980448422476,0.002976260957142966,0.006954435591574616,0.0017241254383212176,0.0002734876340797966,0.0003207396002835594,7.733229815913952e-05,0.0002640665629769501,0.00030177197263196346,0.0030617701486335136,0.0006746991741238162,0.0004944452792092067,0.00028441901091642456,0.000324487837131723,0.000271617963610544,0.00015122127597066992,0.000221799517060484,7.84160275874125e-05,0.000942145174653538,0.0009376138138274351,0.00024464105918013955,0.0004974848382758233,0.0002100041400463569,0.00014974294886501,0.0005354446665996777,0.00042435861860212754,0.00023288461665060822,0.0004075415204799636,0.00035510551036471347,0.0003688589384657012,0.0004374522563079221,7.349697587103635e-05,0.00011174233825133544,0.00014865216228697266,0.0005459524597556863,0.00024292525421379475,4.460833903863204e-05,0.0005887204957968201,0.00040258924054796806
51000,0.0029863817837542375,0.0038273551795605775,0.005394832366922249,0.0006430405376494701,0.001717965614894822,0.008393536244901563,0.0007543863615381035,0.00857560715817004,0.012514226044741124,0.0027810850260721054,0.050152764378265005,0.013285620936877811,0.0030354041571792386,0.01564987421614095,0.006004251801941256,0.018885749740244744,0.02644340854229605,0.014170434850723413,0.006016299596272542,0.02671818818615672,0.006653340654315798,0.007632901387263961,0.033890006345075864,0.016112050886658836,0.035198730610159504,0.0034924504696391525,0.00849527253044911,0.026487285762414103,0.042243183562395106,0.09499796949345299,0.029907342851317176,0.02991780643396151,0.002861009028941033,0.0027519797292561,0.0029077285403723684,0.0017015149119450662,0.00023846833879528467,0.00029890537656352865,3.934796732429244e-05,0.00026872282501244626,0.00024974335339836816,0.0019624280284915585,0.0005486386255142861,0.00037444241206685547,0.000173777602140035,0.00013133509136520973,0.0002689743971865953,0.00013212927402861396,0.00021574387233942678,5.840229530142758e-05,0.0007812815617678728,0.0008946760978384797,0.0002257828664369299,0.0003719865555783089,0.0001747286206754607,8.818327250992297e-05,0.0004729183439986207,0.00022573569276573835,0.00014488255272087573,0.000311540926143677,0.00031853483251325087,0.0002710720050418463,0.0003309729070813908,4.727801909801791e-05,4.26561558318402e-05,8.838078476354033e-05,0.00035480714047610363,0.00028512943931178277,3.814491250153651e-05,0.0005146968677679581,0.0003030451513041044
52000,0.0030394073882406875,0.004232276562510783,0.011055514944018796,0.0006916964456859904,0.0015329498623884055,0.00942765460890119,0.0006572806691359977,0.008814270913574672,0.01313843962454968,0.00659991299653484,0.04207984863113566,0.024688968088080587,0.005033384833509583,0.01878486001739723,0.004657352461799746,0.0197559353049049,0.034866831480290524,0.018421137601555667,0.008645981103264993,0.024887187999653785,0.008059836804355095,0.00745865751920454,0.03788303180132061,0.023685937826303415,0.038921857704865816,0.00241927825845778,0.014519242702825126,0.03074977876531193,0.051170718734946975,0.07672069559010843,0.031823709905923654,0.03756224325087924,0.002697473857943158,0.002465042475049877,0.006494769847348734,0.005543285729215443,0.00032473192966096435,0.0003962542800763913,5.8699706055833016e-05,0.0002925486796812038,0.00031695621674152015,0.0020997232277295552,0.0006776639414965757,0.0004900300706427324,0.0002831355354972306,0.0003272635498108554,0.00034213432110861996,0.00026367339984290084,0.00024467436074262187,7.556149532981429e-05,0.001035927778572771,0.0017132173798017902,0.0002436716684314888,0.0005720073608319247,0.00022848190445952713,0.00017926275789002168,0.0005899509741177236,0.00030954848352848785,0.00021787248080171493,0.00040313365759105254,0.0004994756055869705,0.00034697993098273413,0.0004500607114668701,6.623883534819076e-05,7.359009335535423e-05,0.00016708636526168626,0.0005211177402608362,0.0002761929841060721,0.00017340888268790877,0.000652302993590378,0.0004307879244151991
53000,0.0038138754381499304,0.004375548575707298,0.011748849035939202,0.0008473394349913668,0.0014926948577202075,0.014603570149379916,0.0010524189017140147,0.011197935079918335,0.02053815128887367,0.006251048507692758,0.06263950006694269,0.03632428786032942,0.003968610358600871,0.024407051862605538,0.005040186781030463,0.023789814389601815,0.033812647525337525,0.012783303975843813,0.007212551707717856,0.02824240173387807,0.009852666337246773,0.008425964659051845,0.04298817400742943,0.02146867055283413,0.04894224684158828,0.003563902829773724,0.015400626473731995,0.015499155762881855,0.06099115269847543,0.13062673885865334,0.04964726453802238,0.04855037110302454,0.003357191549075476,0.0034071059730364185,0.009660256927923506,0.0030123744622220067,0.000510132466950764,0.00032810070977327336,7.638439785340044e-05,0.0002227114355264348,0.00025516770701289446,0.0021834776998730376,0.0007510088864364662,0.0003659542074417818,0.00020289391466480754,0.00027339594768298933,0.0002042384363895715,0.00038792825600353353,0.000305572719541707,8.198760978798832e-05,0.0008197269592598716,0.0012888454457424814,0.00023465090125682764,0.0005237885030807348,0.00014519901228125272,0.00018787541582489874,0.0006663851960105584,0.00026195490681857336,0.00019051774596492678,0.0003781957488732027,0.0004749108153191628,0.0003241837706692393,0.0003517782044110828,7.0432170367247e-05,7.814593179015598e-05,0.00018536392425122866,0.0006964305271789531,0.0002446652829431265,5.0143376824962616e-05,0.0006860343931775252,0.0003819986835878808
54000,0.002870884293844102,0.00327114083510996,0.008223432572170472,0.0006362012521794196,0.0012114643409864884,0.007811543835227245,0.0008988554583054558,0.006376649194720027,0.009254856609453483,0.003901897194737103,0.037098326663706556,0.02898108423939485,0.00349089795649475,0.012750856296020864,0.0033477163759337548,0.014857821799523663,0.017059568963304628,0.008004787931538518,0.004943045130598226,0.017696464836675054,0.00629531819351209,0.004675128140011761,0.029495878296826657,0.018097444945184785,0.030440910620474448,0.0032434182241559027,0.012689894074707896,0.011992190600115768,0.03556139079840196,0.0671461924890067,0.021034765230239526,0.027710098380339332,0.0017587333018805286,0.00200873884568864,0.004705063892995693,0.0018588616519212206,0.00024293199880120434,0.00019673169832789097,6.212105632497345e-05,0.0001687675850234882,0.00019359407519672496,0.0017519158827781212,0.0004638898044504458,0.00040623802277351437,0.00010619295672816071,0.000205484568643247,0.00018929078072560195,0.00019749949117198184,0.00015783607228388126,4.9870529478952946e-05,0.0007574443035432174,0.0009252747540813289,0.00019602468637458514,0.00041590318232920254,0.00014536147475531646,0.00011365234381214991,0.000410619080671446,0.0001940677298080118,0.00019717151339035708,0.00035229293206122327,0.0002830805675633504,0.00026050850057936746,0.00027787762595229043,3.9921629142046585e-05,4.7613582864869386e-05,9.331561535542609e-05,0.00023970112202472853,0.0002318482044203055,2.3081966972426926e-05,0.0005203648512836197,0.00032725192431826144
55000,0.003961230505041926,0.004726616866483474,0.007320705830352381,0.0007564434600331319,0.0018555340667964766,0.011818037193734199,0.0008023567389397701,0.010213653097475888,0.01496499061429375,0.003961784954299219,0.04370865755014547,0.02231836914598735,0.0034986706715161827,0.025101726645516464,0.006299066456396009,0.01685022087985999,0.026770242972253028,0.018983146234318213,0.009861507848004944,0.04052044924814254,0.006903560447076766,0.007517505263422208,0.03796147917785371,0.01795331807055239,0.037921078238194614,0.003713898127898574,0.012737170296473308,0.030883702539237372,0.0718384867253275,0.11389734993598165,0.0382768849095252,0.030844241687401127,0.002712936707902932,0.003941778209484128,0.008730675594658047,0.002133741746190156,0.00034261102972490525,0.0003038678936387772,9.333898645100894e-05,0.00021345102356917778,0.0003150295394499018,0.0017333424948446918,0.0007522260011683102,0.0003876385416285637,0.00020678736391825,0.00030922139081245145,0.00034241314118557247,0.00019486872666618638,0.00024329270705877583,5.7494038587306434e-05,0.0007516361721032948,0.0011066450861108024,0.0002886624391976511,0.00039680714025405685,0.00017204003795305998,0.00018706173601789158,0.0005628775662806083,0.0002868005867640022,0.0002122948392613782,0.00037116242351308194,0.0005601483003071432,0.0002549016221540222,0.00020654364078398903,5.7197660828171286e-05,6.358386781357694e-05,0.00012416538872646736,0.0011182756544647937,0.00025901741545174945,3.599112352503653e-05,0.0004301787766733377,0.00033259675110457464
56000,0.0027978918398386325,0.0036523416875516653,0.006724040412033598,0.0006945907097430721,0.0017474761758260488,0.00561825436982742,0.0009114828612250529,0.007522824502944679,0.008635130932494184,0.003830474059213884,0.036850970442892615,0.011311919090428777,0.003566220938051684,0.01637757350743579,0.004246818795935028,0.011425954538329583,0.01936228093087439,0.012351002345595486,0.006260718093212095,0.02428193985688267,0.006159397374005074,0.006749078612561529,0.03680944413528778,0.01413159000937109,0.022960519756972126,0.0027700920240022243,0.011124028273908123,0.01920268109218644,0.035773789031116075,0.08495560585963118,0.027844934770061325,0.02266656173966252,0.0017336720351863733,0.0031490710316575132,0.003181352013497316,0.0019100288117296518,0.00036437069200857017,0.00026238352120344643,6.331532641656466e-05,0.00022380312816494552,0.00025524416594180366,0.001986860552278813,0.0005647782421874581,0.0005333686382839101,0.0001764245028952198,0.00032833188641591605,0.0002506313416505005,0.00018786089668054728,0.00020384474405075488,5.6520019907938234e-05,0.0008516273054038511,0.0011653336926732056,0.00028716766864818056,0.0004338443233271911,0.00020700519937612438,0.00019651906669340943,0.0004863938495589693,0.00026168243175561656,0.00020031786099000074,0.0003812086047428938,0.000673952727690145,0.00026557533239747987,0.00028547528858393045,6.0352556681971544e-05,5.1480219553923234e-05,0.00015451672085826479,0.00038780721765111333,0.00027886064617678495,6.647037284324142e-05,0.0005743663429918243,0.00038447640399681405
57000,0.0027953535754194664,0.00306842649459011,0.007448469928931445,0.000677913920564886,0.0013790383363927123,0.006397889933266144,0.000839656477578941,0.01013973843267498,0.011553705370243745,0.0041049139290407766,0.05329460051430987,0.021623241790036576,0.004901416976777414,0.018815828715422398,0.004412741658854751,0.012449930023043029,0.015305472619383224,0.01424932794253448,0.00793437915438387,0.026531706268433482,0.007761074960913343,0.0074042429851033376,0.035937482706891996,0.017369093549496027,0.03191431005769926,0.004601516528055072,0.014411742369761229,0.02000188337478903,0.04279716105460573,0.08650510808823333,0.036471883251797406,0.03188118092993346,0.0021693256376719406,0.0027356348797437993,0.005696031253238389,0.002728827553775253,0.0004346443953109931,0.0005232349514947352,7.72132655622198e-05,0.0003522689048622851,0.0003221555112043248,0.003613347689679358,0.0006433015856600832,0.0005742889993837851,0.0002139336326332628,0.0004622166865098214,0.0003299979442273756,0.0004417711983961681,0.00040050092515433913,0.00010388514432303386,0.0012648130854778664,0.0018508618874572373,0.00030695853020006324,0.0005356809550142557,0.0003354621320764197,0.000304619499233509,0.0005807702217220707,0.00030503497964673443,0.00028589286821695877,0.000498815263045589,0.0007010400287375281,0.0004102583414605369,0.0005130542257137238,7.825204688783783e-05,0.00010642342658684356,0.00018763855336170285,0.0005520240551309793,0.00044537170204755,0.00012093681763758468,0.0007408573847369706,0.00037010830419603735
58000,0.0026998509477232655,0.0028488888643483667,0.006518761287831391,0.0006016436297963642,0.0010463633809908797,0.005135868409394918,0.0006873304171002078,0.005618577552334447,0.00831510960823017,0.00364556103158975,0.03572324004324647,0.017299639448422065,0.0029153125204064772,0.017774881069602667,0.0030508233333153734,0.007779001852516861,0.014493260730627558,0.006514246686976226,0.0042277386767507,0.013351315083176208,0.004995263174746119,0.00487673927578466,0.021847179570080092,0.013979473988365498,0.025789330700053906,0.0031711429823189975,0.008085993897287652,0.00964908006820527,0.030189123937709478,0.06763063171779175,0.02381618025538046,0.026449863803393852,0.0010683070059677936,0.0019479135126159743,0.00314573592004308,0.0009422244914471126,0.00035825046692432235,0.0003385277944868325,7.938279149600996e-05,0.0002415691606074688,0.00016728967760782517,0.0016889640573936049,0.0005425668598036282,0.0002708587798176603,0.00016830322910161492,0.00019779808632571465,0.00018616348865650747,0.00013573328575944288,0.00015383627867087289,7.538901321492052e-05,0.0008404839867440527,0.0010802228101359408,0.00019334536300448236,0.00046398447267740863,0.00014556658462769803,0.00017968889683701988,0.0005072793153553365,0.00019395494246055023,0.0002070325784807715,0.0003141941619805248,0.0004929456338383412,0.0003073145785394875,0.000354946373860272,4.2652295977294103e-05,7.38612422234534e-05,0.00013809747434760384,0.00022259007736075937,0.0001838253547832793,6.0916094298590906e-05,0.0004627074509744871,0.00028192407698952594
59000,0.003698482099762997,0.004707576659577036,0.008985075241071172,0.0006930593716018708,0.0015173412033549585,0.006627743665636184,0.0008398899060246608,0.00813965752690017,0.012959983765609603,0.003945021355320932,0.04926575789979751,0.03768457979390869,0.006145486325046725,0.015707680298818916,0.004452976073886983,0.009941960789850176,0.019585433349545513,0.016215638602756648,0.006182095104512493,0.027388975292172595,0.0070673473667529135,0.006434257865683841,0.038072672796746095,0.02059466794319936,0.029809811268817626,0.004084180761128664,0.014656600585992911,0.021781015221980244,0.05224343196297174,0.08315067236370881,0.03856752546795178,0.03190790515285558,0.0019460312111531353,0.003621210330133773,0.0035798319699501414,0.0019524502733929694,0.0005799570144637599,0.0002695370525212969,0.00010184865260019153,0.0003557222947847549,0.00024990236102468696,0.004345150329754688,0.0009086078138352604,0.0006870718943422329,0.00021230066135773852,0.0003578447830039165,0.00025683116323786014,0.00012931773230917543,0.00026117829979700123,7.351144129395173e-05,0.0011678268224876284,0.0017338660090899793,0.00024205175504903308,0.0005960395703034604,0.00028011294000015335,0.0001564461655024471,0.0006642700947498181,0.0001846790146373678,0.00022865566071712036,0.00046130807831314786,0.00043999936751788483,0.0003410285162219655,0.0004176537227909581,6.775005835283214e-05,6.655793307193865e-05,0.00010975014276198919,0.000550502446068484,0.0004064194403768749,5.324110107096658e-05,0.0007532166131598945,0.0005308067935402505
60000,0.0033195417989412127,0.0032033117167884484,0.00971388820228943,0.0007179124110105197,0.0018789646142125358,0.006949586397760348,0.0010242782511869014,0.008663126135098875,0.017671824095360316,0.003806771317613311,0.04576952759439505,0.029171949162269922,0.0037010875618734367,0.01838489930000695,0.00427458988278351,0.011017876383751476,0.023966967939313258,0.013110922622977745,0.009018671273744465,0.033493871667499966,0.004655015823629163,0.010254257652702239,0.033799540525457514,0.014506562441844532,0.03314345081046682,0.003664782317355275,0.014079439513367223,0.019913466576326755,0.050264798625207996,0.10640915251367973,0.03055596282084783,0.03021626170755973,0.0023273894877998092,0.0026984589655702895,0.005640136799128313,0.0028337682876359133,0.00030567149746586536,0.00024868430215395745,7.509390976962775e-05,0.00023258460851138807,0.0003014846348581527,0.0048691352385503706,0.0006497643238617456,0.000720247876272065,0.00018080406895789662,0.00026627659764894164,0.00027813153091253636,0.00011676748756883626,0.00026293554621808086,5.661713794324896e-05,0.0009920085751358644,0.0008371281619474757,0.0003119103435892612,0.0004458845591104865,0.00016239634470397943,0.00024387099938394385,0.0005909397098851817,0.00023573997259518364,0.000142719407001045,0.00035011199457725384,0.0006632980819025155,0.00028012935313786476,0.0003137216080749231,6.327502420832831e-05,4.78072589531722e-05,0.00015467101858629068,0.0011231739367108925,0.0002792103170392579,2.674138315228447e-05,0.0006903586370203773,0.0003620592222432606
61000,0.00347973040548036,0.0036653297663886203,0.00742495483912838,0.0007370716547974062,0.0014240771129440377,0.00769354664745541,0.0006838429381354393,0.010230724744092989,0.015060590836330011,0.008754012204008177,0.050538697970936214,0.027914783315565024,0.004933726744528747,0.01721955510451649,0.005238189462119515,0.012941730815024735,0.018881432921348494,0.01052968316310663,0.009216164124414459,0.022532042603221877,0.006617134087596592,0.007904064597628999,0.03561745793558657,0.016440378928503682,0.039452703734342426,0.002507155970670283,0.017439091915973898,0.01367098650856254,0.04707767927389154,0.10715617291768262,0.0343532377735634,0.03835796373403774,0.003096614775019956,0.002415026552033703,0.01324827716921896,0.0016741581798994179,0.00039207790162340404,0.0003037925329904696,7.664493198372367e-05,0.0003220821179183986,0.0002298259568054531,0.0037218680045043584,0.0005723498601582832,0.00047246094283381304,0.0002328374146313045,0.0003523100312504214,0.00025995176360594455,0.00016042807405369786,0.000283955310657081,8.139686600440076e-05,0.0012481998305142602,0.0013229403314956774,0.0003634344222518848,0.0005803970525448676,0.00019443485730178133,0.00024230617947812954,0.0006590265850825998,0.0003032382555829827,0.0002993258237640677,0.00048109836453267445,0.0006699061439576326,0.00045329324300211584,0.0004282842274497617,5.1506695782492146e-05,6.893476660884012e-05,0.00017239159220102388,0.00046164025375868993,0.0003365990194513672,6.157573577070252e-05,0.0008752191786071239,0.0005565765597566497
62000,0.004957665303393426,0.004298072306146087,0.010950991689848403,0.0009639906178423329,0.001976697921558689,0.007934741082343473,0.0009952154899462672,0.011500340509348247,0.014094382055605544,0.006340648400509963,0.05428805360089079,0.0366601201062761,0.005319853657221591,0.018209960640392223,0.005278747363220592,0.015052283781794054,0.029824515108755025,0.011501391349386872,0.008716078917911676,0.03460203940902526,0.00707254302982217,0.0075633501527201065,0.045888204392977056,0.023073060262201277,0.03420428622357865,0.002774893445894122,0.017881274828699046,0.021486821132081484,0.04956466087400365,0.11132405704225792,0.04229560062774302,0.04523565338324541,0.002089859381142717,0.00414752347772497,0.0037874479053748977,0.0034833905388040876,0.00041136813823820713,0.00040266506576616933,0.00010237112110463572,0.00040552665882387373,0.0004883609345316917,0.004006808187114075,0.0007959757112985244,0.0007488836539491068,0.00026397419692090665,0.0003302483675708702,0.0003527203196570458,0.00018234957410356856,0.00029160621007294735,0.00011764514064535351,0.0011986073905133638,0.001376114965751185,0.00040611158074170816,0.000714905997539267,0.00026409734201824275,0.00031524628998754037,0.0008076058453904503,0.00036240432018530555,0.00024402268052073041,0.0005126760241462481,0.0005521375045645982,0.00038175063524758244,0.0005349023312764648,0.00010473581003040906,0.00014187436681822874,0.00025045493684247756,0.0009081682416893143,0.0004056196134163128,0.00014008610332894023,0.0009639392394718994,0.0005183055749512277
63000,0.005133212840224292,0.0053634921749579475,0.009206946017608667,0.0008651437479924285,0.0022954193167767896,0.007874598425197681,0.001269286184167633,0.00928364455980687,0.02241158406136895,0.004972212089342065,0.06260839463384063,0.029290075825322358,0.004623778809962625,0.01808285137094296,0.007518762915081906,0.023941477690338313,0.03131539254086203,0.016159112610901364,0.00925214517857447,0.0330962160093865,0.007311923824248039,0.01185721373076376,0.0445458624791354,0.02156173575203866,0.037300990298270276,0.0069127896334975954,0.01479276391168124,0.023951430985713767,0.04978872103589203,0.11322164652102079,0.0398369796310241,0.040431032673670694,0.0020529851907178033,0.0041634897611085,0.007206558336191746,0.002545958110009191,0.0002803169341189603,0.00024089161491825837,7.59426606050675e-05,0.00043010602598769765,0.00028095358258260024,0.002219025893282378,0.0006579112734470983,0.0003866117053564123,0.0001975863845616818,0.0002855564918117385,0.00018784369912713087,0.00011989104589815724,0.0001927958730118854,9.225538054703397e-05,0.000931013525279503,0.0009404708665291158,0.0002959962250315584,0.0005858501425958524,0.00020106319500663285,0.00026345582541993775,0.0006022036292560314,0.00023532052864538855,0.00018943254317744303,0.00039964953022298197,0.0005254931498105482,0.0003232822831881593,0.0004071697865381591,5.4862361110707266e-05,7.631223120875398e-05,0.00013208930327631867,0.0005570919394293534,0.00028373412606808393,5.7081315674167854e-05,0.0007656534980924334,0.0004881225959252333
64000,0.0028196462783951675,0.00339084152262701,0.004085795842305136,0.0008379598039587458,0.0014946584965688503,0.007948133352329023,0.0009098260822112582,0.007539068245629703,0.016151020797903433,0.005166102971998043,0.04542990231435217,0.02869542837429296,0.004942068207266416,0.015568987750212369,0.0037397941481043854,0.016419674047938315,0.020210133474652787,0.009464802106258849,0.005930910519964527,0.023109319479942013,0.007789844311478716,0.00679035464755933,0.037961855058480674,0.014828062403345636,0.03187462286379222,0.0029006754513829945,0.013505787678857286,0.016575069163688266,0.0526691190460149,0.09291791266960284,0.036374901180000356,0.036010014771958455,0.002509221833741129,0.0038357101705535804,0.0038278142072966956,0.0011944513251559588,0.0003487036675192269,0.00023217099632430208,5.755556556170018e-05,0.0002271322987894564,0.00026113110921153533,0.003920973795175087,0.00044200693669154133,0.0005577885461829474,0.0001981245385219441,0.0002479710692601397,0.0003068996084876792,0.00027487097712253217,0.00018271648904460405,6.32807827555966e-05,0.0007883440540878767,0.0020631480935359527,0.00022649681559414603,0.0004333909080148204,0.0001587349283125087,0.00016709452789985914,0.0005142086560696161,0.00022897579492564546,0.00021934077200727288,0.0003193815839669976,0.0005077005614415005,0.00026834709934098677,0.00029152008690929234,5.488357922265939e-05,5.147117715548827e-05,0.00010187418520926459,0.0005351355128888306,0.00021236863056281385,3.833943832631803e-05,0.0005428286015657472,0.0003397456275706645
65000,0.0034468290864547394,0.0036193584884232325,0.006143567035906017,0.000753465448654494,0.0011951392047701084,0.005210428750225609,0.0008663050294789202,0.009343320578516475,0.010493039953503227,0.005386346219893312,0.05347518476709309,0.020987609053509933,0.003369082088201222,0.014989530721129884,0.0037381848840381923,0.016040975266757112,0.016232354372775825,0.014092128814486904,0.005408375703804528,0.024057794307009318,0.005767284151805213,0.008090390589651568,0.03656386396304394,0.015086627047518656,0.03335385635958999,0.004224873892962932,0.009708577039301388,0.03125722410519908,0.04326178122325527,0.09232491347868363,0.0326565267277571,0.03330847410297093,0.0015140557237928603,0.003496310390145545,0.00409181777548737,0.0014763027761546255,0.0004307008827804805,0.00026058487715503856,6.464911082850932e-05,0.0003937702431358048,0.00025953204247227714,0.0025200696909450926,0.0006649608312727651,0.0004736721355488714,0.0003052239544654424,0.0004647868569041488,0.0002683904905664173,0.00033054246489427896,0.00026704059707597104,9.713646973481941e-05,0.0008969781188380483,0.0014298803146933399,0.00027924635760427917,0.00048030693019705833,0.00020889687923421473,0.00025062495660677087,0.0005345812312033784,0.0004656241799239069,0.00016858618500097892,0.0003490005845378619,0.0005614051153922143,0.00033177450773452024,0.00036588305212919496,4.582564996666291e-05,7.331809633291818e-05,0.0001097284433818494,0.0007274893240329609,0.00026297526251035436,4.8487891703530295e-05,0.0006937697220289446,0.00045608998843817974
66000,0.0029094171359739032,0.003148006562022837,0.004255306281265803,0.0006318947265824066,0.0012477634073444347,0.006210840504666392,0.0008786833631670414,0.010403457666303866,0.011935473723036622,0.005346682526578661,0.04176589923682278,0.025309588314958463,0.004738562110243506,0.01492490690549003,0.0038630836647237576,0.012241716738571995,0.017238650976131403,0.008877744272283479,0.009427757152090115,0.01963180618933014,0.006657004142448386,0.010144925506730422,0.03563700790051371,0.01630685335173136,0.03524792187286833,0.006850516167469322,0.014180588624361506,0.015391113132257791,0.04187516387524631,0.08722216705075791,0.03857642914323757,0.0370947985121837,0.0015181581998695913,0.003983688173743864,0.005408316674826589,0.0021745381495910415,0.0002084236545795791,0.00032264481317476816,7.733857459988282e-05,0.00033976241832078813,0.00022645582022350744,0.002221804659711779,0.00034438921120454323,0.0003082223643344294,0.00014235993069297893,0.000178043428307514,0.000256914698150212,0.00012963027601387012,0.00015989904169922236,8.085520043592128e-05,0.0010119210205070536,0.0016511199886129664,0.00023212587693706156,0.00041440936920666066,0.00011942658746757561,0.0001611933437908936,0.0004522138714912549,0.0001904804666992277,0.00020953917710484247,0.0003039668459678069,0.0004892709677127035,0.0002621241310334294,0.00037890181128777503,4.425847073885502e-05,6.705113911367435e-05,0.0001348660925144374,0.00046462694639818177,0.0002209868674341461,3.164824869372751e-05,0.0006469077834481141,0.0003042868407646893
67000,0.004701477566708786,0.00553899474498057,0.010891750333636688,0.0009395300169182099,0.001877167308636292,0.010689371425542049,0.0017706158255057216,0.012769460443129954,0.01780971413042803,0.005081224833702436,0.06146578627414311,0.03494899490252298,0.004703081670661711,0.020018891327874207,0.004770869803777554,0.017832191680402804,0.025790440791578953,0.013388694284256854,0.008181469282135367,0.026441712304173658,0.007229050695451196,0.012603132740293534,0.037130683748982846,0.02486766935629324,0.03858083478357118,0.00776392687112093,0.014885099928535291,0.021796750923385844,0.04323915670735433,0.09776599737538604,0.04671471158663432,0.0537718665615942,0.002766127596037047,0.004925677988953688,0.009345875111345473,0.0016138715720574379,0.00032083973129422365,0.00032442107848592883,9.166480204916604e-05,0.0002967725106373109,0.0002810881649836913,0.0018344158997933846,0.0007082407733832952,0.0004371414391387493,0.0002264605821294122,0.00024630577849101037,0.0003601387678939142,0.0002137157851969107,0.00029405367500062154,0.0001009299141762974,0.0009903708733802958,0.002523647960212353,0.0002648653144206037,0.0005114168514929977,0.00017394096564736362,0.0003369770282998533,0.0007276483287256191,0.0003637097579485271,0.00024371925818892728,0.000480046513243556,0.0005813114535461257,0.00041795878241241406,0.0004210210124289949,6.568561567037905e-05,0.00012872891663088618,0.000183375408056094,0.0009993393079119933,0.0002029017442737313,4.272513689329571e-05,0.0007683406343063371,0.0005058803559222725
68000,0.0028909223878685764,0.0027738801886530214,0.006649471814550149,0.0007673399394451945,0.0014457096225485174,0.0076290681744077505,0.000646123584950205,0.0077811669547301395,0.012856430735143786,0.005148537551576737,0.04376838055193528,0.025817953324497708,0.003343474595264221,0.017418700434835486,0.004171198672103107,0.012092306273795353,0.02331971109777528,0.005843081192520176,0.0171090899405369,0.027367810869764073,0.00855341528722857,0.009637954811263885,0.0331193221360445,0.014840384518902284,0.026922111946958698,0.004962305072695017,0.01002975671478394,0.012621910479083454,0.040585254844250705,0.09781658371429652,0.026286217168866036,0.029543348619392,0.002129781188491856,0.002021843106017196,0.0035674825201365617,0.0016796772119960224,0.0002941491495795689,0.0002538855978028468,6.160347191391601e-05,0.00019585521488352242,0.00018634725623261592,0.001426914215699071,0.0004304528356442461,0.0002516624229572603,0.00017965112775097,0.00027229941407053306,0.000187148456589376,0.00013563545326178428,0.00017269098212433038,5.6838098027417964e-05,0.0007948564763095279,0.0009798763288320818,0.0001822507198085077,0.0003966229355775832,0.0001040487431023864,0.00022514953041701864,0.0004234430251124904,0.0001947669661603868,0.00017298012482708854,0.0002598645597502652,0.00031487672537574933,0.00023384327704984424,0.00029008293293170736,3.2138857635275985e-05,8.629063854136298e-05,8.581438967596184e-05,0.0003765278854968658,0.00017033488946060333,3.452693324845768e-05,0.0004909177742400276,0.00027816099900519476
69000,0.0031849831123975957,0.004962621166163849,0.00888663778702418,0.0010289479165154403,0.0016543987015130725,0.008430394368977951,0.0013416830602035325,0.010870599901239736,0.011432210130737122,0.004502923129621195,0.05148931467376741,0.03542051679681542,0.004122010146437044,0.021875451050370677,0.004715242785374251,0.013010342778216,0.029545845814850293,0.01982282243943125,0.007142628433939535,0.026368223207537084,0.00740390980157949,0.009412243219100804,0.034764307856870194,0.018067088712753806,0.04681160437480901,0.005948707647621632,0.012760902515405941,0.028460437135739387,0.05869995792642893,0.12088754269802114,0.06145027360937092,0.03687428307826989,0.002315228001783418,0.0029679184300157643,0.011064375651282413,0.0016700450009271403,0.0005120909235672929,0.00031998390692354985,6.820616077532917e-05,0.0002944753892961671,0.0003030947057963436,0.0030050452405703254,0.0005895288122701459,0.0005077749050255271,0.0002388559662808563,0.00019364530378749935,0.000297636102682749,0.00017535942862423326,0.00021453111727670808,7.12494158340798e-05,0.001026051213410448,0.0013847873748697264,0.0002805519077810459,0.0004893496055844982,0.00020435122167265066,0.0001626568155188579,0.0007489102044390713,0.0001752323837536096,0.0001863118506106629,0.00041129114297641184,0.0004639148033068826,0.00031003544206449136,0.0003750143636083252,6.804749719358861e-05,0.00012035637660624666,0.0001482379130697178,0.00044867294023528563,0.00022642151047832265,4.920781975670252e-05,0.0007165057985799312,0.00034538363397587093
70000,0.0034296957029083214,0.004394324043123224,0.008692428324138746,0.000777057095197401,0.0016702863975849682,0.008928481307520997,0.0009291604949706403,0.010722354863080945,0.016321602955595385,0.004347746093117166,0.0375102959227616,0.03284147994634516,0.003312763986865651,0.016405192516520565,0.005157499458201689,0.013463254823970297,0.02471453138016278,0.013449263659857002,0.012997943638765719,0.028898377014362875,0.0061529310902100265,0.009123077108467572,0.03742460159817711,0.01977492469086428,0.027751900631373578,0.003031048481352627,0.015324633785711183,0.021824777062041296,0.052492713412228865,0.09700296343491514,0.03283007954596542,0.038172042762968116,0.0036048310552504203,0.001666847576627841,0.0071297834074357525,0.0012933650123483989,0.0002664095036738888,0.00029495040722725787,6.171810167848801e-05,0.0002776496198748646,0.00014347220052939597,0.002784509902994614,0.0005760332176578231,0.00027037652477558466,0.00016126958548978254,0.00014473873035935218,0.0001685131178120221,0.0001129110640079034,0.0001865227519405819,7.105803177348042e-05,0.0009446078158886779,0.0015329131589775595,0.00027298325512674636,0.0005849906370638898,0.00013146796598072075,0.00014556973697339842,0.0004895543825114146,0.00023869527194619877,0.00020888763684310006,0.0003668633260391429,0.0003776728922578817,0.0002706166571652996,0.000323711891016703,3.889445294204576e-05,7.032268149487209e-05,8.270749795682805e-05,0.00039446060639290536,0.00023189970867802442,4.327668204950896e-05,0.0005710492785648294,0.0003418317370233126
71000,0.002354977105553828,0.003061955362985221,0.005074844365784277,0.0006579089672903557,0.0012127749870632202,0.004720987682438655,0.0006074064012204138,0.007316488622688898,0.01029467734406353,0.004024657368063345,0.032117641438589216,0.013317458234925597,0.002567936976530208,0.014055163295751932,0.0035023435442246196,0.010306325822360426,0.022625995348356638,0.013906301344786123,0.00446898137826273,0.024161998770432548,0.004936406481293979,0.006077590204962949,0.027943715769797563,0.014547969862542231,0.027915374350125186,0.004296118463389576,0.008798123946308483,0.017677265131358883,0.050320640479912984,0.08528509231262198,0.026796819066706425,0.0272864303820265,0.0015609026116075815,0.0020619918230422203,0.00409786283348189,0.0007868279863844561,0.0002978492886517128,0.00023382062789261744,5.572086646986781e-05,0.0002170896407278633,0.00015065447460654738,0.0020427939198270906,0.000561733069116599,0.0002315541675287884,0.00013140716194022005,0.00013429613488986954,0.00015003832476267825,0.00011394011353615952,0.00011849005239457319,4.7143311545286536e-05,0.0006563948568607604,0.0008260780950877233,0.00022727184750692686,0.0003315416729399621,0.00010814722228478158,0.00020443559159585592,0.00039037631294406547,0.00013106417009112192,0.0001537629762095902,0.00023815213436626857,0.00022015135740124,0.0002299863500064275,0.0002461060268480516,3.590872037224275e-05,6.123741998938688e-05,7.865762799534045e-05,0.00020213512964671412,0.0001405929393659366,5.201667582355185e-05,0.00045923309694406256,0.00022660496288153808
72000,0.004015919139149175,0.00481344127911143,0.006364152271999046,0.0009202841568017343,0.0017584925620132154,0.012137074291656193,0.0012433328389423906,0.009997325457031062,0.014168850094197124,0.0035814868679153733,0.032070648033289746,0.019339345067928847,0.0032569102477282286,0.017031904349675064,0.005212800354381804,0.020024477921348687,0.029540477711028263,0.01293660508420118,0.006961432865604625,0.029029854635494606,0.007492890313848805,0.010389229727999398,0.031996917251187064,0.02153003327754656,0.03381724091568252,0.003760414430871606,0.008570314847871017,0.01945699961531015,0.04808603541288689,0.08669249491997048,0.030647918416749843,0.029926616485821657,0.002467869085439116,0.003896086723025926,0.007754626155777562,0.0029005346822097117,0.0003554866834268691,0.0003964957158214847,7.794814657069973e-05,0.0003041907762053597,0.00025298598312387414,0.0035014183486055117,0.0008488548886816716,0.0007268690650514481,0.00020300819218583026,0.00023288655886192697,0.0003264719266792925,0.00014163016916057813,0.00027564315284335267,7.92897310268679e-05,0.0010838826050355867,0.0020109104704412553,0.00025509875722491416,0.0005375996739642186,0.00017894171961760832,0.00013643886847024657,0.000645467185980427,0.00019905178123735823,0.00024942207769779797,0.00039817482705145195,0.0005570825732623537,0.0003423199865865563,0.00042246784768293664,6.533525030742264e-05,9.02222406390744e-05,0.00017525720379019837,0.0004325625928426494,0.0003263300114340492,6.404095120160491e-05,0.0005893808092954745,0.00028827700734836983
73000,0.004808704460801154,0.004497797551232873,0.008267517987405881,0.0009550426541794038,0.0016857534990523636,0.009215951056830818,0.0010000976301178584,0.011113916039546751,0.018205126503030616,0.005289035303576384,0.04989002449624815,0.030510104425057038,0.0064901960019293865,0.011682949223430831,0.004997644778503694,0.025825584274571156,0.03163765438269669,0.009352357715848669,0.013171437912595658,0.04406716973695438,0.008871814768064304,0.0084322992824387,0.04623327789828181,0.02621899922269222,0.025412626366954693,0.0057501613162457945,0.019295841106081606,0.015926164922954438,0.051643496275852054,0.10540945740532122,0.04332905451699238,0.034803033933992714,0.0020364608173749207,0.0027504855755301665,0.004401798793474477,0.0012881825420793444,0.00035225635521759325,0.0002195510234576597,6.335294205452654e-05,0.0001748908682657202,0.0002163838022651594,0.003288163265096955,0.0005130133722559549,0.00033454693082029207,0.00019545557533044637,0.00021296273914036388,0.00018669548226649853,0.00016083702735869565,0.00019519483202327985,5.136056874603541e-05,0.0007993895012987195,0.0031203757501619598,0.00021125637940713204,0.0003678824717897033,0.00013619451253581592,0.00012593904003469189,0.0004959380319300552,0.00022044023035050486,0.00019023528099953383,0.00027174208742927964,0.0003729821394396519,0.00022159958920657186,0.00026416649344624874,4.785792843453696e-05,8.069455866967069e-05,7.443641771130518e-05,0.00029180727350259464,0.00022983817509607398,4.3544047940713426e-05,0.00042157606871680265,0.00023552166276203935
74000,0.003910491482546038,0.0034705954776317986,0.0039454176342890905,0.0007798185503466252,0.001298140350224423,0.007592886035646578,0.0007625712227265115,0.009357248436786262,0.012537859960940307,0.005068559559731511,0.03725496217152851,0.02648116116796125,0.003068434357621961,0.01221912261638808,0.00399575031870507,0.02179009883305601,0.022250899131384876,0.008745202831142947,0.008883074382278469,0.026138411400994908,0.007628012389449605,0.007407333790199898,0.02971020934715246,0.023023408041384148,0.027997302351332833,0.00224965107627213,0.01123655831274699,0.013040088223836696,0.05093045724206604,0.07529937831854876,0.0376185620118243,0.03449659319057201,0.0036408410770926245,0.0024033457564148065,0.006755882673537094,0.0013632919330380641,0.0002785569105358981,0.00024724782989241333,5.86115547159615e-05,0.0002087660755023535,0.0002202843043873377,0.0029525781119446037,0.0006146556992462137,0.0004863301153244193,0.0001661054715920105,0.00017505742558471737,0.00025982021425239,0.00014953563529473968,0.00019981708832629325,6.786037416035965e-05,0.0008173885060247043,0.0013362134626125528,0.00029780092681903626,0.00044453029258132733,0.00015042997529235436,7.436144571990802e-05,0.0005211499678074277,0.00021440081036416814,0.00015499853453901678,0.000300077378701994,0.00041059592622332274,0.000279982591464236,0.00028873676629464844,4.595116875894779e-05,8.115076282895946e-05,0.00012480462539740558,0.0006630036540237987,0.00027011583566608383,6.710943850407602e-05,0.0004423041887896355,0.0003600019910663832
75000,0.004452486606390488,0.003659985891620939,0.009257307014195248,0.0007861598651148737,0.0013009213087547945,0.006296462887673572,0.0008813794870841394,0.010500179880752922,0.011521120597558653,0.0043998448836646276,0.049472290583466534,0.025666500103792417,0.003640437995217684,0.016881364406468823,0.0036207855400040415,0.01412609574617818,0.028809289799634524,0.012741128635545603,0.009679921822680626,0.033704745430732146,0.007072542737472968,0.009254272548137774,0.03513313446271544,0.016039930297726337,0.02950573381496638,0.004541883687488734,0.010950014634780077,0.030842415788053284,0.06005367051008815,0.09462580819942354,0.03867827209741032,0.03818715670450519,0.0025592039601047664,0.002463810169882531,0.008338286382341822,0.0020618421655983965,0.0005351877105053255,0.0002405785355056816,7.425397385271804e-05,0.0003344187452967162,0.00027479434230526944,0.0018226538159069605,0.0004802419593033846,0.0004092299608792497,0.00018457029222382086,0.00028904737469750735,0.00022670980099878522,0.0001315077559311817,0.00018558118177162245,5.5364689243023434e-05,0.0007568675919383867,0.002539423675140521,0.00019108070682705147,0.00042815869955473097,0.0001838361283795354,0.00012099515862990467,0.0005535119043117682,0.00037823540696990676,0.0001682854512207794,0.00025207292457288044,0.00029569464040832825,0.00023324505768477949,0.0002748678739829268,4.952083946665044e-05,5.5944464697353804e-05,0.00015215757756978544,0.0003829510029130948,0.00025022131590534877,5.295024186580122e-05,0.0004032685748305604,0.0002644914769916795
76000,0.0035959125402400417,0.004330430261217299,0.006999224909426023,0.0007645921370007833,0.0015359760965698633,0.005449255113489926,0.0008894890298477314,0.007520487561694109,0.01669766426562955,0.003401616788323736,0.042156728816342276,0.018137520493944383,0.0040380606671643554,0.012258589304992434,0.0048054592288655626,0.017761221391992876,0.020355316713297118,0.013007071936839035,0.00864757299755833,0.03129418093846956,0.006045977897502571,0.009167664404360818,0.040585556855270016,0.013646740404268106,0.031933410553594714,0.0058513840194791555,0.010513803028428106,0.021584664345330868,0.04937592872644446,0.09283051460595508,0.032131676368201925,0.03351189270660353,0.002198422653584395,0.002462298293446724,0.0044995367629275685,0.0013596989858797315,0.0004789662463382994,0.00028381497428530235,7.057944569980069e-05,0.0002773983044335182,0.00018165358220754725,0.003391976271814201,0.0004978424040018581,0.0002909517692578926,0.00024279119186662444,0.00032831540879832183,0.0002636251779381781,0.00013667714654275187,0.00013121710760554474,6.855956929608841e-05,0.0007554066770773296,0.0006594950979585216,0.0002769347011053469,0.0005132985988893779,0.00013203203478293163,0.000120873352650299,0.00043355159822010226,0.00024854509047145257,0.00018275582249316358,0.000271035012075607,0.00034201498680583124,0.0002691201468483038,0.0003542300687176639,2.5623711598290447e-05,7.606721131499701e-05,0.00011599053148931087,0.00020970996177181535,0.00019791928789088836,0.00010213887730969873,0.0005349074921575855,0.00039321623953583187
77000,0.004020678260801376,0.004341685160869491,0.008554592282356074,0.0007497621352041069,0.0015716395890977546,0.007376721522762507,0.0008652978491784691,0.01124252151302975,0.021087371255160615,0.008265376673080027,0.06842213713622905,0.035130940591267174,0.004366570153224254,0.02387452257045714,0.005052682981637618,0.02264297488970139,0.03712658376181415,0.010782805834366362,0.01358017575694248,0.031816017847741025,0.01164560709017206,0.012476408904603886,0.062173095846083014,0.027927218656259356,0.04936819221557161,0.006661004782654345,0.018754785785132858,0.037568543450712845,0.067968068132177,0.14430566679396678,0.055165142339343824,0.051504886841240265,0.0026490484569537697,0.002458257529851412,0.013115834743883979,0.0021641685961445284,0.00040288659836039046,0.00025067465586206794,6.782278535547996e-05,0.0003019824252987746,0.00023421549706731737,0.0029463021564879455,0.00045951169813633895,0.0004784843782832276,0.0001973076258524854,0.0002951892163001243,0.00022572863799085323,0.00017587187760170764,0.0002588895599356435,6.551093363007318e-05,0.0009251576182892817,0.0019213424578386669,0.0002070668648229912,0.000571881521808587,0.00017949592175086607,0.00011526892641003624,0.0005831736260065114,0.00022408466884371592,0.0001879303672025243,0.00036576046141607757,0.00045033577371214053,0.00024936711745658126,0.0003322135736636011,4.7977699347308144e-05,5.435993645935216e-05,8.346118258410192e-05,0.0003239125237866704,0.00027087572021763836,5.412459711351403e-05,0.0006222227055622468,0.00038748965598642824
78000,0.004106252327162381,0.004287034151342663,0.006156575875744845,0.001030790099740933,0.0015651068019157915,0.01142332874587737,0.0012289521583155757,0.00911752868655729,0.017702574769724446,0.0033398544364899863,0.0454181686257886,0.02885038917262897,0.004471171503554973,0.014420680969730407,0.005188596828006934,0.021080907637951896,0.03192152442283086,0.011649547099457064,0.012531199099612422,0.026048901297326666,0.008632261605437353,0.00799811381739346,0.03729139821060623,0.02619347019584287,0.03025918611254181,0.0032267101109027863,0.012885853361342837,0.01691232274606591,0.03879947317045127,0.09683863471060074,0.041001553746367186,0.03921764900084012,0.0013029051042165152,0.003501828319882449,0.00982170703011636,0.001199792557209938,0.0002529162326284581,0.0002279414960536418,4.263573660009789e-05,0.00019607485319284024,0.0002085011688068141,0.0022668944220640697,0.00039919655082485404,0.0003061907477786008,0.00016937416257381923,0.0001592835559514632,0.00016099268234364374,6.838579441392767e-05,0.00010619616389327536,3.890031402162012e-05,0.0009514061782633339,0.0008502312433241362,0.00023113860806915908,0.00033164410249773195,0.0001238852826896493,8.338709240392332e-05,0.0005126285393764133,0.00013211883015173953,0.00012635718114653273,0.0002755598864916045,0.0003296415547689927,0.00018696552750884377,0.00022546984140111212,2.4529191343824528e-05,4.693412140315761e-05,7.151134237225854e-05,0.00028220051899552345,0.0001855640263482516,3.851877167448947e-05,0.0004676921855375325,0.0002778905649392982
79000,0.0034476495856250876,0.0033623450548879597,0.0053603429211458815,0.0007701491680423855,0.0011610073419939873,0.0058013342487746354,0.0008401203127622496,0.006174011058165514,0.008986747839082477,0.0039012122433632612,0.038358980068652376,0.032376127666299576,0.004037582016749322,0.012556808227600413,0.0030601226613404886,0.0159795544835409,0.014769457435596408,0.008991637401270998,0.007056863426571779,0.02185343422825099,0.004594059610378911,0.005653056023480271,0.03376419939023132,0.02408304901509837,0.03290970560521514,0.0028066003345884384,0.012061121298976955,0.016728249336665613,0.03301316728226512,0.07694470249193287,0.02663434854359366,0.04223430581623688,0.0012967550365474358,0.0033843437275970435,0.004757337698113891,0.0010759465793301257,0.00043024201653152935,0.00020653557224002063,5.552223114087413e-05,0.0001980887345780502,0.00016705599211413658,0.0014440730410569813,0.0004484613851673203,0.0002998274663983274,0.0002102266211104028,0.00021214713598526812,0.0001981287823383083,0.0001642637441818806,0.00011012992905534702,4.768588922326506e-05,0.0005662397464360625,0.0006319533651245971,0.00021180900666877277,0.00033289199319017136,0.00010423767028849649,0.00010361850871215046,0.00037075156991685156,0.00015220740237964492,0.00011933034178923663,0.0002000209214342109,0.00018885317816360234,0.00019878563077977608,0.00018779504403533388,2.098881750170803e-05,4.479591916606296e-05,6.991510905835013e-05,0.0003572073016714837,0.0001898729311522534,3.2075867380854106e-05,0.0003824542709939307,0.0002516116343031172
80000,0.0030639847370882824,0.0035668168442228947,0.008546379637361193,0.0007462357423299601,0.0012331529972620552,0.006872426724709969,0.0007561594775471613,0.008056556612870075,0.011485302985984392,0.0030396120382647496,0.04810001537236845,0.024800213532481227,0.004840052455123937,0.011805633022738744,0.0033669196248999524,0.014440074165274078,0.015409168785741454,0.00985501918358186,0.011042185370960007,0.020145255031141764,0.007150471922803857,0.005723439325395573,0.03617403632728383,0.021285800579668526,0.026959914574295647,0.002647926739882678,0.01195635471699021,0.0203021009395646,0.04227806477095274,0.08828871025158855,0.036467467319841185,0.03272843453585385,0.0011010566690228092,0.002291856558914269,0.006687054348529071,0.001426062461015525,0.00046265274237324965,0.0002708399291474383,6.86506157171059e-05,0.0003079417117533012,0.0002007522028765031,0.00279014964326052,0.0006295885887084296,0.0003741507603081118,0.00019307686308916584,0.00022220569351816266,0.00021008543917320677,0.00010310571112626121,0.0001302505342727241,5.332315835072553e-05,0.0007882518863670366,0.0024664023658260703,0.00020056731736985966,0.0003961014440113902,0.00014640614702737616,0.00014451248212439665,0.0005424037991380379,0.00020266407636881922,0.00010779141456080449,0.00023749505758482534,0.0003883126601067488,0.0002016966396959399,0.0002537704231650019,3.2101601725223294e-05,6.061912851388721e-05,0.00010624863901804409,0.00031349512106057124,0.00021048428283990922,5.200493072265999e-05,0.00045379663847330343,0.0003021010346856201
81000,0.00281726725702233,0.004034230493103947,0.0047568697288321955,0.0006736685051761854,0.0016189707111371268,0.006680181451624126,0.000648803061641311,0.008685984003129895,0.011210771315377257,0.0025584964678273536,0.031043335120624828,0.02661193014907384,0.0026729863168315424,0.011549137627849686,0.004660696338771017,0.014837068595322004,0.021328835832415887,0.01820352833712167,0.008882250066173063,0.019980694541397195,0.006049567898782453,0.00675338760460623,0.03338610371419539,0.02200316234739148,0.026727150420248064,0.0029400797560811044,0.010590322838608347,0.028169870862863416,0.04626891444033176,0.0859978966427368,0.02949975134416794,0.03478929942223029,0.0016609200422785454,0.001784399588444124,0.007411043352476554,0.0023142276699478054,0.00034725648859684473,0.0002280220420619695,4.717571376051024e-05,0.0001413557512250918,0.00015753961859934164,0.0033931173966266215,0.000568992095941212,0.00040016226179623597,0.00020650091251139346,0.000156758668315758,0.00018624009075801152,0.00011955370901617357,0.0001496795107884501,6.230491747125846e-05,0.0006923993222349403,0.0014190287168579137,0.00015031546099635306,0.00036865563635394806,0.00015368404236706454,0.0001004044849899153,0.0004560309091507944,0.00014010862059876672,0.00014525031574268924,0.0002526910952068507,0.00026122057606698946,0.0002042539678734434,0.00022676351697252053,4.243889022520536e-05,6.082912093713983e-05,7.178280893699535e-05,0.00026639738669993155,0.00022627737269847477,2.8961883913325437e-05,0.0003585702484890456,0.00024775407800916585
82000,0.003012417139895685,0.003731398185158873,0.00636504032687905,0.0006622718165509958,0.0016268032159592921,0.006429157813337432,0.0008357667237569624,0.008260118030354051,0.013779532558365197,0.002643672200065339,0.0408987582184771,0.02476830752970718,0.0023660982547109156,0.01583888716121499,0.004566605145288015,0.022011024068585055,0.02173972981697824,0.009262402351839538,0.008660915963576241,0.02426470672299426,0.005298494895193401,0.010208372469313482,0.03553746623064702,0.024922139353778523,0.028767473926102013,0.005004971614107489,0.00968915852301448,0.015290736257156823,0.0445006730435553,0.0960361581109605,0.03860204857424833,0.03869442911841011,0.0024289571005433265,0.0023265830850716664,0.007816825709394633,0.0016000000527713251,0.00034862749273064476,0.00021532428499168336,5.7040225624679085e-05,0.0002350009423253141,0.0001865580580776642,0.0022671375518257264,0.0004118111752177356,0.00032331788296639726,0.0001511051780031075,0.00015143136624098068,0.00015216998768433418,0.0001300063192886114,0.00024083392551002078,7.473453173257771e-05,0.0008197959391999085,0.000717266863224116,0.000199776167391974,0.0004327782935062566,0.00011579000272769039,0.00011936090339242418,0.0005821219288595932,0.00010551098671385262,0.00016502440466739345,0.00032541102132549547,0.0002880811299595128,0.00021757273804811825,0.0003218942487432354,3.929334193262466e-05,6.667913375066646e-05,0.00014701248548661098,0.00042308295789033376,0.0002641841743296929,3.052680362714e-05,0.0004829956030464798,0.000288565362279769
83000,0.003346982259884228,0.003933642298862752,0.007631308670776586,0.0009198815868820439,0.0014700468962450654,0.010330871656021503,0.0008673142785717632,0.009213089151564739,0.01540002845615186,0.0035484400868881494,0.05026133341303693,0.027768048598837986,0.003953584134719815,0.016541164717196036,0.0049030354365694456,0.017938495309257025,0.0245703689737032,0.009631937652269284,0.009790704968639017,0.028700027037605953,0.006310064266365491,0.007893982235665524,0.0534284940129146,0.02829696658542768,0.02815504143031181,0.005276890331879258,0.01713613682920456,0.013431187950118328,0.047074401292689694,0.10049253366178751,0.03589474861975759,0.041655655907771476,0.0022437930456668744,0.0022236842603380737,0.012525453169978896,0.001993885153768003,0.0005010597327375427,0.0003323645334438135,8.184060435948584e-05,0.00025047462486327277,0.0002452322617505451,0.005335431174898986,0.00053150126041146,0.0005513666866184059,0.00022847138857047723,0.00026827721994290447,0.00023117572996262314,0.0001713313230879976,0.00020115489927116742,0.00010681269403986252,0.0010023382343276282,0.0025386646087402673,0.00023547336641058792,0.0005722389040765477,0.00018686424717653325,0.00018628551230325354,0.0006048464196263462,0.00021271529658406507,0.0001817964514082683,0.00031460187871674023,0.00035826599911767214,0.0002783542822139533,0.00036496592851849356,6.41516669454611e-05,7.317540742709146e-05,0.00013564972339901777,0.0003391049639113979,0.0002843057076353078,0.00010662879577694184,0.0005701620226135055,0.0004889865347649902
84000,0.004475624178175585,0.004472120822929019,0.005094676278531551,0.0010307914881755446,0.0013830986288068535,0.00870066319579824,0.0011353131221107282,0.008919763186485415,0.014603702601941878,0.003231035549106309,0.045454965297845595,0.02158540421120905,0.003218736006546709,0.01749121020657185,0.005474584058784411,0.01966497649361069,0.025873447187699468,0.010198634234257042,0.008536398090654984,0.030235349280410447,0.0055310110340157665,0.007130230925278218,0.03439513832873975,0.02006080673612208,0.020170786817620936,0.00319027341902256,0.009094856693698075,0.02280537201052842,0.040662590342895676,0.08995137985306018,0.03691988643821484,0.03608814663199995,0.0014276351880893729,0.0028307933502811616,0.00688184777997473,0.001774699855754339,0.0002579977011871386,0.00030286444085835353,6.265511401771476e-05,0.00016567434761327604,0.0001670241396745854,0.0019145710539305583,0.00036732872995344225,0.00029242493732645496,0.00016321309057706172,0.00023179761594259877,0.00016080747896570787,9.305919719970746e-05,0.00015830550194291862,5.555836014536908e-05,0.0009481803093247155,0.001016424806342305,0.00024254720119643025,0.00046249332110758645,0.0001391760199488811,0.00014356233474576254,0.0005282403844537311,0.00016545166477044404,0.0001492131836597663,0.0002680352403051354,0.0002664173548206842,0.00021692096466326363,0.0003037337746886974,4.4697411004227094e-05,5.9505756427016524e-05,6.61596982324711e-05,0.00026527389439122217,0.00027005432562853297,4.165274982170786e-05,0.00041019250487761,0.0003144834583508782
85000,0.00293556235501947,0.0034113599041895076,0.0061857716549032675,0.0009015242618681021,0.0018916871967570542,0.0066591863121305194,0.0006966013115596715,0.008307699151676692,0.013483079122804007,0.0038612942007603124,0.03636209579165967,0.023035167830724332,0.0028523348106925064,0.014319494348841765,0.0050953440682111675,0.012295784838594651,0.020455855147572168,0.007895470698529123,0.008573690041105562,0.029145968104033575,0.007607714418754068,0.007764692786102907,0.03277123359866285,0.012196412618262304,0.02235465161934299,0.004122687946073711,0.007156901137008272,0.016956050718666422,0.048296315532506386,0.08437851244827706,0.045871917567177053,0.033948965287821084,0.0016236972778730118,0.0021974994596412004,0.004120776992042213,0.0010122403881333802,0.0003234741583535077,0.00032702101254306564,7.765362950916583e-05,0.0002915553416187322,0.00017111887654091044,0.001625765122298617,0.0005993693663185695,0.00030736829182244135,0.00017020328613350438,0.0002315853356614233,0.0002547220238128782,0.00011013065959275536,0.00016040402584457266,5.672224423588804e-05,0.0009595303159095728,0.0010533612436726496,0.0003058506947127171,0.0004232829859185066,0.00014787467572550042,0.00012021419380206763,0.00046554019250853805,0.00016062128815974575,0.00018784224724615543,0.0002739385712699844,0.00039646849333318336,0.00029976386130333934,0.0003296153715752923,3.6007437648214024e-05,6.83398595558376e-05,0.00013947199513731666,0.0002564085267035158,0.00020853888055637158,5.6078244710988656e-05,0.0005857547040907492,0.000341155818750849
86000,0.00399629505765817,0.003944864774691976,0.007862061562870318,0.0008934638577137285,0.0018572583810250935,0.008321577147788568,0.0006184977980278598,0.009284947625465244,0.015109574937543838,0.0036527504162222613,0.03776866479785423,0.0273842879479041,0.003653866412633127,0.015911609629532024,0.0050839037303376244,0.014659976464220867,0.02973929283637387,0.010368958303831588,0.010047253287796463,0.03036706056756278,0.007557916399372726,0.008810414532360613,0.027130277880157035,0.015695812951162225,0.04351249873977236,0.0053282119799405335,0.01277787611413641,0.025903941292805637,0.049481029881109646,0.08343412500893933,0.05887209923025997,0.035410394162262,0.0017460088272881736,0.0027055508009737445,0.005534160010534429,0.0016991286903313657,0.0002778161287288209,0.0002369146131141778,3.771657141836599e-05,0.000223532735333265,0.00023620171521088196,0.0014926809162716381,0.0005152685736902641,0.0004642730205695874,0.0001613855341211571,0.00023831347708258883,0.00020785962883245813,0.0001528394796395105,0.0001468968208694699,5.0120910579855924e-05,0.0006352851659812587,0.0013681716072824202,0.00017039790791386621,0.00031841083423665733,0.00012061927758748362,0.0001435843632035275,0.0005365190741275744,0.00016094324746518396,0.0001293277409786242,0.00021963645239548687,0.00042215223796423135,0.0002092397510271547,0.00025499271397940766,4.918752136307392e-05,4.292920534175614e-05,5.994691775129751e-05,0.0001940428238802789,0.00024055034610167666,1.8347164484566747e-05,0.0004134884990370275,0.00023752401066303718
87000,0.0043816910260706995,0.005326870820782561,0.014220125992627194,0.0009166512762021739,0.002575684082837108,0.013442729167893828,0.001334855582905631,0.016205259769990602,0.020891510589616344,0.006055845515220426,0.07187648304525394,0.05103374464207561,0.0056052927702143224,0.032954905479224784,0.006354346561249044,0.023347745711362222,0.04579345416554827,0.018419473427583617,0.014252070116136955,0.041043084828027834,0.013700705085983162,0.013310865732429582,0.07572005333378912,0.02715727142919301,0.04631044020823624,0.0075536708813160654,0.02016952294906655,0.03125708033257979,0.069498149896561,0.16032817658088466,0.060990253895482356,0.054805755377926216,0.0035660183334442763,0.0040899947155192545,0.007560097250663805,0.0018648408832697377,0.00041889051866698875,0.0002905756339879934,4.721372883375215e-05,0.00030244021081671235,0.0002934672481310275,0.0022161253182275686,0.0005166749913769308,0.0003762964698149804,0.00020742957074521416,0.0003447017906377628,0.00018985796707950118,0.00020818455465843044,0.00016344205358830645,6.239163378102768e-05,0.0009203576513965135,0.0010684974925728359,0.00014493665721602156,0.00040694308067105913,0.00010189203761722732,0.0001640533020938826,0.0005404074697487945,0.00027120580762129975,0.000157692509216329,0.0002211351649048783,0.0002887399921746692,0.00029430863738740806,0.0002955687907867994,3.479791377464386e-05,7.421241166917348e-05,8.08675316013203e-05,0.0003031419406137762,0.0002024730393592959,8.907853862183401e-05,0.0006070168343407617,0.0003298953470221022
88000,0.003436347770066523,0.0030457350049228234,0.004214820529644688,0.0008662364304025407,0.0012807113780351606,0.011279010363588375,0.0008715781203855224,0.008360248440023461,0.01042603779007803,0.003504529970086878,0.0542242918740225,0.027201773505622646,0.003560776386152473,0.014858415721391793,0.003994452796509637,0.01580908779700015,0.01893783284737895,0.010509473627545176,0.00669818848005629,0.02773206949175801,0.005283545467551239,0.008253898801123276,0.03850482800432171,0.02156368866781122,0.03348420096771738,0.0054668418131768705,0.007491711238931349,0.02219316945289999,0.04941169920425369,0.10065429807242078,0.057429185766571515,0.04006722900353802,0.0019049850520152982,0.0027191021107746353,0.00440196576993104,0.0015833779608068913,0.000610208352877874,0.0003563687456665899,9.480806084614316e-05,0.00030836644214105036,0.0002552520097167949,0.0022910476982360706,0.0005660100257955491,0.0004084928650148581,0.00024262104659436245,0.00038614902095040246,0.00022936242625323837,0.00015591769101774844,0.00018634081543652804,9.530519392600664e-05,0.0012125862223211488,0.0026208828445912027,0.00029397989619610597,0.00038918064357709893,0.00015167770056748474,0.00018307740480271275,0.0006323020845219842,0.00023399228530252003,0.00013386589816535534,0.0003055846563886287,0.0004187048296444118,0.0002787527808088212,0.00027178915806197674,4.4152985517464436e-05,8.545855052943807e-05,0.00012218286305401956,0.00021181568938897856,0.0003355567211317997,5.165356162706303e-05,0.0006798758693227736,0.0004604230387485586
89000,0.0039216841736856006,0.00488640400591841,0.007180810838084047,0.0009055228470270566,0.0019983337004282186,0.008668570775106283,0.000949804868146349,0.010188575702783304,0.018168590396559426,0.003790924314671429,0.05485838076479181,0.024405896795106317,0.003976854305647342,0.015968995436196565,0.005805472822569701,0.016083831627232332,0.03643644848246671,0.012577359641966988,0.008662932592415018,0.03847530705737881,0.006571259869005749,0.008764987982561121,0.04842186098142216,0.018169463470985647,0.030909658298552377,0.004164978046901524,0.010936688516267168,0.018192784519972822,0.043312039096867115,0.1042783564839591,0.045540888771550575,0.04169330532805851,0.0011840643205271834,0.002733915818511335,0.004573156748746341,0.0010086971117289067,0.00030243728393112467,0.00024735231553759974,5.287888205816397e-05,0.00015467227831322816,0.00022749054704113503,0.0016954641687334515,0.0003281116412836127,0.0004043891131962147,0.00018848395853925275,0.0001974718363905075,0.00016062329134576046,9.734221790580477e-05,0.00014421479993964974,5.338189864480889e-05,0.0009493244035463879,0.0016159860376016393,0.0001714273561447044,0.0003645713631325337,0.0001247660734250154,0.00010307478909122769,0.0005032229094966521,0.0001234467533777206,0.0001475415170375527,0.00023409354213212142,0.00030078178036395306,0.00020191213592067557,0.0002494610263157584,5.562506774302099e-05,7.383821563659392e-05,0.00011936132141745003,0.00020608199390283386,0.00020774972636027381,4.05247967592004e-05,0.0003861083085579013,0.0003111929552687798
90000,0.003420713599036783,0.003284286625717801,0.006243340651659916,0.0006704065771583163,0.0012440677589979656,0.006856945537167901,0.0006827615609931707,0.008608295912934267,0.008857107050361367,0.0017907785604620585,0.043869570574225907,0.02105184122173137,0.002801447972270773,0.008481043489430731,0.0037179420057167163,0.014481056673200024,0.019558500745569335,0.007040510152664059,0.004353307346588865,0.023955196757354618,0.004701069550532548,0.00651127073160751,0.0316874605921718,0.013803407936575241,0.02297532008292148,0.003959595737978816,0.007792390675120025,0.011238384352509456,0.04184485991838087,0.09647636665760083,0.03454931214975659,0.03253541097868807,0.001912092910360413,0.0023246323915711484,0.004031824028465457,0.001208604650595849,0.00023771391034032555,0.00020722448202418903,5.067538374412352e-05,0.00017973815215555078,0.0001743688322347496,0.002446110411256086,0.00028206750430399553,0.00034253986831046,0.00014184775208329819,0.00016738190097222676,0.00018572011746280687,8.182127415068408e-05,0.00014774054336847821,4.751414652756384e-05,0.0007894682751577001,0.00083327730574941,0.00025346610327687814,0.00031520338791092307,0.00011311588161396654,0.00010626373163673138,0.0003731929348622964,0.00013430884195031467,0.00012300521801951922,0.0002262906890372016,0.00028741273714937655,0.00019151522967335316,0.00018694345493275723,4.705537206449138e-05,4.6720078090503295e-05,0.00010372121311786929,0.00023834538842493203,0.0002619328352318645,2.963054636495599e-05,0.0004415319668363996,0.0002458674705849262
91000,0.004426340446976561,0.003694507551025944,0.006599436426768079,0.0008588390543081914,0.0016108873105622479,0.007610126197895235,0.0008962040806915367,0.0083058377184024,0.012275257236495559,0.0030843273052596487,0.04077967669294549,0.02719648525640525,0.003890953925402948,0.013775503119756071,0.004284996191242552,0.017420770787187696,0.02105502205012315,0.010055320990961517,0.007427758007127393,0.02452444319438655,0.007715726603730498,0.006924001492474677,0.03374706982557352,0.023133189811414923,0.03226467263419412,0.0033704338828101756,0.012275405099341784,0.015014835534202575,0.0485420499353067,0.06916328258516695,0.04048508180809828,0.03542049624509393,0.0020572196124008383,0.0022776101826355783,0.004372442272748837,0.0012488141769608774,0.0005732370641094588,0.00042107174935650124,6.760663266406087e-05,0.00027556650047699804,0.00023154072564611464,0.002147500461433083,0.0004831833541175001,0.00032415518987698687,0.0002131793188949048,0.00033698376916748075,0.00021586502264638017,0.00019298601846529095,0.00016633192015449132,6.876681920237553e-05,0.0007621566608927074,0.0015834280429771752,0.0002324197261259542,0.0003934012125979762,0.0001300491887910727,0.00014574722180523995,0.0005099901127421187,0.00017408106486982433,0.0001844239483451323,0.0002628159180088775,0.00039560940883044774,0.0002329786515882847,0.00024822950224377027,4.515167946928167e-05,6.399055059268398e-05,0.00023642931472301365,0.0002746646283152846,0.00019420002372828917,3.616497525626983e-05,0.0004989685875741753,0.0003354627282533329
92000,0.0034739046997266407,0.003762854018498695,0.0064365802487979335,0.0009967503201131387,0.0015713600163899518,0.007620131403590287,0.0011228514890277556,0.01071727567564356,0.01754448664797576,0.004452073044376448,0.04559759692544761,0.03010890128353005,0.0041002743210728195,0.016145313205704566,0.005008563856544617,0.02210115661728196,0.022253253310953455,0.008024540866866613,0.00887087698252539,0.028290961283879975,0.006480993429449182,0.008373547082815744,0.048301462083278845,0.016904449273109398,0.036935706906025725,0.0027043511159718036,0.011889650135021985,0.020706195226011914,0.053457600598031764,0.11777356692437024,0.04592664318886818,0.04826975991510643,0.0015288959955516756,0.0029014767361479963,0.005826001327578625,0.002128815984471138,0.0004940667845523038,0.0003656806289158836,8.217014212540705e-05,0.0003782947269428405,0.00029666912575734426,0.0023895535559859127,0.0005746437836933183,0.0005187368415614688,0.000224192070642235,0.0002656308385293674,0.0002955421442182246,0.00013797155666850358,0.0001736379794206657,9.35645576563812e-05,0.0008808269753969328,0.0018001161394446779,0.0003335792655889236,0.0005673179907438569,0.00016206909599688891,0.00014541065667634194,0.0005975469067057167,0.00023178875926532783,0.0001922698441111,0.00033708396374724825,0.0005290647533305067,0.0003336824826595647,0.0003662953088307943,4.799333313925885e-05,0.00010460632620379329,0.00013617145927506121,0.00027160391566992203,0.00024483772905671596,4.763571280363976e-05,0.0007214084253064357,0.00041022901714313773
93000,0.0035510107839375428,0.005121866035753758,0.008935854343386987,0.0008549620169035803,0.0020341638367806555,0.012188261488128254,0.0012789094367807621,0.012060119990386666,0.017055493730298667,0.0050048901666741585,0.04503695946438296,0.028888261796291958,0.003587181515423722,0.013960325398109104,0.005325380679342368,0.01815345775442741,0.02954915415778357,0.009648017095670081,0.011004288355512213,0.029238384466443678,0.0073680610756162845,0.013196973914740997,0.04013585213688202,0.0212337194129456,0.03597481326736641,0.005789838661439717,0.011241480004774795,0.02086868957318681,0.05165707682574387,0.11692488473002619,0.052700736358528955,0.04121174404505067,0.0019118446299728475,0.003037312812265618,0.004804706077266019,0.0017057881740519015,0.0005278513368933234,0.00038755969002192035,6.855063557817498e-05,0.0004425652032296057,0.00029411169883016865,0.0027403284984757192,0.0004859680391746224,0.0005714108757801066,0.0002626153204561744,0.0003162468631493149,0.0002748567788713492,0.00010830474710132876,0.0002929223267779764,7.224176641267894e-05,0.0010356059402161358,0.0015741059214633424,0.00021414671846287092,0.0005369578041664885,0.000161171383924425,0.0001441520543763049,0.0005819600974161883,0.0002106056390402955,0.00014266632859340057,0.0002675394949549697,0.0003501874224336158,0.0003062357650965315,0.0003095651462461791,3.115332579655588e-05,5.7271950936410576e-05,8.792577980713829e-05,0.0002682244456601828,0.0002355359214678196,4.8164035376885295e-05,0.0006931133153832453,0.00036963108941563406
94000,0.0033594991587420197,0.003573234731178403,0.0067809866450261325,0.0008750468526089278,0.0013990422959885777,0.011959080875385553,0.00136888975855747,0.010287594843819034,0.017603746954257905,0.004352540239779046,0.059147264726494474,0.0411099791798622,0.005465756281575357,0.017656090108203265,0.004162303517060696,0.01902650600580576,0.030499129021509794,0.017152596373756452,0.016482242185572562,0.029052208604019445,0.011293017649280465,0.009046507215706307,0.05520364367092649,0.02646269279636423,0.04315713453182807,0.004925116710364818,0.016375327609452026,0.024875984476845286,0.0694646812749424,0.12853768679877015,0.0667837241810048,0.04891394267682559,0.0025480525636199813,0.0029957817443869847,0.009230086749691205,0.0012930603884180008,0.00033356379841925925,0.00022757486220308982,4.1349146514736514e-05,0.00021699538228858728,0.0003066000281057526,0.0015839279585634358,0.0004823769313588855,0.0007319438398936702,0.00016473463867537486,0.0002271193162934131,0.0002676473062652612,0.00016731348549114955,0.00015130002657119332,5.697177867990501e-05,0.0009625806799266894,0.0011828972925892838,0.0002169767762097763,0.00044775483449335964,0.00015059213985986044,0.0001062153407929145,0.000503260629004647,0.0001678636506312614,0.00010756775119741885,0.0002796708434778758,0.0003989849020096396,0.00021424204918662083,0.00032887419296525033,9.39437579868477e-05,4.9556676054231095e-05,0.00010661834997855684,0.00032141257075376676,0.0002978314723456547,2.954639087704436e-05,0.0004915935524655927,0.00033992061817116336
95000,0.004485057194992928,0.004436651117295561,0.011301769486938914,0.0010416588132871906,0.00254477668165202,0.0079409016678775,0.0011759091978033652,0.01321383902177331,0.016479873886262656,0.005836977943545207,0.06282406748756823,0.02922460402736046,0.005232162629853878,0.01630685793971872,0.005651194197857609,0.020339952460441662,0.03269441579565561,0.010058908031434057,0.008985709161996576,0.03477726694914357,0.012171226419059166,0.0105246161633009,0.049585133853058024,0.02306311896572879,0.04556103575876997,0.006492909137159586,0.016022370675493162,0.019133994601361337,0.05116939423708519,0.13504103775765894,0.06529729345929809,0.046356499956275984,0.0025442896056277345,0.0023991622840058395,0.005093855633781964,0.00181292425850188,0.0007354584717847358,0.0002329427763305086,9.39314445531636e-05,0.00043327553225935844,0.0001803773372939952,0.0011174448081874289,0.0005087556923172087,0.0002993405902615402,0.00024901949736886306,0.0002229106820306827,0.00014492741653464436,0.0002087150786316272,0.00012403370121989672,6.021237062337935e-05,0.0007228977797170116,0.0026001519936471595,0.00016870365552676959,0.00044718430284291925,0.00010687228991471408,0.00010878395695809476,0.0006043405746333852,0.0001804817507036205,0.0001386584767099445,0.00027878862033853345,0.0002194290045129795,0.00022819576156018562,0.00033443713713226045,3.032944684659637e-05,5.1909791485134825e-05,7.335497865552769e-05,0.00019390505881996693,0.00017985403634691193,5.246039739859043e-05,0.0005582716296908265,0.00033922273778443925
96000,0.003577200340087812,0.0038897951583041707,0.0070964196444644285,0.0009987889357244758,0.0015856337480312781,0.00728180719514577,0.0007560258342099616,0.008937180026074274,0.014589415895667876,0.003577614676032681,0.044874018503002315,0.02259783036567699,0.0040951249371353315,0.010525198429770006,0.004584094581557164,0.017601039146635838,0.021557652730345062,0.006682905444397909,0.00788137509412731,0.026843046275850307,0.007072993357055916,0.006941770086996257,0.04145252703689039,0.022113358299126654,0.030276266751440874,0.002671290864236653,0.013554475603673528,0.014787769932506004,0.04875592344598023,0.10186099116737986,0.03644994228835761,0.0409743631294427,0.0022221609677571382,0.0019714683037099622,0.00632069675581685,0.001273813136874326,0.000549644833151768,0.0002253805925482249,6.592243937712377e-05,0.00022248187536888508,0.00023932281203421573,0.0020740177351399325,0.00033198541441379346,0.0003796422786667551,0.00022258094333282266,0.00020421777742610304,0.0002126892130099964,0.00010329228046401795,0.00012047286102413495,5.385597825641691e-05,0.0008628628714317389,0.0012680221968063659,0.00023987497988855466,0.0004203019335011272,0.00016775913790579894,8.002894640991475e-05,0.0005307678934514115,0.00018615590215631528,0.00010413812523779598,0.0002449023303247836,0.0003336108286627374,0.0002021024118952267,0.00024888252349868436,3.3019825912823115e-05,4.891139219075235e-05,7.605254110443072e-05,0.00028064241918660367,0.00024478891614876375,4.239762404267822e-05,0.00047729902546067755,0.00030504605383612214
97000,0.004083382300180076,0.003461989627491372,0.00587797326928315,0.0008852935261249793,0.0021777496970606055,0.0048132345826681034,0.0007681464644006596,0.00934731532855521,0.011952982967677253,0.004833742805203656,0.04868783043010482,0.02914177949763106,0.0032490313412078344,0.012215494163628495,0.003639368624820182,0.014643193531810539,0.020902100093432335,0.009451764286127342,0.009799660188686435,0.022073525620119955,0.006750273521045249,0.00994151830660225,0.03313754776958376,0.020935484455670426,0.025206306696909164,0.0033399021020159127,0.007114267242220576,0.022346962215427386,0.04382650680764688,0.09123885673019569,0.03599959948527006,0.037751800603403426,0.0023027701686107074,0.0026256336485709843,0.01170928442661534,0.0015369784846370749,0.0003329502852992798,0.00020564777634552394,5.7430642045691925e-05,0.00028509322385161795,0.00023154765970144928,0.0022939216214581393,0.0004977880313163041,0.00033993521068814995,0.00017215182684403294,0.0003144781092495512,0.00025072070648173136,0.00017619069416596744,0.0001447408397635188,8.276839050515925e-05,0.0008612578869570615,0.0010432262176133615,0.00020191731591694405,0.0004520089966291027,0.0001403709048676758,0.00011335799515357145,0.000456940038922708,0.0002496276006240805,0.00015352235354744911,0.0002554285733612442,0.00026455044389877,0.0002816121391480274,0.00036085033055618015,4.11921102070394e-05,6.658374129781603e-05,0.00010799615847645327,0.00024273575451973426,0.0002476941538368061,0.00010645165187384009,0.0005911180037897992,0.00041780363644647875
98000,0.0033989686946025925,0.0036152935286669096,0.007015853382957478,0.0007146361446827471,0.001570217217830978,0.007874424897766272,0.0009106591354822974,0.010919070316138495,0.015109342656373134,0.0049461428316135425,0.04354870334331573,0.020426621492681672,0.0031368184616880944,0.012467345919669076,0.005322767721971853,0.017004555441720488,0.02116382175535407,0.008839262219122316,0.009964746454248339,0.022518927576602437,0.0063858150260522545,0.00699848200773496,0.03418153106118552,0.017547121539731356,0.034023845831504175,0.00440301694907248,0.012352196245457537,0.01705014626774452,0.05386423021246789,0.0846258919687722,0.03937928629107773,0.039610697843062766,0.002579339666228774,0.002255615197671347,0.011102680462904068,0.0011560080971711223,0.0001791772574955231,0.0001950057375407513,5.2670497533577565e-05,0.00023386605403175054,0.00023770634784776778,0.0024513046992069576,0.0005909601364692208,0.00033557263199518754,0.00017961398736205362,0.0002919580343294521,0.00023481682443927734,0.00017728167469499567,0.00010781937879069746,8.935562999051234e-05,0.0008232612723776793,0.0027657332217737953,0.0001650700705795316,0.0004347785473940775,0.0001242968911544173,0.000133711072728395,0.0005678997429112637,0.00027098608279629843,0.00013070765258918173,0.00024538181018075335,0.0003125965638901107,0.00023814933836923937,0.0002972987896201731,3.4720463196896853e-05,6.941994433873333e-05,0.00010133530439544573,0.0003191227104772614,0.00020016062368936657,0.000111690697707445,0.0005193343548387379,0.0003159852985845646
99000,0.003962862480408591,0.00440775285797254,0.005570850645502408,0.0009908625408010826,0.0015161285820703356,0.00640493698249754,0.000661232747153272,0.010744060337767187,0.01299111874562451,0.00416162930559949,0.052134341548806355,0.017869857480027163,0.003915216621614739,0.010549922569639008,0.0050378004999669535,0.018575745689304313,0.021214309605403242,0.007917276629293927,0.007851702250523626,0.027938272404911306,0.009021110940392856,0.008048576973188963,0.035511857688737415,0.02263189227608867,0.03294873571287589,0.004684728104621172,0.011137915799882913,0.019857379273162223,0.06072994501549093,0.09507288021831622,0.05297760221544498,0.04029475295996795,0.0015161894909753598,0.002465059510456719,0.004832206525962748,0.0016489462586832815,0.00036826608220508206,0.00021431392178783426,7.926895487656451e-05,0.00032097450559831486,0.00023941019824807417,0.0020804956257052254,0.00047950258685887094,0.00037082712113164904,0.0002302884800596267,0.000294806633736958,0.00022938029598918276,0.00017289300640754846,0.00015009994919033676,0.00010017536706899674,0.000937841049646802,0.0012140402947503996,0.0002234444820714998,0.0003458277003063609,0.0001244370294224264,0.00012592343781844565,0.0005645438293535707,0.00019274710575700738,9.269180139249834e-05,0.00027493917314831587,0.00033169758644362445,0.00025595623301391025,0.00022506742730170286,3.6712635283611805e-05,5.257276360579352e-05,8.945785000762114e-05,0.0002731428222822225,0.00024493981093457715,5.612840041635536e-05,0.0005284095161966564,0.0003468218790658284
100000,0.004721737743705956,0.005966254501901049,0.013486029910078893,0.0010498005402041599,0.002017661928911815,0.0073236061736159696,0.0013396146007747325,0.011329656292932044,0.019601265689571053,0.007061461947159842,0.06479597611914757,0.039571633027978295,0.005158262192377482,0.018805019653662,0.006287044797029333,0.0236859113307825,0.03700902234205777,0.01966358967496766,0.01063284143414681,0.03910430557967629,0.011734077736565932,0.011184284544469847,0.04838670298301925,0.023866166396692277,0.04954632950922667,0.002831308520399034,0.015560115812296582,0.03930573167114441,0.07761257562430247,0.14634023496980644,0.06872630349282796,0.05385926941884323,0.003627592472460387,0.0040465027042617206,0.006373999841040738,0.001948159602242023,0.0003670063272178787,0.00032063658892928453,0.00010022907992814831,0.00026412607599013427,0.0003026255836567408,0.002476709327311255,0.0005371036506403471,0.0004105041799735581,0.00022990344832099876,0.0003170000927671676,0.0002821142865518037,0.00016274058543075398,0.00022978937734651167,0.00010064167893440093,0.0012824371353137673,0.0014929237380177558,0.0002674376826689695,0.0005407843774840015,0.0001628566955458092,0.00013947532831728247,0.0006222050668575027,0.00022625230076300795,0.00011146056881569975,0.0003342969721276089,0.00035735464122505314,0.0003672620419277542,0.00040230185444064165,6.511304995767516e-05,6.781169233565581e-05,0.00012961292181249258,0.00042076587643740434,0.0002918328207527104,5.7015685015926465e-05,0.0006937191288487447,0.0003790291586483363
101000,0.004344860693251846,0.004024500527723123,0.006946284042593713,0.0009131449811880325,0.0011048325086333915,0.004918934888597245,0.0006737098849571926,0.01729475125209908,0.013251276799288647,0.003398312843273743,0.056977895723388496,0.029703939608114117,0.005178220504383331,0.013374008520699907,0.00419063824806739,0.021946659606328467,0.02689892786033202,0.0062780095849339435,0.00924695676076226,0.03782412487955298,0.008218657097824269,0.006483992910164359,0.04634546611923725,0.02731718817546304,0.03146040561703211,0.0031707824673503637,0.016112968126963684,0.016077212626138742,0.045748680136303475,0.11291430772883271,0.05102231209205153,0.04556546758976765,0.003309213254562101,0.0028127874651291615,0.00286231796255581,0.0014468596657804614,0.00026882844611607554,0.00024027651612744773,5.429493507634391e-05,0.00019605877287176554,0.0001781888852461789,0.0018973182050103787,0.0002952867271233117,0.00033782143033309504,0.00018715907236152194,0.00040963215883331423,0.00018456456868869666,0.00018225914917024966,0.0001644110638396561,6.963515674711248e-05,0.0008934645407092691,0.0013634154490015742,0.0002155938076612074,0.0003389700164285498,9.622208741849794e-05,8.679341052894333e-05,0.0004457928380361409,0.00018154681799842365,0.00010429647170440148,0.0002275376706445688,0.0004167636601171883,0.00023132625488058264,0.00026499369685687406,3.275936435616418e-05,3.910956669036144e-05,8.916147593091799e-05,0.0002472160137715816,0.0002625935953196565,4.4280884537784004e-05,0.00048612782863353206,0.0003173883618728723
102000,0.004223970948604236,0.003065708981281474,0.0057483139777711285,0.0007106239739536809,0.0017553559896729398,0.006858633887272195,0.0008579477860973472,0.008883127500417223,0.013784684274319664,0.003429220221732976,0.045792842608478414,0.03404765954437793,0.005803037594005494,0.009993452899862226,0.0043960945426506975,0.013385994077301197,0.02051128306508569,0.007547795192686299,0.010636549256949885,0.03200197500894622,0.006077921459676033,0.010196119264881938,0.03998400635474051,0.0223472279713557,0.027062714136119458,0.00614448175765574,0.009300949108023815,0.015239656634548737,0.042567382398171025,0.0889439571084744,0.04296218812834316,0.03748320561471001,0.002800038608856863,0.0024625793778605565,0.004051532721657875,0.001472929102046042,0.0003181597868224105,0.00022905213675337356,5.127502384925445e-05,0.00024713794545050405,0.0001669372990136253,0.002488613044988597,0.0003455210421634547,0.0003430032164415982,0.00012642707395475316,0.00024381054505186382,0.00016052020333047454,8.316364043992053e-05,9.087459383553763e-05,5.2540065160594004e-05,0.000601666564475286,0.0011508952244791242,0.00017288142453253386,0.00033572353877574717,9.482519594869167e-05,8.104118052704672e-05,0.00033987246918328035,0.00013496826204573154,7.776786012906693e-05,0.00017932642231244245,0.00025859283429478336,0.00016718683994157047,0.00018948496366040976,1.7872606655793527e-05,3.326233713273218e-05,4.8917656619317776e-05,0.00012139623842293596,0.000188687790055137,3.653295053140937e-05,0.00031758263624954855,0.00021378246765380027
103000,0.006287471575076878,0.0067509614681411124,0.009451008265993247,0.0009454302469049043,0.002167191875316026,0.010488508498903164,0.0009068226492907402,0.013027696554690563,0.013502235709985384,0.00463441294778022,0.058943728406131726,0.03539833437356051,0.0035681188614530997,0.018369728963576068,0.006370355721361086,0.017103107773436932,0.036228216398393714,0.01167487301878466,0.011178869290493562,0.04391880098827339,0.00741661690872556,0.01040971413983373,0.05301896059109519,0.027493019836038003,0.03285660892958284,0.004005648754537105,0.013746847810811261,0.02357914210612459,0.07511589146383545,0.12077988166930159,0.05308673406291443,0.03979077831340524,0.0020390887963755563,0.002639299452925496,0.006396031032232309,0.0018411292884853278,0.00036930438862351655,0.00024091835369042448,5.555383525581901e-05,0.00046365025872319166,0.00019389283133061828,0.0030540935185854323,0.00033784859033403336,0.00045890646336039554,0.00016949243163253414,0.00016466245485113567,0.00019701758681852274,8.266634034370668e-05,0.00015779084297025354,5.604732818524512e-05,0.0009002511652432497,0.002012044818911818,0.00021022573964728507,0.0004022393255507602,0.00013464181767693814,0.0001226259776310392,0.00046735543533667554,0.0001573796826050966,0.00011680541965120028,0.0002374798050928243,0.00034045913307636513,0.00020953612123340924,0.0002978846212971365,5.454494313354345e-05,4.339701182390046e-05,0.00010314160620320952,0.0002860765471268678,0.00025368203620246277,4.133627359692582e-05,0.0004111270923777058,0.0003014486739630229
104000,0.003892698789501525,0.003890914006290216,0.007057617884129286,0.0008664441999056949,0.0017463678790982503,0.013156675121406027,0.0012146509387592583,0.009815086374217965,0.01522041338941125,0.00488109187426744,0.05358447116457593,0.03363415432263815,0.00269858559477143,0.01315971070598056,0.004423932755718638,0.015214641146182354,0.029486518506365383,0.010328287999970908,0.00927705296635395,0.0372171542312329,0.006972284200539364,0.006930744839077566,0.03818001538437481,0.01971960753411016,0.030294379336752057,0.0038782564224675298,0.010667710844524165,0.028507210929092253,0.05769464077345808,0.09723246483963521,0.048598853365595766,0.04622631437646655,0.0025811973813122135,0.002260070724523123,0.005449367092902928,0.001499227463812401,0.00048208220328816473,0.0003057417060393742,7.570130745364852e-05,0.00031758311808971484,0.00018025711992511286,0.002267509771627374,0.000493587632990966,0.00038068563514427394,0.00018844963926408366,0.0002795676297954027,0.00017490962475999607,0.00017173016943772268,0.00013132520419095931,6.3974571420741e-05,0.001164911689791272,0.0014980056391019996,0.0001790761612028291,0.0003815778192096777,0.0001328853743337998,0.0001075122645488591,0.0005521890061328289,0.00014425398421735736,0.00011516388308210581,0.0003097824829218063,0.00034426477056210083,0.0002892285587618502,0.00034930867825635315,4.1802074251750084e-05,4.832307200154496e-05,7.915144015902564e-05,0.00022633523414177553,0.00022847759472936543,8.218345726618281e-05,0.0005635447716577656,0.00029695672601519617
105000,0.003842298591415464,0.005119527123665817,0.005123296500338863,0.0007805582661044004,0.0018105535206894828,0.007335383959538636,0.0015239032172317938,0.0095330007199093,0.013772709868112255,0.0029093898774590343,0.04411103072638026,0.02667440769469717,0.004087456377226662,0.013690545893482384,0.005151987615296521,0.015484527977605467,0.026774698852456084,0.008609856336297987,0.006751743330304245,0.028228407574836942,0.006390637312137397,0.008723893713717448,0.04156751535988102,0.025802707688732576,0.02650620678070395,0.002960297092795372,0.007433641897775135,0.021072673619225196,0.038907413570525344,0.0841894488695846,0.03463774035417979,0.034808429310662456,0.0014627082909201433,0.002612697606859593,0.006060657964553684,0.0013669291651175236,0.0002603448860201608,0.00015345838772356564,5.084309715864246e-05,0.00026061389110054733,0.00017455284029331759,0.0011527801671036286,0.0004278927952327649,0.0002742823652935936,0.0001346841831706881,0.00027643782991455216,0.0001264658291399444,7.16813457195542e-05,9.900022031819515e-05,3.502316745983659e-05,0.0006438024480443206,0.0008617910364894973,0.00013754105757470824,0.00030872795765872626,7.74186658355606e-05,7.294501346099092e-05,0.0003367701994833898,0.00015818710539861058,5.3251873105687584e-05,0.00015419023367520333,0.00018660087892688655,0.000188598674998336,0.0002043340974961649,1.9736675552406735e-05,3.316559226126022e-05,4.902775663435637e-05,0.00014250951387241782,0.00014309923016245677,3.5791887341929396e-05,0.0003457836056448653,0.00025452212503296323
106000,0.004508404698237821,0.004726782697145137,0.008194781956262887,0.0009565774352477791,0.0015821304349962783,0.012633927116569663,0.0011125768096316014,0.010799730745287995,0.01129356779577542,0.004094171952601755,0.04706027681571374,0.030338180175917565,0.0052389235206646845,0.01548998061143996,0.0046209588852969535,0.015097694551513996,0.031412917698530475,0.013316826523897603,0.008242287044205503,0.0290573559042726,0.01023867097638301,0.010155034958448337,0.049601220227001856,0.02495817839905309,0.048424112452815436,0.0037851606495678423,0.016147198934203837,0.025918656327727756,0.0636804232322474,0.1315301208271722,0.04497266543204508,0.04567891427387412,0.0018291227339965678,0.0025573769680916083,0.008141005344643619,0.0011970041742707898,0.000311112337140242,0.00025914244323840563,5.262363908722287e-05,0.0002621425934421495,0.00019048311980412186,0.002736173357334337,0.0004103485864106915,0.00029366578406839645,0.00018749479079959106,0.0002570077043204476,0.00018403836839241738,9.91094222566602e-05,0.00011363831405058842,5.674917809466768e-05,0.0007127094478934081,0.0012681544761411108,0.0001866186855295382,0.00041782728451334134,0.00011522043309767092,8.204797460497171e-05,0.0005378352924688892,0.00016040057118971163,0.00010528046869416762,0.00021993503647326388,0.00025743991839893474,0.0002597895391340165,0.000297758264204512,2.8821175445185104e-05,5.25369440664589e-05,8.069523971403509e-05,0.0002083479757857276,0.00031430201831372437,6.113673339314118e-05,0.00047837404896627586,0.00027676258541760036
107000,0.003436405990558686,0.004153960899135133,0.00994004030750754,0.0007915134932912994,0.0018735207342868744,0.008746360628200429,0.0007660098805254459,0.010480888256186554,0.012599073390976882,0.0034291152987862006,0.055160238837282875,0.01408926599757548,0.0036552774196906917,0.012235158789542655,0.004785214121297673,0.017605324274578987,0.03724024814402496,0.008908809589286913,0.011540599653796692,0.030928634693458055,0.007018497802229061,0.007454560994184638,0.035604023730459934,0.02059709007444326,0.033825104053874615,0.004008313361555338,0.008033467293708166,0.013577771731737206,0.04820231197261498,0.09574951352935328,0.045417497852661956,0.042572611647371486,0.001149303329663317,0.002310285866262221,0.003285928374073895,0.001444294306955791,0.00028013391992568647,0.00020810396472370485,6.029571798546429e-05,0.00028420678694374146,0.0001975009318580015,0.0015943297548801638,0.0002727046605286887,0.0003278518870980693,0.00018860613169013768,0.00016232717581650443,0.00015255422020967862,8.247942809447295e-05,0.00013114011041133036,6.666965923200637e-05,0.0008449512426733026,0.0010594801198446173,0.00023726463441562374,0.00038279838087632647,0.00010051213340720378,9.754753376579505e-05,0.0005193637939506731,0.0001609615394499997,0.00011005130918798993,0.0002711889325137935,0.00031262130505638197,0.00022206655108291632,0.0002869251869149728,2.9362947169796792e-05,4.537622448373845e-05,5.765549813431435e-05,0.0001873678250246615,0.0002204643556578481,2.25209942286142e-05,0.0005332714212455976,0.00021988253283780068
108000,0.004561958982457007,0.003567236230958736,0.008523757647102078,0.0008990234223836943,0.001845361268973233,0.01011846043443906,0.0010402505711593426,0.01165001703916727,0.013219548488047588,0.003084462212427752,0.052060587758868127,0.022829520106198493,0.006050655480287263,0.01120845799546673,0.005319394456626683,0.019425756501732394,0.03289012949261676,0.009560915551596333,0.010384634606972603,0.029980849268807407,0.006638035746456038,0.010404939865761012,0.04566067140394201,0.021323698596097528,0.028644172570368807,0.0033134602243080737,0.013022560751602625,0.019125741127330304,0.053061528136844144,0.09739789481151209,0.02706864732230315,0.04329572401519936,0.0023554560723598483,0.0029111124494256516,0.004608413263768953,0.0023080114004057706,0.00038603675319623826,0.00032629339669008254,7.226833148355998e-05,0.00039849733059327264,0.00032429344985109525,0.0026051197928609326,0.0004392882954562083,0.0003361370113931403,0.00019213660263248081,0.00030091023622844657,0.0002509116862679468,0.00014874842766943175,0.0001914186859486453,6.738571094253778e-05,0.001061353524741767,0.0019169870556652313,0.00025073797987715805,0.0005001799395730052,0.0001583239888751795,0.00011286434536569604,0.0006690478537009727,0.0002655031121321372,0.00018413659925424022,0.00029470885532506286,0.0004240638651632859,0.0002704261148506038,0.00039779120953864077,4.3158061798093765e-05,6.390437910239497e-05,7.79634011707883e-05,0.0002613346626146397,0.0003317533187199725,8.378367746786353e-05,0.0006626467016880682,0.0003322306263726205
109000,0.004840670461645287,0.004173025824625425,0.013158438222793242,0.0010313117624229143,0.0016431461265284857,0.009253257835683013,0.001397533242432532,0.011974762998636602,0.017354976460801825,0.007183471985626966,0.06986308008515747,0.04348636100274568,0.006240081598551831,0.016180699871311488,0.004572604799164657,0.019120861143164802,0.02647743157077847,0.011090503154540599,0.009418228924914729,0.03365510118708092,0.011472782454134526,0.011140135386735242,0.05316331063552449,0.02547045766793114,0.05155552690005621,0.00391728684771806,0.021617631670104005,0.029869757583583123,0.06167340944692328,0.132620632759221,0.039216097597867094,0.056505871896381274,0.00246949700028136,0.003617302785684398,0.008880655362493902,0.001495433314955465,0.00031409369235964394,0.0002799843904623148,8.938162600809091e-05,0.000364833751518745,0.0002718643388561759,0.002049855233053677,0.0006397122282578493,0.0003186471174701996,0.00017956244758017035,0.0003588866231634061,0.0002374946063092035,0.0003077795933705829,0.00014732936013560588,8.795814776683322e-05,0.0008950314722054688,0.004126917538087582,0.00017131441582023398,0.0005392475039635818,0.00013061972767586824,0.00017875661623375808,0.0005549170872048611,0.0003157799933433125,0.00011807357853083684,0.00025612650536529076,0.00041341885116708,0.0002883790654352431,0.0003573681889671813,3.8717734841984485e-05,6.624595031704909e-05,8.349760320789436e-05,0.00023723002492001148,0.0002238040735003397,6.690898781869237e-05,0.0006464008467385405,0.0003565568331396207
110000,0.003997495944900406,0.003929684995522688,0.014680863736430183,0.0009789440426734822,0.002062939168342693,0.009064548937853292,0.0011491253719008632,0.01323261560266438,0.016168636839694633,0.007299146272998769,0.06041814518063387,0.0274664928828575,0.007503736566639308,0.018881446488442387,0.0048677894795058395,0.01798685004177969,0.03795230334002381,0.012970826275428593,0.01237687238192718,0.039280539206811224,0.014380212710679748,0.01176143802513252,0.04867080265190452,0.023375519881907773,0.04563504592636217,0.00605452018789947,0.02377554916045248,0.02722937300495687,0.07174905319698155,0.13177002599912802,0.04824696367761741,0.05441761737725196,0.0026544865134256338,0.00258479394400384,0.005996365049213637,0.00163906863300716,0.0004260467379349632,0.00029869609592093514,8.953536210257486e-05,0.00033830974848569895,0.0002786324181080148,0.0015712567801529076,0.0004129489374463446,0.0003985234878104836,0.000250470680801204,0.00040480809281656806,0.00022792315338480412,0.00025817179482601205,0.00017001430589892873,9.590733661339486e-05,0.0008545162198026027,0.0016475801094202325,0.00019743753346119776,0.0005390804641620537,0.00017145469431350898,0.00010635659749492665,0.0005213022756139762,0.00028162204557702353,0.0001585803130789524,0.0003019106119049516,0.00047601746882719453,0.00025056000707922733,0.0003472369338245092,4.643073660432279e-05,6.547111176284186e-05,7.903457236801392e-05,0.000339968653341722,0.00022132634097348977,8.508190506972824e-05,0.000502492037091596,0.000298971464872011
111000,0.0042423294970020025,0.003682408645680105,0.013070617763636013,0.0009168652174104444,0.001922552492700722,0.009202905304846354,0.00092180112131891,0.013215403032446891,0.009354695196415826,0.004339188431913499,0.05244528876192132,0.019985749183684228,0.0042046912073574,0.014450474919034274,0.005290566595944898,0.014444526757870335,0.031038779686977727,0.008049512917140522,0.011292009819174251,0.04156989679283773,0.008096680416163229,0.00907469803600439,0.05424735601913805,0.02151953105579499,0.030202690878742566,0.004384661139920354,0.012203102965823717,0.01786994626733455,0.05819580308846472,0.13524055124012632,0.04613734963626484,0.04196940059773624,0.0025211544267055895,0.0026137954230148882,0.006060435919910863,0.001136806146210542,0.00027760493120048953,0.00017069229629255872,5.0114020660405815e-05,0.0003821778283281674,0.0001998630354127601,0.001885721372673288,0.0004751713303448923,0.0003013825451154461,0.00014656914563123506,0.0002387471494525276,0.00021034688034417246,8.475619359415987e-05,0.0001629745576522133,5.224164248250997e-05,0.0007929064855733696,0.0009093020371437888,0.00013623391032524523,0.00035317342477652827,0.00012015325588937889,0.00010422871332593786,0.0004561934394968698,0.00016438996863143984,8.876719842810922e-05,0.00022457640028243566,0.00031278775374327474,0.0002246790308748875,0.0002477164461096335,3.3086258813373126e-05,5.352978263949303e-05,0.00010589867917156856,0.00013381386530194765,0.0002087736942794179,6.432190858163267e-05,0.00048170320210259843,0.00028491716857388384
112000,0.004385545588111445,0.0034858849523718366,0.007956556985542798,0.0009313188977662671,0.0018038312465032044,0.009498228584042019,0.0009817423047024931,0.012086426664538128,0.010847797800942076,0.004079772039403906,0.050023640506328834,0.027869854995125416,0.0046899915641089055,0.014552264648073382,0.004022995287029035,0.011798090317824972,0.024322357186714987,0.0071369843712943025,0.005130405117857403,0.02869587591383606,0.009598281233682499,0.00859252452301007,0.043569340428415065,0.01972304076589353,0.030406572482971815,0.0033912167884409426,0.010925274604878429,0.016069832634760434,0.053120703649405826,0.13321277596271336,0.03767221071543948,0.046941033246604584,0.0025928900686245436,0.0024847478211043827,0.006298792763926839,0.001633496259484803,0.0005039386528940332,0.0003245269360625323,0.0001123559080930048,0.00043488508299560635,0.0002919142454334662,0.002122681195032783,0.0005815405431349064,0.0004284440409911009,0.0002454025035101375,0.0004803106600166172,0.0002750711197489963,0.00017375643506056804,0.00016274936036818967,0.00010012358895685544,0.0008723900759063187,0.0017037864854501095,0.00026945246008835966,0.0003675435311973216,0.00014202942801258076,0.00010385083760411362,0.0004243062272820758,0.00020845379776801565,0.00016503940752146364,0.0002585105850252708,0.00029593325592334926,0.000288257084093857,0.0002842625220485691,5.219453886298767e-05,7.15791227574098e-05,0.00012964271087633739,0.00019006731002134205,0.00023553537319700017,0.00011155754441460886,0.0005199709643069078,0.0004015879159851465
113000,0.004776615536094461,0.0035148401964559322,0.011442427474927777,0.0008920248036772066,0.002068820957061643,0.006228103346074931,0.0009140985074032694,0.016949835536840565,0.017041510465879824,0.005857005682628369,0.06430038186559098,0.031110063618199298,0.005565386620053852,0.01652443554121419,0.006515952053985743,0.017572936183569254,0.0278982451723312,0.005492094395419912,0.008136531601069561,0.04124167351032763,0.008679740240469212,0.009225455325836915,0.056299787116392205,0.029373443496539645,0.03569124003450501,0.004543648450635374,0.01571336928780863,0.014333343757546876,0.05282826515476165,0.13429237457973114,0.057608228478541905,0.05371621881540005,0.0033911073307143404,0.001996077566218446,0.007627932655143215,0.0019766022815019824,0.000332229714908743,0.00024401422698164507,5.6269271021025256e-05,0.00037004776163485076,0.0002069625687004481,0.0022135822218842804,0.00040622494379931594,0.00037921598969229596,0.0001838741041578224,0.00022820559227219357,0.00017420189868046196,9.599170356722198e-05,0.00012179682466372972,8.25988680927284e-05,0.0009398597196965196,0.000937285413480519,0.00020661376547650434,0.00033652303901195705,0.00013306213550722218,9.921683811791644e-05,0.00042074802849451624,0.00013632446803057974,9.448190531852813e-05,0.00024123382596511733,0.00028347564657451587,0.00023182125753660378,0.00025375336316655093,4.305956123484033e-05,4.293798600782692e-05,0.00010496863638444985,0.0002472795178099269,0.00021656418073784915,6.2631773062094e-05,0.00047808580263847966,0.00028672362477664135
114000,0.003636297869864368,0.0031163346505275477,0.006335631439772745,0.0007311735559247049,0.0015468571821921741,0.009471885429645357,0.0008789504139742583,0.010801296853934023,0.014642751729401356,0.005628607344988268,0.05681175291452005,0.02641434448728154,0.004353092642056502,0.012742427515508043,0.004879372262032977,0.020532847912060486,0.02970272067822017,0.0057912861734563835,0.006077438559649246,0.034801003223692534,0.005657120786229195,0.007208681332096083,0.04181725539616309,0.02057899443631565,0.046014785606732604,0.004316406068392098,0.011831647511884981,0.01940245520593938,0.044937257282093496,0.13651600605396286,0.04166914126748452,0.04649582036654465,0.00187151191739496,0.0018420553362882982,0.011293462169002547,0.0010202542196598838,0.00018709625627659414,0.0002562460403045076,3.3814481028742424e-05,0.0002526981308506038,0.00019784550200116195,0.001576808175741462,0.00027778937783295987,0.0003836345390721506,9.494328758496283e-05,0.00015799187988412605,0.00019403308421491952,0.00011411606798006346,0.00011859846122676791,5.032257751157555e-05,0.0009027217621328768,0.0006840467470586494,0.00013389605283009587,0.0003621950433523812,0.00010576963619502655,9.636800070273404e-05,0.0004194513474978658,0.0001929511327034561,9.80087753974759e-05,0.00023983843120032152,0.00026908924604261605,0.00025729893290892057,0.000265165349345706,3.67673026606074e-05,3.7837124586480466e-05,8.484405979489365e-05,0.00015768892444611993,0.0002855806696633896,3.587280434658169e-05,0.00041920253499269807,0.0002755620882453513
115000,0.004299535424817461,0.004060040049673127,0.010215677980644008,0.0007656765902888415,0.0013530331931478135,0.007314519791439774,0.0010318275417375844,0.011303787759970874,0.010133058426583397,0.0032846313351910794,0.05336807782288905,0.04096375189949552,0.005032947021501252,0.016655583983348068,0.005500589233762345,0.015979564112058142,0.030150904554916667,0.006012391444160072,0.00938307663039138,0.029017538621944065,0.00958375770618344,0.008538521362424945,0.04770812263401846,0.013450835306866794,0.03389278778694649,0.003192273690365255,0.02130169825651988,0.01154985624513453,0.048799895984291866,0.10005577936933532,0.04366006597187758,0.0437855980596326,0.0024003326690918724,0.0027434113741714268,0.010482938722109085,0.001879167823809829,0.00030967597087127566,0.00023173568661150057,5.154123730280625e-05,0.000261134305219457,0.00023708764957576777,0.0019172155953128822,0.00047362737986986756,0.00037363375165449196,0.0001773047704677753,0.00027348967291475546,0.00019210122359892697,0.00010705739126137814,0.00014967835026144996,8.777235172436286e-05,0.0009570124424254363,0.000824343878775835,0.00014377192892425227,0.00043165640268778924,0.00011934569057961323,0.00010636888635996333,0.0005189576631989918,0.00017866657526610652,0.00012819342433090242,0.0002674822891444469,0.000285982583227451,0.00025110485858364286,0.00028112930838822785,3.5250767264638396e-05,4.760176772025362e-05,8.93487239418155e-05,0.00016197073507230795,0.00022967128735958356,5.771981784619129e-05,0.0004636223712936533,0.00030782492030994034
116000,0.006314523371091471,0.005610415088961384,0.007809340061309437,0.0009294738921968159,0.0022248424444759494,0.014122059843170323,0.0014299121119092301,0.013619460362950158,0.018456329681370495,0.004211752908304334,0.055807328224253994,0.03837657029070753,0.004491329384494968,0.015521836635150865,0.007208170772291316,0.026561392946556833,0.03252216396400139,0.010601378404063798,0.015909671908177967,0.04210966376199698,0.007376422577020164,0.013497715781860669,0.041509528644382954,0.020250551138451554,0.0368542924524162,0.005539548397064209,0.018206150215636655,0.028544303019468014,0.059509487009799,0.12310187282362735,0.042453667836283175,0.04576104418195497,0.002696617809032904,0.003249650559916708,0.012330390890282514,0.0014101795435895578,0.00036051742852362764,0.000363191279492722,8.354098736162996e-05,0.0005738623324305081,0.00024614384797567914,0.003605575329856947,0.00044226502723176964,0.0004212796031999077,0.00021121835764604743,0.000394018833886126,0.00025360530317062,0.00027743563568094487,0.00016450304073894835,0.00011069591298771478,0.001067947683525115,0.0026565540362450215,0.00021311674154276262,0.0004537056837186671,0.00011930847559314912,0.000145192815414868,0.0006036309431526392,0.00022042017826606752,0.00019291244688209494,0.0003394011019246626,0.0003487453068373725,0.0002713836456103563,0.00032664831348517545,4.7562460152319646e-05,5.6469155727730445e-05,0.00012454863487867195,0.00029477074973069,0.00034638053998220687,8.792815640390472e-05,0.0006372078948645919,0.0003164746687616571
117000,0.0023801402372506295,0.0022365947858176056,0.0060020239422253025,0.0006457111958717668,0.0015452359454880197,0.008596907967460408,0.0005731339443011694,0.01087002530117638,0.009330484241609502,0.002908843685872853,0.0350098265618816,0.019044515576283352,0.0025561872277070174,0.01165159994960766,0.0032864349179897757,0.009749364207285302,0.020668371225751582,0.005524682129926308,0.009624060010537505,0.025759992621509204,0.004900695639127242,0.005684861440581049,0.03231070713372901,0.014077890007320093,0.02526874262646685,0.0030506001319736244,0.008693177516262597,0.01326113681170682,0.03870446804075447,0.10199839342708254,0.03782535374746658,0.036583555672013275,0.002062482323106215,0.0013923709552199038,0.004865851063085656,0.0009741503414326351,0.00022632527007341482,0.0001553238828984666,3.2990232276428154e-05,0.00013425698676883258,0.0001472682514809868,0.0013313494964677375,0.00023061769052219462,0.00025592714906739084,0.00012670837687964146,0.00022090818308332212,0.0001661968030790823,7.881912777918387e-05,0.0001419433771470212,4.8942047711038455e-05,0.0006364008166971102,0.0008179903178036815,0.00011189681445102905,0.00032428625371146467,0.00011898596408329844,6.034766595968738e-05,0.0003202389655852648,0.00010977984493365511,8.3470402393636e-05,0.00018950570002534032,0.00023230152055475628,0.00014997758141548095,0.0001971365865284935,2.7123373322390285e-05,2.7360989810808354e-05,5.3901331125121325e-05,0.0001777184822588294,0.00018940712759503656,2.1436427303456185e-05,0.0003572010718391325,0.0002419495278445538
118000,0.002852370605609935,0.003595451240673558,0.006791660523352523,0.0008324063309163858,0.001593356695340407,0.006797927983695574,0.000844740814470917,0.013747630248747323,0.010366562112388157,0.004204950040730182,0.046684856661652896,0.026095249574280166,0.003296858370242372,0.013213692654034909,0.004799134156329434,0.02157925065451612,0.029948904928633488,0.0075265702285326405,0.009388637886981346,0.031609540294642406,0.007279534593534173,0.0075669341592531835,0.0396336202773576,0.017987561860597148,0.03834990612663133,0.0024431100348010657,0.009286448352125467,0.019723774386193327,0.051804462400853964,0.09977588319470082,0.04889813302356439,0.04791026596929161,0.002506201932627269,0.001759710397214634,0.005572338754265931,0.0014471066991908238,0.00041375068791407293,0.00015609006269104694,7.399272597588179e-05,0.0006846008840852846,0.00018033772026838243,0.001553385463921586,0.0003610864437177952,0.0002480475585032668,0.00019091689285855146,0.0001770052619389974,0.00014297026520157567,0.0001336456798810559,0.00011417126913313731,6.08248741710585e-05,0.0007281597720450988,0.000975450171911992,0.00016227610967689543,0.00034591291788107196,8.527869635270627e-05,6.083747809332801e-05,0.0003813422389934966,0.00010141657389795,8.602855341008662e-05,0.00020808311635566777,0.000302496996755508,0.00018259987489615328,0.0002483929101294456,3.83118874477585e-05,3.539474144215799e-05,8.327581296619534e-05,0.00015321102507316806,0.00014461654694008347,4.7345662466113936e-05,0.0005091922335514257,0.0002693308357265778
119000,0.003892696618857224,0.003321506950736943,0.010317198602327457,0.0009716987462665062,0.0014660554172016556,0.0100551820770696,0.0006297252343096437,0.00948762115816256,0.009831170074120783,0.003894536774168955,0.05179913975097193,0.017010803853782838,0.0037071794938652383,0.0077164601319771355,0.0037616732606372406,0.017972195766560617,0.021921708901746093,0.006219545482433861,0.010165585554204881,0.027342011981333295,0.00670112073244564,0.00819197233925349,0.03820132362307049,0.01847911576860497,0.028270338748644996,0.00419811001047492,0.010009377017502909,0.01639934287838211,0.03497622391921194,0.08715198189020157,0.03685573768355729,0.04476207931740926,0.0025266640135813445,0.0024368876358155747,0.003127401870491061,0.0012580229838801773,0.00033906291536679517,0.00023579947901453124,4.2893936877984505e-05,0.0001853437551631032,0.0002226415964345351,0.0023523848758486565,0.0003181357466019108,0.00029604559897147977,0.00016576052746466685,0.00023765494034202155,0.00021140781050314872,9.318289276905034e-05,0.0001240134325434124,6.474011901115195e-05,0.0009055879274106141,0.0015396955216904946,0.00016008716156648006,0.00039957487377028066,9.679203895788744e-05,9.79933238961001e-05,0.0004392304106962304,0.0001404357699357206,0.00010179134782598946,0.00026314556772866546,0.00030061122752158556,0.00020659750206778948,0.0002771141929163908,3.8508164503308034e-05,4.195759366767662e-05,6.55696952146007e-05,0.00023571133715449832,0.00016717317355634747,5.163237415217736e-05,0.0004613773477378819,0.0002805563046422321
120000,0.003862168355840982,0.00533176618908463,0.00999047028987358,0.000984162152375435,0.0014948348911091188,0.010032554627936665,0.0010881994108609843,0.011623530069639445,0.013910551035730316,0.008436334635916864,0.050774766467468535,0.03210796168490078,0.004667728803752018,0.012994390094470211,0.005763318612940459,0.03251161001753644,0.03526311101146954,0.008704024565235205,0.010958384026058152,0.046377354460031106,0.008864331401113864,0.009560415941710485,0.03958569332181166,0.024166672592400573,0.031821323865606536,0.003984258626587689,0.015679269625230342,0.02486086055553945,0.04708439061377088,0.09634770487237772,0.05537350343811947,0.0547459035879001,0.002327453917264786,0.0027521050508576717,0.008064201534175986,0.001250316217611466,0.0005566160928980791,0.00022059238935154016,8.019789217257082e-05,0.0003428117826160815,0.0002468703674130085,0.0015954765694914386,0.000596126752498094,0.0005033245684468344,0.00022977849437570274,0.0003752116061637675,0.000303976332616641,0.00015692136354061859,0.00017615678730219865,9.402703304575962e-05,0.001052837573724201,0.0014988691412630335,0.00018136353887712175,0.00047158330715653705,0.00014008023769967058,9.669285393763197e-05,0.000512420702693572,0.00012623853672266705,0.00012178543591466628,0.000245970303212044,0.00035289879075814194,0.00027422132824410735,0.0003316392105716659,3.591154080441885e-05,5.83071778237354e-05,0.00011890427906889402,0.00018907217080205946,0.0002670033960910242,8.784526752947386e-05,0.0005061770786803109,0.0003635672168456949
121000,0.0034490953575850407,0.0031773176688821643,0.007891462882980704,0.001015987552063262,0.001356938435031835,0.007899985943887649,0.0010825266467691108,0.009024430755494441,0.010139873594808602,0.002953086943307426,0.046656996240252976,0.02288279845080459,0.003327055742953565,0.012934071340692533,0.004956484927991851,0.011847482232648568,0.02449589244107691,0.007723071826459793,0.005168320337751149,0.022058449879987164,0.0057717118112262916,0.004624775378813085,0.03559264279746761,0.0168971446336703,0.024277866390288443,0.002055329107679427,0.009526085189947716,0.013074238534803348,0.04298129777273382,0.09165831739054768,0.028308435300811348,0.036814007912583366,0.0018171083185533322,0.0020298434398238556,0.007313992751328947,0.0015719384788001531,0.0004104783519754787,0.0003008787614569221,7.251070724123565e-05,0.0004282536324353714,0.00024591685033396486,0.0018878415939980187,0.0007423518407449591,0.000408006391209806,0.000226271507137043,0.0004086328211842881,0.00024592196805634447,0.0001437493885987351,0.0001469950086669181,8.075115089344432e-05,0.0010669375057169909,0.0011907507893435347,0.00016464649256704434,0.0004814891696640894,0.00011974321326086847,0.00012052594820488594,0.0005442549728550441,0.00016340886531907017,0.00013775407445058995,0.0003552997798019183,0.0003681317088800521,0.0003193102475155908,0.00033071608720126313,4.6467972574625925e-05,5.2335735543036004e-05,0.00012108682442755838,0.00019983314892410168,0.0001995750246934339,7.303071083697432e-05,0.0006179041325870022,0.00046262455871328714
122000,0.004385497793378277,0.003703208363192432,0.004678469093050808,0.0009885533037259637,0.0016859253831436162,0.014602071308347928,0.0008174969961762526,0.011016793699929943,0.01266373291619408,0.0049124939723697025,0.04618352959090614,0.02426617973753532,0.0029145117767973606,0.01089802334767724,0.006153094748836284,0.019027058260689955,0.03227323850158081,0.011377507100129336,0.007342120008875749,0.03267479624541011,0.008417146466894548,0.00953341042025256,0.0339792282305037,0.020609735445759725,0.024101580701238755,0.0032161189476028083,0.009200398821957929,0.029440364098112088,0.06843205035855884,0.10274678202439382,0.03701674833059466,0.04645990035407102,0.004617772060500924,0.0033406335002604632,0.005965225457556598,0.0011783856576974877,0.0003096383961627381,0.00022524859592852988,4.91614482187463e-05,0.0004571904019030626,0.00017562890185275891,0.0017683129481156357,0.00033280356001341715,0.00032213797921461885,0.00019490765501503025,0.00034073938775236456,0.0001891554517354515,7.68970949778236e-05,0.00013782913509542455,8.086320948760576e-05,0.0008230110449543505,0.0018082598774829723,0.0001389066434057895,0.00042600054523843155,0.0001577930634711861,8.320633870343127e-05,0.000374072732923988,0.00012722652468255546,9.632733197564549e-05,0.00023683118032260189,0.0003920604204419457,0.00022162129358861498,0.0002544205278893599,4.10717439582915e-05,5.1902210947850515e-05,7.829423089616911e-05,0.0002420755853173822,0.0002939851290202642,3.8266512873974534e-05,0.00047068762400418303,0.00025878120213747026
123000,0.005102301550692032,0.0033677225658687313,0.004871414935526748,0.0009298436318763729,0.0020647312973974467,0.008604982155832528,0.0009039278076171843,0.012864092662793529,0.012135140449215756,0.003793398034758866,0.04912665985161036,0.029063761021962838,0.004743467340824392,0.018011736972601448,0.004746483066521571,0.012108444215603717,0.028376193302392494,0.008534754685765792,0.006305911960745496,0.02955706182731471,0.006660418808482623,0.006614004783062098,0.04009668803851431,0.018142454102659637,0.025790878377544384,0.0032730591134168207,0.014542972252398144,0.01873550030328867,0.052693010611213086,0.10865713225622688,0.04702334754974193,0.03478667074187587,0.0021417873514359633,0.001969867780010032,0.00450925398682658,0.0013636063728037179,0.0002826451252650785,0.0002893587256535697,8.447952813820662e-05,0.00030431385363272057,0.00024909535897648386,0.0016265114245470613,0.0004673293085943442,0.00032948496661782355,0.00024746343651235004,0.0003407483550550491,0.0002682674464483027,0.00013592122130035023,0.00018554880670041616,7.355171374001657e-05,0.0008730274407263586,0.0016691903122894776,0.00019154362307745033,0.0004856018733650616,0.0001337998312073037,0.00010881923927544531,0.000620106648340723,0.0001907275523080898,0.00013381449501063494,0.0003243256017482893,0.000494815931354727,0.00029092418405222514,0.000350252998158693,4.345295159354308e-05,7.164159231049578e-05,0.00012864263878221315,0.00026659224074267385,0.00022126815310417118,4.6802268116152845e-05,0.0005247214189885275,0.00030171531179803426
124000,0.0033963060766443566,0.002749286302585258,0.006789919920265675,0.0008631952635299128,0.0013990942157830386,0.007126602881596357,0.0006454912057843983,0.011223071065614931,0.009481810174350623,0.00429409530988778,0.048123344818179,0.020044296661643674,0.0034547120823955274,0.010477788916349791,0.0035505304884709938,0.015476314370365193,0.024625313923544518,0.004287754983090077,0.009240067113881065,0.029226196293117634,0.006381752253532096,0.007556676843185934,0.03971873730498676,0.016139489158134287,0.022254073786796884,0.0026611473644152285,0.011977964776662938,0.008974092055116975,0.03776123523506719,0.09031084544239415,0.03501839444700939,0.0409426181017457,0.002753479412282681,0.0021911685356784338,0.004499532662723343,0.0012889998141158035,0.0002473555788415787,0.00028063466172832045,8.080078412669799e-05,0.00030421723988638405,0.00023077269331727796,0.0015731048697489314,0.00043970805963908786,0.00031676095613875077,0.00018872300005999646,0.00038120434678359875,0.00023270707575057603,0.00010156239933944988,0.00014241558876659023,8.552309666563154e-05,0.0007804338708970486,0.0012198463176294656,0.0002216239874542225,0.00047744728448267373,0.00013778899314086725,8.812692228523453e-05,0.0005361409401948256,0.00021494098518815008,0.00015576106472457873,0.00033059153765162383,0.0003199819970783816,0.00029236005100081514,0.00034568494784589684,2.9815833662773053e-05,4.789103149960283e-05,7.159574778444192e-05,0.0001673974290627354,0.00023968734782897627,5.744551154407418e-05,0.00047452302708986564,0.0002493855125067057
125000,0.0030478259070789776,0.0029952218502768556,0.005834719922859222,0.0007950573833183555,0.0013057839574063524,0.005156933578421429,0.0007494419899763495,0.01212291001794773,0.011244023764655001,0.005482158248923952,0.04866684976868895,0.02755427460525258,0.004975678247071549,0.012094481668183025,0.004300823606921339,0.015199350389593747,0.02777490013613715,0.006624306669632633,0.010398550147199006,0.029018832758107845,0.007352877266638503,0.006156941447118568,0.03733700770069845,0.01385505826425894,0.029728681112049214,0.0021465938072651623,0.011219531981807097,0.019571365457522916,0.04390998087422785,0.1145245177046285,0.04079155028661868,0.04355007318708186,0.002905698645583663,0.0018853492933991473,0.007465993689644772,0.00174507885672678,0.00027725757179478263,0.0002560409518330496,5.824309835544961e-05,0.0003088991670665564,0.00020193484446392486,0.001965330033272039,0.0005029467734857463,0.00037458812465430177,0.00019250869957575465,0.0002429878369671964,0.00024077000654686568,0.00010689585276679736,0.00018265986462873523,8.085025402496368e-05,0.0008147258365170274,0.0010918904135905905,0.00020112754937144927,0.0004185710871965688,0.00013844100134645425,8.10084277004948e-05,0.0004754879847222514,0.0002129485878867854,0.00012909338212491802,0.0002720402687163397,0.00034987130560087585,0.0002632104590296661,0.0002962662671742927,2.445450473225457e-05,5.036612937045801e-05,7.460318422043249e-05,0.00018960476232418193,0.00025171401720474625,5.6391536020328203e-05,0.0004905032251333963,0.000345400522746786
126000,0.004893546328743026,0.003355662413620545,0.008285045119312903,0.0009250548689473921,0.0018395513191685091,0.012439961823734589,0.0008230509049920534,0.011904565223684424,0.014186798341799221,0.008927719391067512,0.064472647653289,0.025728237980237448,0.005320859783695954,0.015437878368505732,0.007100200655815356,0.022777103496385582,0.03985064911951971,0.010125090491507038,0.013955422016026984,0.04669220440584468,0.01194483152399838,0.010875672528852322,0.04786520868151759,0.023833082824664113,0.0327330639848942,0.004563389276154339,0.01375516893120866,0.02634123458362107,0.07335003360725857,0.10612953289156364,0.058591299487355475,0.05501919382815966,0.004522826957118407,0.0033650590517344276,0.008091948581245055,0.0017376752266500262,0.0002979773481863384,0.0001951181381462613,8.239824907273525e-05,0.00028433028069230204,0.0001974873696253974,0.001217277205796563,0.0005184806363104144,0.00023018059899090746,0.00019741488661231032,0.00034085267288901376,0.00020697562165064722,0.00018424104622738469,0.00015086776381888835,9.24390131496528e-05,0.0007132402268745444,0.0021514310659161615,0.00017132576949734356,0.00046246682406527557,9.119786156965159e-05,0.00011793980150865868,0.0005054278920211526,0.0002034051503869705,0.00012399766541825052,0.00023507231260457326,0.0003100367379374802,0.0002071311442382613,0.0003518305313297821,2.9198086673483255e-05,4.199718144567063e-05,9.131797805939523e-05,0.00017017549024395912,0.00020589045184654116,7.029072750697196e-05,0.00043163801892507703,0.00023740883407299406
127000,0.0037081168606705062,0.003884170113855766,0.00598419236484915,0.0010099372201343962,0.0015901234402940932,0.005228896421613172,0.0008866049299080435,0.012246802872801246,0.010685809393940366,0.004280905890482245,0.03387250466578364,0.019874574847498088,0.004678531866044399,0.011563555825363657,0.00511545691295075,0.014490590354398591,0.041562569975559155,0.00811412408977417,0.012891007217279236,0.03263792491556766,0.007957512335752443,0.005180293278304556,0.041513387832480174,0.017605536218737446,0.026325806487586798,0.0022432244615629314,0.011478699566275223,0.01822141373395425,0.05373001486295834,0.10408347031637188,0.030809253337793052,0.038933325999935806,0.0024786379349170428,0.002466202496031846,0.008179142234439496,0.001512589540652698,0.00023353338410982504,0.0002765133176581003,0.00010026750499721868,0.0003139208608899935,0.00021804645421844783,0.0021051790317869745,0.0003228349316486856,0.000346007699853975,0.0002365230548189414,0.00023608493043890836,0.0002248110938580794,0.0002003567594215383,0.0002015094494783531,9.145286028135821e-05,0.0009219443373659977,0.0022132434190401304,0.00021354276750571444,0.0005952656416894217,0.00014780089717031183,9.688310580134963e-05,0.0006960559554421687,0.00016888301252038218,0.0001300348467844338,0.0003863518532923011,0.00036807477808906695,0.0002798432332767373,0.00046071577170786677,3.330267597923487e-05,5.795114157081116e-05,0.00010106316686723367,0.00016194095042010304,0.00026642804168558644,0.00010598952962936892,0.0005498901316418558,0.0003517282217217144
128000,0.004259977505687464,0.0034086757452179745,0.006362376928639908,0.0007628109325686147,0.0013602810658303957,0.0065351605132621315,0.0007307026217242838,0.008627384760449571,0.010371937182903418,0.002856445047655143,0.035621860981336795,0.0199020403791908,0.0026293960772542932,0.011297060422679571,0.0047349716093295306,0.01896034920355305,0.02821594086951033,0.005463752667183835,0.007567182961793151,0.03713671300152782,0.005280411865515607,0.006820678553529953,0.027495636264793576,0.014294364683155435,0.02106492206973873,0.0030424617929384113,0.007526924826225373,0.01377797286719821,0.04434649222633144,0.08801959929534801,0.035062221359694376,0.032316850106536336,0.0024491236286026973,0.0019761995771300144,0.005792913786232627,0.001156165014695684,0.0003097920945833721,0.0003080646950944687,6.729318347589217e-05,0.00031599633689438633,0.00025223134059010685,0.0017759081492840778,0.0006752075983968098,0.0004294115447488653,0.00025099571156667814,0.00033434808784948343,0.00029769863574489265,0.00017069772984967813,0.00022605322192248423,9.819808647907021e-05,0.0009678679618376079,0.001502803716296815,0.000227375302620203,0.0004736305579487579,0.0001663954749503695,0.00010866404706823893,0.0006708854037447788,0.000186228020083945,0.00016465940104934716,0.00037697518666671105,0.00039321100630331787,0.0003540820194813776,0.0003836440257348133,5.738987767455894e-05,6.521944225015532e-05,0.00017650036590578555,0.00026384305445909765,0.00021542042423833106,8.168274314357404e-05,0.0005991245246402569,0.00032653447706252334
129000,0.0033901224316306637,0.0026621513016935852,0.004250287563384821,0.0008400644251686082,0.0013571554432076746,0.006158820384631066,0.000593729995641972,0.011745181589004443,0.010655315013801682,0.005163508238183567,0.04723540218554173,0.02016599150263629,0.00409763075797607,0.010588796034922283,0.004257402760670041,0.01680631151854565,0.02679010224979027,0.00658134702346995,0.007450539539734434,0.026887837670219596,0.005507317761664756,0.006456855159805335,0.041379528956022114,0.018195425116452193,0.02897590917887606,0.003250035084784031,0.013130775770799763,0.014639131867928276,0.04409145977200858,0.09052545768494266,0.03379366905079223,0.03520363563662753,0.0014569914985358423,0.001820316075006917,0.004362552197158543,0.0011101452115391502,0.00021018065614211273,0.00020007626682689244,6.721687664851863e-05,0.00033262975080106116,0.00019145331103050497,0.0012414225966494996,0.0004186232491520059,0.00024739471222059555,0.00021643720371541445,0.0002836830525024782,0.00022299573321672876,0.00014516606244541208,0.00014538810248840775,8.024664496340186e-05,0.0007357819006231763,0.0020868133857826856,0.00024488228700647596,0.0004639897700478602,0.00013300977806121126,8.901250165846167e-05,0.0005914396766427437,0.00022133124411993776,0.00011381015092284643,0.0003081474841774952,0.0003351182168747376,0.00023311431171409383,0.0003352274350416135,5.098637092823418e-05,6.06437281223609e-05,0.00012181951879412807,0.0002452994181762084,0.0002303304898863563,8.355214464472738e-05,0.00046633188094729277,0.00024307712701556738
130000,0.0036643654538164737,0.003970070851479519,0.0062639070286725955,0.0008605250948256491,0.0017390024663251971,0.009385617312675874,0.0011603386181582942,0.012166011341511929,0.012234974585111028,0.005522856557945488,0.044749272298096554,0.025195415839770786,0.004625335914280378,0.009503431676035469,0.006140238552325173,0.01597901151399128,0.030482195471406504,0.00846890037985448,0.009580629314379101,0.02921754659434858,0.006925524755965503,0.008123718946210699,0.041067241376731546,0.01765153377200477,0.03156807201692515,0.0032521285582333805,0.011705645985887626,0.016100124329871807,0.04554452145513257,0.11038941463099153,0.045886199182908365,0.039996068986231245,0.0022623093833905508,0.002713036659389577,0.005262444560988418,0.0017966368226487767,0.0003548197082965855,0.00034098995373907116,8.298643269224256e-05,0.0007747049630779657,0.0003027916763894996,0.0022144920367281884,0.0006156221628771163,0.00043764593970320817,0.0002515460730568233,0.0003984979803476563,0.0003254463700781535,0.00016854858618842172,0.00020751291361973708,0.00012489006332378432,0.0010953061823574198,0.0019970742396253627,0.00021019744508521399,0.0006000489984681011,0.00020441594655306385,0.00012546775228243362,0.0007006664097281574,0.0002233978621006827,0.00022898437128383698,0.00039197929093531385,0.00046574384044409574,0.0003335320736579145,0.0005099846102220235,6.201892446378233e-05,9.070849935394815e-05,0.0001152354389568564,0.00023433503156411462,0.00024053577178693235,9.582503585647828e-05,0.0006534354931066163,0.00036025060690008103
131000,0.0037752535069090743,0.0031966652496959323,0.00589764399046544,0.0009665863768812135,0.0014565954173847303,0.004902095328101755,0.0010223546557074682,0.00966630939261699,0.01034084329093494,0.004119033872484579,0.03960038525451918,0.019055498213303358,0.0035171099917726788,0.00927833994176057,0.004739027261391183,0.011899274618675312,0.025216567276618748,0.007667840473925624,0.0065816283313324675,0.03162052412051707,0.004494389202605257,0.0066087966935291275,0.03326759303919971,0.01570132321976416,0.025200487748767795,0.0021333493525162337,0.010118941020924732,0.01332549284597917,0.04331890446637237,0.0804871530270013,0.02957560515089426,0.032313726148388996,0.002620460357709712,0.002581043084382843,0.00516380026520993,0.00240099569438306,0.00031318276375570447,0.0003415134979563432,7.399976490876681e-05,0.00039800591173388966,0.00026438110524424626,0.00160758617130341,0.0006110096932388842,0.0005882884145792463,0.00023044425609106456,0.0003448819426077015,0.0004059684439366002,0.00040099909089263974,0.00029581264788373966,0.00012150462341444587,0.0011253076747240042,0.002003624000280979,0.00026598483982525066,0.000521756938371477,0.00013912027190662198,0.00013921910270007422,0.0005760536223631358,0.0001991623842059198,0.00015746954131954125,0.0003911515306614232,0.0006553979612363037,0.0003857988319850847,0.00031429021135375443,4.8938991686587576e-05,6.585820907882105e-05,8.332049551958712e-05,0.00025308098858139213,0.0002578821936138396,6.441029114512276e-05,0.0006112627612127034,0.0003557889715011697
132000,0.0045220982544894985,0.0035927042443762293,0.0072249208654587465,0.0008628353062634303,0.0017184915226999128,0.013404303867511251,0.0010032326291190157,0.012270209936818276,0.014295941533856433,0.0054215287273109425,0.041695709775394565,0.025917759712224233,0.006378686751387167,0.009493433929354509,0.005032066056746236,0.016798042532172985,0.03874814342582665,0.006509344772836547,0.012386641369500597,0.02979397831814519,0.006378145273736034,0.010826271009201653,0.044200001341911654,0.014507998668947645,0.03047502761125095,0.004013841552659869,0.023082705615508764,0.014029975530017206,0.050987169533276325,0.09493453363443076,0.029957576358283403,0.04247234041730945,0.003635248801079281,0.002576944006060055,0.0056997736782149235,0.001987798520011503,0.00024047284950699433,0.0002597253187559545,6.51849595121885e-05,0.00031605502033471566,0.00023284649613200832,0.0017772695027815644,0.0005167246772543876,0.0005280335684514476,0.00020339332285354764,0.0005159911214572536,0.00023425937080358844,0.00017796420571158933,0.00030193380530363356,9.754192693766196e-05,0.0008557358223872422,0.0026037858882167106,0.00024224850967584642,0.0004983543892324503,0.00014060770602021688,9.835523248759934e-05,0.0005799721954928671,0.00032399377141700825,0.00016424470721984917,0.00034508889626662354,0.0003578178026752236,0.00034332087884967645,0.0003560072506877111,4.5568567400976885e-05,6.404474576508316e-05,0.00010981395971375842,0.0002419041858437205,0.00022533075319357051,8.460979501023758e-05,0.0005676481105183484,0.00036835522987530565
133000,0.005005732008391312,0.005502260753591718,0.006391456554410979,0.00115737289264731,0.002395156620636205,0.0154854733461564,0.0014550583675900857,0.011449739870109697,0.013028556210734172,0.004918062615615781,0.04645831121690859,0.023332346203497598,0.003954135032307187,0.010524302610010085,0.006596667879356948,0.018275863852371305,0.04144121322012021,0.010830881595729461,0.017083619080949575,0.03518236266216263,0.007041226630232044,0.00965351414405242,0.05074668186173464,0.020548853099899133,0.0306771786218012,0.00408420036546886,0.008602081036982664,0.023552561103315384,0.05570689751253025,0.08243055804879047,0.039786385099093116,0.0380578517595915,0.003304354382333503,0.0035316389712957167,0.0029635456060835472,0.001147897636331306,0.00028408307807574983,0.0002289090399988874,6.221116556175784e-05,0.0003488531772291026,0.00020557984373318562,0.0016255148402706254,0.00040843117221811553,0.0003658580820372567,0.00018412656673286905,0.00022897841871066964,0.0002497948072320006,0.00022082462650985235,0.0001490309628338607,7.229678108573849e-05,0.0010756068912034886,0.001891799554262737,0.00018184004620707127,0.0005035216462397794,0.00013710595799395754,5.959215319638712e-05,0.0005717290680642632,0.00021292007056672446,0.0001335258439212339,0.00028334458591136634,0.0005370418661186704,0.0003330173693834157,0.0003809989139140439,3.3347439856132384e-05,5.5117981294946126e-05,7.640051025746642e-05,0.0001986640329830282,0.00021222845032527418,7.496049897781631e-05,0.0005756758739168442,0.00026864416813623395
134000,0.0035610563631102246,0.002764943574557374,0.006125944797531702,0.0006754683326177586,0.0013250165847918502,0.008091439557444704,0.0007095673809823395,0.010556516080481849,0.009431036097328016,0.004454151028767228,0.04864389790052456,0.03434464900451252,0.0040773522917086,0.01012242815952711,0.0037945332454803384,0.012402633981158337,0.019500715444294093,0.006122906982259165,0.014021161207762946,0.022600222547771408,0.0065216865880004735,0.007585978537333306,0.03496005926591655,0.015880012827619795,0.03337462826814209,0.003321357676759362,0.010348521808839817,0.018840347602235852,0.0555753055783605,0.0853669391649272,0.027612116363209982,0.03757676034449385,0.0023210360207156755,0.0022087456413299703,0.0038330997651630444,0.0011530961816593585,0.00020375014559560536,0.0002296730554834622,5.2603937103456876e-05,0.0003434896382827901,0.00017281884933534921,0.0018782748811645433,0.00029080453705319085,0.0002723579187826736,0.00012861133314129945,0.0002303626229145753,0.0002103581828023699,0.0001121949922122667,0.00012528416795805304,6.646049426060266e-05,0.0006529396352771773,0.0014715328349363215,0.0001514640683126345,0.00035963083316847605,0.00011231332544035656,0.00010619350700835639,0.0003781035661631904,0.00012684479395375092,9.882448982523329e-05,0.00024118432922058184,0.00022160314104742915,0.0002215041186932418,0.0002521920989777384,2.244513379500367e-05,3.807014041336111e-05,6.398166431449386e-05,0.00011526572753999582,0.00021565358924483059,6.427225065408493e-05,0.00035536967620943005,0.00023253283397934866
135000,0.0031212926810808683,0.0031833250161273302,0.005986968734456847,0.0007282999471779196,0.0016309647349610518,0.01069016639043444,0.0007472438549543327,0.01246288185896393,0.009688156706125724,0.005205243482123478,0.03787845730196604,0.016859087613905716,0.003322395481959437,0.006341371434797166,0.0039744555411743935,0.017883584999556962,0.023393453025034563,0.004925133752904809,0.011712233569206936,0.030635604628478176,0.005786304903068203,0.006557739258823858,0.03421549272801106,0.013890436893476969,0.02766999814943235,0.0032448532758280633,0.014632689325744944,0.013426778726170596,0.03893846107992645,0.07944775242292727,0.03353521310064631,0.03568132465723185,0.0020618423749436507,0.0024311847842317397,0.0025805708195952726,0.0011458999321933203,0.00021813404414597484,0.0002597216760643112,4.95974202842635e-05,0.0004758365402039999,0.0001903495449586773,0.0011594761308515444,0.000474588821089128,0.0003212133240379588,0.0001826808778452304,0.0004370196154038045,0.00023017033351423603,0.0003081011675263312,0.0001554995740854071,8.646635416715236e-05,0.0006623715412388265,0.0012100169333280064,0.00011655101739052042,0.00033435143830836154,9.349190359302908e-05,8.735919589691383e-05,0.0004474620258533637,0.00013099559669171867,0.00010991044396746474,0.0002168432042778407,0.00036115950982396804,0.0002494830470770652,0.0002598488393872416,3.108738324986949e-05,4.6602488509961404e-05,0.00011091473479964053,0.00011772804464271758,0.0001741046846415972,6.652644782434436e-05,0.0004759609320838329,0.0003064527956667007
136000,0.004100966902164195,0.003988563859753345,0.005440353648737073,0.0007529488242653315,0.001694129770955062,0.0134960757495719,0.0010203832615286134,0.015461068008031967,0.01529580684217751,0.004794300955836661,0.054612149223239724,0.023909521341707027,0.004461224737249061,0.013313446426653889,0.005204875709836522,0.02537689074476172,0.029937394433502396,0.00852382742126378,0.008714408297756953,0.044373678329381314,0.011168476345378271,0.010783505555342085,0.048739680136398726,0.02085672144057753,0.028162495654200145,0.0037893316359259186,0.018647146615869074,0.02181433556900932,0.05561437632457134,0.10633220081076762,0.05249495357915293,0.041398368670623034,0.0038395438477629375,0.003172522935549983,0.008390737815110091,0.0017640072449012223,0.00027093441004928155,0.0002161256621052003,7.532001200709064e-05,0.0003208619804127011,0.0001997040606274242,0.0021424448568723164,0.0003401575855605188,0.0006394576609014429,0.0001966233404968271,0.0006660637911587791,0.00026543993156561205,0.00016894596318905997,0.00013968409255594766,8.14855724952808e-05,0.0008246823224558634,0.0022958314505861686,0.00020525895997707265,0.0003248583348810213,0.00011712700684099751,9.253297217913892e-05,0.00033305840877077847,0.00018681495316741348,0.0001136104520027301,0.00025670632028497773,0.0003554798047844088,0.00022835382911966674,0.00023570595900916183,2.2374822155602038e-05,3.4680758997435783e-05,8.048399073149167e-05,0.00019652499499248473,0.00018587847402853281,4.678967025029124e-05,0.00039375370215566363,0.00023083383875928122
137000,0.00407353695098553,0.004037346179420301,0.014384184546846276,0.0009455616833572724,0.0017105824505351042,0.011500837691918215,0.0010212636149346157,0.013348611485436741,0.015097349058653235,0.005013432015402941,0.05243981475539414,0.02878135679684976,0.004736370005764801,0.011584194375962286,0.005231355125022888,0.021258486493024975,0.03174487928923294,0.007189821303436014,0.008831793030757191,0.04311792422328532,0.007323183559541436,0.007608399899384365,0.03906066927515591,0.021212782192136122,0.03407210304263456,0.003347442694939673,0.010771775584016137,0.023195615254129127,0.05200494675082155,0.10197851607060124,0.049580051414280506,0.04281204487555302,0.006898808771034317,0.002707257641389354,0.007448917019347492,0.0015658721443807216,0.00019950461016474277,0.00036126994919785915,6.530342694444347e-05,0.00029423064529510157,0.00022300530977456721,0.0016938134758675005,0.00048531658412684917,0.00038207323135745693,0.00020414686696312856,0.00042677436700354777,0.00025400414830001913,0.0002356002651353606,0.00016394894651998112,7.785301390454565e-05,0.0009716573367068821,0.0014107639079459962,0.0002007348019105848,0.0003671713179941509,0.0001154266044444551,0.00010552017246564819,0.00044670234706979,0.0001410238366474914,0.00016100756651995753,0.0002748530122726851,0.00034464308755559613,0.0003120455747338021,0.0003367986787789387,2.433723007517803e-05,6.261671913105399e-05,7.694592300317532e-05,0.00019334430492433188,0.00022180623945510273,5.5212204387089514e-05,0.0004760765271904737,0.0003634433086517674
138000,0.00302624197924947,0.0026209347857662512,0.0049264429447551565,0.0007853809437130202,0.0012513586226777066,0.005521177352160781,0.000633290528082486,0.009511626021954798,0.006233850478185812,0.002825895742716966,0.040367881648521294,0.023482485892210598,0.003147423662912016,0.009750807408719002,0.002934707964264175,0.00822222167334985,0.024006585554854524,0.007201349360704764,0.005033316945108319,0.030788468084162256,0.005453569442023273,0.005530869108952174,0.03328655551265304,0.014430984238303305,0.018190997137646756,0.0036447424907237293,0.010978379221811455,0.021252936853822273,0.041682799830895796,0.08992123627315103,0.029797407445245578,0.030364968874402203,0.004045516394508188,0.0021890578725507893,0.0031458671954977843,0.0008815072871064851,0.0003091068458616064,0.0001731139406150429,5.400846501299428e-05,0.0002671273653049866,0.00014760599740481104,0.001237647364177974,0.000247261171170976,0.00030194563877509946,0.00012409700563550456,0.00015936211234190978,0.00019455698335597144,6.900455226244162e-05,0.0001268079152117903,5.6845249590961345e-05,0.0007040774581372926,0.0009994738923827147,0.0001554883002427232,0.0002992670000896062,0.00011532248560076274,5.079067500446399e-05,0.0003965947968437479,0.00015195610421869787,0.00011663042288508525,0.00024034331084364497,0.00020791219515861787,0.00018309466017927338,0.00021538397908847805,3.4860137941347955e-05,3.639442042589912e-05,6.907774051838219e-05,0.00019842827766426905,0.00017167160685211742,3.874548684734691e-05,0.0003734187093448613,0.00024164951973943972
139000,0.0038474755428241397,0.003098347002243692,0.007939601491671056,0.0009887472888854413,0.0018703996929961928,0.008006365075873743,0.0007335991465058009,0.009874292433332633,0.010757633068696803,0.0026445666280778823,0.049077638661715974,0.022425883438236083,0.003751787084955581,0.010054113671175759,0.004119795944172759,0.021739440141876305,0.02863408217516345,0.003894635793366882,0.0063226932335445395,0.036231665109129,0.007367248703819594,0.0064216942969973646,0.03452241869022449,0.016716957304258054,0.028318617528254566,0.0034506537020206453,0.011728978049170051,0.009838144538055834,0.03602558043408755,0.11993360056752159,0.04564807769027539,0.0416561080268226,0.0024473990927775116,0.0026557265661066656,0.004866787221544655,0.0014702268464199214,0.0003222147916995996,0.00024497258403822673,6.84094077506273e-05,0.00030321712574732373,0.00021416533869303246,0.0017571053977007978,0.0003703861719259294,0.00039052921671387403,0.00021364750650957974,0.00037027811752555605,0.00023811944597502843,0.00013360598706668725,0.0002271388221676465,9.236460953781551e-05,0.000986305584522667,0.0011789752073430766,0.00019919688365916955,0.0004803763858573654,0.00014413551817314923,9.660087624235365e-05,0.0006297446168128352,0.0002772128327706014,0.00016225059496359032,0.00033093938302324836,0.00047062735587436084,0.00029579750363553257,0.0003025666712717254,4.924753667236072e-05,5.637962244185878e-05,9.711049182288814e-05,0.0002068959251378796,0.00024368104907114598,7.539405004308719e-05,0.0005719152460730256,0.00033296811598120256
140000,0.0031086192514251437,0.0032381760864626376,0.005142708347799878,0.0006669834052165523,0.0013453138151679105,0.006486750615814734,0.0006983320425265006,0.00989103356351181,0.009069323615647914,0.0023892673052614555,0.03583785812287839,0.019094138971171078,0.00377629231529268,0.00850232210974134,0.003532425576571875,0.011938952880882425,0.020192565270571367,0.005688977838181478,0.0068752912609072936,0.02676884681073716,0.005421492814307035,0.005727652127201769,0.03741710094424586,0.01393326288452954,0.018682035553836844,0.003106761700473726,0.008144553713992213,0.011109638177610274,0.041209728840177005,0.08868312483654366,0.02769691440820073,0.032554770078814514,0.00465067409815954,0.0024609467198092186,0.005252385851134831,0.0014891684955305859,0.0001800810646572197,0.00027103210347625213,5.692322153104708e-05,0.00044844110720987373,0.00016292757663300206,0.0012620880115719046,0.00029925555718364195,0.000304945595787917,0.00014350859944323402,0.0002608421411756418,0.00020038788802554465,0.0001686720270086539,0.00014707733550008487,5.7567807289160555e-05,0.0007875522732459873,0.0016457939718748094,9.926023176376475e-05,0.0003588626578508708,8.454089894602758e-05,7.200671032850633e-05,0.00044795622231445564,0.00021858930199414317,0.00012559661519004648,0.00022934012785509158,0.0003100527344940929,0.0002928545147622777,0.00029023269912950464,1.958589745646014e-05,4.77835434746036e-05,8.911345311354161e-05,0.0001333018002956773,0.00016980172046170274,5.547137476469288e-05,0.0004593011871285486,0.00021713765017921104
141000,0.0051852942884776185,0.004729864308804584,0.0062017190891007585,0.0008573354834530059,0.0016077763489020186,0.01562614227753199,0.001025366007730378,0.010340177403978648,0.01118672740405508,0.005112560134875821,0.040304363996974756,0.022306872643226523,0.003934162491615015,0.012141095727367263,0.004854901617064196,0.012469523545708702,0.03626290362444706,0.0065891853776094324,0.010016990998078004,0.031375292386122355,0.00543762090448861,0.0074172968995428945,0.0369003791672488,0.017796339336928212,0.02383621324019808,0.003743494884110987,0.008107172615059572,0.014008559039818161,0.041707818863420364,0.09149443028030463,0.03518827355253355,0.03678941500794071,0.0034099013058940166,0.003758378618777199,0.008463885684048163,0.001632810901826685,0.00017995825426229012,0.00025098524805467935,4.084911359818049e-05,0.0002361465672038321,0.0002523005311965615,0.0011492883568280376,0.00024387514504269346,0.0004894967305278298,0.00015298648835309188,0.00027305891614527614,0.00021835350411804124,0.0001221235097546014,0.00011925909058506619,5.8257286375671605e-05,0.0009321469896314318,0.0018670604658836965,0.00013045103205513441,0.00044361985144823106,0.0001119649603832182,9.702974272262178e-05,0.0005682309268547303,0.0002720856932683091,0.0001409492793587535,0.00024478570602905864,0.0003758834895052132,0.00027077592154218334,0.00031417286168612516,2.794917317534602e-05,4.7007427686670176e-05,6.124304989545587e-05,0.00018633200306794606,0.00018575858756402077,6.110879030529759e-05,0.00048125826321260886,0.0003812587168795289
142000,0.0044411118666372405,0.004571834722473459,0.006726863047030444,0.0009346414219040665,0.002024022084064015,0.010786168494502948,0.0010871980264768823,0.01067891377348204,0.015203589922138338,0.0026838390785997035,0.04315891384612769,0.0188396828910448,0.0047852834920349505,0.010130757565617167,0.007819785447110702,0.01409002096261247,0.03652963592200346,0.008193674357313238,0.009250415551442919,0.03853887302684598,0.006087604724488161,0.007536468421026906,0.03952179809294951,0.017411958554415227,0.022920980798372757,0.005194347526412457,0.015229350581105996,0.0176659179530058,0.0591491568070042,0.07828950455226028,0.03900899910542648,0.04270126061881176,0.002430492979901653,0.003913676639650624,0.0061413987746669185,0.0013834413689762317,0.00015889213292558977,0.0002194361214109945,5.33151966799296e-05,0.00024767554089066834,0.0002556815137326184,0.002010804855672177,0.00028000360398436894,0.00039748635526848375,0.00014723403893233473,0.0005670668224630454,0.0002807293931773689,0.00016940839281787134,0.00013330406565320777,0.00010691093323409653,0.000943496932807018,0.001272632074081533,0.00018633029649208765,0.00035844022227602367,0.00012891509012316136,8.534077323929523e-05,0.0004561783708419581,0.00022635030654782895,0.00014120258000281815,0.00029339416965880306,0.0003580080576891002,0.000255376442721651,0.00029604114325189183,4.0766020117541655e-05,4.5154666117418353e-05,8.193614530977971e-05,0.00023469335636556416,0.0002203228955286176,4.77703895853665e-05,0.0004922056891165779,0.0002293417694090749
143000,0.005391206468753021,0.00483285073143499,0.008087571894672388,0.001081496970227118,0.0019005322958750921,0.007888222244218923,0.0008825618146030108,0.0123249259341523,0.012654790591988808,0.0036189415986882523,0.054177803267655825,0.02612631247028248,0.003967097158734264,0.013419517696809524,0.00892466216627166,0.018122233517109027,0.0416297472927129,0.009121226304125252,0.008665235480293632,0.03934483264728139,0.004734408614513086,0.009518387825794759,0.04117002564870442,0.020043075796274935,0.03051656031103838,0.003145636757835746,0.0133938707746394,0.02409961657212989,0.055996494510498665,0.09463678939643996,0.03238673528617558,0.04478738757405573,0.0032126304038141685,0.0023114004933483747,0.00657968315095382,0.0017215192994919043,0.00031027799214275307,0.0004391489173113686,0.00010073380366498807,0.0004388393322187767,0.0003156213646182918,0.0023990035406313837,0.000493649968484533,0.000630432014795109,0.0001900181620552949,0.0006933976436235817,0.000311475738930025,0.0001552821323631548,0.0002713323791587347,9.968937158853144e-05,0.0013066709551227318,0.0018984721791639458,0.00033278879654972113,0.0006725424336393041,0.0001576419802184883,0.00013929215033799252,0.0006940280055821722,0.00031113247359826346,0.00015950693817343462,0.00047846139980090534,0.00048124087600929973,0.0004422090713819426,0.00046820569495712,4.183344229692044e-05,7.647085072272198e-05,0.00010926349156537296,0.00021549927363854034,0.0002640545405040117,6.729992722398492e-05,0.0007320475551598004,0.0003228768582630437
144000,0.00476412858615977,0.0036670825214026046,0.006189599807839841,0.0007533239987913895,0.0015213642522143391,0.005224438903886559,0.0006744055780942408,0.010246218385374033,0.008901300396591748,0.002882923539800686,0.049683658280740436,0.021632618403832658,0.0037869979498668035,0.008024848581375078,0.004232458544966528,0.013011955289888041,0.028006948292646223,0.005648303552069465,0.009945584107689294,0.03129569497366901,0.004139752255313257,0.005607785298967168,0.04373496195611854,0.020577619474291473,0.02612223111703763,0.0018222899874672295,0.011339968566187141,0.00903888438794335,0.045439441242898976,0.08896767253451887,0.036102955561461085,0.041164137360353306,0.002184647659044222,0.0023463209700969666,0.003471441596250063,0.0010442638348584815,0.00020555393442871144,0.00019234078503028616,7.197829852950498e-05,0.00027210097442775805,0.00018465843651183797,0.0017798403641791083,0.00025308009007858346,0.0002949911075742612,0.00014443611301574396,0.00021444239618355302,0.00019867728228985615,9.011793416746627e-05,0.00012874739334537918,5.3688258049078286e-05,0.0011020196481800108,0.0017819242439145455,0.00018758405194603257,0.00042002381359433996,0.00012914872127896222,9.145658228507355e-05,0.0005559728560177562,0.0001667567646563839,0.00015403042982124285,0.0003799091846583626,0.0002132890495583221,0.00025161612150377647,0.00031603937180046124,3.772385532392782e-05,3.040896808670368e-05,5.0673834840830303e-05,0.0001838134724364084,0.0002532394556939629,3.736131110088081e-05,0.0004418968884474911,0.00022685261319566052
145000,0.004173660138631759,0.004460600083230356,0.009190042347957691,0.0010136790452564199,0.0022245531980371208,0.010297212196746841,0.0008450831992377061,0.015552130982613046,0.010452745706360577,0.004234652293234831,0.05775007526397441,0.027600245014461823,0.005237337330155159,0.00925138045678261,0.005987738516769776,0.02198538406325194,0.045878881092946924,0.00737244090657752,0.010573686106779081,0.04753882726664112,0.005952938976563998,0.009805406640745267,0.04774257482495159,0.024990648226230407,0.02863261083089922,0.005433197226375341,0.009062345552578219,0.02395879372609973,0.0581802606339539,0.0993225437186113,0.06135583796557815,0.04860173800709443,0.004384228905980063,0.002646421046361062,0.006155228203068772,0.0012531229195441743,0.0002019771668887858,0.00027861139865721765,4.6761381033967015e-05,0.0004292678970614361,0.00035328256115008116,0.0020328701102698687,0.0003789646468248975,0.00029837059832971136,0.0001931824620298453,0.0005377147815977424,0.0002625872105019816,0.00011001241719554855,0.00012179584783750827,6.398173334012178e-05,0.0009685878103902304,0.0012631763450675255,0.0002065112728814711,0.0003982141715730867,0.0001550469118981333,6.60288405511396e-05,0.0005133461982529874,0.0002003500376304146,0.00016412887669206257,0.00028828040639592264,0.0002880899511486253,0.00025434320323488804,0.0002893841682197052,2.5164589057079832e-05,4.231491791668102e-05,9.773568035007565e-05,0.00011985907985945232,0.00023824887247494717,7.578371321415034e-05,0.0005288703957658913,0.0003442588560574222
146000,0.003046318757918237,0.0029174380909319517,0.004927482223138213,0.0007524890505010262,0.0012219875054281055,0.01412625500233844,0.0008961827358630657,0.01442828078613863,0.012607824596705518,0.004189874973235419,0.05010044982694204,0.03382307056764538,0.005498688493389636,0.009660301432494165,0.004459639749577892,0.02527249468281904,0.0359243729324676,0.00713845421604317,0.009698290338357245,0.030687666931577647,0.008915072059678026,0.011527155849112855,0.04582046843056257,0.018864518100478258,0.036065654504729164,0.0034134311135858297,0.013597628378207563,0.02254950993422729,0.06819317734197658,0.10048755889295446,0.04665374592305549,0.038083029113924846,0.004535707770250278,0.0028781843827536523,0.0037831139448422212,0.00133844937428356,0.0003569552023021204,0.0001963949758770799,8.696152091274653e-05,0.0004424435053351772,0.00023413791497776091,0.0024902430232032202,0.00031104538356885314,0.0002687829568889069,0.0001958700216307893,0.0002880129019104061,0.00020292917088326839,0.00019161485478136342,0.00010147578803578826,7.594672020290587e-05,0.0009089972541407686,0.0018829466213598305,0.0001574872969285934,0.0003371446400984607,0.00010102706185001619,0.0001312069507135179,0.0005275672343897543,0.00020553963793190633,0.0001554531657777463,0.0003521523546553978,0.00032471790133665004,0.0002559069206176412,0.00026824537904017405,3.5046440257656696e-05,4.784025471356775e-05,9.445454580812808e-05,0.00014736369251165473,0.00020245567136333693,7.526582848527141e-05,0.0006194689929528243,0.00028539741069835147
147000,0.0039933881662364,0.003253358403324253,0.005782014176171894,0.0009413698782177213,0.001589147379467871,0.010181441340786737,0.0011549055941559932,0.010874555411468392,0.012972836913808973,0.003998363274149597,0.05067711479223138,0.022597893187654632,0.0048714204676798545,0.008905190995089166,0.005213220176130348,0.012618741505624106,0.03498256214039602,0.008441906028553913,0.008546205131486724,0.0276125026269195,0.00736405001446026,0.008880337820560922,0.0392117543068404,0.0221176033335117,0.03277313596712673,0.004745101160369814,0.016708502712786396,0.0152012446221003,0.04594787729849272,0.09868718842300304,0.02917128122537785,0.03718160693377005,0.001985328373581734,0.0030090322501945235,0.00521141290098765,0.001239181613787618,0.000315915049755308,0.0002271364339983186,8.687672503030232e-05,0.00029590840540549834,0.0002558868101885387,0.001455434747185791,0.00028226388794792,0.00033103600789648847,0.00019250429223144526,0.0003549654882736572,0.00023334904730681796,0.00014001804015961739,0.00012591921029070363,5.576805601363462e-05,0.0009729394592061278,0.001738665345631792,0.0002254050145893416,0.0003982232418709419,0.00013675804219583996,7.386470309194755e-05,0.0005212326353406146,0.00018574887189970468,0.00014387602482202055,0.00032300688241006215,0.00036779954037532053,0.0002678675159855355,0.0003069176754487907,3.569027110946384e-05,3.8151486276344964e-05,8.29401836940574e-05,0.00017569767390211512,0.0002059272771453658,4.560149696430926e-05,0.0005484525742659349,0.00030822918852209115
148000,0.0032727489977185395,0.0027807029627082455,0.006064289850958933,0.0008874605377618886,0.0019042134817131159,0.011710835543843652,0.0009870889052469847,0.013186314470087881,0.008223576435267216,0.004368309921119362,0.04510007741182675,0.026438125994510692,0.004591048453056084,0.011717759861891285,0.0050908033238717025,0.016463900995101238,0.034393906385784725,0.005616182287863185,0.008200407566619106,0.03338205251993107,0.005390651207314407,0.006384190199761568,0.04066912745203202,0.02207153743171754,0.03603166280120763,0.004306223802268505,0.01605738467588385,0.01008295573592477,0.03731038801419987,0.11340369253359255,0.04380482677079271,0.0329369941386036,0.0036168453221290084,0.001743792160532605,0.003091342409687867,0.0027837593056574406,0.0003049068820883493,0.00020667107785563778,7.08281944183449e-05,0.00023599879773428256,0.0002626705116809001,0.001495274937042268,0.00035402554212851103,0.0003517062817464696,0.00017756425168045099,0.0006918870914107954,0.00027827100662012016,0.00012323452323137474,0.0001615899027750198,6.584100306512978e-05,0.0008233180402245265,0.0022937763860682026,0.00015897544699328137,0.0003780707907304643,0.00013259397477166453,9.563813879057389e-05,0.00034007501274876023,0.00019752126689809302,0.00014489944060061235,0.00024407015809209463,0.0003356746579811443,0.00022949231711685746,0.0003452903624074005,2.988235232007011e-05,5.749742902278538e-05,9.380882438386101e-05,0.0001623080575622485,0.00023265978167170113,8.443143934755426e-05,0.00040898022132965066,0.00025330948556074874
149000,0.002894469343733068,0.0021449837731779553,0.0066808673630778985,0.0008020214569394459,0.001468639187161115,0.007857631441895916,0.0006924083906024832,0.009242965222702147,0.01063779037661944,0.003345592727782787,0.045260764764087205,0.01658423292747566,0.004653118657932448,0.005230498476962428,0.003453710874536602,0.014622239279560745,0.022847118481011074,0.00573631777255678,0.009035291449565972,0.02346861651788155,0.0042254042733912475,0.0068529631199193575,0.03255981330565798,0.014574672132342432,0.02061388790516214,0.003744547115638852,0.014707723223028229,0.010917227637037286,0.04377193310167914,0.08226760893118015,0.0376693898353066,0.035076775705629885,0.004237638115700275,0.0019798644801106327,0.004436784357191452,0.0007952381848943853,0.00019685357931932326,0.00022498259003937577,5.917757383589976e-05,0.00021645744834586367,0.00017610848557127456,0.0018499254383641528,0.0002751858094597992,0.00022003600614832402,0.00015754584467350997,0.00022118615628333567,0.00017737487437523414,0.00012506621926711148,0.00010728112399480606,6.423830134074457e-05,0.0007515780099276106,0.0016081240592029644,0.00011959171233684174,0.00040974289123016426,9.488581696947724e-05,7.974476743170685e-05,0.0003923845204319091,0.00014674920703328098,0.0001293132614187521,0.00023822543108298515,0.0002177204987068156,0.00027519417962180976,0.0002943332506220031,2.2533078755066788e-05,5.5460477394970236e-05,5.120775460318918e-05,0.0001382302626942484,0.00018455299092300765,9.347068089482491e-05,0.0004248210778451958,0.0002539009634347167
150000,0.004911808567108843,0.004168708853992737,0.005559721719085549,0.0009943295738664276,0.002101735232470305,0.011963348094598456,0.0008809824398961228,0.013434935200077198,0.012666742748099095,0.004635585388314212,0.05945387920278504,0.02207744880135059,0.005418820161580559,0.009559501983086662,0.0058285787862319815,0.016318445379814268,0.03234636616746554,0.007513723475784889,0.012860383601426812,0.030981247604552967,0.006199971099964876,0.00802126270510988,0.05328683651285246,0.019342287602436652,0.03680800627412354,0.0026866250205785035,0.015204858872493787,0.016570128867897438,0.06461704850148903,0.1068179631723568,0.04348454262673234,0.04299458878141685,0.004053235191888733,0.0027690896129697225,0.006311025164298674,0.0020344539948707408,0.0002996255316307533,0.0002302300749347937,5.056350653787201e-05,0.000471838385465162,0.00022006154386495025,0.0020726955735881347,0.0003713231220899615,0.0005649490052579303,0.00016816504761376754,0.0003960017305319395,0.00032474695062016207,0.00031927953042298896,0.00016099625722666854,8.025061002957624e-05,0.0009607060122107213,0.0030151036735333037,0.00016251859915428213,0.00042722325379516556,0.0001478055998381149,0.00011878714051569908,0.0004495727511341336,0.00024071229552191653,0.00013690255329379397,0.00025947644326851545,0.00045698594040004535,0.00026357353253574095,0.00037427524878492276,3.957278052332988e-05,5.1001192130368305e-05,0.00010621135026974718,0.0001967397989314382,0.00033377816902019174,9.504146103722633e-05,0.0005504258517416814,0.0003020367617864395
151000,0.0043259688783920764,0.004256930944932348,0.007478906326772024,0.0010709922190401883,0.0012742963475760962,0.014635260153486993,0.0010411310941714374,0.014496254649238122,0.014692456459969538,0.003235432192013832,0.04911515064484348,0.025705411395179276,0.005902396149009071,0.008595780802848325,0.005714150626975906,0.015336831278546015,0.034624157797571525,0.011863262091226923,0.009568874923778432,0.031024406911164988,0.005238517972658813,0.0070867547135224284,0.04142850468168035,0.017175280625815505,0.020459344308042162,0.003314006794244051,0.01686560298796922,0.02183724005590193,0.0566854586259818,0.09278845256830531,0.04692527434517008,0.035311882193827145,0.00597617849765059,0.0031899551365715396,0.0034331358363285996,0.0014944943265098637,0.0003298566155081062,0.00017442814003681468,4.9208537046683614e-05,0.0002720693305491295,0.00022153265731165138,0.0018114108133886475,0.00024223081636591813,0.00036619214154741614,0.00017464495496441438,0.00025529945857394,0.0002528366536859737,0.00010083241825853406,0.00013241199452316966,5.1070515341548756e-05,0.0010371119375437187,0.0011315696059076192,0.00017576368245499907,0.00035177577861685103,0.00013438193786112544,9.991397649338813e-05,0.00047007897345822366,0.00020216956522745022,9.136537013729494e-05,0.00023509748949576394,0.000363047220101483,0.00021864384469549023,0.00027023117706482516,3.902407322154456e-05,2.8681441815731683e-05,9.610031804788685e-05,0.00016753125341243243,0.00019681115126911295,4.861675077449945e-05,0.0004535123735655636,0.00023867802301538176
152000,0.005356263004049086,0.004771904313572493,0.010087862028740346,0.0009288562779077508,0.002179251832302138,0.01209510877691043,0.0012129763789333434,0.013299997757391846,0.01939704731518725,0.005986727437630179,0.058074228319678636,0.029734188627683077,0.007461961542227955,0.01324984174191217,0.009038480015100075,0.032577197620412335,0.05935502597588181,0.012860032592390228,0.01156009329965205,0.04652470020043741,0.007983166648888913,0.009172764830249694,0.04376391437991212,0.021103752827305772,0.03281523127978809,0.005988838290795684,0.01703286569761164,0.027261696030715637,0.05460520765696214,0.09073493455117944,0.052292850465746596,0.044904236968320146,0.0055304118290367705,0.003577709609681881,0.004639784141747643,0.0014577421262142057,0.0004345165748657708,0.0002801501739833673,9.506291822968289e-05,0.00044093651547427726,0.00029357316562961017,0.0021148024607100524,0.0004889154788543237,0.0004120670541612382,0.00034233659173064793,0.0004153892777878809,0.00032104500550894156,0.000355424278843941,0.00017861129500892244,8.298384951062458e-05,0.001016839113621105,0.003622479672837168,0.00031328605618909935,0.0005634048552286802,0.00011977759562608392,0.0001529935531049308,0.0005857335995006974,0.00027300823876430513,0.00020134749579546628,0.00033458070510487934,0.0005568138651748692,0.0003122247847720187,0.00045937175088881676,2.9384722831190965e-05,5.981651055561896e-05,8.86047801740661e-05,0.00017156933297103803,0.000280505834148647,0.00010789754162487952,0.0005697535034491042,0.00039364139447570776
153000,0.0036255746709021215,0.0030946579677725416,0.008366336638573557,0.0008711767007788205,0.0013798207627230654,0.011752412394603848,0.0006873530264196996,0.01336623730251221,0.010942628219985451,0.004129413013288286,0.05053817921420157,0.02321688810691424,0.004167274660589596,0.009508309860724363,0.004213940382760484,0.0204909248216912,0.033356080508036984,0.004937396418668707,0.006344117059987704,0.035152672867795144,0.005672708791236731,0.006212986123760597,0.04015627229586244,0.02079103562828095,0.03148339740558489,0.003154090465977788,0.010193361331153762,0.009958267701222212,0.0405040136353551,0.09847945387727738,0.04467559259443078,0.0428865978297276,0.003214765193097089,0.001944949914316165,0.003708343638411154,0.0013408449535420783,0.0002586993597841875,0.0002727515639807362,9.506013881935316e-05,0.0003485492259187595,0.0002107486282081114,0.0020465151901589707,0.0002775140353151073,0.00037164457578336095,0.0002308562111801094,0.00038554570433250643,0.0003520247238484125,0.0003190232222323175,0.00019000398488638689,9.90979064722937e-05,0.001033125839963899,0.0014160283814514212,0.00026148521747018096,0.00048812205704034197,0.00015640419217655515,0.00014559502150487705,0.0005163260288129329,0.00026190660855718306,0.0001840574581122054,0.0003263269813522549,0.0004522683288087137,0.0003427026855140338,0.00041132837813401474,4.920732889278444e-05,5.962798584530699e-05,0.00012791293652623738,0.0002027771765174943,0.0002178746609698215,0.00011034792316877429,0.0005605944950562049,0.00033281360556429717
154000,0.003290858231839839,0.0029477062255157055,0.007073141377380428,0.0007235595036036102,0.0010747149137179941,0.011083640713228047,0.0006741129222533463,0.008572660493347725,0.008064597361974651,0.0029184255399741232,0.033661571705001,0.016046297803582927,0.004444005598832684,0.00623168391713548,0.0029972984023355393,0.013320858304117186,0.020294870188687735,0.004765221272901738,0.007174228927137197,0.022170644785122325,0.005577578372196093,0.006644812912847036,0.03690412597730756,0.012388268508948386,0.02213717349369535,0.003199774632230401,0.010135898496320161,0.009618917055377096,0.03902595707537223,0.06868214205713875,0.02773613834676022,0.033132312268627666,0.0021382117061184893,0.002307344405359567,0.0019762297451961786,0.0010093327913896896,0.0002466709233467076,0.0002007565304169971,4.950840572845149e-05,0.00022589143475215678,0.0001867426466768596,0.0012332104306551628,0.0002291023281031812,0.00022789748746426515,0.0001660037421587683,0.00015384447010100238,0.0001771603655103255,9.505078860172489e-05,9.483883907535073e-05,5.585985995408423e-05,0.0006980074800454671,0.0007465266398867243,0.0001275909102787409,0.0002761149037686831,8.84653251166034e-05,7.348343646382008e-05,0.0003112618074170627,0.000178402604888106,8.90380501172356e-05,0.00020960614255482841,0.0002426150181539318,0.00017069477141018236,0.00015252974527289485,1.9653772716771306e-05,2.423821777281571e-05,5.021425493561599e-05,0.0001339604792259966,0.00014025152574065157,3.9862090460474064e-05,0.00039400640208678403,0.00022088142604843598
155000,0.0024907104674688576,0.002045130812028354,0.004647478800810252,0.0007332176716143015,0.0011909488675652788,0.004685001322546408,0.00047255422789989565,0.008310035895085414,0.008235507647372334,0.0034159569495386677,0.046527949201171634,0.013865430699274374,0.002778891195317335,0.0076610345415081774,0.0028743509662757893,0.011152461313031381,0.018632468009725147,0.004059821797558401,0.004114644967817834,0.02218575893105784,0.00416589869308924,0.004166039120848707,0.031096909476133684,0.01599386048055749,0.0213726028916195,0.0028992155799642204,0.006802110829371046,0.006687525115315414,0.028122354363885653,0.07233335185065376,0.03062721466429745,0.040903292287391826,0.0027869674426498773,0.001880791815871584,0.0022558388556919657,0.0009990831958280719,0.0002750556684053376,0.00022729193183708546,6.581069999219287e-05,0.00028033464980126155,0.00015818653832866403,0.0012213222216814756,0.00031552852897220873,0.00036819122621971855,0.00015999991501781838,0.00023739489335201014,0.0002352491846578599,0.0001361623136624246,0.00010574811444555586,5.741372406605065e-05,0.0007127602542158667,0.0009451573657012583,0.0001486270295572467,0.00035335383916167395,0.000133885366549607,0.00010558531510634401,0.00039323547552187174,0.00015467206253561017,0.00012360370664686747,0.0002918651358693471,0.0003482891377643682,0.00021975532739625418,0.0002466157598485518,2.8053990408213253e-05,3.727354775643713e-05,4.787261850769819e-05,0.00014096614073163697,0.00022760991965383476,6.111323381219336e-05,0.0004549995508706398,0.00030929871900298167
156000,0.0034778942248817044,0.0036968614612878474,0.008042382018174976,0.0009733209034143678,0.0014140027735173803,0.010244843069293503,0.0008477509768894261,0.011258346881553662,0.011399762570697101,0.005591500088485191,0.05293802642493428,0.021981733013972746,0.004715994871785921,0.009941410438731316,0.004788454869145318,0.016773711619559133,0.04280520636149006,0.006170384258347198,0.008748654274053738,0.03143040366412606,0.00493181697323822,0.00865939996265297,0.04397357100698476,0.023040002803584987,0.027741057329400236,0.002681162185035646,0.011453873132920981,0.017384540565823652,0.033689042541150495,0.09440761611650457,0.03456367127024957,0.03710110118397726,0.0035261183148498697,0.0027622795579339064,0.003320817312770588,0.0013123953852332956,0.0002344782007645862,0.00017203592555729713,7.410245014792722e-05,0.00029501775634344085,0.0002464860312745665,0.0011835262230306398,0.00033434438028052683,0.00038190675643004637,0.0002445714380978882,0.0003598755125429826,0.000201381287618524,0.00023980887674213136,0.00016707333616617186,9.548581461289855e-05,0.0008827784737639796,0.0012677675761854819,0.0001851334084676637,0.0003566157738532638,0.0001243204469574266,9.986607611525952e-05,0.0005002131430848495,0.00020665962438215502,0.00013156274417901336,0.00029192172919115716,0.0004273790401687923,0.0002479276150425189,0.00024328959728302802,3.317946908868311e-05,5.084248954921754e-05,7.388623816950712e-05,0.00017023392190042484,0.00022223456143651235,9.332010239404553e-05,0.0005349566440714671,0.00028414869120751973
157000,0.004137580269958267,0.003518109457218088,0.00755982895498164,0.0009661698435173514,0.0014595021751154468,0.009612056321722256,0.0005726819210336075,0.011554992974803705,0.010892258083383895,0.0036965055915061384,0.04311637828388125,0.017181368035306482,0.005172153690540598,0.009206153505091965,0.00473527219347649,0.015830602730905714,0.03579041549667073,0.005928210671357457,0.008408288564948765,0.02546242067027682,0.005935171808870949,0.006480481338387888,0.051808960534787424,0.021705786658155073,0.029520907201898924,0.003674457629676908,0.016407466470728913,0.011389097081670721,0.038182102760080903,0.10225085831318152,0.03464020085753873,0.035899554047948465,0.003584974232419077,0.002059432177744849,0.0033593071576534486,0.0014776835211510583,0.00033609902324147506,0.00021568111149215176,8.689281252460556e-05,0.0002962857256534335,0.00022062516367479977,0.0020222780767653603,0.00030576076928809923,0.0003700092231730722,0.00023451808604142186,0.00017226195601795422,0.00026520758792046985,0.00014364019977719522,0.00012959397878718987,6.0022808446030304e-05,0.001032749919312874,0.0013340127382737894,0.00020157578774160356,0.00048096666579317107,0.0001196124212583527,9.969995603982666e-05,0.00044152021887727046,0.00014150696699744003,0.00010543335257137996,0.00024010757094331962,0.0003716569838312959,0.00023779428650283247,0.0002694385359434279,2.594859516988321e-05,4.4741569884839315e-05,5.929750203632738e-05,0.0001438463589563201,0.00017192270402963385,4.291157404168189e-05,0.0005243423104905812,0.00033506631007185206
158000,0.004043253614646666,0.0034794660772334922,0.008349777616482848,0.0007712124937825138,0.0013728063555690018,0.0064908246781020095,0.0005687403833337978,0.010070076157217937,0.009420485989433968,0.0032646385334373917,0.04410999514310575,0.026190123259729428,0.004390169712485548,0.017221845255087166,0.0041064702801604114,0.013130685610425038,0.02527896827346662,0.0067739485734646335,0.006927026789136497,0.02688516201378661,0.004029105601547109,0.006170602579719083,0.0421486303419806,0.017833749350090026,0.023329768323853226,0.0019479945534840227,0.010691471690022573,0.019296695286357135,0.05095171707661768,0.09738913479750702,0.0373590523134529,0.035612426655671485,0.003856325028842469,0.0022046518118491636,0.004570280402630387,0.0017013493452070958,0.00016769750917127997,0.0001368175648043358,4.343147598358126e-05,0.0002496728165510831,0.00019658062613421242,0.0011470542049210053,0.0002995179120262037,0.0002448457526402069,0.00010454396389209969,0.00024244534878456697,0.00017792296784447994,0.00014787607174326922,0.00011032963786404033,5.031641405201464e-05,0.0008560666632967276,0.0011796626383026403,0.00013049693070570355,0.00032991095099996713,7.90394666214054e-05,8.425498681803715e-05,0.00027785490959358476,0.0001576901042881218,0.00010699756416304101,0.00020370089450807427,0.0002465904404743924,0.00021751027707411,0.00029717070849612893,2.8495148489730275e-05,3.478299074938857e-05,7.90218432233838e-05,0.00013318841592990793,0.00015675247557727664,4.442206852672825e-05,0.00040444906455316205,0.00020996609955545865
159000,0.0035632222142757616,0.0033000683036300835,0.006433956344456722,0.0008280110444712381,0.001512030687173379,0.010137857840163633,0.0006303297333151051,0.009294475390382941,0.009824187370904377,0.002184986511565512,0.0453659596886733,0.022084494047327766,0.0033920347570639215,0.009904981899732471,0.004224800866658745,0.015076176233075481,0.02246858694975561,0.005633631396575984,0.00908697780687362,0.02196872023108881,0.004431312960864139,0.006939191573500076,0.03620537634279269,0.018162418871361295,0.021131949831864665,0.004073692578822374,0.009971477420527487,0.011279614579204159,0.043948004080961896,0.09348787597123338,0.02942397381198437,0.030465714781222723,0.0029721888445817077,0.0021929808890279166,0.002783028064691785,0.0012664742264730325,0.00018717944774499827,0.00017181916332860553,4.578307232761114e-05,0.00016891250743356068,0.00021238246903705773,0.002742542845226126,0.00021924118700553664,0.00030433483857450483,9.611571598438068e-05,0.0003312835050300984,0.00021102193912220333,6.489450329638657e-05,0.00011296553829009193,4.706126483969538e-05,0.0009834702644918882,0.0013975919731213555,0.00012137024777985062,0.00046943533860086266,0.00011164844837084871,7.093781450542089e-05,0.00045604037868249563,0.00014377272009369335,0.00012860459914223712,0.00023878139144681672,0.00033197120422604105,0.0002125011908639584,0.00026016329175709634,2.3036918649141045e-05,3.9451722184619735e-05,6.409491711358648e-05,0.00014187127921364402,0.00015791028034672558,2.624490666391921e-05,0.0005241775809262428,0.00028614001494133847
160000,0.004715222853298434,0.004219480346903394,0.005366185253175597,0.0008569697500766219,0.00225638590748105,0.01169808414540187,0.0008401870674876386,0.013097416573502557,0.013150983047897262,0.004533213701506611,0.042323149158619344,0.022565776092329654,0.003830344403854035,0.011787076470627102,0.005600524971476476,0.02478893652005354,0.03203388913659312,0.006868329961987542,0.008015040393469721,0.029295681971416344,0.005962477110362075,0.006679439674696498,0.03948397536374008,0.021958532825495543,0.02030760770653687,0.003197875455953181,0.01090603654175069,0.013563453257423438,0.045791677488972816,0.09076925327028748,0.04171873856665722,0.037176557046432905,0.0035493842914429653,0.002418506474452104,0.0038794884074175367,0.0011521292381887957,0.0001845241173695836,0.00018521285908884073,4.945311257070427e-05,0.00019523548940014734,0.0002021376119488834,0.0012920473345729988,0.0003018619563590619,0.0003526418662371917,0.0001375398106143908,0.00017814550801834424,0.00021666016430755693,7.271320910007262e-05,9.704768060973477e-05,7.1550528446096e-05,0.0007490866171268023,0.000600665493645162,0.00012739235135086346,0.00031199382809583246,9.601289799195064e-05,8.503073443286915e-05,0.0003487722672381947,0.00016658062827445974,0.00011170161162807644,0.00027742244296510203,0.00022200977764441632,0.00020865540895228865,0.00021329852601141924,2.430794484303283e-05,4.108799950902014e-05,6.29366943190075e-05,0.00014641395370875086,0.00015920866384854274,4.340547671688455e-05,0.0003958254348785771,0.0002499376074410975
161000,0.004398139884083443,0.0038539382906121857,0.006352389357440795,0.000834138285203013,0.0018160518713235042,0.012376038783778702,0.0008339310490496686,0.012144042818488065,0.010339509748426949,0.003304351179394871,0.048132401507852286,0.021683635699873218,0.006123103818743292,0.008012934054546129,0.005684744013107025,0.015145414112339495,0.028111161475386497,0.008562992832364067,0.01622260280419141,0.029863833304746852,0.006977300543308747,0.006334662496945904,0.03762298392830417,0.02397468554936495,0.026185345217758338,0.003320261859335005,0.012800216478867256,0.01996205890281999,0.047361953664050604,0.10204939191897856,0.03983340471206854,0.0390578144758295,0.004372779512415001,0.0038224716341193374,0.004606506852319904,0.0011880487498469197,0.00021137415573572356,0.00020173821105179906,5.988878289158547e-05,0.0002165320258882275,0.0002111133175520642,0.0016106211332953535,0.0003048248811865051,0.0003676362542998839,0.00010197859045020825,0.0003665372641273328,0.0002575918838254821,0.00011910220199240484,0.00014540125390136255,6.667737373142948e-05,0.0008131433045491576,0.001674231628688479,0.00010762062847788912,0.00035315236135254367,0.00011239960076636635,9.903184859054322e-05,0.00036467365667723704,0.00024168891104636714,0.0001379655572956532,0.0002928473120146709,0.00035831801124004415,0.0002535223539090962,0.00025708078832125194,3.6768163420527196e-05,4.6030647657365385e-05,5.742830434983616e-05,0.00020502790773337307,0.00022229547957225247,4.933422323460945e-05,0.00041617476380597203,0.0002519610949093476
162000,0.003200836673214154,0.0034931631159485768,0.003688742838373097,0.0007930393972576265,0.0016611632295568102,0.009895106888767,0.0007053089504640206,0.009895022427443502,0.008648512220352593,0.003296909257187508,0.03297930911871789,0.01766323633354919,0.003446539363005396,0.007707101989250408,0.0034301886364440128,0.013652603120135609,0.030577291574315626,0.005411872821506349,0.0053163421336129045,0.022108741445069125,0.004649857591390663,0.005752222620685643,0.030065397431608288,0.019612974847404985,0.026758430108332374,0.0031940807355567815,0.011796085630191643,0.013011287113840808,0.029328913093366497,0.06036357015170412,0.026828382940342028,0.02931604126486211,0.002664971938776043,0.0023399747128572674,0.003045537180797611,0.001054337395739172,0.000148706639605148,0.0002315995262010388,2.9252961582302767e-05,0.00017176332772805836,0.00015579350956904044,0.0009099384442379232,0.0002623208580189385,0.00019264085929200135,9.680735761321557e-05,0.00014767481581523206,0.00011627281748803255,9.41364858206839e-05,0.00011800470315196874,4.531600622861085e-05,0.0008610691539300975,0.000776575898877733,8.845399279380217e-05,0.0002806805450745742,5.723350857116547e-05,6.602510897705956e-05,0.00030948956021259824,9.050664584719925e-05,0.0001069490467513232,0.0002155049861707644,0.00029408564884458123,0.00019781517254545845,0.00019365604073216133,1.931764590100503e-05,3.952017939607483e-05,6.808737836539192e-05,0.00011040671090865674,0.0001564411872881384,4.031681976357504e-05,0.0004008323178845976,0.0002435573947877856
163000,0.004799740841524515,0.0037067913780683063,0.007361549069173634,0.0009647056460660399,0.0017251584279539558,0.015300490526507409,0.0007814394895919372,0.014518379068962816,0.01740330740796961,0.0053452849824680015,0.051990736407776836,0.028948606645093494,0.004287899149031463,0.010707332217255802,0.004819034298613106,0.02796735578037139,0.03607089795228343,0.007481949596556753,0.007533423450825337,0.037287356679832254,0.006388113273503502,0.005601747022475527,0.04160787359811366,0.028028214305474346,0.02556197417860468,0.0033202097052708267,0.018302522561648694,0.024081840032674034,0.06349909384152852,0.099776207153369,0.04816824949074847,0.04337486212338822,0.0051751078763948915,0.0028121830776420445,0.0064458908697512625,0.0011868819906177513,0.00017559318743714787,0.00018652351695891412,4.875105607523832e-05,0.0003027748716704082,0.00022369242999454225,0.0020889863662887365,0.0003563269197911723,0.0003428648482273083,0.00011289269624333094,0.0002750504596649859,0.00024565136930289696,0.00012361284748152457,0.0001424286726789652,6.771017954385819e-05,0.0008745140108133526,0.0011752955921717028,0.00019375348656467395,0.0003613303419746333,0.00010403685293316937,7.686211789735931e-05,0.00036785790057218684,0.00023106304502107378,9.842314489895266e-05,0.0002644174530499955,0.0003511461582093034,0.00027390992761197396,0.00024875419647422086,2.934972046721275e-05,3.8393235627154354e-05,7.886076201878955e-05,0.000145881878779619,0.00020970972613279247,6.795111690394151e-05,0.0005091361938163473,0.0003195017750840634
164000,0.0037089302434135272,0.003701343226431938,0.008314755599712953,0.0010123193884422877,0.0021268719764164046,0.008630032170913182,0.0007052200081753038,0.013215795763387052,0.016930690568256933,0.0063160008103295695,0.0673959526099713,0.02915250890977664,0.006363461202426785,0.01072269497611463,0.006456317749411135,0.029091366476980813,0.03242381259873842,0.005497723309429292,0.010300225596958106,0.035940922767234346,0.006882843125159664,0.007370425558812193,0.04656885440771778,0.03666379396405925,0.03490222430217915,0.005662564747035503,0.022401173944261596,0.014827480152841114,0.04605546622478869,0.11988663480916593,0.044552182674524377,0.048058147206365205,0.006599792834282863,0.002708938930333906,0.005481508334317671,0.0018171522671731769,0.0001845330720554653,0.0003104009827190814,6.793404089196895e-05,0.0003619020792484662,0.00027858078281864666,0.002017020498897182,0.0003729997148184339,0.00045474134776668507,0.00018871129304898204,0.00024920867111615863,0.00031215938149711163,0.00019673792812113788,0.00022610316570088453,8.584470453404884e-05,0.001137555025490236,0.0015810019376658602,0.00017423476483600098,0.0004877118751525758,0.00013920934135716506,0.00014752705758589647,0.0006213369733814034,0.00023435363436874468,0.00014635426965191477,0.0003890551435268627,0.000546833848299381,0.0003520056940517186,0.00034186124858698113,3.811694503830032e-05,5.855960989720188e-05,9.813905943430016e-05,0.00016514968904500295,0.00030467115959846716,7.471827251492869e-05,0.0006684205208246169,0.0004957761702826247
165000,0.0033762417803724952,0.004062955952745311,0.008401457880002757,0.0009398238812606836,0.0018475041842630393,0.011588632755904524,0.0006778746216930872,0.01338571710763134,0.014578738483601516,0.004022999462904409,0.0514243862424247,0.026636955716055257,0.007630335983501,0.009728991888936655,0.005566225611704901,0.020988655543381658,0.03208462640309119,0.006686899684667234,0.013345883173834798,0.02743034100868196,0.007011854068199542,0.008315283550083612,0.04011775895797958,0.023609138345030565,0.025193822106678178,0.0036628726636990907,0.01963691388965755,0.02233853406050912,0.0548124129548395,0.0955449884081205,0.03677855229141035,0.03434760417216099,0.0062980318888572985,0.00252170574796849,0.0033456166478976635,0.001372500428098127,0.00014510002881856483,0.00017366075111236899,4.420796415845882e-05,0.00028680448070872444,0.00020672787088110356,0.002082956430967897,0.00033405453268642304,0.0004697399292940406,0.00011155078933657741,0.00026746018987751087,0.00023955220392648253,0.0001489070087332678,0.00015288009295537795,7.148542024217683e-05,0.0010683126980788635,0.0017814520294147467,0.0001607809761480894,0.0004005986823785304,0.00012985240404116762,0.00011012341685107623,0.00043377143981248787,0.00021576245512733294,0.00016583728473228298,0.00029135694840078943,0.0002914890060613592,0.0002948217749613216,0.0002920728839112767,2.9255058261451023e-05,5.2166500406908905e-05,5.2171419755805715e-05,0.0001552179089360704,0.0003256355529012192,5.618107797999983e-05,0.0004808394395687716,0.00024767308896116446
166000,0.003643842950328395,0.004365082389321523,0.006623593731395279,0.0007552420134743443,0.0015127328814385323,0.00752031132495696,0.0007190574917125735,0.012537267640308367,0.012972861656646873,0.0036073297924303915,0.05677725625566471,0.025278260852246603,0.004367711356308339,0.011199585980868891,0.00491769058531003,0.02143842614532332,0.03837905055600762,0.005331676227152584,0.01065027161218625,0.027828681248841653,0.006387420691495348,0.007394270546618438,0.03472962248216693,0.028348708264699478,0.027328454981461473,0.003590229549445212,0.01931891943020732,0.01649013978385483,0.0468183680137907,0.09761603443304569,0.04833119203802198,0.042694434662385344,0.00471479688667168,0.00315492090225615,0.0035089161554222098,0.0013082077243292847,0.0002089728900530549,0.00021207270261088112,9.5122412984487e-05,0.000324771688610781,0.00027237639039141983,0.0014258609990065452,0.0005198022561671678,0.0004228374931412155,0.00018057439310723567,0.00024584045481138413,0.00031483631976283376,0.000290457830722346,0.00016925509718366185,8.86799475252205e-05,0.0009864898635406952,0.0022915739803769006,0.00024082709223876008,0.0005159076143877893,0.00011286063855895291,0.0001732418241276305,0.0005241436039052856,0.00029043836912023835,0.00022694742847938364,0.00031327322861985664,0.0003673104411670162,0.0003325598965055041,0.00039104409729083674,4.148191846252712e-05,5.406213353530297e-05,0.0001276602953590531,0.000221909094502085,0.0002987590769233491,8.659761448370773e-05,0.0005755433778803377,0.0003339486247568857
167000,0.004339408238445538,0.003566349941172154,0.005164023129812752,0.0008423631890484383,0.0015918748645105288,0.009875182438658417,0.0007801993398472053,0.01161856640329443,0.010675909694903486,0.00461920642919722,0.04759881458170482,0.026353957147838794,0.005150579498149455,0.009071885446797805,0.005211882800272981,0.018045136137516238,0.028329778539045947,0.006835554071954051,0.008403919955266506,0.02887308161817297,0.005962574115476225,0.007652281405496199,0.03400077207479626,0.022589394925065183,0.024294324441836494,0.005536999460309744,0.016183923226523598,0.023535823237277025,0.05322551986250533,0.09378897541857383,0.03902730327215977,0.03540184570458503,0.003899199364864304,0.0026341738345319415,0.003829336328029361,0.001213400157407055,0.0001264253474744237,0.00018478533233560896,3.504935383201641e-05,0.00024677422163676965,0.00019482998624561275,0.0017119078365794849,0.0003099095162724552,0.0003608496295352157,0.0001286792961572677,0.00019719329923110048,0.00020264105402227934,0.00013082245560980255,0.0001190055975580984,6.389824156113636e-05,0.001019850759138745,0.0009502535610105648,0.00016993698791338828,0.00033652629071537156,0.00011098776789806615,7.963198419764177e-05,0.00039606168965908566,0.0001661899621012708,0.00013591931947587454,0.00025744560569084847,0.0003678365944021304,0.0002502352367643472,0.00023296860433253674,4.931981142739837e-05,4.058431416827565e-05,7.344619735385414e-05,0.00013866751604447409,0.00023126729840924093,2.6303764457225043e-05,0.00047122645487682446,0.0002620972816657741
168000,0.004976809586780193,0.0051824982855813925,0.006681195062507565,0.000835824666417186,0.0018143647029768245,0.017649411893736606,0.0009405582528826574,0.013367173778355137,0.017710164856067377,0.006307740412012208,0.07003118291340572,0.030769695714808427,0.005563478175176759,0.011649919587453593,0.006010639429298274,0.02214083427073395,0.03337058693952193,0.006789878324260699,0.008959689493557172,0.03977940184714195,0.005317953024677991,0.011314426126318722,0.04437296679709107,0.028869596044508703,0.035596981834700385,0.006524837203323841,0.020210880608300934,0.02122851360824522,0.05676151934792014,0.10145439356998512,0.057213756995624865,0.047057428663650244,0.007677938836307108,0.0034453975528121253,0.0049969453365419116,0.0013803962458496244,0.0001732453875014902,0.00021700392980247588,5.116675226626208e-05,0.00037829904385944246,0.00023361125041456614,0.0012736287717416417,0.00040839418234099866,0.0003440089340792359,0.00015294751739546833,0.0002211271142901491,0.000299964315991817,0.0001951339423857945,0.00013943581346070302,5.547610933056355e-05,0.0008689437487891364,0.0017833607926149853,0.00020013252660646685,0.00050783374792111,0.00010237201435114096,0.00012897737352349478,0.00057881104126981,0.00019467846823317814,0.0001710188967018035,0.0003318730714874199,0.0005436301965043337,0.0003382637262635272,0.0003296435378177665,2.6729042636296004e-05,4.9629381464910693e-05,9.976856716554261e-05,0.00022924327640794218,0.0002700242652328979,6.64724990429022e-05,0.0005470189582808394,0.00031740306367282755
169000,0.004027934721946351,0.0031383496375551826,0.004683823809803774,0.0008194852784212204,0.0012768761548786528,0.005387305499295637,0.0007740655147655719,0.00657848786652846,0.010989505939263997,0.002659547983057564,0.028869983342218925,0.014829585761450586,0.004051365189794028,0.009872497654710473,0.003621731715333333,0.010296083066350548,0.02546008281483193,0.006027751585285922,0.007832266396560175,0.025389283561671618,0.004386569546613828,0.006436250848439938,0.027436717324890197,0.01774445209860763,0.019875110648793035,0.004488657601177693,0.010635842819063386,0.01813591508137809,0.042544712235822395,0.05759696768150353,0.024228177429516412,0.027562011840368193,0.0046786113573292504,0.0029538159291151653,0.002628251335004784,0.0011236571329586045,0.00015005803428075044,0.00015548280076803746,4.7489821677611116e-05,0.00035858430862845125,0.00017996565525015497,0.001597959126229398,0.00033698237712087575,0.0003112892424819859,9.532065024407194e-05,0.00022662632562011302,0.00023586860062981655,0.0001308973076810105,0.0001379772994811964,5.847370068129914e-05,0.000983426451239211,0.0007970774762119012,0.00018684388905967352,0.000433307472288719,0.0001095763094593261,8.091652069775922e-05,0.00038825401307187874,0.00015048957175167743,0.00013210493139897354,0.00023136090764567667,0.0004515225085924612,0.0002612899262198538,0.00027413425096643485,2.5486676681671146e-05,4.157091219288608e-05,0.00012090504067707009,0.00011378506055085122,0.00021761246214722514,4.61484385851918e-05,0.0004874584448480775,0.00024559848388889806
170000,0.0027803579715583583,0.002646193985667735,0.004595109251871084,0.0006667813735195803,0.0010841110424159605,0.00779344040763265,0.0006274333808681647,0.007476540490304115,0.009890747965499354,0.0024919031748140696,0.04582539551537829,0.015813619712333797,0.004106499047889939,0.009229885760291698,0.0034050852785987764,0.01539491817554032,0.021030438623797852,0.00588668669504703,0.005350040895531752,0.02363026542729737,0.0033247540446207217,0.00529223192896617,0.027382356722373515,0.019497240542356544,0.018737710057798215,0.0025979917147196828,0.01573675368846242,0.013387261747387432,0.03370387466103934,0.06906712018720892,0.03655961655099721,0.03425732380800092,0.0024825170042500023,0.002530983138354333,0.002926205424046202,0.001088407720057408,0.00013262108567639523,0.00013369603022345638,3.361531157159071e-05,0.00017793381061892433,0.00017615716292505355,0.001424523532477906,0.0001984248202006711,0.00023824122701243092,9.466803849615022e-05,0.00014240651946652503,0.00014908078827702092,8.679337711825497e-05,9.65749722565996e-05,3.528153812029896e-05,0.0007784056981878306,0.0009489805867512283,0.00012565430379254394,0.0003081204090170902,8.74578447800214e-05,5.891319196135473e-05,0.00029035876522484416,0.00015824767149297259,7.862725901633085e-05,0.00021218334999363063,0.0002512169487090432,0.0002270171526803214,0.0002262628875845015,2.8121833367123628e-05,3.66289164554069e-05,6.823253221824274e-05,0.00011762505294297756,0.0001785735660806062,3.0047870737348603e-05,0.0003815284318316575,0.0002230090642115101
171000,0.0034214428391892027,0.0032548260200268553,0.006729639018885791,0.0007325447690583623,0.0015698307382345901,0.009182007313938811,0.0007413644073406636,0.01102622696599414,0.009952109963314451,0.003955086251153261,0.046362004666639506,0.014480061926187959,0.0042107029029549185,0.009452644168270512,0.004174145763531937,0.01857936404485372,0.023960445462112796,0.0060667751258964165,0.007225580087314094,0.03179239936788993,0.005145457137270499,0.008884270105357115,0.03944585938627521,0.022494384478341088,0.02844864276656673,0.004188993922434747,0.011858351396914523,0.015788837811821093,0.05075362968148992,0.09626865751746547,0.036200870288788184,0.039264722261577845,0.0035216329792280457,0.0027964971798843012,0.003863745652779471,0.0010694592330569971,0.0001660813281498457,0.00017501111927810018,5.45739228144442e-05,0.00024167754349946335,0.00017652120093655267,0.0013857564917998388,0.0002774601052806247,0.00023943369835347097,0.00015188328463505298,0.0002796381126115323,0.00015880910644371302,0.00011714460836742546,0.00011191479603667176,6.135455805633683e-05,0.0010705995463957572,0.0009476889745201333,0.00014305420181699447,0.0003801129399998528,9.393185638177313e-05,6.40695561535474e-05,0.0004791557822764228,0.0002086498143398785,0.00012308738974158788,0.0002299779669066573,0.0002847555196543302,0.0002851976064521882,0.00032701183493002273,2.1257862194410712e-05,5.1813266812435664e-05,6.993835272505867e-05,0.0001437045679527468,0.00017443929107551252,3.885157855165744e-05,0.0005284162311106818,0.0003275763479905436
172000,0.004817625395524963,0.0037588756019465144,0.003716949421990042,0.0007512753086092954,0.0016748887896419892,0.009050471510688243,0.000831968645504657,0.009763893107875073,0.009240428822015962,0.0035382612368266564,0.03650884407451721,0.0178187522454636,0.004169000417636143,0.010023974474968396,0.004764865729949259,0.02029774598486256,0.02885359793730285,0.008334125178096863,0.0052350997710683645,0.027292291870641444,0.0047065437331202005,0.006498942812413588,0.03215341675483311,0.017283858693069,0.023086891571264936,0.0031745626823976637,0.010994018378457236,0.02144622650909393,0.0587425107771517,0.08235632599028195,0.025319571503981328,0.03281458511572474,0.004200656045325191,0.003166785484164964,0.004617052632966079,0.001561362368257895,0.0001645939227764278,0.00012719720575660176,3.8200333319928835e-05,0.0001856342758514984,0.00026007450474195294,0.0012951091084687505,0.00034684905463109315,0.0003812761893689305,0.0001298935558942934,0.00014593631984293357,0.0002082643874744686,0.00012130964716483561,0.0001283820486052938,5.3367474306882784e-05,0.0007466323570287596,0.0009713487431023774,0.00019680692330439342,0.0003097462428917313,9.432115141329444e-05,6.201752597173089e-05,0.00040971196905116147,0.00017156476872060011,9.446337157075707e-05,0.00022849505175704857,0.0003751387198766073,0.0002386075781718348,0.00023506823939627524,3.622386474682309e-05,3.122308448332155e-05,6.87043404406557e-05,0.0001568405010142929,0.00024341823974152117,3.627162972463793e-05,0.00043390690143496613,0.00024042749937507323
173000,0.003926289009983963,0.0043002362837325095,0.009519620788826918,0.0009304568609457839,0.001906417504800675,0.015363988754480877,0.0007155356997827766,0.01344226552792665,0.013068509354030262,0.004101570448256098,0.05936137147220484,0.02182830013745323,0.005630220373859629,0.015721112032252044,0.00593755659809925,0.019751407746298355,0.047302595939981984,0.007460459607765315,0.00892330557274233,0.04000249531643931,0.00813200862418783,0.0084980880528097,0.046351073446373146,0.02136260899824265,0.03472851815050013,0.003939456213265658,0.018414577247687056,0.03630815879811659,0.07135670117431266,0.135243091883181,0.051468234256802435,0.04130226504191971,0.006419036837406531,0.0035006004872293276,0.0036366843196447007,0.001525406210021174,0.00023129408996761699,0.0002575890264117995,6.61060088565268e-05,0.000258455620382847,0.0003155833667750464,0.0015284332584997173,0.00042012934400190714,0.00042618636799536606,0.00016477968358326745,0.0003205295495815465,0.00025866946944923957,0.00022161869367032239,0.00013969465287240037,8.662770199986302e-05,0.00101099622532694,0.0012271971008885885,0.00025096411500271645,0.0003125217764201287,0.00012338902389932754,7.589724960284498e-05,0.0004924674865500864,0.00024137868228990556,0.00012438774361732562,0.00032564799040791023,0.0005669686089580258,0.0002750532407404652,0.00030637351715591247,3.96651014131937e-05,5.1705839925691383e-05,0.000105461088733225,0.00019307918929761008,0.0002664865157055924,7.430397465668648e-05,0.0005749813652497675,0.0002719927069847472
174000,0.003982868672038249,0.0037652639444719104,0.007154921962258716,0.0009361331350821554,0.0016020267463732758,0.006233574481614467,0.0006305175880961835,0.009813027543428937,0.011009630678570461,0.0027968660688202363,0.04389079211978242,0.018043126244942777,0.0036907832069449464,0.009045381875556344,0.005127787248570445,0.025884249016598915,0.02907256669173616,0.0035444621510267306,0.004517408346665823,0.03046232655309723,0.004180864997836299,0.006895668197362933,0.03787305101907502,0.015328060040822796,0.015369490169437736,0.0031906973337754605,0.013086936828017315,0.00839631344327548,0.040860546609516914,0.08566047033409338,0.03355210114910733,0.030578435942656003,0.004424524875505453,0.0024196353633035256,0.0031366448682901035,0.0011574041610791547,0.0002300537013716645,0.00022320456801852825,4.9937682318608474e-05,0.00026635518281636905,0.00024080167546305754,0.0017039237354765646,0.0003883475532347802,0.00038011326212558503,0.00011902458214344255,0.000297579716724223,0.0002923403086689385,0.0001537480614537401,0.00024891395739932076,6.0455613989192486e-05,0.0008556776696912912,0.0013710422863368876,0.0001466459847506485,0.00041545366311116335,0.00011594799208727761,0.00010436494639262409,0.0004040264083639442,0.0001981122768484056,0.0001389924928850582,0.00030309768935694593,0.0002894436218412011,0.00029594901218632746,0.00034271281054787796,4.413793661254343e-05,4.052092309494684e-05,7.51093374801358e-05,0.00019851775323331822,0.00021268950420639773,6.194509103352175e-05,0.000531807952090482,0.00029560777766164393
175000,0.003726523519002807,0.0035810825680123847,0.006255806229698162,0.0009111018344321145,0.0021736428917174173,0.006766486961298922,0.000924825242119339,0.008873647235447481,0.014560780025378703,0.0031297952591557987,0.05255594207361961,0.02384950518689391,0.00489474085572345,0.010238694361484677,0.004656852253794889,0.017260491288955866,0.03282407897400151,0.005258154390008436,0.006671622994222811,0.032753962377804174,0.005085884907150382,0.0065073615669462015,0.03641328458751862,0.020731694799057246,0.019053315149716265,0.0043220512568950655,0.011426853303360516,0.011769816142380781,0.04865421725142583,0.08847564489558628,0.03313538416463416,0.039794302865630016,0.003919119595164051,0.0030022077570360716,0.003104822514918245,0.0015415392347547044,0.0002769424099405545,0.00019977477603044298,6.18037030130014e-05,0.00031460096079172217,0.00026429034649946186,0.0026220996223855764,0.00027104388609586747,0.00033728985396775995,0.00013423576832026715,0.00031658153894714556,0.00019994370122252517,0.00012390548598517626,0.00014488289894559173,6.17839141341392e-05,0.0011216407641383669,0.0016096668750833487,0.00022332595608531847,0.0004988480268923235,0.00010242255058105441,9.454529559992476e-05,0.0004887637948975739,0.00015313794426674576,0.00013566598701686416,0.00028161150132571214,0.0003285047384755065,0.00030093146325675565,0.0003557913198367007,4.006638738730118e-05,4.2102872612304054e-05,7.344403557353518e-05,0.00015179045892312258,0.00024902930414327784,3.6180838705490714e-05,0.0005839337607582109,0.0003248716526286444
176000,0.0031405668259803614,0.003507083315020686,0.006730560092061448,0.0009543877456683101,0.001453601500796577,0.008473685131320963,0.0006177122743264913,0.013238360946607096,0.009673677908307858,0.0036097128067922313,0.059072687349535156,0.013279118433135353,0.0041199569399891925,0.0105188053821621,0.004248436137801464,0.017525574991547426,0.03508220624427763,0.005106118501604629,0.006279773588175885,0.027210577600732602,0.0058584602061413395,0.005937308610620156,0.048613259536214176,0.02065486437253033,0.027838287524308912,0.0030764107126742602,0.01031973529833771,0.013397558821149383,0.042462819618145554,0.0958391483268755,0.03591648304640936,0.03745250966704379,0.004307503405298208,0.00211664552862626,0.0040725991364322705,0.0010597430726063198,0.00012990011518204962,0.00016063697876234073,4.280931587740028e-05,0.00021997233068304922,0.00021884590931347972,0.0019604308108682744,0.00028206701026647354,0.0002949848167669475,0.00011490509982410769,0.0003233759205248329,0.00017951941536889455,7.74573043607063e-05,0.00013201382934908154,5.3073750595186454e-05,0.0008333661378016516,0.0007388115115342467,0.0001541542371342075,0.0003246754686930514,8.048178026377894e-05,9.155536521244689e-05,0.0003245518021059823,0.0001517465584583988,0.00011384635116782092,0.00024106950324074625,0.00023520722412892308,0.0002716531136454534,0.00025024356787744855,2.676191266638918e-05,3.589175867091399e-05,6.665321976535259e-05,0.00015021845242050143,0.00020051562957235092,5.232242995134584e-05,0.00046355770824570256,0.0002751082374743419
177000,0.002642450487827945,0.0024765873361805766,0.004838258619808282,0.000677745410407974,0.0013652188034812534,0.005430471805344236,0.0005085393878993448,0.009185019704875909,0.008350279060415473,0.00191441380775359,0.0449505568818652,0.008268703234488367,0.003273726237239316,0.008657871551997343,0.0042065042827316036,0.016480059900156146,0.025859227002434808,0.005896831408479764,0.010293660603305657,0.026087095135396036,0.0039139149273838625,0.004159149665156292,0.03281726668666427,0.012026076120613046,0.01642499939141941,0.003665710496716201,0.011235216409897563,0.010689407574318466,0.03979424142795752,0.07564140477845813,0.027706356440515566,0.033247597311856225,0.003786641765146306,0.0025327460383312767,0.004052468798262352,0.001186582045290509,0.0001322104460347131,0.00016648235474680075,2.7182310584274924e-05,0.00020065669519908624,0.0001983358699914227,0.0015758501140226144,0.00025903482305693614,0.00027572025247105846,8.779680679014603e-05,0.0001969889227292957,0.00014424115400751153,0.00010225904379979056,8.963644090981846e-05,5.883484573132591e-05,0.0009241287868497658,0.0008948259922666087,0.00010584075716906227,0.0003251837592499066,8.086592205127717e-05,9.819399689480302e-05,0.00033407356824427943,0.0002479730920867951,9.080300100726567e-05,0.00021606301883226619,0.00031575702414556874,0.00021051097113586952,0.00022539252352173748,1.977269615715593e-05,3.2133364382187007e-05,5.6911651354725606e-05,0.00014607465137877234,0.00019506266246407318,4.255128885688464e-05,0.00046321310022934644,0.00027316850537317805
178000,0.004154148325166741,0.004324040429545911,0.0075162820479211705,0.0007970950662778565,0.0017346341509771345,0.005998793805961863,0.0006327562126781202,0.011205922906668218,0.009713347150852624,0.005149640219315188,0.061037791956842724,0.018807892578535053,0.004169171791132117,0.011178837307218628,0.004059441884098359,0.013189399693753026,0.028233573660881597,0.006192095353451552,0.00760454599055395,0.02746602222478638,0.005687817600299311,0.006972646687050396,0.04585015459917486,0.015992163979050626,0.027409439779610637,0.003810750599950552,0.014270601426922498,0.01681120759803889,0.055485191047602495,0.09726759405548951,0.04444443185464479,0.03839380287592156,0.0033479919036588732,0.0024348374973606254,0.002586351043646573,0.0011657296744260748,0.0001477647269235891,0.0002241230897032603,4.3089611798984466e-05,0.0002101847960602754,0.0002639631295527037,0.0012235821304784622,0.00033837207502074307,0.000541077379885361,0.0001235015305706168,0.00027454896012630214,0.0002434873027763579,0.00016767242349224887,0.00016101579134603276,8.570379226181434e-05,0.0010681310523138494,0.001627761220637088,0.00013399696927081096,0.0004259956935760672,0.00010356375734208368,7.78527285712533e-05,0.000391387714419687,0.00028306222043283924,0.00014212115287174734,0.0002718764717848479,0.00044831440900452437,0.00027276832861389266,0.00030267563264445654,3.566352269002449e-05,4.6905221703733936e-05,8.6317850704373e-05,0.00017576814051218598,0.00025082606626186486,5.451470684647575e-05,0.0005594805807661277,0.00041311080130981284
179000,0.0025542444820677848,0.0028026420849427166,0.0047118768222086755,0.0005835426609477369,0.0011923769417322386,0.004424463509557037,0.0005284387170538521,0.007066991357301138,0.009474586327743527,0.0029706811728829052,0.034315107971283225,0.013727967779501266,0.003973214357922023,0.009633747761571694,0.0036729433262842255,0.018401520546224976,0.020611130569499266,0.005966189088811214,0.005719667594738504,0.02816658957924422,0.004956596146680917,0.006170684437360511,0.034516893773106856,0.01624480012906133,0.019749111655809906,0.0037325968500226737,0.01266315503821789,0.01049240001096526,0.05163877886918593,0.074539635928182,0.02833944702967225,0.031886460408434056,0.0028099265190939184,0.0018925814544017221,0.0039330221182657015,0.0011022532240921074,0.00016183831287195827,0.0001628832460482954,4.8653068910403727e-05,0.0002540029594229054,0.00019451328514267206,0.0009503926994511858,0.00037316319085221037,0.00035113132947260867,0.0001743521045060142,0.0001746644105285863,0.00020985132234847313,0.00017561145522648758,0.0002018170308584276,8.338239103977685e-05,0.0007717696460601403,0.0009526120538794203,0.00015888218385953223,0.0003337758004948098,8.357788471490996e-05,9.228122888254637e-05,0.00032719854029452224,0.0001324569432199496,0.0001405836832443836,0.00023046424671170266,0.00031002218638604974,0.0002698847402038526,0.0003043916853366008,3.880345075599876e-05,4.365910899650771e-05,9.095526525015885e-05,0.00013473576395231897,0.00017190622202362295,4.717363378858863e-05,0.00039970390942456284,0.00027695804019458594
180000,0.0033770945328305477,0.0029759425691466917,0.0049560632614884526,0.0006199607459655873,0.0012453479410143263,0.004876788314764521,0.0006164161989897454,0.0071265268797658645,0.009065910747566807,0.0027244470293226186,0.03533053301281244,0.01634845205792456,0.003846272016579116,0.008166627457657423,0.00381539153333827,0.01415533984315213,0.03339234346735577,0.00535072187106184,0.007353194746039142,0.022567472211958376,0.005284716524289042,0.0063100292960760794,0.032840711985093855,0.012575907506834483,0.018092963056020265,0.0033379656029865145,0.010828966291884876,0.009474386431368961,0.04294791817528141,0.08645011553814966,0.02613460690350621,0.029220230009881422,0.003806837781251733,0.003398034593860651,0.0031225890100661977,0.0009787957865228236,0.00020036719419486441,0.00024316111098828102,5.542940670764722e-05,0.0001943227409242354,0.0002202639260700535,0.0010687058238545433,0.0002790268528769957,0.00047706929892324536,0.00014654727447123151,0.00023983352603279074,0.00013662435462560607,0.00013156703248284884,0.00014743716374023905,8.673156770038821e-05,0.0007581823471320184,0.0007748600091872504,0.00014458914829447168,0.0002735994834326949,6.424686094321479e-05,0.00010561859942919745,0.00030693875017825256,0.00020935986776748905,0.00013459698935649713,0.000201817219098862,0.0002743961964976431,0.00022196142868053005,0.00024252537846896976,2.6634621470186978e-05,4.023113443609974e-05,6.0629353837812944e-05,0.00013891261603151049,0.00020386729494844297,4.781980450729861e-05,0.00047556505942797416,0.00025124528401647693
181000,0.002772622371446994,0.0029421665698195014,0.004502302996115759,0.0006244572848607697,0.0010671947210182766,0.006528365660675003,0.0005678616072189823,0.009250842982759886,0.008448158347233356,0.002372185575950425,0.04182127127488558,0.015784447626230054,0.004047112200747837,0.007410848869436781,0.0036688758060015115,0.012354274001457574,0.029043793798293683,0.005443724242364693,0.0066973478460568,0.03257977913880798,0.005352278263199668,0.006636733003168567,0.03289556008841221,0.017831212781766227,0.021153730226023258,0.003116518841125071,0.009936263734692646,0.01338195393903637,0.052160960564951356,0.0768738374925658,0.041682218463295916,0.032923931177580155,0.00445755087489138,0.00364000591096471,0.002055959308159395,0.0013120409036153952,0.00021932685371582825,0.0001734267802517438,4.5278706305721405e-05,0.0001551160024746423,0.00021060408560883166,0.0010343743342673406,0.0002322831892342947,0.00042286577457305513,0.00015822797902154362,0.0002662673733263026,0.0001686312931237728,6.220281481716938e-05,0.00010463726719786666,6.112381610860625e-05,0.0008041383232361672,0.000882719433169162,0.00011637234219961102,0.0002717341597287616,9.973345466842775e-05,8.033559600500502e-05,0.00025181048856886206,0.00014746644933438802,0.00010189559287709926,0.00021511547333480287,0.0002331438797530912,0.00018210676247695462,0.00022731048376819536,2.4015815076713683e-05,3.876560458593303e-05,5.263903884562231e-05,0.00015947088520208905,0.0001928435983828539,4.043125881025844e-05,0.0004409784893034478,0.0003088779514655471
182000,0.003293510347641525,0.002741778246234861,0.0061907170941897975,0.0006336804904864178,0.0014340967635102452,0.00830878553824732,0.0006942798085982495,0.011111384824414249,0.008629636024021307,0.002882763546949718,0.03993682441643703,0.021309212473105226,0.0031411556661954487,0.008555299120058462,0.004506401492043926,0.017336363379096536,0.021855036864768147,0.003796187471863637,0.005260447917472837,0.024003596801000338,0.0038538305295210545,0.006466818430323785,0.03443229160737246,0.020664860194301582,0.020166299811131064,0.004032293683849275,0.009320101409252123,0.008692003024104148,0.03953766759402831,0.08433844111747138,0.0333026512801492,0.04162617438795188,0.004427682769897519,0.0019433660781942308,0.0036381952249939786,0.0011526321012200111,0.00019147177548156354,0.0001653195326567088,5.0188072746314867e-05,0.00020114160008688486,0.0002413449011071939,0.001957162778126076,0.00039250543359230504,0.0005406924784007348,0.00017725308156226865,0.0004901863127169495,0.000233641425632158,0.00016499040665252096,0.00014796713125716013,6.42917744616253e-05,0.0008938451090846054,0.00101179391064458,0.00018289960789843462,0.0003645629211284674,0.00015270393653516858,8.572844231738682e-05,0.0003870532994966119,0.0003030194823168131,0.00010431251704150984,0.00023102421561046728,0.00043134666248079157,0.0002484025047671958,0.0002456084398124437,4.2337235122595464e-05,4.071974075890871e-05,0.00010767828086807333,0.00016942677653527686,0.00023476328212131,6.763468419990204e-05,0.0005616694071716306,0.00041646674217190596
183000,0.0033483996709479913,0.003874728960605959,0.006326660717604682,0.0006916817146422825,0.0016875057366103393,0.007483931462047622,0.0009086808689854449,0.010658209455155599,0.01253376551644751,0.004995378729290678,0.05202841715395658,0.02172893174553551,0.004802377356099896,0.012647433720909854,0.005750124375074794,0.017386406936566345,0.032155745155510625,0.007516478735230026,0.008543583601879488,0.03113354936154792,0.005917856963954958,0.005782550324511249,0.0443419629894197,0.023265298151454773,0.03184376904169363,0.0046517516020685434,0.01505509799037261,0.02102015450266966,0.045378974874877125,0.09494577001180826,0.03831332378555089,0.04615011735138698,0.004775253768989693,0.0023052061201163927,0.004539118700146598,0.001536036654540242,0.00013865266366433628,0.0001675197958403177,3.903435242591513e-05,0.00018402173293452506,0.00020395390173873353,0.0013635747636726592,0.0003143100966553902,0.0005344402195413224,0.00015051554008957616,0.000226061412093616,0.00024231206957904905,0.0002849593897202851,0.00015389853218956542,5.692582288413012e-05,0.0009737770068218546,0.0009623884716347675,0.00016678394094924443,0.00038389754257766575,8.66012336826253e-05,9.998799832415402e-05,0.0004372583124902405,0.00032046176306721463,0.00012367537994527488,0.00025309177414713376,0.00038103455432671277,0.0002573040438400684,0.0002778704409441464,3.361867810154591e-05,4.7427407379372096e-05,8.319122112014795e-05,0.00013518471938108893,0.00020490258621964954,6.124064925927541e-05,0.0005880795071269469,0.00031091208875295707
184000,0.003576655330303962,0.0030886290818064785,0.004286021877002592,0.0008710750820123044,0.0016467352110385613,0.007521017279941589,0.0009305246213121029,0.009384547295292792,0.008467166194315746,0.0035228496835770784,0.041030163344220015,0.025454268367379233,0.004816329724483446,0.00952724487626366,0.004212074135691236,0.014380295779119479,0.028079231118378328,0.006956493411997121,0.008034375847533479,0.02491449066173421,0.006973298872360199,0.006188394900163985,0.03341242919132734,0.020106097616978028,0.018755688363434896,0.0034612693823874,0.015954553664322878,0.014624618902113676,0.04649215393959928,0.07189528687975384,0.030584360444530223,0.04053416395506177,0.005705178760282392,0.003562984470062115,0.003481672384320215,0.0010646682669630536,0.00018422233569325677,0.00018015378749293052,3.6789829882270925e-05,0.00019953394723870588,0.0002131835195212532,0.0016265306257992052,0.0003206928186045843,0.00032853698269862336,0.0001380101993067671,0.00024798208090958594,0.00020704622300383977,0.0001686201885746641,0.00013639500604830542,5.631357829439697e-05,0.000772169830196827,0.0008192781560865114,0.00010277418696205131,0.0002860459909168974,9.262490597205309e-05,9.508317456989475e-05,0.0003701006225255501,0.0003155937251904106,0.00010067922290267638,0.00020976548420758963,0.0003473925393336685,0.0002112713723302291,0.00023126733234406588,2.9280569582714724e-05,4.025252181034173e-05,7.455941721815037e-05,0.00017535615214520867,0.00018485205759952072,4.796414302177254e-05,0.000447145454426918,0.0002529882807721151
185000,0.003175015038101953,0.0025550395862578793,0.0066243398177903146,0.0008674221054556816,0.001342505089338328,0.0033864162100404166,0.0006920986793815128,0.011851573903222029,0.009609242970557865,0.002539858689488028,0.04555372422112635,0.025354961737887104,0.00403382294065192,0.011323132111570114,0.0033002357138684603,0.015168311291442175,0.03642872506814109,0.00559898944887704,0.007020771540867697,0.027483703061831573,0.006150307381073197,0.005152931697271664,0.040741554176590096,0.022805165625080313,0.025359417562059307,0.0038867141120135784,0.01548631263220511,0.011064651327084599,0.039347072881098615,0.0887338424354018,0.029531280373145515,0.03544412300330945,0.0033903406977694537,0.0031093753811525624,0.003318251671670522,0.00122575919632644,0.0001929221821886753,0.0001748181722921965,4.3473931325013795e-05,0.0002029433032930683,0.00023500381969321832,0.0012367592498776503,0.00023098471201592473,0.00045196709839058854,0.00016322924891363456,0.0003240311180336773,0.00023520215913856845,0.0001543441993483441,0.00013478726235062227,6.232801727244144e-05,0.0007206989745345009,0.0016985038194737474,0.0001308110639001825,0.0003322944056129259,9.947848857023176e-05,9.885646919759562e-05,0.0003642824840132943,0.00018391695073205483,0.00011484423693749098,0.000259961005772661,0.00027707488431284825,0.0002133163193372751,0.00022838658316215042,3.1986528674187376e-05,4.025330640110446e-05,7.205365993770527e-05,0.00012488477789572374,0.00016722560743867308,5.96457389860916e-05,0.0004246522686458821,0.00026075693531311115
186000,0.004522044001311548,0.004177389447620415,0.009224996727425605,0.0011325877791442999,0.0016128527236508525,0.008845071619102132,0.0007638280716081124,0.011293579593578162,0.01118366649300501,0.003991227342339698,0.06211368595882331,0.02508154629478148,0.004194176740852665,0.009739038665347007,0.004510081096711528,0.018534605576860486,0.021148087385968427,0.006995753596958268,0.012005201540887356,0.03122667350883906,0.006204513625617927,0.009069804434018027,0.04629320020476977,0.01803712456894573,0.035676313068261294,0.006993944011628628,0.014076116933562931,0.02179071974993955,0.0553227298793739,0.10748272349994822,0.06112039756728336,0.04353605849050487,0.005687183779343741,0.002985497901749494,0.0066814541783565395,0.0011333913486981015,0.00022765410333728427,0.00021929387118937237,6.126912445784933e-05,0.000293439667302664,0.0002674303302562313,0.0013761025511485059,0.00027569761714403286,0.0005790531669940959,0.00016516887905086868,0.00024693544821892437,0.00021560957982632987,0.00025156160858585963,0.00016482194073746384,8.360476749658119e-05,0.0009987114431239136,0.0016170481721928809,0.00020564893929986283,0.0004076106100984937,0.00013319804032828965,0.00013573267247838058,0.00042430925938582905,0.00022542968156358256,0.00016722442652887062,0.0003255525542884313,0.00048331891800141116,0.0002735141138696089,0.0003127478977755042,3.938834471137762e-05,7.40056810981413e-05,0.00010862757155585065,0.00014382241222067802,0.000267157209220254,7.500741446619941e-05,0.0005837141779767929,0.0003526138942106627
187000,0.0031482953310252334,0.0028355541473030353,0.00600896170847894,0.0007917298713017282,0.0013542512251545685,0.00452341906878116,0.0006486885252841955,0.00894157738074165,0.010501976192762977,0.002791436174447881,0.04622051134104783,0.024220204796601676,0.003698616195999255,0.010901646429374523,0.003597814979216577,0.018463953490330216,0.02325544957121955,0.00570515211788743,0.007129645735923467,0.026654044214471165,0.00454628965041348,0.007830725164434884,0.03162593904028957,0.018773326569013687,0.025948035102475033,0.003953512944281101,0.014405321313024761,0.018390207427728456,0.04600272729534053,0.09343762880922851,0.04318083457183093,0.04320266408299526,0.0053231810731474,0.002949135849079074,0.004035300904433825,0.0009992346086684328,0.00013152182473456713,0.00015727798381703906,4.56129975114584e-05,0.0002764125296152997,0.00022209066036281156,0.0010695544224290643,0.0002789322906210145,0.0005255022653344847,0.0001250007264580314,0.00025416901921094647,0.00022678928430570777,0.00014862862103370844,0.00012531347033277126,7.809276877940812e-05,0.0008441982694421313,0.0008704046207033874,0.0001564915446579107,0.00039516837426033035,8.667100519232918e-05,7.511507349342786e-05,0.00038839639991463,0.0001546846972360072,0.00010948486517589926,0.00025105875774897866,0.00041315044290968217,0.0002467339370850847,0.00027144451363441205,3.264164255851282e-05,6.428698098817322e-05,9.200289726281467e-05,0.0001562540551926109,0.00019733157788348968,5.936846622489611e-05,0.0005617994717351944,0.00034188524368801155
188000,0.003511789048020177,0.003599917035899125,0.005137721653833675,0.00083198317526974,0.001451758815510172,0.003652558136569236,0.0007113316162963935,0.008799330609119851,0.009522724157296245,0.002205699940532213,0.03773699843477067,0.02053862408794365,0.0035608788673540184,0.010838073507026516,0.0037076584536835607,0.01693158980682104,0.031982476160010265,0.006074578859924362,0.006840744195090208,0.02978635367185537,0.004913433630193909,0.005494370547304632,0.04213803215495621,0.01975132129330935,0.02157760225204656,0.0025912160519510506,0.009866939188643096,0.02121650915387363,0.040370793484308866,0.08038580703384557,0.031541317373048515,0.03157139387398134,0.004308243997354129,0.0027325149901941564,0.0037749100398893156,0.001311959585450495,0.00013543362732243143,0.0001352212743354771,3.5175569857107026e-05,0.00021042214081035127,0.00014996888050779702,0.001391145142406458,0.0002231603340987931,0.00025491633326916937,0.0001295399027520417,0.0004376981684552155,0.00015328177469479685,0.00028044631486778826,9.553203165167142e-05,4.603449125087619e-05,0.0009784674282505316,0.00106778131006043,0.00019448595003268565,0.0003166014269723115,7.648560857229188e-05,6.448190012261793e-05,0.00032021257673829585,0.0001305369346482621,9.563216508152234e-05,0.0002054194177127591,0.0002495709646003282,0.00018372893270248404,0.00020832367751474386,2.864203149691683e-05,4.091160245580896e-05,5.971480604401151e-05,0.00011192831152584404,0.00013388263385451642,5.621398955213408e-05,0.00041948931106116635,0.0002700388635275885
189000,0.002598241006199788,0.0019908123789786326,0.003785759710202304,0.0007170795179263223,0.0010529973964988626,0.0029426159845960293,0.00033183178680012076,0.007538323484457614,0.005541842199133349,0.002681972522623255,0.035661136929123996,0.01788663354300854,0.003293703621073457,0.007252523300711332,0.002876518856946324,0.010472437707600571,0.020936775073399378,0.0026815267921870434,0.005427129062549544,0.02086085080540215,0.004519614892944027,0.004294909290657805,0.025642868620343505,0.012566853027419712,0.022728141500025115,0.0020474715856835246,0.01330780988720078,0.006568979366875283,0.027855780998566736,0.06959871456186398,0.024420532913694237,0.031677396985917136,0.0020296143975101063,0.001447232235287354,0.003562685548078864,0.0010690409625177771,0.00014176477412775057,0.000160662995726439,4.695267743790534e-05,0.0002832469616578237,0.0001496732364132108,0.0010700978600652888,0.00028326119245321025,0.0003571816348300528,0.0001112361090953958,0.00013073375750423112,0.0001988185200257488,0.00024584756680390285,0.00012494987291233883,6.110368485678919e-05,0.0008304141224191251,0.000765317544392019,0.00018180872366428956,0.0003369185801324309,9.096210754345018e-05,7.442412474616007e-05,0.0003131272000373233,0.00021984360273563652,0.00012159136418037835,0.0002577272842944904,0.00033045889795175755,0.00020741036666424006,0.0002132000669866506,3.293048158813182e-05,3.71898874315472e-05,9.038093353765008e-05,0.00010370120773066966,0.00015437733989276034,6.437549728843805e-05,0.0004615181211315261,0.000307364936452359
190000,0.0030082946354554763,0.002930291810857684,0.005247206330144157,0.001000992096165786,0.0017684557363431446,0.009039875064315441,0.0009030321399046854,0.009513720788805479,0.01089994977205088,0.00344557099379017,0.051098154118301826,0.019806632477411767,0.004289986328027832,0.009177445939602683,0.004115541009014123,0.015303530241605282,0.028171104665012707,0.005516784944419773,0.008688690315466374,0.029070173972383297,0.005461269606841877,0.007983267177288715,0.0411343857094956,0.020450746457512044,0.023654656167872462,0.00498161450959742,0.018940986973047396,0.014376256762867948,0.04431499445653411,0.08387130608166297,0.028054838507086968,0.04221015778603032,0.004022677938405213,0.0032136742467078283,0.005151801964125803,0.0017805178506153294,0.00017980129723283475,0.00022187591854493473,5.265072509410605e-05,0.00046841791140650457,0.0001957578011386315,0.0010821037503774278,0.0003688172821057378,0.0003922815349620865,0.00014761829245942768,0.00022494968252755954,0.0001939278539905724,0.0002749904744021592,0.00017889195997072263,0.00011124701797433028,0.0011153132352144613,0.0010661736754021451,0.00014153085212456062,0.0004205488073183711,9.925166582904458e-05,0.00011227787684798717,0.00040316211350982094,0.00020139544176345225,0.00016272147700470264,0.0003298092548832826,0.00032654962402981863,0.00029894787891412647,0.0003232398245371668,3.6781910310039803e-05,4.870118482358521e-05,0.00011018711672607293,0.000154647343151737,0.00018164901060222218,8.599916910156935e-05,0.0005807449910314651,0.0003878900119161699
191000,0.003850736247693783,0.00310534408372068,0.006250254805005777,0.000794756151103334,0.0016503055692139034,0.007370823863831382,0.000529376090885454,0.011244723040184836,0.010296834905407023,0.0027461458648758708,0.04366521395288011,0.015876988027601478,0.003553884307621047,0.01272783160800717,0.004731118031882301,0.017906162808988785,0.03339823465986618,0.005643004405642329,0.005507367144413625,0.03595029859182735,0.0037758341675210153,0.005023324773154465,0.037043600905065734,0.01608779381143298,0.02381931377916887,0.002310187555849552,0.01710203917098023,0.01911709136402351,0.04770885661675814,0.08413624407330644,0.04428245957717687,0.03306981403147802,0.006108873869473759,0.002403521562671305,0.0032784654502190985,0.0011190316560194852,0.0001116255781156676,0.00018224581530871959,4.9226599017001935e-05,0.00022222232297508526,0.0001687834917302485,0.0014124704539426602,0.0002858193089195993,0.0002855341415756572,0.00010574558226308958,0.00021353369628513975,0.00017142226917649008,0.00014259006130323826,0.00013492332402620377,7.643636370796065e-05,0.0008983195440613109,0.0009467261497775326,0.0001932051462972595,0.00030960901186721904,7.09310421402263e-05,6.17616419524645e-05,0.00030747719934116766,0.0002465246730025683,0.00013144761274159263,0.00028699320986421437,0.0005359960141504416,0.00022544876978533847,0.00026453309756443896,2.685766913305702e-05,3.8544384046367166e-05,0.0001049737490314021,0.00017168739811625398,0.00019079315494527617,5.043989968100959e-05,0.0004816492976050456,0.0002636057162817451
192000,0.00318624328669889,0.002900439293255288,0.004637875720315303,0.0007080506238008428,0.0012353839989096926,0.005743046403689992,0.0006147927833514968,0.008466249791608253,0.010445886851173298,0.0036831819870712934,0.050144827081915276,0.024606956567961843,0.004330102023121788,0.007167223339076207,0.0036186128529473484,0.018403860473578487,0.027162569821398176,0.00398691566134184,0.007366366023364078,0.025934430783963763,0.005558913099729178,0.0046745425497647375,0.040650385273620485,0.019897231278325003,0.01912695982528454,0.005460549518465996,0.02010622900412463,0.012069583202901413,0.04334711418487132,0.09432390023979562,0.045490040418614326,0.037386624164915144,0.0052531488193276,0.002781328419798736,0.0035699472175312824,0.0010760495551624314,0.00015463683933759106,0.00015012953157235063,4.402503320460414e-05,0.00021786141462598607,0.00018941101120133758,0.0011352552792232018,0.0002992706846271176,0.00036290335753476127,0.00012127909751717724,0.00022538642631713757,0.00016354156971892895,0.00014520979745924478,0.00015542373091501178,5.865964604626325e-05,0.0009588753395326841,0.0010110090048935187,0.00017088796703319532,0.0003061293561623476,8.295950506024007e-05,7.617692114598123e-05,0.0003077387850729577,0.0001707939483139853,0.0001341886728327937,0.00020360185368330209,0.0003036616321575517,0.00018935041699754733,0.00023850070687735247,2.739297298507285e-05,2.9367930740894128e-05,6.700213489327691e-05,0.00011798091730140316,0.00020381303385963087,6.884330318257526e-05,0.0003981427980990794,0.00025871763318718877
193000,0.0032003238453349645,0.0031581267351241506,0.0031600933871231973,0.0007403692607252967,0.0017146568531148383,0.006474142115621362,0.0005489473619931114,0.00825202503734081,0.007979186967969338,0.0026471352812222904,0.03419724440440697,0.012381362671875446,0.0029751387893074107,0.00956392293910264,0.0035238492578012963,0.013711345339591693,0.028833847065384145,0.004134085238984892,0.00657712987595005,0.02139801782046561,0.0033329583797948406,0.0053528260394679296,0.031975930681607374,0.022707730222585574,0.016214167894860212,0.004338877135887742,0.011453881539384179,0.01010301874794095,0.0353132713236846,0.0757239950346282,0.03148033157272342,0.02943953610799956,0.0029886781914088855,0.00215405536267966,0.00455032544191959,0.0010608993285846477,0.00015181114927923103,0.00015837702812859789,3.964093162360232e-05,0.00020006200469424584,0.00016796221910061966,0.001004645582725061,0.000404598945624457,0.000358266999000989,0.00010689587076596676,0.0004138040895347623,0.00019211196998488353,0.00015099253940498158,0.00010481716371314491,4.952025731406386e-05,0.0007215386439698844,0.0011707895713091905,0.00015078684464242542,0.00036987694396402174,9.309953663338595e-05,7.076053016548526e-05,0.00033899687317292165,0.0001447397276024276,0.0001332265372866459,0.00019085949775566965,0.0003717012116491484,0.0002118889558851249,0.00025987322132331664,2.7792795755295947e-05,3.023748983347711e-05,6.896066549324451e-05,9.705554033904004e-05,0.000181997057152197,5.068784662398684e-05,0.0004524560370234266,0.0002170079587813234
194000,0.003785959700778492,0.0029936538423364118,0.00357961785630323,0.0008010468456072536,0.0014978205181250814,0.0051611702037916984,0.0007174546414951751,0.007114663794673819,0.00782782889627579,0.002260584658870357,0.03657554782334899,0.01187661650143981,0.003773680210790851,0.01200116957842869,0.0035580147090513493,0.011789636699783538,0.023017914739977555,0.005621057664651329,0.00470675525970624,0.03277756055026354,0.003826750113846454,0.0071257358137829995,0.031756703206337986,0.01613562114944216,0.01794236462742519,0.0034695127280429004,0.012974606224441876,0.012270764216585425,0.04690437789951615,0.07505438784620867,0.02332466654343686,0.02408863479146161,0.005746127644991579,0.0032862684304344057,0.00367335049547061,0.0010529775304348732,0.00017556319316949348,0.00017511400313775414,5.1642737888135134e-05,0.00023816216616978636,0.00021445300619253683,0.0010289136225765105,0.0002980794550239807,0.00029114775545741923,0.0001509819705317664,0.0002811700929872326,0.00021891137488270479,0.00016185425543113752,0.00012980668478137196,6.016523945039477e-05,0.000814268952742098,0.0009918828297183306,0.00018095314098900416,0.0003593861757526982,0.00011282133584308182,5.853425392904848e-05,0.0003812122609639529,0.0002579999163572211,0.00010470311671421466,0.00023194410717293908,0.0002845873466867488,0.00024563378975662705,0.00023741667579694573,3.227060786379675e-05,4.5931489795394656e-05,9.391171715242898e-05,0.00010886613758235139,0.0001648933905760296,6.471856565326561e-05,0.0004713347406468223,0.00031368889212899374
195000,0.0030340810893215568,0.002701585337355802,0.0038071920862421393,0.000673566575334497,0.0012666021300418247,0.00665701186725138,0.0005687359473760748,0.00677387454600773,0.009033791637596584,0.002435609610984102,0.03595897853737381,0.015251658346015778,0.0036937343053674945,0.008079644564449236,0.00355317348108014,0.014884577093956372,0.01614652542641471,0.00546135145804662,0.007755210994218942,0.027265877512230266,0.0039595716744018385,0.004548415549964245,0.03556708691408858,0.016961907037815156,0.01552405966945766,0.0022552952636033297,0.013473223762701074,0.012550787588262816,0.03771253971345312,0.08269591111292679,0.025211275928886608,0.029903310610769458,0.004235462098327284,0.002250467506772026,0.004398831942024926,0.001229621117447875,0.00011343036579684227,0.00016204666210548814,3.9389222364201466e-05,0.00028357473951245993,0.00020191206579298486,0.0017083029524656013,0.00027261245450063145,0.00030558366710178425,0.000127886317333928,0.0001925769986334964,0.000189973074059293,0.0001973505524190955,0.0001006864046017058,4.9591764350638684e-05,0.0009705707970239858,0.0011638231571851065,0.00016509920424141457,0.0003478687624418835,7.824735263872346e-05,7.605352030540499e-05,0.00028573586205164894,0.00015031669624931965,0.00011473097955179885,0.00022462075818951305,0.0003979639368481003,0.00022842687264152138,0.00026098336578191567,2.9610819324118295e-05,3.8419439079007134e-05,8.800082651884044e-05,0.00017429697488426297,0.00017720449615685465,3.647911063353604e-05,0.0004783527528306571,0.0002916599813033827
196000,0.0031425510697600484,0.002491485386767804,0.0060503016381214065,0.0008408529342537244,0.0013496037554202153,0.006368208262366741,0.000573766802517639,0.009560748849645617,0.0073339525686698165,0.0024370094724872615,0.04382529075276883,0.016336457289795287,0.0036613683050470145,0.009053948686827922,0.0036960676603056903,0.016348939929836586,0.02100305692493705,0.0042028166081084384,0.004582395928861972,0.024367475698139362,0.004273698549857622,0.00534540096220683,0.033495406762231145,0.022473671638363158,0.025869341986276956,0.004124802607111633,0.015745421939388302,0.0109309895210572,0.033460338584571966,0.0899125007104856,0.024132102785612612,0.03352103065565014,0.002631990165652426,0.0021627574699164672,0.0022712359348386396,0.001759055413848338,0.00017276285458784084,0.00013556592669126323,3.489747661663398e-05,0.0002828688178624361,0.00022394389208223381,0.0010718545963754877,0.00029741220132564197,0.000438741934167889,0.00016092681774496572,0.00014858043192345706,0.00023970068205495695,0.00010734327458905568,0.0001328503619857139,5.618021069412035e-05,0.000865859018505524,0.0008736105385954337,0.0001569238325828337,0.000456698748584298,0.00012465475663640094,6.417800556267717e-05,0.00039249846724331253,0.00014781888262405118,0.00011938428657584963,0.0002638650368121139,0.00037908507359437255,0.00023331361646747824,0.0003057692892138288,5.22615389707278e-05,4.391747289547412e-05,9.65062218953093e-05,0.00014943153460730433,0.0001904346108326829,3.3819366024090414e-05,0.0005576699837765314,0.00031393857934745026
197000,0.0034484474194008776,0.003751124886211646,0.004596146628803884,0.0008234780354541727,0.0012033110085408398,0.0047837531102621665,0.0006253189778744268,0.007478838627981068,0.010517698684890104,0.002674762134120101,0.04505475697392902,0.021214156879356166,0.002684093903305686,0.011170898557104396,0.004417317576361016,0.012412372105851924,0.032894917846403714,0.0040988176457821155,0.00333461987195603,0.03285284830708406,0.0036231586755303188,0.006245568619923298,0.0361824110429734,0.01570271291990745,0.02129508937336112,0.0030675426358357074,0.013048754393898595,0.014572081509565274,0.04874767802950159,0.08355741970397855,0.03389529666746967,0.03534401342375741,0.004617177320277768,0.002872559432817493,0.0036069630528395968,0.0008889764341282509,0.00021223651899946927,0.00016445298904893042,4.0876723547976816e-05,0.0006513821905400619,0.00022067709803069832,0.0010353000961913494,0.00028090669384255306,0.0003797986478514902,0.00011970453572901438,0.0002453391709577448,0.00019943134675546199,0.0001180601766677114,0.00010309387217908995,8.398936262727312e-05,0.0009178398051167628,0.0008893949971024995,0.0001517559243438882,0.0003769370395999357,8.542206534974835e-05,0.0001121854994711281,0.0002914321918382562,0.00014499218696073513,0.00012086939507424986,0.0002560771358940446,0.00031395835691607014,0.0002299745880468778,0.0002252065244024211,2.9412433305522524e-05,3.160887313747985e-05,6.840303978322764e-05,0.00011786525231270519,0.00017776976867370678,6.57507719665773e-05,0.0005344491611033257,0.00031175964104477314
198000,0.003819709912735365,0.00401062749006087,0.0053614308417309076,0.001007872145615133,0.0020020242436542884,0.006286661752840571,0.0010708025147030112,0.007866326227682009,0.01042021821998373,0.002477360090779257,0.04702794265841352,0.01597861395995486,0.0031114168055919986,0.013465124557225146,0.004577904334013618,0.013867177589418134,0.027949245582498235,0.00808300312735211,0.004169401269921634,0.03421397309619351,0.005167828904630439,0.00923332272632901,0.03781859922533234,0.016888054800923178,0.021530923297726236,0.00360565388109535,0.011130760968956478,0.018203429911712494,0.052492323693107155,0.09487114572173948,0.03531556437781546,0.0335511430715157,0.0030636787259193344,0.004257905419488156,0.0036237196877158973,0.0013552542268371326,0.00019417280976528529,0.00023335502944312546,6.0973000341092925e-05,0.00032414731924745865,0.00024211790875423058,0.001201682724058628,0.00033693034665702724,0.0003898298880477868,0.00019572493094145965,0.0002572143593283727,0.00019531430135637557,0.0001588292658567525,0.00013575116816096414,0.00010203049152385739,0.0010152030259632737,0.0008935200479148383,0.0001558095069412957,0.00042844206833177276,0.00013536035563949304,9.939718475751843e-05,0.0003465516848698689,0.000326719837175915,0.0001580310149746664,0.00031509498155803437,0.0003871601693390403,0.00030057602163213975,0.0003094353972604343,4.2577932476519525e-05,5.066397615236282e-05,8.973144842941536e-05,0.00012693597143100175,0.00022114308511150636,8.313459997566497e-05,0.0006301516405914636,0.00041326162900077177
199000,0.0035726553895664118,0.0035941425659176377,0.005271775245394868,0.000847664468885621,0.0017344574116117356,0.004990948416109729,0.0009123457376928502,0.009452260896710762,0.0086524888668038,0.0032600429112790152,0.04615114210460933,0.019971626047440714,0.004261568857173464,0.011995948442690309,0.004508087405060103,0.014591257603266664,0.027335572597643305,0.0059145813280292135,0.009100673360600402,0.027630122772146326,0.006477888660569638,0.004413729139352134,0.03932994997051234,0.02630058326079355,0.022190844378028055,0.0036275369813665746,0.015076799592630748,0.015075373309324883,0.03254533553879489,0.08705159223817675,0.042218685944390016,0.034265676712563545,0.004798173076826865,0.0036148689343759163,0.0034292750005988637,0.0014504856740781438,0.00015249597889147767,0.00018249910462228317,3.5968340456068304e-05,0.00029518985274989973,0.0002059078559979869,0.0015760630085424054,0.0002703511838262784,0.0004069979344374013,0.00011258525755453631,0.0001976463231626115,0.0002784345751874035,0.0001704797973420824,0.00011158310215462515,4.500556927020873e-05,0.00115148671780634,0.000715631833372754,0.00015209780467557722,0.00038770713605600223,0.00010529472661675817,7.349680690409018e-05,0.000379149528263893,0.0002500972316283878,0.00016589623291767767,0.0002680639609165015,0.0004444632950859765,0.00023680839402240425,0.0002868023266610517,3.653459858932373e-05,3.8700705065113856e-05,6.40737998200219e-05,0.00014064611527179034,0.00019691785089911895,4.419996815840932e-05,0.0005694296780668939,0.00033220857003470885
200000,0.0027360738145157607,0.002618731602086444,0.004781590439961292,0.000735069762483293,0.0008936107759710248,0.004667930986865291,0.0005369821985016554,0.0072851058356914735,0.006535942535242324,0.0019714309491973836,0.038288778187433994,0.01565566782827383,0.003704271436700682,0.010683523287945829,0.0026972288184076796,0.010186301975409151,0.019984719302166404,0.004429569881066056,0.005524966013451506,0.021194307859404946,0.004381836411442482,0.003916419720228857,0.035085792934211595,0.014397774752008747,0.02215188024606577,0.0032680219039320944,0.010267850101887499,0.011110566337417064,0.034181413155816055,0.09307575880619322,0.025146214850828984,0.030804215608021386,0.0023827680225718515,0.002079209397823772,0.0022222583916623583,0.000907379344182248,0.0001294897159715746,0.0002808342279339823,4.3743407981178664e-05,0.00034591989333421225,0.00018436345822784518,0.0010323473034077324,0.000322842073501306,0.0003543791783733085,0.00013514904321709764,0.0002292789208143274,0.000256957777054866,0.0002122886735680396,0.00013672439299312075,7.235097878451184e-05,0.0009200250445106716,0.0010272958685770088,0.000186984986794414,0.00043226855172067693,8.857519367603376e-05,8.171176457174376e-05,0.0003663398094519629,0.00023138336337069632,0.0001716903020236613,0.000314285314351974,0.0004065728395895955,0.00035273524297195686,0.00034663129854042954,3.637778819141589e-05,5.7498077189342846e-05,0.00011318564840574302,0.00020795590639214164,0.00014876870484051375,6.221910066983583e-05,0.0005520806839090905,0.00036241992347640917
201000,0.002957695820097453,0.0032730762651664446,0.008463879174087197,0.000893563743599001,0.0013681927901162926,0.007144873432220525,0.0007620031146577657,0.009938266144458526,0.006960367120226221,0.004059885446622502,0.051648156483151755,0.02096367775653116,0.004044987359410505,0.010061862553866928,0.003685052709389471,0.017156194957957876,0.0295267226077461,0.0045279593216520555,0.006280990812228993,0.030076128296156336,0.004657301856601547,0.005544054529829217,0.043496085517884545,0.01933302343586547,0.020820712017984265,0.003202427690848708,0.01776541209751082,0.013515396835524976,0.02826604505192817,0.09909229545366778,0.03241266672014414,0.042056776910053134,0.002485255570937065,0.0023136032727644456,0.004460550281995286,0.0015487714353444712,0.00017887606035353536,0.00016214490378016225,3.8847371282586153e-05,0.00032258032570098294,0.000262631911966232,0.0012678396597038954,0.00025820165310506125,0.0003343660091798627,0.00014380901077043075,0.00031489397455694806,0.00020375800476669706,0.00025385312392245396,0.00015033124265465662,5.1348000810817624e-05,0.0009038271329105695,0.0008738814628183414,0.0001676857045822544,0.0004095396696134323,9.172452980143637e-05,6.649496034779904e-05,0.00037108753194452123,0.00013087377305964765,0.00012127859470309786,0.0002680092780093009,0.0002483705095073674,0.0002279921422861799,0.0003208604193282048,3.455311460268743e-05,3.6228754551201644e-05,7.676230142079747e-05,0.0001379181890765072,0.0002211272155158616,6.467184446989904e-05,0.00048765816540207726,0.00027618305321084333
202000,0.0033418562837854355,0.0032127096829181363,0.007332944194786251,0.0008791081691015279,0.001618861064482097,0.005133888374984963,0.0007043929215269013,0.009820677529847565,0.008674403068054537,0.002982646052259952,0.06516720937064814,0.021061467374094568,0.004578041470129833,0.011005888534038439,0.004440551550856873,0.01739533858684202,0.031622158325565884,0.005017348159549616,0.006362730846116652,0.02820171836069979,0.006060690363620744,0.0056250197092465115,0.04103908568387851,0.021652775390490812,0.023059162451000516,0.004578679078258574,0.01632845904575128,0.015858253019663,0.03864949628957273,0.0998801699119682,0.04466063911405702,0.03831162970835486,0.003397486733300289,0.0024446032979074856,0.01040816014614797,0.0011205701745698857,0.00017524157834115708,0.00014262979816108285,5.5031082495928324e-05,0.00031740961173909454,0.00023464683274257968,0.0015537246581516229,0.000270108589757001,0.00035544680837885706,0.0001447475042703828,0.0004273804148624549,0.0001666029095902463,0.0001433044518002191,0.00014162911450763078,5.0848566016528906e-05,0.0009135885513387621,0.0010580148518783972,0.00021105092000652803,0.0004009998899108519,9.429405994963198e-05,6.771591601632694e-05,0.00036675006583786315,0.00016737418087586775,0.00013500733074225637,0.00023714112937271308,0.00031861069025277783,0.00025746774321567167,0.0002693889386878086,3.3880494241997325e-05,5.0952637846219455e-05,8.859585785977324e-05,0.00012691350873085736,0.00024059465044956596,6.467492590900292e-05,0.000570977024247387,0.00030118721115286463
203000,0.00395615419467897,0.00411663597441037,0.007690057507716119,0.0011523879227192642,0.001987336680952156,0.00828189722648988,0.0008855545931158215,0.009579907710562396,0.01037517718276244,0.0031861513471085345,0.044066275911187225,0.019384761266745935,0.005075764287594762,0.017098019060512976,0.0059912738734376894,0.013754621861153282,0.040253729880316225,0.0073382871408204115,0.007849322449016784,0.03570990580643411,0.006849638159103331,0.006573784578449704,0.03744650561828166,0.02378514108604577,0.020921540171767693,0.0041210263734683394,0.01724246426223794,0.01629731577986604,0.05094631138490513,0.09516591079567836,0.03913864317219122,0.037503188209554464,0.004337151170196089,0.0033760429275368317,0.004174328848118118,0.0016001401701422374,0.00026869135577175927,0.00034342984054092085,9.78764127006776e-05,0.000525572354263204,0.00029035963071459884,0.0017418155002815183,0.00035920891241403297,0.0005023361704125387,0.0001680087432185629,0.00028613513152403615,0.00024624142885617753,0.0002931900322451497,0.0001939306503764971,8.097517184069147e-05,0.001182563908591524,0.001023033268211293,0.00032079687371151523,0.0005512976505477647,0.0001612042162127307,0.0001344641477771802,0.00038577283896145634,0.0003433592330566171,0.00018846451540513145,0.0003781103804682901,0.0006060219083641034,0.0003403743592195829,0.00033129495870054125,4.209164477423336e-05,6.8108671863835e-05,9.079169293219419e-05,0.00020883059343239957,0.00025489090323927235,7.786534888509777e-05,0.0007351784098937671,0.00043401402290328407
204000,0.0034006114124290557,0.003697320303655471,0.006577813862046848,0.0009209277578030687,0.0016102738785936904,0.005939044695488909,0.000901635760049929,0.00856566679958989,0.010217817220397097,0.0030604184248659294,0.0561960653069912,0.018010043635698896,0.0038068145288641313,0.011493614223333927,0.005374968034726301,0.018073829046140116,0.026403625760048316,0.007983573196644458,0.006389256011711301,0.026129709429951617,0.0050283993378255985,0.007663562858786983,0.040082379140270255,0.014803536404239518,0.02163067969888202,0.0037944555282592774,0.0108048858903621,0.024459060613480688,0.04727924123392714,0.08413664617405776,0.03930399333049233,0.032864130807306186,0.00414340915879253,0.002812649462464114,0.004778806412408206,0.001353266758704714,0.0001495918060730841,0.00019721507173513103,4.287124238818437e-05,0.00024132827888934116,0.00019330009319644964,0.001094241870305268,0.0003191765619703801,0.000506450269815679,0.00011366495484349128,0.0002496133202238785,0.00020286113786233617,0.0002141655907337281,0.00018115962321166206,7.419071715213994e-05,0.001201427378579795,0.0007983601723632697,0.00013197469043007003,0.00044587985306936053,0.0001179007479957614,0.0001170090467067811,0.00040291045428192217,0.00021318360325039976,0.00018677583894562608,0.00027166009318674555,0.0006927406656662545,0.00024979129137231974,0.00029543830389768656,3.142109316437806e-05,5.5417360070148585e-05,8.230281773265162e-05,0.00021701830233463885,0.00019793629001784916,7.008403858321799e-05,0.0006296006070312744,0.0003374884949153056
205000,0.0032701478825205217,0.0033823673336344116,0.0055289868857168285,0.0008370404529369597,0.0014160524847341813,0.00702800381571121,0.0007598291299473203,0.009399943549200828,0.00819158288208822,0.0023974764080776367,0.04676412860359882,0.015657218213498116,0.003644547411099528,0.010585813620116713,0.0038966992289608563,0.014891923810258353,0.02093528315048215,0.005382535775793316,0.006777185263802364,0.026718876907252706,0.005760620370693477,0.006629587283896399,0.03472686879802495,0.016430720038200283,0.015057546101623244,0.005507084308192134,0.011957372815979925,0.016087316755147185,0.0406689916155301,0.08222103130238763,0.0340227240708191,0.03279289158168607,0.002206382324529316,0.002821058069330743,0.003258922815600979,0.001074473973176282,0.000134670093666201,0.00022851312943120402,5.108232599616395e-05,0.0003337997725338937,0.0002543517293041929,0.0017969746040762402,0.00033364939627062996,0.000502163751207263,0.00019434786004000526,0.00025287548416729676,0.0003206390314269875,0.0002622717181068879,0.0001825404351542414,8.076676733088044e-05,0.0011777377899166962,0.000792767689442068,0.00018337636138312518,0.00040352026362412214,0.0001396366525145352,8.4534846523225e-05,0.00042497154048936454,0.00032897520077312947,0.00019172540951709985,0.00033616099180317876,0.0006116966914608686,0.00032217073753514265,0.0003023533772816504,4.389517279755105e-05,4.801634359965748e-05,0.00010752769205058255,0.0001379585820749136,0.0002639751694161877,7.577087441745789e-05,0.0005969454831290382,0.0005052719083323609
206000,0.004139967540312854,0.004542672492486115,0.007915022142697126,0.0009958110658562173,0.0018928054929416203,0.013095675233281716,0.0008752292224016855,0.011067508659656524,0.00961361011463793,0.003603383640438551,0.05713510124500048,0.022815201789320113,0.004239707390132191,0.010636439608678109,0.004444303070864835,0.01687513462820789,0.02676952164728434,0.006448604215505309,0.006847674356582242,0.019260211955406704,0.006650549663875328,0.006501185832023891,0.038754205803852526,0.0207887541302019,0.022812775849218717,0.005283662863075733,0.01970225351830425,0.018144701441087818,0.04388997009065112,0.08758616784255155,0.02923133136762772,0.036832770999843396,0.00738125036763047,0.0038027829533919346,0.003494627246052712,0.0014252171661480264,0.00011177156768164758,0.00023391079164205374,3.7240181620608746e-05,0.000340823945862212,0.00020574827901830933,0.0014211626075848471,0.00032322835413651775,0.0004350512188370646,0.00012060175035673494,0.0005539828696677368,0.00015583796483884215,0.0001409149539561838,0.00010758954918652182,5.388266841195714e-05,0.0010626142569260713,0.0006499507071566768,0.00016460958668176317,0.00034470016826348076,9.298974635322369e-05,6.161574188726345e-05,0.00034574940253796445,0.00020300718495036563,0.0001556108662157385,0.0002489356509613572,0.0004390127141959965,0.00025040872885490956,0.00022590555621112193,3.073063275170572e-05,4.2523546754738265e-05,6.969088020150003e-05,0.0001711987876790642,0.00016761089751120777,4.397681205148274e-05,0.0005795555030969251,0.0003798151319642784
207000,0.0031390465203396554,0.003422780732324571,0.006531925949578484,0.0009683956139969478,0.0016751594933488883,0.0061933772818260225,0.0008202931972230163,0.008227579556285705,0.010146281964565948,0.0028295987685851287,0.052614348021624784,0.019040238640841103,0.003780987130470969,0.010981572262277372,0.004490534879069481,0.014051339404128763,0.028920681427085322,0.007578961126420859,0.006098326244682539,0.02677176930194643,0.005305957873238535,0.005222685209121535,0.03535244676672543,0.022071892414411803,0.025115140014046727,0.0023465077858418225,0.013587567986038971,0.013925628534858939,0.04046055374098668,0.09253046499032926,0.0401043578365352,0.03231239610221774,0.004845348563452927,0.0029409575147647683,0.00489128204854852,0.0015639892871409497,0.0001813405232463825,0.0002431771685306475,5.85649958152481e-05,0.0007434219662627584,0.00026724930673234417,0.0017771243074093945,0.0003031164969797828,0.0008521014706753991,0.00012656041341726546,0.00044651979113723427,0.000262275844428379,0.00022081091380243834,0.00012962851782315833,8.448155895993378e-05,0.001265038928319812,0.0011671365564325242,0.00015535023012489547,0.000497747270429147,0.00015215643656245386,8.264116346171332e-05,0.000364783222071261,0.0003637749849190186,0.00020001729116832698,0.00030564293785853526,0.0004435689592355629,0.00031817239730522705,0.0003745766434972379,4.0870202294197066e-05,5.431943170858883e-05,0.00010925960181008453,0.00013908238828922289,0.0002274414371286991,7.850810696652388e-05,0.0007367885863910304,0.00041950876984628847
208000,0.002945594402607074,0.003234691392410443,0.006767890328774229,0.0010002454366538306,0.001559461617552752,0.005936133900572064,0.0006545087818384702,0.007668531278243023,0.008727077255283388,0.0025905996317305835,0.042730247268250594,0.019481709896344724,0.0026655249305556276,0.008513611138424136,0.0044454806994669045,0.011827050297749034,0.032212641521558304,0.005198332101262846,0.0049431568362966315,0.029774842828337568,0.004457013372808223,0.0057310372931169695,0.03826282839756459,0.012634966902866532,0.0187995496253568,0.0032702692318707705,0.0175035813674154,0.014716981287923167,0.04341113851645359,0.08556072855055626,0.03464758144575171,0.031901861840966515,0.0045796647237265325,0.0021664060950570274,0.003423040317809662,0.0019255251974235371,0.0001299957746051692,0.00017893078508925763,5.2571787202659065e-05,0.00025850074166555714,0.00024817336138573625,0.0017636835837038234,0.00026527313857513943,0.0005183002835421671,0.00014572646432498004,0.0002715210891145554,0.0001908382715603358,0.00019618902633133928,0.00011663626658814949,8.695708241000169e-05,0.0009667078467618221,0.000831179297468528,0.0001735053503580275,0.00031929121986445816,9.290722190881155e-05,9.960604103815223e-05,0.0002938712911737218,0.00018617832324707706,0.00012322250926723023,0.00023965176724931761,0.0002805850223618715,0.00025986308990881573,0.00021956962702326428,2.9330521592762558e-05,4.30524759293702e-05,9.761810036860726e-05,0.00014272537191573065,0.00020425616583593403,7.079306573132271e-05,0.000626585163575198,0.0003513479474349879
209000,0.0023353630888753264,0.0027108748795904424,0.006598803011002019,0.0007626494756830372,0.0012022198295855123,0.007895662262204237,0.000597106370781647,0.009369760479018498,0.008920240594802002,0.003982139623985859,0.04522771715674474,0.019844583730269844,0.0040017033143985,0.012853185622037872,0.0030102454043919673,0.008434697274424252,0.03130637682616431,0.005298525227242609,0.008987961195608867,0.022076983027654932,0.00740533366438635,0.007197537456639631,0.04397452256564672,0.01922721930283539,0.028702792064659807,0.003807016951031983,0.01861542137292036,0.01358634981428016,0.04348578072557061,0.11545909361067912,0.026528493165775824,0.03665442047349643,0.004567451553063288,0.0022428412301578222,0.005742736723227103,0.001360945643195269,0.00015124682284737756,0.00013519900577111085,5.1468794585578353e-05,0.0002643716171064625,0.00019726494519274753,0.0016760562139097601,0.000350876992342819,0.00037319092588835413,0.00015018475811589987,0.00024341709283654773,0.0001991327807198168,0.00017949339075684634,0.00012581685421827357,6.398353955525884e-05,0.0010481705086231858,0.0007159653529621816,0.00016904710701055593,0.0003391795596088537,8.65673231726697e-05,9.020488164424023e-05,0.0003807660295640216,0.00019158605425673159,0.00010987861096130776,0.00026668611535569654,0.00034177157649537546,0.00024247894029586146,0.0002232998872302603,3.158077380875683e-05,3.7241384840550985e-05,7.232929296115835e-05,0.00015155549096691954,0.00019171292361413122,5.491719913663928e-05,0.0005986751755531374,0.0003587543047615327
210000,0.003922777529599419,0.003719493425537453,0.005477318152164419,0.000815347861540571,0.001362023929318581,0.006065781210574122,0.0007594545053683349,0.00888611585433668,0.011937615349422772,0.002609949890029384,0.045442072825900126,0.02437538584197738,0.00419717324213266,0.008337418109890265,0.003997155391067174,0.01769665945903398,0.03556959697596626,0.007845192372539564,0.006142503043520264,0.029832257839734665,0.0048071958646145364,0.00807398477010273,0.037640475344378505,0.022693891223267808,0.019180568894409503,0.004129189252853394,0.013935569276697842,0.014419045220847693,0.04828496293116854,0.08622345679736275,0.03200339527082785,0.03910406865739228,0.005974931140605997,0.004948668204993145,0.006975474961412449,0.0015416351176164816,0.0002176260319491743,0.00014283562243442495,4.4819966807285325e-05,0.00029123151637122646,0.00025462804123503217,0.001887597125460161,0.00024077219804894412,0.0003427076010810101,0.0001279054164402432,0.000464493594990602,0.00020122091846611797,0.00016805262553987177,0.00013416708972613378,7.610529105890733e-05,0.001151264519799392,0.000655337405987666,0.00013386224309215323,0.00029784374402545523,0.0001221294831589932,8.811480988284033e-05,0.00032709025250829085,0.00021598286969037872,0.00013825231308020293,0.00025534588498535765,0.0003198256602142161,0.0002502089264334201,0.00022970725129838415,2.5978527463467873e-05,3.4139886338380165e-05,7.996196845025142e-05,0.0001775872297002934,0.000204623020938617,4.6555826557437285e-05,0.000544604720790103,0.0002662396007508505
211000,0.004476442293929034,0.00574869432764697,0.009237225322673718,0.0009914080714784528,0.0022583895354992946,0.009663320549797001,0.0011153350249866977,0.013456216175708344,0.014075250203940057,0.004547894681309117,0.06845308105744433,0.024205292848512968,0.00684166901169881,0.016120146656193712,0.005281562753418042,0.026720397666698165,0.03263971758791567,0.008559828829698123,0.010473772033167603,0.04193645048799226,0.008679290847572492,0.008607710487662448,0.05266051710971321,0.0356494813811878,0.028563069572902305,0.007000388065353036,0.019991425349798513,0.018754240836642566,0.05151224565069082,0.12295507881560386,0.04501062727688501,0.050946322636893734,0.0050842658204868045,0.0038243374783210023,0.0062950856970726615,0.0020728227740879185,0.0001983041899656631,0.00025984226431319257,7.012235335653724e-05,0.000397736466538845,0.0003093464799561882,0.0020192492738715373,0.00042072629603353564,0.00045031244668567333,0.00019890843149799987,0.00031939253111009486,0.0002617013115332954,0.0003753620666486768,0.0002072777680582319,0.00010816588540117003,0.0012757828747103654,0.0009507031578929551,0.00022355855799105484,0.00047096533964985593,0.00015067007433540783,0.00012202264966535122,0.0005457383962816346,0.0003142253326586797,0.00017309775065794183,0.0003932482010546105,0.0007188181015711355,0.0003660302059663854,0.0003618674860364182,7.951004851075833e-05,5.761882271649988e-05,0.0002104745311800042,0.0002895321421030011,0.0003084421055100686,7.025062541288207e-05,0.0007377085132721739,0.0005162491310329642
212000,0.003023767247361468,0.003164399136881844,0.004841433294738333,0.0007484868100268963,0.0012298482140493756,0.006823521956643422,0.0007110270093723938,0.01060972977218483,0.01125091465308034,0.0030937107931094943,0.055298658808618555,0.026445441321338505,0.003936049575162487,0.01487185604458897,0.003837261262956685,0.019653539598948555,0.022862182542266532,0.005131948303837989,0.007324215118257728,0.03402269993069543,0.005273194429644089,0.006184619960354861,0.03956045720027759,0.029602821031949132,0.026296248609772494,0.0032714101253077388,0.015030462539896454,0.014536237426909793,0.052165170904481785,0.11933399103004523,0.041318225333622345,0.043302741329311036,0.0027992757052332376,0.0024411879392065984,0.005951135742685033,0.0016060965218522532,0.0001532922888953324,0.00021013456063718132,5.248284069458317e-05,0.0002681850157273402,0.00024447628437244815,0.001465956065658247,0.00028983217725908617,0.00039600544246959064,0.00016932183375741405,0.0003062763862081803,0.0002257248901666268,0.0003105964062299904,0.00013569179495318858,9.683497757412789e-05,0.0009778147823943492,0.00042968606339854887,0.00021266509438646607,0.0003722586764951655,8.426970086067489e-05,7.270951234452447e-05,0.00035781894587339055,0.0002919767341040824,0.00011658837024697277,0.0002796267299205423,0.00038606828238698656,0.00029961711743239705,0.00027017891136859326,3.012094433100313e-05,4.642790857663689e-05,0.0001200923739792439,0.00014205011237728677,0.00023330910499862144,5.31619880348444e-05,0.0006018855989978652,0.0003464467023150064
213000,0.0027927264294998464,0.0029891934003292895,0.0065436418080935255,0.0007566036288223516,0.0012095702511458835,0.003324373878578107,0.0005022513758728653,0.008194972094155246,0.010318732336392852,0.002259848040921497,0.048259510837077094,0.019493204999286477,0.00404753259852331,0.011305113460394117,0.003671495441106826,0.016267670506446546,0.02533956116515886,0.004337693468624832,0.005589570112143909,0.03256407781843639,0.004972809438672462,0.00924302300908104,0.038477630520549914,0.021915166970453964,0.017830333194011935,0.004341010004281998,0.017703397632691385,0.011651716046799265,0.04630400333758992,0.0874229871841371,0.027622784391084374,0.037180927145527676,0.004100843385248691,0.0025738552583704382,0.003944180392661817,0.0011186809736532918,0.00013852484787429077,0.000170291125930982,4.2273288593068754e-05,0.0002782992556831232,0.00019157082709369283,0.0020858384705206845,0.00025377195024702817,0.00034633651260887027,0.0001394147881144722,0.00020595663422519854,0.00017304581465974448,0.00024405898370361,0.00011279763941337447,5.323530182398496e-05,0.0008604902395955622,0.0009150905649827715,0.00019952611191911273,0.0003250729882614794,8.718948353409108e-05,8.23315537714238e-05,0.00040524711321708194,0.0003058824168533647,0.00014719750192979418,0.0002658283162348268,0.00035420895292190833,0.00028028741844989154,0.0002479866349387049,3.4853480099070464e-05,3.8602568767803153e-05,0.0001121273801411964,0.0001084974262214798,0.00021365445387747542,5.1433114776955335e-05,0.0005302968723092917,0.00025875010978779753
214000,0.0031610732295194867,0.0030271449704068125,0.0045367068620786695,0.0007406460410633232,0.000987095452958933,0.004535825728193491,0.0005972098845397282,0.008762702680399468,0.008874630284377487,0.002517082517442759,0.03939726702667008,0.02334836410895781,0.004663327329167673,0.011435365491293354,0.004192539853134162,0.012333940067643804,0.02493238149613067,0.0047938892817864474,0.007762924435415438,0.02785571949604976,0.004091093476650852,0.0054229213797043485,0.0366144692657205,0.022100580138794613,0.016959741731365545,0.0031054047285579145,0.015961067605481334,0.012817385652548788,0.038358226105201,0.0798700862879125,0.02380366640437084,0.029791534518993173,0.0033031751747369773,0.00326044163900173,0.004417188301077759,0.0013816163675203694,0.00017644197456727278,0.00011314640778437024,4.3102550173361704e-05,0.00025276253165884555,0.0001810983608410947,0.0017101661323977169,0.00026293909704691034,0.000259370712755251,0.0001148342034340251,0.00018248567429688073,0.0001855138481511874,0.00026950333426611905,0.0001234181694293323,5.279453340666475e-05,0.0008771624324044052,0.0006807152822148055,0.0002541576957810321,0.0003261191263753025,7.094759271710464e-05,5.9226982144040946e-05,0.0003886852043877454,0.000278500235822321,0.00013300952442957877,0.0002684026319282286,0.0004182749255657351,0.00024471214432543746,0.00023786804981514083,2.5364805578944084e-05,3.7937438618327076e-05,6.608476775153424e-05,0.00010707442067671633,0.00019527646479893462,4.470894398878045e-05,0.0005769830087742508,0.0002759999708359828
215000,0.003294901293785999,0.004128560327377205,0.0061825967859476805,0.0007086115607587719,0.0014500343612884466,0.004690142536544174,0.0006473525396329698,0.00978816128361573,0.008666457095985814,0.002163006452974514,0.04763746648551868,0.017549209564920752,0.0035707675710772023,0.011199045712463416,0.004904075719048919,0.013602474482468097,0.029320699813286496,0.005547488603410842,0.0060631248468000975,0.02741495753750011,0.00498256162155625,0.006016904020595705,0.04073798835510388,0.021463494897701215,0.024618769886440114,0.0037192121613770722,0.016033323814594363,0.012415625807989272,0.05091811100034701,0.10456734541543072,0.030988856326051365,0.035692299898633234,0.003264929446697369,0.0029105263152010845,0.005106270455952553,0.0012420354916814955,0.00014812276438497544,0.0002103038348815806,5.054394405744395e-05,0.0004020001808839879,0.00017379376654050847,0.0014707618684042245,0.00040318204992217943,0.00035818967267244403,0.0001468935505966472,0.0004331302535823462,0.00019045717105750794,0.0001199219396212925,0.0001028325857023133,7.250738500178241e-05,0.0010657536058016166,0.0010207745984492551,0.00019706266411958495,0.0004695764825592793,9.020329621464419e-05,8.92669400048941e-05,0.0004348854767603595,0.0001972424880705148,0.00017510826195474592,0.000271616359462384,0.000525875283346977,0.00032519683164385543,0.0002736597358071541,3.0578920214990116e-05,4.53471328809327e-05,7.486831061344543e-05,0.000108750828076154,0.00017371491046633896,6.399151193647867e-05,0.0006884656846492714,0.00030831135154585354
216000,0.003166222556329386,0.003670234636552373,0.003690685669425875,0.0005551718361507833,0.0011857243338960835,0.005345721548759944,0.0006058758472869569,0.006182930886044393,0.008322186491085045,0.001739559335874219,0.03777772705579093,0.014312834983999836,0.003973899979786383,0.006529370135164451,0.002773008644416062,0.015069255265188986,0.014692324246576996,0.004191468302543641,0.0036294575901203124,0.024117538781210895,0.004684593902542334,0.005918115650989161,0.028094438021071255,0.022697822963891667,0.012646963582613222,0.003811053279787302,0.012500430096248428,0.008597334278874769,0.032045330114573625,0.05324832978658378,0.022177442823982953,0.031148167313613858,0.004133832939244323,0.002307916062712794,0.0030041086217048965,0.0008212162655516815,0.00010085055493235766,0.0001418979284566872,3.112715059713477e-05,0.0001688525110239425,0.0001800951911118705,0.0011409599283069838,0.00021650780872732865,0.00022492903443842232,9.145901116138894e-05,0.00022622103218980426,0.00013949042001489657,0.00010251145671347217,0.00012506948370361802,3.23622580047165e-05,0.0008859317035400566,0.0005678983986096379,0.00011506797582114814,0.0003027256296040925,7.593851243090567e-05,4.8886313689680804e-05,0.00028893274253199687,0.00020460907944652718,0.00012381480778205715,0.00022757465947926484,0.0002912360097373797,0.0001841996920294023,0.00019617594757114098,2.296008592402195e-05,3.369608425095471e-05,5.995115145651653e-05,0.00010809383249059985,0.00016854254770057577,4.020473352284171e-05,0.0003970918969342073,0.00020026343954668847
217000,0.003503093904303544,0.0043810924673582325,0.00996251444060666,0.0007868069295559857,0.0018115597777068615,0.00704205580145104,0.0006022457019650662,0.009966106687808824,0.009466414679657566,0.002086450547722052,0.04858333459695267,0.020819739100632582,0.004130174619300912,0.00949315245546159,0.004134399948880481,0.019659179966159474,0.02995193804898528,0.006564334515685545,0.004092052682868338,0.035724179365982614,0.004483514157364145,0.007599672270446588,0.040172748260665685,0.02380911618238315,0.024507147230213463,0.0045875160489231345,0.018050095786461936,0.016890464577954845,0.04970954404322102,0.09809439050079691,0.03641005420902123,0.041277452992149986,0.0042994422787654245,0.0032035762520789893,0.0052585251796699595,0.0011039939517364214,0.00014202680016165017,0.00018669938568068161,4.558164385135646e-05,0.00021715039918035473,0.0001950773405327554,0.0012391110649332404,0.00027328228579790446,0.000328059126128497,0.00011350062070146362,0.0004117550370844063,0.00015750664864785984,0.0002228442074532211,0.00017160297183875566,7.24896441914263e-05,0.001064229808050116,0.0005827085821389725,0.0002076323115034029,0.0003871343058340337,0.00012324059599481626,7.005769184202522e-05,0.0003289828581904247,0.00023623647985004936,0.00013104720848862902,0.0002618775684543205,0.00036052361416902083,0.0002665340041568426,0.00025443177424609465,4.514465598913785e-05,4.3725142455110065e-05,9.869624373154634e-05,0.00016880923872772006,0.00023766867032247406,4.71196971432164e-05,0.0005252509167001015,0.00033641107947914863
218000,0.003058492321911586,0.004186564542949243,0.006009532036841847,0.000792935713112596,0.0016419264577075697,0.008483237241307506,0.0007589695068300869,0.007607406513902699,0.008191653697371916,0.002414777589365258,0.046402966893956434,0.027180842777843096,0.005556652903606212,0.010386575658919879,0.004108376199110353,0.015377735331639997,0.029981977707891582,0.006301669149344221,0.007051172056110643,0.025604513086921847,0.005580952304441011,0.00503432806012175,0.03981677102778728,0.01992723722408603,0.022094151877975074,0.004146720934659243,0.01547269116000397,0.02056756167833858,0.03901758343905813,0.09228194853752822,0.02089099303392383,0.03460467454995243,0.003895307490088621,0.0027791764243671043,0.0024733529038106403,0.0008419932708290746,0.00014236405192641062,0.00019025619588898155,5.115952820189529e-05,0.00023966722915247374,0.00020250392294849704,0.001492470531957224,0.00033007892461682785,0.0003468434963810739,0.00011373727213714646,0.0002903920975346149,0.00021510289063068436,0.000170650509735637,0.00012728258678764397,6.74939540410626e-05,0.0008609415737789906,0.00042401024469048326,0.00022660464146611047,0.00034285242460954375,0.00010415325865825911,6.411598327428113e-05,0.0003382099416030933,0.00027242673684213514,0.00016494591084715971,0.00030834721451705824,0.00025211044303432575,0.00032526947210002893,0.0002477151293044665,3.176649584491331e-05,4.2450752920962666e-05,8.697562194273897e-05,0.00012608204087882768,0.0002064647205967716,5.365127455547736e-05,0.0005870817357382836,0.00033491922658868134
219000,0.0031866321769238974,0.0029106676768235586,0.0065564884765384095,0.0007050991755862085,0.0014275861566015401,0.004467689712328138,0.0005755561295289578,0.007398477168060387,0.007962222422802485,0.0022212404546735343,0.039515721928586975,0.01757762303918289,0.003678099961358715,0.007967284866798294,0.0034420869121437564,0.011326714263608059,0.023326136768966017,0.0035635333140218582,0.0038983031252947903,0.019198015956984213,0.0043273167969276145,0.006026904125487168,0.03600430253582696,0.01726878529983272,0.017082077235312364,0.004552406002767384,0.009526182883240425,0.010255478130299403,0.03907063081792063,0.08489894132447173,0.021031738170034564,0.030919519835151732,0.00326722912181437,0.002208148708653658,0.003260104188181382,0.0007142461635924389,0.00010534224805263348,0.00011355850066055692,3.399135995830174e-05,0.0001724366195503535,0.0001669062693184621,0.0012414862067089416,0.0001830339274420112,0.000265900173872069,9.566116200164145e-05,0.00016341832838975278,0.00014573644784433238,5.5771112162261716e-05,9.578721561060069e-05,3.897233463331676e-05,0.000820903821662656,0.0007307442377471792,0.00017772793671610998,0.000261240690188246,0.00010773220567679,5.3956361129662994e-05,0.0002785481901956964,0.00011589115132437655,0.00011117059577890763,0.00021453146320989338,0.00030741279800470996,0.00018654223827443227,0.00017576026186395244,3.0141202479491176e-05,3.276532551252684e-05,5.607087243773791e-05,9.077706194407906e-05,0.0001809451634523113,3.2658965366749726e-05,0.0004322073560241038,0.00027017032261937856
220000,0.0026164098142396905,0.0034315439083406497,0.005304320099336716,0.000637842146044512,0.001627519861013073,0.006105910172014514,0.0005756151846482328,0.00941278859232518,0.009397624874198507,0.0027502018165250774,0.05640860188811339,0.02031902468572335,0.003763966563080127,0.010621010933942725,0.004845612802391235,0.018265509615957853,0.030833985315915753,0.004659867436548435,0.00793078349982222,0.02451491507847095,0.004583610031970518,0.005484630508687717,0.04549485766484092,0.020896957998047583,0.021977400471639288,0.0031988828792236744,0.0164423199725089,0.012138170368719633,0.04322829805143342,0.08838441517511983,0.026359465169759157,0.04183770236648762,0.004874611009835934,0.002001134386498665,0.0037950695019996297,0.0008065134888965986,0.0001776395347435841,0.0001541914998597349,4.288432894034223e-05,0.0003926451081497362,0.00016278415282952065,0.0013502924448403064,0.00022841528684693912,0.00029077495824630635,0.00010346073202431158,0.00030247387880178524,0.0001954883839556587,0.00014665003034686208,0.0001068767135656156,6.451957336718227e-05,0.000914218134235293,0.0008564950694562867,0.00012141625938966172,0.00035736553127208026,0.00010129975839061381,8.594062906426684e-05,0.0002794132191269533,0.000301249361086775,0.00015608040350735387,0.00023079461660437608,0.00024007972303176454,0.0002236355217125678,0.0002412475035574365,3.529980623469627e-05,5.453587345982669e-05,9.319234490922336e-05,0.00012344631873669902,0.00019154728725273036,6.21291007689706e-05,0.0004717459574412944,0.0003079449070355622
221000,0.004354966890246401,0.005835252440495727,0.00725730095776574,0.000985836788682858,0.00205482611719289,0.00857585961161281,0.0011666246371004813,0.010747350954261492,0.010845758384629669,0.0030780561683059204,0.0626402713360558,0.020859985577985476,0.005316435242121136,0.016072611876414598,0.005462119269042673,0.02389933256684647,0.0303120564248751,0.009487098954909753,0.00863866911718755,0.02816199871672628,0.006165468374985476,0.005827115994439477,0.04832844647268454,0.02952624602397312,0.020451165122462305,0.005652222945354879,0.013687983946037856,0.021519655777410662,0.05879627448260127,0.10767921744780089,0.03202852561254985,0.03664366103699789,0.005740337615083473,0.003841797844236067,0.006001302826916799,0.0009700510918589446,0.00016144939446336904,0.00013294034416007477,4.9471668969189005e-05,0.00038412473918469914,0.00024044919014836233,0.0026389252016087994,0.0004046904793540307,0.0003958880916845948,0.00012316239820536697,0.0002721895785352249,0.00027449986532502137,0.0001603686822591044,0.00018582882581807194,6.091605064284522e-05,0.0011814013584136355,0.0010496902171629092,0.00018637172443050076,0.0004460419883557455,0.00010283199441707031,6.706459306439105e-05,0.00042798266674732877,0.00026866616940424137,0.00010865521430029428,0.00031189231564824764,0.0005477023453446842,0.000266343006716451,0.000255562585388597,3.460061183583699e-05,4.49402792178767e-05,0.00010164611996497587,0.00020369608319015242,0.0002091322744069012,4.420940656757466e-05,0.0006328130748443073,0.00033980868647631723
222000,0.003964111148692413,0.0043923945699201866,0.006318333878880367,0.0008180322895826136,0.0017874737034306444,0.006219362765217998,0.0009438679820549066,0.008309620181321139,0.008930179891499796,0.002174125998863019,0.04996652641609587,0.016724469278526565,0.00510877367703484,0.014420640420487898,0.004611955846699215,0.01375714242385584,0.026996935135771526,0.006525495509201472,0.005863146278508273,0.022242901153707254,0.005662236774971391,0.008058840104825191,0.039677882568600276,0.021446454821367904,0.0232926958664653,0.005025309044867754,0.015466314257405283,0.018035677272716082,0.03306918521754115,0.09965455718408903,0.025865731719750328,0.04077983007748397,0.0029699433184453903,0.003031965042853614,0.005168044631015316,0.001122796183835817,0.00012730400081445144,0.00013868200787989983,4.76324749271668e-05,0.00038996644195776753,0.00014909140698828776,0.001352192342892522,0.0003206375355603086,0.0002947019332551511,8.762254743774783e-05,0.00020549751584115128,0.00016736655917563774,0.00017701355405819186,0.00014019513746030371,6.857400529208297e-05,0.0008279909481923544,0.0005624694070623567,0.00014442072770179948,0.0003582400113187685,7.470881172562728e-05,7.119816754394296e-05,0.0002789784692785977,0.00033320967884264974,0.00015080164061803062,0.00021649108507867473,0.0003204840046843553,0.00023753375995983167,0.00024212877837339033,2.5618107182348108e-05,4.862371022479945e-05,9.660268748038189e-05,0.00011781392225072653,0.0001925505333296252,6.053491966895308e-05,0.0004802880113566673,0.0003115189669188112
223000,0.003145629793146548,0.0031810040961351696,0.006984748756318974,0.0007505981187792853,0.001213793067603823,0.004343890466511117,0.0004851599636338271,0.010569669317905494,0.010781848651892884,0.0020538708922686055,0.055080659236589356,0.023031250616719373,0.004764018595310379,0.011335388084675784,0.004660730839029437,0.016327788204459164,0.02405270016390118,0.005645862991974654,0.004977677948772907,0.029849422329474084,0.005331617045283984,0.0047852145005760705,0.03902571423367287,0.020433572263512664,0.020885801905514822,0.00353339530993253,0.016554083312516264,0.011505627242816749,0.04852353516103262,0.11173329407668667,0.03381113710092298,0.03695381839105931,0.0037870848466398524,0.002413439820588263,0.0024091413435801063,0.0013384373065556637,0.00012345781148101915,0.00020631040967021943,4.631123517016482e-05,0.0003708820948986613,0.0002121322859383849,0.001447093778551789,0.0004220654167511384,0.0003279475301113914,0.0001269634645053118,0.0006059971948697498,0.00015486521820014132,0.00014632511478751553,0.00016778802812260783,5.5612950621831594e-05,0.0008638292921974565,0.000583756844510693,0.00017162064336844195,0.00038971951181913624,7.34987924229715e-05,6.635156596117172e-05,0.0003501414905444382,0.00021228739774414862,0.00013260637110256034,0.00027338352801262563,0.00036453118264034856,0.00027700038913830975,0.00028011774951732215,2.8236432493068186e-05,4.564081468237823e-05,8.328612092224252e-05,0.00012794280701200478,0.00024183287120875305,5.2196822878158855e-05,0.0005144043855144453,0.00036006129703309854
224000,0.003383729456234849,0.003199486666778318,0.006211765610108462,0.0007017771565397897,0.0013507834864867618,0.00591096505065382,0.000589856769759154,0.006414781636539926,0.006702638976922928,0.0019322660964462557,0.041411193143838676,0.01833599031206455,0.004067161422977789,0.007751358281563047,0.003313814902492809,0.007737854490793931,0.019714654091460813,0.005377169504512656,0.0050470987449183925,0.018069719053043325,0.004342277496967794,0.005029307628449585,0.03750581054482609,0.02128279290724701,0.01897918935846685,0.002633024181704968,0.011035265128579075,0.012008237905926459,0.04076168961234062,0.0826154347955561,0.018838407140768443,0.032098507058645524,0.0044073998467585905,0.0031668621989009026,0.0030682858339585234,0.0008335650822378479,0.0001249360711133369,0.00015522808367181412,4.449526593553713e-05,0.00023930772346147933,0.0001712581727593096,0.0024676336543052457,0.00022842807284177978,0.0002924500083856018,9.613291803313922e-05,0.00022926650452908298,0.0001795949102752833,9.640947507350006e-05,0.00013013728129533713,5.958214987086566e-05,0.0009203555961273826,0.0007724714978394331,0.00018875952719099587,0.00033999237685209815,9.647181907674731e-05,6.896161029213876e-05,0.00026327731316869374,0.0002712312557378027,0.00012526500520632707,0.0002836754419639384,0.0002710405004108907,0.000244811769585374,0.00020652667508666464,4.0760997962053384e-05,4.69686589591826e-05,7.859393888589669e-05,0.0001190829152619699,0.0002256587743797552,5.468581329637345e-05,0.000514150297984837,0.00029352828132687134
225000,0.0026009688015226464,0.003431400834988044,0.00477139292343054,0.0007181714911264583,0.0011045074008760349,0.0040895595640384795,0.0005223433375454812,0.005303805288064063,0.005881184836445893,0.0015782405471327365,0.028399887733681725,0.016543563645035536,0.0032392709434850876,0.006137105670997257,0.003129799787743918,0.011335711285937577,0.019273122094351232,0.005010741552827243,0.006657915446599613,0.014480960644189812,0.004829624146343401,0.004436012576174367,0.02851715098756055,0.020053809547910837,0.013197245555357002,0.00275666763773188,0.009367893533762174,0.0103982191265762,0.03529699432050727,0.05634221083258331,0.01208532927907072,0.02470062362576405,0.0032236309766215773,0.0024007873751458624,0.0023457629738711855,0.0006305397697587978,8.995912501057701e-05,0.0001421042412733765,2.4741203824908234e-05,0.00016217246695759968,0.00017658565519816855,0.0014187718916218728,0.00014241009712350204,0.00020436373992388805,8.42673489052303e-05,0.00012567651998105184,0.00012520583917401446,0.00011066628555767011,0.0001060847863900092,3.159707189710885e-05,0.0006792262282313179,0.000577509170701281,9.375460631417809e-05,0.00021263257624979108,5.896825620044998e-05,4.3230722440057434e-05,0.00021861554061556929,0.00010155916450571567,7.865773673958959e-05,0.00017781847202338842,0.0002225165694350532,0.00017106386739458205,0.00014339528659682537,2.446983759873055e-05,3.388267517342077e-05,4.174906015365408e-05,8.406528702055636e-05,0.00016485479853309192,3.00672745652264e-05,0.0003352392486704048,0.00019001657674380112
226000,0.0027600646971394954,0.002512686760315706,0.004936827812343836,0.0006870559741750745,0.0012901118966913636,0.005057144112080485,0.0005961606070374523,0.007869769473936507,0.009030017570556175,0.00253184091343428,0.05656821113819958,0.02952676034948702,0.004224494647298177,0.008167191989066465,0.004190200283825534,0.013945093749498483,0.02370114689234643,0.006306023986993912,0.00571137742476172,0.023637760103932426,0.00726201115497728,0.007961924974486985,0.0369039951156204,0.02082697250916681,0.022973822497338654,0.002320545690599829,0.01419204603830475,0.012333938825122459,0.0398579317069722,0.09477716980097373,0.029790694988914766,0.03952479652406719,0.003522825715588869,0.0024309291401191013,0.0039322138804386165,0.001006331114760022,0.00017214354993424613,0.00018793898206323237,4.737976109114593e-05,0.00040488902607194177,0.000204773432058312,0.001409768756275298,0.00032524972175451694,0.00021680849180196864,0.00012460961406759452,0.0003715623899982542,0.00016995928653510388,0.00019485101875638122,0.0001380161993889205,6.988439490256e-05,0.0010299523191861226,0.0012433375871599612,0.00013181422764318995,0.0003631820916557537,9.127754980187907e-05,8.275510072053294e-05,0.0003626561566033092,0.0002604055003985195,0.00013472282483601502,0.0002676931637464664,0.00033126010190850745,0.0002473401942929423,0.00023877899489990441,2.6378383862974515e-05,4.2764293741331334e-05,7.33863313843795e-05,0.0001266094789441143,0.0002162255724704026,4.950697328354181e-05,0.0005189150364947468,0.0003125298731902149
227000,0.002993867352022396,0.003378016115877674,0.006057288749919583,0.0008036101529656802,0.001154145648924205,0.004385801253062839,0.0007711383135785816,0.006496959139707649,0.007722703643628824,0.001468139893404441,0.0381395862366642,0.016466104878070244,0.003949511358796647,0.0072358215460774245,0.0032071947907752474,0.011954296876259226,0.01985963665590264,0.005107227480407404,0.006395949336625303,0.01920050260053055,0.004789913510372711,0.007963074355822235,0.03429496753883238,0.02073068888942847,0.01586996719364949,0.003015864605549723,0.014431872744705376,0.011661642498741761,0.033607117420487,0.061134375766707834,0.01801212168832232,0.02860925295681227,0.0035366167088043835,0.0030550338286597844,0.004179342847136367,0.0006400199435867242,0.00012233681906081983,0.0001376987725879272,3.1397325575385205e-05,0.00020454326255503474,0.00015846512295856303,0.000888541093445383,0.00016931425307120662,0.00023250605239043484,0.00012557208067990263,0.00022767370494786325,0.00014999272894911293,0.0002579722496243164,9.347559941865068e-05,3.6893453067353797e-05,0.0007012087833782761,0.0008251480624797599,8.482164848828688e-05,0.00024167352085544049,7.583955013991538e-05,4.914521522633467e-05,0.00025908775394352124,0.0001280323098029612,9.921020586666095e-05,0.0001791697057552273,0.00025680151071962124,0.00018359750400169172,0.00018262246650616967,2.3063261762201347e-05,3.275993827224334e-05,5.9048337201507915e-05,7.714360591697706e-05,0.00014828244760537707,2.5912718982112892e-05,0.0003679177247165683,0.0002455020890920423
228000,0.0031971824849008684,0.003968909823150305,0.006416784444202979,0.0008908784171440996,0.0016184126446355145,0.007131823998081798,0.0008161823688565605,0.010563127661275668,0.011450870986019381,0.002108193173626205,0.05082635652977416,0.020186526944844817,0.004884241200863581,0.015090663021427727,0.0059942048116842185,0.0173158377292566,0.03453210182977359,0.006898668968218933,0.0066429152679380165,0.03160485746452953,0.006948273278784165,0.008021184637982515,0.04182052795309574,0.02751158963619673,0.02768978903397857,0.0032094269758090378,0.021245606708541875,0.01397739240383089,0.048644575682085224,0.10428458028318052,0.026890850622827808,0.038980555754208654,0.0033560005402582995,0.0026975942967320133,0.00806978276058443,0.0016935437088899821,0.00018406056477117186,0.0001343906719739607,4.392260171720496e-05,0.00026179896781286516,0.00016959811088728647,0.0016412043078162242,0.00027363140761735847,0.00023262663263554523,0.00011361895608148954,0.0002474633825715143,0.00015597598238907282,0.00018467644539565953,0.00012838174033167262,5.2280213450020795e-05,0.0009218139357891722,0.0008057955819822382,0.00010215727124887052,0.0003514307735137979,8.650842964298448e-05,5.928144835045466e-05,0.00034298623905249436,0.0001933061275849468,0.00010473692954822884,0.0002461934548451749,0.0002886182004052292,0.00021372421193101212,0.00020632068683173403,2.8873205620924523e-05,3.997212125897123e-05,6.367430628947127e-05,8.92808619547785e-05,0.0002100635321841449,3.829166192304001e-05,0.0005534579270700482,0.00029669872601516544
229000,0.0035077663182459516,0.004350420056316243,0.007436590705765411,0.0007477326707185756,0.001915976611909875,0.006336389876586119,0.0008430497209261493,0.01170860384281339,0.008554100551631149,0.0027241779243922792,0.046886180025197705,0.0266205617555192,0.004977737371739226,0.014372185894334314,0.004539297377863584,0.017230498466233257,0.03303206171940907,0.005917392420962665,0.01011273733872388,0.02517733262347368,0.00718375055712036,0.007328332181324575,0.039711386162477234,0.02047509846900842,0.02247136457461036,0.004432767303660512,0.017858999209627125,0.014737269125665383,0.05303696825935998,0.09557314299543636,0.03948047359357588,0.03876447179936804,0.002890390585316884,0.004246056929628668,0.0071160514990980216,0.0011521827153079098,0.00020491393323888922,0.00019107089949763824,5.67459805732865e-05,0.0004124939164285024,0.00023193697065496653,0.0021541878195421305,0.0003636269331764197,0.0003414859614311258,0.0001722492719636648,0.00027919512437831276,0.00020257004108683313,0.0002674250751546481,0.000159699085621657,7.767439919089983e-05,0.0010214931411470529,0.0010138728424256744,0.00019485307111608564,0.0004001484627150028,0.0001032991703423563,0.00010135095449599744,0.00042082469060484873,0.0002579409967893298,0.00013623794104154917,0.0003153599606286242,0.0010145705835990762,0.00032207021315717874,0.0002772441077164937,5.244265158838774e-05,6.70440976035833e-05,0.00011893647932426232,0.00017273126182512248,0.0003369819760852839,6.053933665839395e-05,0.0007024593403361866,0.0003337616319186054
230000,0.003015631622130624,0.0034019549552963494,0.005507675843546167,0.0007928662523716832,0.0015403701879763444,0.004833558011471594,0.0005463193812624189,0.007124438238023168,0.00859935540276776,0.0018815466246451251,0.039848918882471704,0.014141825005945251,0.0029936291817152364,0.009160628136131973,0.0037837002806340664,0.01636214636891964,0.017067860921954326,0.0032943595002576285,0.005150924356712494,0.022648051652649884,0.0035024716598067804,0.006551188187391485,0.03290229163598269,0.01880719065144755,0.014514186462105182,0.0026365404366515575,0.0109400007350143,0.010301860826075426,0.029995798217201167,0.07597982658720162,0.022789836453691047,0.03126666317649114,0.0020871109046757177,0.002301382259585892,0.004930547036363148,0.001010059230549944,0.00010923415315071332,0.0001923778890241837,4.438285282322981e-05,0.0003164870408909337,0.00019408956540672157,0.002194609936850611,0.00031796644634596305,0.00030779505459577194,0.00016402531257546414,0.0003511527158561226,0.00018191357138787505,0.00021856519347274173,0.00016305993007931804,6.118401461208123e-05,0.0009988169863600679,0.0011148510948260082,0.00018350952977925773,0.0004029546724788296,0.00011446525902634864,7.67953072847211e-05,0.0003446407795700095,0.00037337615924570855,0.00014118667432841094,0.00033471898908688815,0.0007233071636922735,0.0002798312019606744,0.00027266088154984,4.240692460924136e-05,5.997383131115283e-05,0.00011000202165892656,9.67980756416052e-05,0.00023638100723411709,5.92326424566636e-05,0.0005081098076493427,0.0002975157818582375
231000,0.0033457797360677286,0.0027884999904522877,0.005155736900633201,0.0007222378099938327,0.0013109550960231176,0.0032049046247785945,0.0004796107303249183,0.00902341968835304,0.008835808030428929,0.0015366096322395606,0.0435853000373844,0.022993442673632857,0.003155331467110734,0.011030738381509074,0.003611655324771966,0.016128114633829682,0.02495518415855172,0.003959772120306528,0.007529781762319284,0.024300059506689044,0.005070308261506048,0.004234717494097952,0.03825038072342674,0.021388746545441487,0.018470069040342915,0.002561701484955847,0.01571754499014611,0.012417957649025388,0.04562721815549166,0.08856731621903412,0.031039554885743805,0.03173320918442467,0.00203300089461541,0.0027626963081190275,0.0049503548028345295,0.0013006616285500578,0.00015760351273361026,0.00017113745269108966,5.2050755176610276e-05,0.0002770349510683445,0.0001896172742106578,0.002274870395922335,0.0002514774345399928,0.00030492893297138693,0.00014634785901714503,0.0005510943680211053,0.0002131986603041712,0.00034809800776613997,0.00016988967520358624,6.771104199287947e-05,0.0009767391280267755,0.0013010054141583776,0.00021435032213048543,0.0003939005393328202,8.481088106832588e-05,8.113757997886172e-05,0.0003860314613688075,0.000273432995982148,0.0001659895896119047,0.0003183172402854185,0.0004390913098177407,0.00024978051150018505,0.00025883008782801443,3.867225836472187e-05,5.4088209758952464e-05,8.480257216646138e-05,0.0001705102222331334,0.0002651323688016213,8.080757760353663e-05,0.0005669739058026883,0.0002508150588255376
232000,0.0029047936389336405,0.003720028665729505,0.005916465607394154,0.0006882255776732703,0.0014865543967580034,0.004442252532888753,0.0004463843670970574,0.00870356325539629,0.007847240455599673,0.0017934489114850294,0.033429659503320934,0.018834157365448363,0.003340555974952594,0.01013010422165087,0.004420890885558038,0.014509992306557251,0.032745266199829835,0.006577413747436367,0.0042202350336343186,0.031140120610992503,0.004823115966092491,0.005788301719381447,0.03890558875398711,0.019213773559386027,0.02360049386414984,0.0033772568451240657,0.012684295299847338,0.02177899093112501,0.0522913572826998,0.08244725274222044,0.03094152391810591,0.031981674052076414,0.002122976949688284,0.0022105764223534757,0.0030825938974885503,0.0009964929916220302,0.00010447052160675172,0.0001218746712600643,4.922434339343717e-05,0.00022710866403485852,0.0001538657314018139,0.0015543058725597803,0.00018993507110280915,0.00023174223184995704,0.00010049324469276287,0.00024933208089724496,0.00015705538231215317,0.00020961998542290416,0.00013393836868819313,5.952899259269047e-05,0.0008897344857079868,0.0009349619182709527,0.00015502382493650657,0.0003347580370468584,7.931206681828841e-05,7.193041524673886e-05,0.00034616368541582655,0.0002246875922082836,0.0001338803327952418,0.0002803481569991653,0.00040991697933350223,0.00020639311078925418,0.0002505057826864585,4.001400851917948e-05,4.227912359056063e-05,6.392183908034198e-05,0.00013480016566193496,0.0002393171649191022,3.973197803475159e-05,0.00048413589086391894,0.00020544559411064255
233000,0.0035047641938306057,0.004476432982267364,0.007847303359691674,0.001012071070922852,0.0019793651410993014,0.0061805070654372685,0.0009431245938274867,0.007538654974661197,0.010529581160075326,0.002064601685560774,0.04019912492726745,0.021450751164124718,0.0037236823113882124,0.015844400503875946,0.004740171117020295,0.012700547885591126,0.03406395348160697,0.007190403119400085,0.006835742590608008,0.03592123737631482,0.006155912926937373,0.008099521260386868,0.03784275218611583,0.01776771385023797,0.017002573270084604,0.0025899995467625558,0.01447569817350592,0.016926522539658134,0.0518124230503899,0.1012555926279146,0.028458925214363263,0.03500287799621359,0.004497124932754559,0.005133401168656514,0.006074157767822423,0.0010757833049735513,0.00012103544674489872,0.00024308690659712408,4.1462610627615546e-05,0.00030522489123541163,0.00023441126208165362,0.0013959306706965435,0.00021079611642562667,0.0004030685495069376,0.00013236270503368455,0.00017868149178598613,0.00023936117825566102,0.00019192851599392213,0.0001310041894624129,7.31019543474593e-05,0.0008523203479084119,0.0006861365767084256,0.00016369953409594017,0.00034668246471668756,0.000116936603121601,9.863306683076767e-05,0.0003300155623692654,0.0005654011647493462,0.00011973860658069195,0.000272537519602058,0.0005076893366397901,0.0002344259620106944,0.00021168246747004527,3.3032950483658656e-05,4.42186728832894e-05,8.128999530680478e-05,0.00017333468245591836,0.0002321441751754785,5.3867911631755305e-05,0.0006053976267827514,0.0002972552218125202
234000,0.003735277366620328,0.003633396126032393,0.008059063897235319,0.0007942442245481428,0.0018231319095954135,0.006564073191319559,0.0006450603972215533,0.00864842566300592,0.011654123969411914,0.0016864922345121158,0.04389763206357056,0.019935434034230603,0.004666904684254956,0.013237537625944682,0.005421104198060621,0.02365644991368754,0.02865589725488029,0.005151627174706811,0.006873627761836231,0.023721014863064434,0.0048875023101363,0.010232833353581685,0.0357067990640644,0.02266688237529403,0.020766941926258223,0.004384846100583673,0.014732687144245457,0.01135288273212609,0.04485021275108653,0.0915205990841646,0.027144689735917684,0.03645950830944527,0.004014263055987262,0.004215316430037451,0.004736883774765172,0.0011101372990976546,0.00010669976760661819,0.00016083118796152783,4.8705884133399314e-05,0.0002176613875235489,0.00016750468999004062,0.00140254602956702,0.00020886026704829418,0.00025773743842412504,0.0001206809670867714,0.0001960560591498961,0.0001791596766966713,0.00020659339342898875,0.0001351642700401185,7.258002295367822e-05,0.0009298779211418989,0.0010137921781279147,0.00019085465037278483,0.0003934785214294941,0.0001004872099750581,5.8148033655346474e-05,0.0003127168920987207,0.0003625292592914775,0.00014273080441600742,0.00029383849690090686,0.0003850811929927052,0.0002534484455152348,0.0002499806669725836,3.084619454655383e-05,3.949482783759272e-05,8.879146095408375e-05,0.00014536316744592374,0.0002562330221289886,3.828844573661172e-05,0.0006145759281721172,0.00027651649434119464
235000,0.0023530547498651416,0.0035208678199086098,0.006272340513532981,0.0007029988837950022,0.0016064128123409456,0.003350695974534444,0.0006413363011703158,0.009551030702377651,0.010863435020641929,0.0035160417301085545,0.06158849715189089,0.03076945374425345,0.0038581774367202975,0.010789856871765964,0.004978799147947403,0.014072990140751548,0.03203050507891887,0.00409883605404698,0.005287708338333427,0.03504723546376529,0.006129847072777641,0.0072276058516373655,0.042504821384015186,0.03128251120748852,0.029317811078871027,0.003793279582168907,0.01611599152765701,0.012854411287056186,0.049471547315581975,0.113157255061167,0.037388387942822496,0.04063468603327727,0.006690810092768866,0.001899873955766833,0.00848999057294956,0.0014173653948351525,0.00014750146191557322,0.00014682503842777805,5.915371628317923e-05,0.0003908835442416603,0.0002197567793768456,0.0014498019554594066,0.00031124946390264084,0.0002551661126936348,0.00014399066952280822,0.00018980866047400014,0.00018962690479272344,0.00022001781363911732,0.00011631554777664108,6.304513317445526e-05,0.0008583343990826856,0.0006097802694663793,0.00017164011815111734,0.0004110527332493209,9.461665692062273e-05,6.79242166783793e-05,0.00026216833415067714,0.0001969798094592079,0.00012546178296209595,0.00026017494088032087,0.0005063058143908468,0.0002620293780001771,0.00024036098877197083,3.203394606435387e-05,4.589162906793515e-05,9.638252248061525e-05,9.38923965025294e-05,0.00018003598167585125,5.0963381340807246e-05,0.000549004476362993,0.00040113636496244
236000,0.0038113275614533276,0.004151936892648572,0.007330193989522134,0.0009687345867300442,0.0018606003786196279,0.0038992457791339674,0.0007675057616236905,0.008527683590050312,0.010342456329856793,0.0022874652040627552,0.04752916455186938,0.021211140017631268,0.004253649105631859,0.008686845520969655,0.0052294945533771274,0.020915325090754777,0.028317178531021153,0.006017391233192167,0.006240756377727459,0.02869125907086224,0.00525388420008557,0.005298412850282018,0.03293386222406601,0.02210769248958968,0.02341360534058093,0.0020717586856335403,0.01312672289376341,0.012040982389332081,0.03750890817472657,0.0824802331662795,0.027798120569786988,0.037994226440787315,0.003740983788671971,0.003024044422365774,0.004035432766815777,0.0011633746790786453,0.00014355122790208808,0.0001840244947082035,6.048108335529701e-05,0.00022702312389810686,0.000201995456189039,0.0021860327615286224,0.0002552652052145277,0.00040938622434719276,0.00011352040974567277,0.00014214350482900175,0.0002453501429723123,0.0003603247667491871,0.00016732307484458348,6.710123861094789e-05,0.001185687367580193,0.0010088074541272363,0.00016215066862059757,0.00044267019258805535,0.00011850194585286803,6.95139096933417e-05,0.0003488499234066772,0.00019677150544339383,0.00014556625998491453,0.00030153261579751137,0.0005489433121814121,0.00025785071788935165,0.0002713363436904964,5.430353197171572e-05,4.629362562506382e-05,0.00010128527509987652,0.0001360242370407962,0.0003231351369691076,5.9214222204673206e-05,0.0006534736510332573,0.0003169354444253258
237000,0.0035236276143641096,0.0034202618046913777,0.006649261369602755,0.0007129518463373713,0.001261470409501064,0.005224975897103182,0.0007434358143171032,0.007893609989111485,0.010937203531192367,0.002314218325409456,0.04788350368264982,0.025505189060674397,0.004384290277481672,0.008654340728877618,0.004023975939922178,0.017642327949336806,0.03181892178188372,0.004871901729449193,0.006013656054814679,0.018450626503157156,0.005722075130480475,0.0072190631045227095,0.039874883194376404,0.024713643972972932,0.023294768129354843,0.0025599282351322474,0.014723924113780177,0.009526406301120005,0.03721494435277932,0.07659517566559859,0.026355971781886183,0.034044403332070663,0.0029848196192968036,0.0038938279060033005,0.0074240564721953384,0.0008811808036333397,0.0001501981213083893,0.0001243298209952958,4.8739678178723135e-05,0.0002229027717248755,0.0001709112220585163,0.0012712665484286845,0.00015782641939949827,0.0002729700423443367,0.00011310294028015433,0.0002379005901137329,0.00015060326187833932,0.00012647738205640024,0.00012580509716066256,4.717033103092531e-05,0.0008323182793167059,0.0005473787546179665,0.00015604972577420995,0.00025372602252975076,9.175578312853507e-05,6.960354800288438e-05,0.00027051806293985144,0.00030952003294260066,9.779920223864893e-05,0.0001908141030840992,0.0003105389182868142,0.00015955683883297537,0.00015169979950837,2.847463920343298e-05,2.724463502090657e-05,5.135474957155979e-05,0.00013066889771705194,0.00022877610867376756,4.663750922873078e-05,0.0003908718610523274,0.00020087602570129093
238000,0.0032153683587239357,0.0029360196088048353,0.005852683815949907,0.0008005953713179154,0.001412271317936365,0.003960100692763392,0.0005977736468227499,0.007191828094458769,0.010301722265904584,0.002007635828704224,0.04825074565478307,0.019418595229641438,0.003904729085413485,0.006883191249375103,0.00410341157041651,0.017065700759606745,0.024481938201244616,0.003812862100570368,0.003897972113918513,0.024247109646045525,0.00499075189362919,0.0064495878318666655,0.027636837616252404,0.018226526187087682,0.018848120466466913,0.0021922944288235158,0.015628890164352486,0.008253154679626581,0.03776955459958545,0.08708437264501681,0.018276137712236958,0.03520164060263106,0.002986907389505142,0.0021597941771645756,0.0072825606597083,0.0012555316182150428,0.0001615453967360736,0.00016489671233185535,5.6261331767829296e-05,0.00036527245049455814,0.00019977330218614255,0.0015438091941177845,0.0002159503920665884,0.00023236025667995963,0.00014402662306900693,0.0003680336901571276,0.00018066676988494516,0.0001858395779787969,0.00012056271103919526,6.807781094473533e-05,0.000852197328283812,0.0005114182134396591,0.00018828717511496507,0.00033271029561936824,8.420567470740683e-05,7.746557410180024e-05,0.00032158757493982526,0.00033100082373493933,0.00013902470525156078,0.0002641122822541757,0.0004990571419815145,0.0002562497616974201,0.00020253823511127308,2.696263408353417e-05,4.471237096165876e-05,8.188801312566543e-05,0.0001240487875163256,0.00023007114210411,4.515472808463983e-05,0.0005256513179440791,0.0002947135268186685
239000,0.003044540133020279,0.0030117542504470934,0.006526954219831775,0.0007455519650997862,0.0013015140082850711,0.005823541808890046,0.0005131259214771665,0.007204451259716663,0.008628402134761444,0.0016111306485981913,0.0413545077026356,0.017703263401138113,0.004063204619645451,0.008836225104184423,0.003927607325530356,0.009907357997993435,0.020193352344124702,0.004163896382227835,0.004944545202306472,0.025511224069317297,0.00514957432239953,0.007745909585634893,0.03078821740190809,0.014177265723750073,0.011011579444981642,0.004556697653606534,0.011733210518242788,0.012129045476588848,0.03894190068548436,0.0664351289228615,0.02210779052040986,0.030136881044689708,0.0034143760125639,0.0033966540916502033,0.004002786284319073,0.0010056936403088912,0.0001366221422418484,0.00020381875372715348,4.493613061684476e-05,0.0004275694373063743,0.00015336744227266883,0.0021392419293988496,0.0002587372284324374,0.00021789486249633084,0.00011021404294584307,0.00018294378018757535,0.0001558053746229984,0.00013801286268932955,0.00011021078467106706,6.399461174375823e-05,0.0007865392913467636,0.0005407704320532503,0.00014632490192525437,0.0003349910173302324,7.373115174451759e-05,7.679816987795427e-05,0.00029101372971733025,0.00013788178134177542,0.00012771795560537511,0.0002596970901532376,0.0003671099984785542,0.0002763395930269179,0.00024201364341378293,2.2180062454206745e-05,4.712184868872605e-05,6.66618272409276e-05,0.00013445528436152796,0.00026973693907404684,5.283513087306346e-05,0.0005897910372017073,0.0003185088251484558
240000,0.00400336428919144,0.0034518903786967575,0.00569743852247484,0.0008536113004643434,0.0014564964362934801,0.005048574633942086,0.000582586452427706,0.008581381076224965,0.008280265264366342,0.0013739007354161004,0.04570664436090019,0.024692499010175846,0.005021258252478826,0.010044957081156485,0.0043188082866810655,0.012177133408234416,0.03235138848707547,0.005146657080607654,0.008166473107329304,0.024822880113933934,0.003763006554992479,0.008035638649062093,0.04098839190322906,0.019666177929805902,0.017830362849256036,0.00593173005618155,0.016179860065049508,0.01323169266337724,0.04273621169542072,0.08506349483051905,0.020045903866072575,0.029813640171106763,0.003439416226854064,0.0029346850787987933,0.00648823645517243,0.001035726189034644,0.00011138314372852907,0.00011362243747664087,3.244270347826694e-05,0.00026349788606694347,0.00015084185865502382,0.0015683971141697839,0.00018873937988246326,0.00017239005379260082,0.00010517025701502509,0.00017066953250264306,0.00014195993334927456,7.797396071040907e-05,0.00015334977968191668,4.887127306574257e-05,0.0008293703139035922,0.0008112706691463245,0.00012273660195205593,0.0002665490675581725,9.093177652238379e-05,6.232997458772098e-05,0.00023336731614577848,0.00012626019542949507,9.047759152736035e-05,0.00019129508679655444,0.00030897743023767057,0.00016502417339271105,0.00017885804382550068,3.256751287417992e-05,3.679287318744981e-05,6.031702803608953e-05,0.0001232626241939475,0.00023838462344968086,3.122370230812521e-05,0.0003551616833692988,0.00016954936872934923
241000,0.0031602828466684267,0.0030949308619946585,0.007866099001451706,0.0007288208884487036,0.0009948937483697383,0.005946758483852526,0.0005545021604120848,0.007937922072183117,0.008056605211095302,0.0021957940134598175,0.049902676175316844,0.02503210439081901,0.003515790238673093,0.00929775937947852,0.0035729815104466123,0.014323895788038499,0.02830117878060957,0.003967693798896809,0.0048437494063234355,0.02442824963249829,0.004506307824585047,0.006963715756358267,0.03538572909407473,0.023906543309294648,0.02365239619006937,0.0050079294480383394,0.013600927211767143,0.010454683116525606,0.0374956965819686,0.07631351488112893,0.03049425846867962,0.03629392805473449,0.0026177535686691465,0.003273283793405849,0.0042198799274046905,0.0008842056871896732,0.00010942349662831188,0.00014876762220823863,2.606138074557989e-05,0.0002627723152954786,0.00015074984938526039,0.0016031296836445108,0.00019383022208785405,0.0002431992970382692,0.00010510215247210765,0.00017677342317524238,0.00018293014008712927,0.00017881224525950756,0.00014632710153054615,4.181410924337053e-05,0.0010346557714036374,0.0005807104562336463,0.00014844308152532902,0.00030181986305102994,9.786891127830664e-05,6.877313626318937e-05,0.0002822765749080782,0.0003325067912101076,8.727749678251307e-05,0.0002206401453734613,0.00044534620089204204,0.0001849556719802329,0.00019204164391339873,2.9977036300445984e-05,3.942751098091119e-05,9.255902202900055e-05,0.00015700883185283083,0.00022928276336364023,3.945852117226423e-05,0.00046279207672036016,0.0002571658355009276
242000,0.0032622026385709163,0.00332859387843335,0.006124575370146583,0.0008485794391722615,0.001077510268386723,0.00589734325226995,0.000697660716439479,0.009541054579469846,0.012110080009802867,0.001738577484502457,0.05085798824169346,0.029522228520799755,0.0036095269253675006,0.012196330626383397,0.003783501241624061,0.021377242089026065,0.03048228638943415,0.00531583953806482,0.005117875255694214,0.03310801262564685,0.004779238434488993,0.007540647777984434,0.040948796780624734,0.028333305974592805,0.022414633942967086,0.003169731225352734,0.015715619058658876,0.014025895184810603,0.06141753148266991,0.10284426001277508,0.02892120227663933,0.03787299349138406,0.007523411586771107,0.002491135547749108,0.00748853162238245,0.0012998088388615412,0.00010374707237827494,0.0001573024108603766,3.4901904959349255e-05,0.0003717346228313545,0.0001514948307414109,0.0018921694208984263,0.00016752247506701679,0.00020741238415068533,0.00013570860302551362,0.00021915982112627068,0.00018422856825501394,0.00011961534295146237,0.00015257283205457874,4.047102794918994e-05,0.0010682137093086708,0.0006142220696953397,0.00013465127758536256,0.00028588302152178475,8.567210695751971e-05,6.63821311325757e-05,0.0003078518736636456,0.0002317981421811055,0.00012494555741524336,0.0002532277036852275,0.0003246010813503138,0.00023184878020624295,0.00020646168586271988,3.9831295577994194e-05,2.9474695212330618e-05,7.45072264803698e-05,0.00013107412762890038,0.00020985639554420423,5.6768529873352236e-05,0.0005671253448407002,0.00024700498397578485
243000,0.0030581916231017816,0.0032251563523594223,0.005410635324854714,0.0010772664417275407,0.0013955327321576688,0.004790322613449202,0.0006435695476827072,0.007602156887051202,0.008923130507470508,0.0026710893253039103,0.046019090778434385,0.01941275080925876,0.003416204095243081,0.00889867865843178,0.003891588813840987,0.018481920977743965,0.028412080544166246,0.005432567299826991,0.005334614650304762,0.02307272648346649,0.004875749724082058,0.005235251286649145,0.03089790010591969,0.021676674545051355,0.02062820526424773,0.0023222758085466922,0.014373813022332123,0.010650125025373805,0.045201006596771016,0.08280562050147695,0.0317743157123914,0.03506073966855183,0.00702571659297746,0.002798804571073053,0.005524487178869701,0.0009641862116365831,0.00015729354206721262,0.00017884465561027437,5.46807930989537e-05,0.00034135632336074195,0.00023009400128915893,0.001100155794119928,0.0003133177790004993,0.0002970372472047625,0.00014144533167238574,0.0003699866750959505,0.00018737029064428307,0.0001876874822528407,0.00018513179682893928,6.79045293839987e-05,0.0009498052363142051,0.0010376570286704616,0.00019184521333954764,0.00031491734098752354,9.400189973630717e-05,6.937608288188295e-05,0.00036916004074232807,0.00011821030443570635,0.00013481963931225336,0.00027522387941784335,0.000418818706869691,0.00023186045053053412,0.0002032615208951972,5.333779895183627e-05,4.4714980706178016e-05,9.292211455301316e-05,0.000131720065837726,0.00023496061866291212,3.073818685095375e-05,0.0005557073319101894,0.0002768899539660197
244000,0.0028327623470652944,0.0032321153024289138,0.005270168190084708,0.0006369954823430117,0.001141362764854743,0.006333198951324448,0.0004981961504185047,0.00841944838950939,0.00818751144396617,0.002348631564018433,0.04217913414313556,0.021000844169924565,0.004029509077416592,0.010701047673413113,0.003917630744003605,0.01829945522028235,0.02552866889198499,0.00653955284056631,0.005268997536664496,0.021877018374943873,0.0062072664010770495,0.007315049627712662,0.037039272314092764,0.02355782403537887,0.019932647693874768,0.002584175323136151,0.014362756441865684,0.018561488253908465,0.05281822447928682,0.08795291119431861,0.02144428958699185,0.028437036581006117,0.005203866889897968,0.002833757105817799,0.008704293037731582,0.0009885961448097597,0.00012749388002033046,0.00017651889691643936,4.4642920729310425e-05,0.00028605825661998097,0.00014617005655040012,0.001310801068029832,0.0001957505557584227,0.00023311931797826744,0.0001110807820767054,0.00021222153118531293,0.00015737015352793575,0.0001630125970786267,0.00012876118586879377,4.841325790039264e-05,0.0010100718720563097,0.0007084282839665926,0.00017104324087995336,0.0003110989905322566,6.410296252617063e-05,6.884609162873609e-05,0.0003119220598193195,0.00012389144512781058,0.00010044395498375202,0.0002581269233675042,0.0003301167272487267,0.00020148332028809585,0.00020391287161887535,2.701871673056106e-05,2.7227943367809832e-05,5.468253290585723e-05,8.329501010198978e-05,0.000167076128262568,3.430328830944518e-05,0.0004806784209606366,0.0002696072668186389
245000,0.003051298424857983,0.002849795493400759,0.006447437985722597,0.000936051243451612,0.0011534506231120896,0.006047193356997533,0.0005764961507236055,0.009659869609059374,0.0077529548219255175,0.0024543679664930096,0.04677320353472663,0.02514532756164991,0.003972295609084099,0.010717287706814783,0.004372289334199141,0.012213492967930506,0.028569769994213685,0.005162758834857517,0.005524787904245646,0.02361150326653539,0.005014163253596192,0.005349040134725718,0.03968571327937146,0.026093441144621466,0.016882501840247265,0.0034804431488737464,0.01560976338284505,0.013338544808599787,0.03668101410354104,0.0801845347231715,0.02937272204726469,0.026334613169288226,0.004431826540378727,0.0029109586441421038,0.007784836737199739,0.0009302974008278397,0.0001379500916324392,0.00016663506506698798,4.144053372854899e-05,0.00036909060531797877,0.00018943530685985334,0.001064409105310915,0.00023570262546854793,0.00026849659110140286,0.00010501481556754076,0.0002763095727126646,0.000163539553333274,0.00012311773814133176,0.0001090193541464377,6.652978002173107e-05,0.0010470237479834256,0.0007103382279941192,0.00014929183998901863,0.00032722521721979673,8.626177877258982e-05,7.656281313343656e-05,0.00033873139942951767,0.00018102137801179197,0.0001490576138520636,0.00024543553155616303,0.00041237569548684404,0.0002485196950237389,0.0002561830797444768,4.1513524316493157e-05,4.3479641135490965e-05,0.00010363323644924094,0.0001486519241942525,0.00019818228043739567,5.934546834396315e-05,0.0004432550700095985,0.00029793949543091005
246000,0.0037217458512542006,0.003243363713543793,0.009099045554952076,0.000826165042543345,0.0015571009757014175,0.010635176018175636,0.00046803248826123424,0.008537041469347006,0.012575702938901014,0.002006633127166424,0.04685765813463396,0.03403153191472985,0.00395738654664125,0.013508702439539224,0.004813338361482773,0.015767261143385742,0.03760517324991226,0.0050742832379772245,0.006473874958049107,0.02735594457417998,0.005684964316908638,0.008462405891382982,0.04200626393624892,0.02465821635626829,0.018638737778105895,0.0038841107627376912,0.020652681589434643,0.014407780676189455,0.045770632857388326,0.09925314629424153,0.029223019740505455,0.035517648802711986,0.005372032657775732,0.003903137139829152,0.00778873948770019,0.0010673537368737535,0.0001095162193244529,7.997207692576261e-05,3.6396873104214214e-05,0.00015631085221912144,0.00018080253494553232,0.0015666150284232572,0.00015792248250363629,0.000219056037837474,8.488774438104117e-05,0.0002474758842463335,0.00011984542918964922,9.624576487432535e-05,9.089863251358957e-05,3.83939424699003e-05,0.001004687578181172,0.0004846213187192916,9.095620935113402e-05,0.00024529829714974396,7.104037459173233e-05,6.104544627305586e-05,0.0002407991277694784,0.00012474712664811705,7.492433620212878e-05,0.00018946783216751311,0.00030409434160295256,0.00018395842720175923,0.0001872635601321909,2.2245982758729065e-05,3.325745122613929e-05,5.1367130675747856e-05,7.522065659161723e-05,0.00019515359717742388,2.8495817531393186e-05,0.00043415210753481296,0.0002048589078185614
247000,0.0032631097499786947,0.003240585645134733,0.007358900766121224,0.0008511430466639397,0.0015236316138714156,0.006619272650693476,0.0007787104358788882,0.007990016408096863,0.010234045000069721,0.002329248243768234,0.045797152597066244,0.021005515794699097,0.003833522493633526,0.009418443533556429,0.005453945031395586,0.0217981452466726,0.03566243325409838,0.006728022121691699,0.0052888580550123675,0.029198200172783496,0.00589650045729181,0.006322254251407295,0.02965771655164038,0.022329189507096694,0.015512170034367407,0.0027857418172061443,0.012017906708130736,0.018587351270374104,0.039494583277059174,0.0810520170709952,0.024323655304227334,0.03255439826730603,0.004503551232167306,0.0028731949387292843,0.004027456043331767,0.0011327105725220982,0.00012962531355385995,0.0001531413429554298,4.535628460805775e-05,0.00031042975422224117,0.0001657259279798072,0.00210663459256466,0.0002647588878971874,0.00027077313018851685,9.784169474905387e-05,0.00025693041470487645,0.00024642324444214053,0.0001792311007910996,0.0001346494915032022,4.897272132935045e-05,0.0010776259247624973,0.0007332886361837154,0.00018766824850899866,0.00039901842369637996,0.00010678238492079705,8.007574268214574e-05,0.00033094758280503324,0.00019594507682541007,0.0001751000414489883,0.00029256956540148866,0.0004487335703743156,0.00027412263653830803,0.00026421729014853353,3.795600347272026e-05,4.818736336649939e-05,8.041048158259388e-05,0.00010723166529455089,0.000298618861826812,5.408759754743642e-05,0.000529224656914442,0.0003903249169525225
248000,0.00413014323692403,0.004502140912033307,0.008858745869171495,0.0010515645469170592,0.0017338240836637206,0.008253976753621828,0.0009087059849603506,0.010182100067408207,0.01246318042069129,0.0027304112172714667,0.05495652074409637,0.019217204258086207,0.005957827823956243,0.010182427946664106,0.006148749383207948,0.01717070662319505,0.03205323927635445,0.007644967828830115,0.007210096139585532,0.027931242867004283,0.006099755886644359,0.007772809635883148,0.0396488642715849,0.026253752697933428,0.017623787333413642,0.004467657045461237,0.017572082510509384,0.016853097241740517,0.04444738830857472,0.09696291616625874,0.03152456350624561,0.036269977155965395,0.0039065799821112425,0.00521135018171599,0.0047799191913024215,0.0020330521913365374,0.00016021423685910313,0.00023292460867775264,5.937793510778406e-05,0.0002606871812531608,0.00026169733570939455,0.0018737055506790057,0.00032474855433974883,0.00040275276685526097,0.0002221370800294895,0.00035147517816897433,0.0002548388834487955,0.00024588914688727925,0.00020888802062645167,9.490709825596159e-05,0.0014361051142399307,0.0010200236859721674,0.000263897710465244,0.0004867460717220211,0.00014840617768641096,0.00013104101028395897,0.0004601988775414034,0.0008500603094034886,0.00020070420934340896,0.00038177806474357984,0.000562858498597052,0.0003691655440116426,0.0003567942193748658,4.844441447985118e-05,6.961806199493974e-05,0.00012166940310582102,0.00022301323042484,0.0003688051841255775,6.652489116731886e-05,0.0007419240977805882,0.00044633610305027104
249000,0.0025490253488847834,0.0034437431690835015,0.004883294425477895,0.0008271284239106955,0.0013252893356677097,0.0030713059739874943,0.00046688701681227204,0.00790586084714924,0.007573636223794524,0.0018583080163807608,0.04104953459848472,0.021421522758949006,0.003228344446997102,0.012834132051976309,0.0036763962780241854,0.01150059943999319,0.030912640059146464,0.00504330043217515,0.005486775163652575,0.020087157571385128,0.00425102476858858,0.005489048615182972,0.03538043540436774,0.020055016888727552,0.020240471163329887,0.002210133150219917,0.014376866865314886,0.013912175579359124,0.0365267384061179,0.09122254550088509,0.016842065545497463,0.02967269557120744,0.0027825470262165743,0.003181564752721474,0.0026352499561552475,0.000860098595434725,0.0001380866815661887,0.0002027428471675111,4.46679573104186e-05,0.0002769372441662199,0.00016907371897356458,0.0012479772194637917,0.00020368553377920763,0.00021772098292977286,0.00010970007084372475,0.0003090001342116011,0.00015707751099438481,0.00016693395669609146,0.00012077619250060801,5.783366935412976e-05,0.0009203632612472854,0.0007529319588381137,0.00014827748527750372,0.00034944355439267603,8.995414749545583e-05,6.937632662646303e-05,0.0003498951498655241,0.0003382278961794327,0.00017714143464470707,0.00025991678383154346,0.00039598918107609885,0.00021676294310111032,0.00025294151244755386,2.9654019131301226e-05,3.349806178852709e-05,7.33827851973587e-05,0.00013387321372907275,0.00021542015914744275,4.568868754972755e-05,0.00048279231930241584,0.00025520365306874737
250000,0.0035954684947904062,0.003618578673652977,0.0057882124043923495,0.0008792421909534963,0.0013283634990226415,0.005005041303645287,0.0005919131118800226,0.007869451973009763,0.010429920380374824,0.0021717971249017864,0.052385866721944,0.026585377063486015,0.003653687797795459,0.012762113372749203,0.004370911123003358,0.014960342861741083,0.02382246479248265,0.004367777951175194,0.005080715112334084,0.023075708589555384,0.003917111033519387,0.0045487380726691685,0.038591922328147725,0.023255712986610888,0.021841435586143883,0.0033907808712683616,0.01599643676738358,0.01197964630015728,0.047431872203699585,0.08884105433554074,0.024658015788299962,0.03369802344688931,0.005699862441846248,0.003225954496206954,0.004610843442909148,0.0013350262294937107,0.00012417002425548306,0.0001376515253716868,3.6253482196927115e-05,0.0002685246516307416,0.00019470289316935103,0.002151326032617362,0.0001765224016708089,0.00024464135965804177,0.00010329649819954953,0.00017218941480255775,0.00014063276040288705,0.00014054411345298945,0.00011808809773583562,4.884641211075095e-05,0.0008287157602895744,0.0007020305462598723,0.0001302637405387941,0.0002565782829708264,0.00011134248452122095,5.952829314992414e-05,0.00031239566484850175,0.00029031026991788167,0.00010144361011852097,0.00022589338689683175,0.00045865992306062255,0.00016440692081534498,0.000192202188473958,4.162347099654571e-05,3.2735957372804274e-05,7.560914500336603e-05,0.00013808232194735735,0.0002473913295866,4.423713743051394e-05,0.000382683870210552,0.0002266851137392223
251000,0.0026656073263242237,0.002941983955948941,0.003975378494942561,0.0006998520676391378,0.0011559586592405058,0.0035604206080149326,0.0005474155925566588,0.00540684896912032,0.009255926803378523,0.0016483563786096056,0.03741538764410911,0.014504533508689209,0.0023510339030480914,0.009655165138969041,0.003457700054070087,0.015376398899509999,0.02203669520286851,0.0038116469957550424,0.002820704366188563,0.021061780825208796,0.0035780726985894244,0.0051518936031373285,0.02705804372439161,0.013543395913438871,0.017031393735253784,0.002372577995993197,0.011323734991499863,0.009467693916728118,0.03500682172290159,0.0727091663233765,0.027524763600328395,0.02751163406579648,0.0031777929159445125,0.0024431635311609784,0.0046130272033527335,0.0008198264004347168,0.00010564219556385979,0.00011498181848682262,3.4238294086986046e-05,0.0002756263512537771,0.00015813004592033357,0.0012298431829549372,0.0001694253586265404,0.00015940827270960174,0.00010554190170487824,0.0001494680954932294,0.00013889122765588406,0.00020509646164423856,8.757226988634635e-05,3.3857254410659977e-05,0.000714992296658378,0.0006614748244828661,8.566543392589665e-05,0.00027241774814126764,7.038446329747315e-05,5.549940901387758e-05,0.00027787018577954013,0.0002067041010320736,9.479778801985756e-05,0.00019104774408753236,0.0002175801208674481,0.0001727204063787892,0.00017407565140577694,2.2943630504748506e-05,2.718523193026259e-05,4.558177961489373e-05,7.578668334774972e-05,0.00023255052622084987,3.282314595765001e-05,0.0003405007764970015,0.0002325546334759565
252000,0.0023975229513460952,0.002953185577266763,0.005929854737284283,0.000584623631962481,0.001290660457822083,0.003400651571220286,0.00042622880190749365,0.0066987170617614855,0.008869926491794864,0.001700083554169396,0.052321423899510264,0.02178710424614945,0.003811275146841636,0.009905355598468966,0.0043498920985203925,0.010884100361484647,0.025604149175835898,0.004616164207042937,0.00466054927528603,0.02180940533231478,0.0044577983141117815,0.005446051770117525,0.035436762045913686,0.022192318522017255,0.01908770782248457,0.0038998428964987395,0.016578860078528036,0.011092877904350948,0.03704500422155594,0.08713448781336117,0.022983905354049056,0.030219828436831728,0.0031373572937372254,0.0019018758658751532,0.004131422023621983,0.0011205288902991534,0.00013627862708326095,0.00020985699624857674,4.447966142538188e-05,0.00031787655314019503,0.00019569629284646036,0.0016566807535127737,0.0002552888413447363,0.0002975357895018916,0.0001417927756129326,0.00020188814237534253,0.0002671611037608831,0.00022358783134102111,0.00016365833718329418,6.375597691162098e-05,0.0010768001282870571,0.0005585259565729453,0.00013909577864978928,0.0003772541908709135,0.00011530708130082749,8.025205199208523e-05,0.00033016545724725194,0.00044646376829859946,0.00015867619991796446,0.00028270241858151094,0.000311930960015161,0.0002991664054107904,0.0002748642352377862,3.527933359396844e-05,3.0806664552882365e-05,7.512616468239366e-05,0.0001365649326804227,0.0002467751125711783,4.7567932256242784e-05,0.0005326632126372654,0.000296581037400756
253000,0.002505290370233549,0.0025951944820311232,0.006984083719241123,0.0006015124424755833,0.0011167554889365005,0.004274329950151566,0.0005965038044524267,0.0059510952231029675,0.008222945035781835,0.0020161843804089585,0.04228446609376539,0.021387216002810364,0.0029185565385198447,0.007315224542115616,0.00337507643547296,0.011829843026437933,0.02115187406646631,0.003942028745342801,0.0033217741292901337,0.021068837366231795,0.003982928138436994,0.004655844443375047,0.025921565079285454,0.019061487054811248,0.013956435132722761,0.0028001614729873834,0.01585732299785773,0.009777846752664724,0.03785461242591469,0.08559978206141104,0.025776008304286127,0.03483307244515835,0.0032311848130811647,0.001973816343389592,0.00421716648472486,0.0007238679060849661,0.00010693451232375657,0.0001655253218731642,4.74507426900685e-05,0.0003508622667141026,0.00016667968751538323,0.001883383414678974,0.0001850588243542006,0.0002464255459065163,0.00015236287183717268,0.00015228621271278696,0.00017219174107371496,0.0001410875617864349,0.00013566649600753753,6.284096707531717e-05,0.0007522012132959879,0.0007106932116585085,0.00015310500730265631,0.00027282650577889196,0.00010158381633902599,5.3888179701805875e-05,0.0002776194386256897,0.0001388274298506076,0.0001218596191026538,0.00021468764557889348,0.0003672299504008455,0.00019330452293618407,0.00020365004338095282,3.039164047660617e-05,3.271087350892938e-05,9.91858895251024e-05,0.00010558202224534139,0.00020324630128335053,4.901068868434777e-05,0.00039687842166765655,0.000238775819161674
254000,0.003410854790402211,0.004033733743536113,0.00571977316091458,0.000737688953309911,0.0013006206238428662,0.007067806668471478,0.0005436235823723227,0.008932378492104095,0.009134813887912163,0.0016344940868293634,0.038794199019500895,0.02231506406895519,0.0043642450257197415,0.010724477843337589,0.0037791292147791385,0.02154501327155837,0.02819012023012744,0.0036618074857559103,0.004657806460662479,0.021819841019654024,0.003956119567968787,0.004102171816936918,0.03172625542695944,0.01767172028630739,0.014815602121026521,0.002285791048780084,0.014112368987127866,0.013089814866816596,0.04344398478929447,0.06866121548439204,0.029328747764860358,0.02897835408937401,0.003318262448907752,0.0021806528185934863,0.0032425063638786217,0.0011296155671841137,0.00012900087931275026,0.00015868612502923827,4.364816098690842e-05,0.0003783747591796782,0.0001490867824375218,0.001046556750225136,0.00019598468643380328,0.00014618848068063302,0.00012609718800329,0.00019140894723607615,0.0001515716795027625,0.00022060769718379447,9.211449874991056e-05,7.152655185067984e-05,0.0007558972054583207,0.0006470609660027549,0.00011253420925640966,0.0003184923189388539,5.882465525089707e-05,6.660963774927289e-05,0.00027807236620481157,0.00012162636187440512,0.00011657695054939015,0.00021998702687387077,0.0002921008303625664,0.00022520860900373518,0.00021998680414172768,2.820668393687319e-05,3.31545674675403e-05,5.4114879232018847e-05,0.00010647043901761728,0.00016091826709965158,4.862774889602406e-05,0.0004339501745164876,0.00025310354940302207
255000,0.003006034379477323,0.004812609791298638,0.006303678790573031,0.0007039706112454251,0.0012170345886445403,0.006571308539735453,0.000743156742315008,0.008810608290813808,0.009540729158611094,0.0019169216466252692,0.05389467517329368,0.026757348637453774,0.003910016044480444,0.015076336966806346,0.004280890902865555,0.016109419896868832,0.035914865555241704,0.007159673500897457,0.0038524912389610627,0.03158971842914374,0.005472833483850081,0.006375239506139353,0.0420956043425637,0.028201387539472003,0.021536436625620044,0.004210867662914097,0.01419298165850221,0.018876653808244253,0.05229459363754894,0.09385684244754826,0.029893674234044737,0.033583158786104135,0.004663156540372116,0.0038044354089009197,0.006666765077776897,0.0011223473879908852,0.00014846727010296346,0.0001782355432376128,5.887688525013713e-05,0.0004820924872319665,0.00030498260548483813,0.001278236599318916,0.00026534430744504787,0.0002480047208959341,0.00017183763176083295,0.00039080681526603,0.00019735172804358992,0.00044173810188397056,0.00012553996509527207,7.290451098511271e-05,0.001028516520524975,0.0011152347966951008,0.00020546026553347474,0.0004428769881663041,8.824914032723834e-05,7.708610633017088e-05,0.00037694936101752806,0.0002369898224969802,0.00015587117066691766,0.00028554099151453837,0.00034200342658247487,0.00025885418818121566,0.0002874692971225293,3.800464354024551e-05,4.2027775028448865e-05,0.00010481848487740666,0.00011789454830639963,0.00021843144922729975,5.321548860592884e-05,0.0005537748904102688,0.0003179496321536135
256000,0.0032474373830966114,0.004258626867710889,0.008284149419826766,0.0008462164254104629,0.001424691640255056,0.005313643637886604,0.0005786311411861055,0.009541106409397246,0.010077649374004148,0.0026896301060332917,0.06261888392507473,0.031320519308281995,0.0053549053246211824,0.013354633659356765,0.004770769075941965,0.018998822428936062,0.033923414939679444,0.005271813849538352,0.00832866589189507,0.0319983578689668,0.0062512737617313316,0.00609930239001447,0.04681247609046598,0.02860947204317199,0.02361109836431477,0.0026976784807629882,0.01725027067724964,0.015954166895577753,0.04497322367353584,0.08114125142732988,0.033249085517988226,0.03989766736720832,0.004533764200678329,0.002505135979189681,0.003909546526200656,0.0012117046398348716,0.00017538383005294715,0.00020927927388666748,5.250131260594111e-05,0.0004866993082259796,0.00018249004333338622,0.0011430652339186054,0.00024936107402027117,0.0003014617983640882,0.000199593771771776,0.0002592966251650556,0.00018341564735062108,0.0002555980343821318,0.00012433280254193615,8.026426332269858e-05,0.0008748961995444495,0.0009998521551703259,0.00019209472047805322,0.0003792627224226765,9.58897058839723e-05,7.823212226040513e-05,0.000436092936769289,0.0002626724864285279,0.00018456808123169644,0.0003323295894146073,0.0004378339816563918,0.0002583075084084725,0.00029037478555404015,3.785439653850657e-05,5.2545203895230465e-05,0.00010465352304421473,0.0001838944910040092,0.00022761882689563192,3.856265176693796e-05,0.0005179958563316819,0.0002890102441597264
257000,0.003217506986795736,0.004769305820917469,0.007895832493280372,0.000839592771192726,0.0015681888064505132,0.004378695370957887,0.0006301853722576315,0.007753015937815493,0.009621296044879503,0.0023948920916154748,0.048395901013497715,0.0210856104770579,0.004137230750833017,0.012853071804811683,0.005294951491529954,0.023431487453611528,0.028040916279851877,0.004388428531893635,0.006642585935229103,0.021049488424372004,0.004828565498435357,0.007750251694233157,0.033957337688965104,0.021106415379836107,0.022218682828159735,0.0029193681897595526,0.013512240536831468,0.011881457031752992,0.04145434568396441,0.08273891147039267,0.027006916844208414,0.032799132801861,0.003221818348182436,0.0026344817506892574,0.003833299035452203,0.0013990608864722681,0.00013087024311026223,0.0002104655576741524,5.118590902165157e-05,0.0004291913353426935,0.00023307633510652754,0.0016198041012103204,0.0002921522062024451,0.0003691208865252281,0.00012836604730756863,0.00024204411210827662,0.00024087058786511064,0.0005613057367472862,0.00018035520940884453,6.7021180629209e-05,0.0011712535038441274,0.0008898965612994895,0.0002403716569460812,0.00041550151643011246,0.00012493474254181915,8.876312718216055e-05,0.0005164959980922054,0.0002893741683465123,0.00018863298753836312,0.0003719719274298628,0.0006204301908534642,0.00030870409808059815,0.0003254487151867512,4.2936981729711464e-05,6.653957583087806e-05,9.739024063837742e-05,0.0002054873319658717,0.0002715927541183947,5.517997354331783e-05,0.0006147137126604588,0.00035236954645370135
258000,0.004130061894790521,0.0040320267518702034,0.0070232188736554235,0.0007557426015130029,0.001575074532860227,0.004855018692199208,0.000685657312700524,0.007267082648325538,0.01161182744030318,0.0018480485614418285,0.042588248936406246,0.028941117697685308,0.005571931726687278,0.011344071484982675,0.005802679683598827,0.021911943153099855,0.036552967364903974,0.006808352959858065,0.007496497684249854,0.03373250373571257,0.005859661672611065,0.007842009684541804,0.03296251100643228,0.022660985907229283,0.018558132884786502,0.003884120425209403,0.02214134877944264,0.015603666039775513,0.05703183919711805,0.0732248975480381,0.03297137731007145,0.03104679038425764,0.006277740829226821,0.004235259126458956,0.0035801706876049545,0.0008610474902265455,0.00016762184082165876,0.00012992847115872956,4.57857599310254e-05,0.0002621385937118248,0.0002075544946050518,0.0016021669616748113,0.0002337467029974505,0.00036301046357996373,0.00019032760944212083,0.0003341355886354742,0.0001895031895732277,0.00027588876661610584,0.00012971917234459585,5.869192632830659e-05,0.0008364589606396924,0.0006557617386230655,0.00015669787098886444,0.00029725222099600336,9.867810133763324e-05,6.95612294624549e-05,0.00029655817436060293,0.00022610282155710593,0.000115707919178476,0.00023066955671730775,0.0004073846286094825,0.00021005303610507092,0.00021435717622740345,4.072305534202052e-05,3.769071958635727e-05,9.88271461154283e-05,9.443549554686927e-05,0.00031030927972562584,4.165410848600004e-05,0.0003862170639701365,0.000250877279904671
259000,0.0038300750088514964,0.0035634627118404888,0.008144168784686675,0.0007304314556117438,0.0014150425378622595,0.005944388023635838,0.0005616474749947356,0.007221316575405402,0.010043578286593954,0.0015087325609783875,0.0373242282515958,0.018122650253227054,0.0036079076775367316,0.01514087067662882,0.004528969294230646,0.019092283791299753,0.0279042886040337,0.004536410876552727,0.004373962519041795,0.025080018475976733,0.004031506493073231,0.005278763804751309,0.03136791793163866,0.02555234201784818,0.017965278413265923,0.003305353713221848,0.014871197107503752,0.013934913048312106,0.04133261380758246,0.06430268242571226,0.019110924977382336,0.03264790147211617,0.0027852427764881982,0.0026199858606729366,0.003928589770415177,0.0008981420291027982,0.00016320826117216232,0.0001514601591142392,4.812703071869889e-05,0.00035519677828688145,0.0001889489982927637,0.0016537706724193413,0.00021393636880020494,0.0002480568848927521,0.00010662863790122701,0.0001605584481987015,0.00018522370823192383,0.0001328100087487627,0.00010824672546834399,6.021534541518618e-05,0.0009485389098105,0.0005705680784255188,0.00017865106628960347,0.0003058702213635041,7.894238794098532e-05,7.893685456524095e-05,0.0003060626758372476,0.000185355379272778,0.00012321982483677453,0.00027137574639849707,0.0004718320366009721,0.00022694169098197377,0.00024174460589131708,2.1487506228265727e-05,3.989363964744067e-05,0.00010267382982839117,0.00010431232840346638,0.00018881636046101432,4.005794217221137e-05,0.00048668536690747103,0.0002801489576086169
260000,0.0037632049929310894,0.005219905039498203,0.008543671545339748,0.0009042355120002937,0.0017548257814200088,0.011182768200212325,0.0007776395364456426,0.008687826675347477,0.012813468269875637,0.002070466405712068,0.0526510356772004,0.025765170470790785,0.004807351193228511,0.0092995235394152,0.005183905568104392,0.017457786882005166,0.025103849866094867,0.007908495255050402,0.007090635023944612,0.028726316618728258,0.004977958123025089,0.008078928226106135,0.037939183890509105,0.025987398006933896,0.018961338854130608,0.004186585755087435,0.018720292983743086,0.017702687157604185,0.03602737552719191,0.07648985156030845,0.026535435035669554,0.03626930765592708,0.0027678808941599387,0.0035049992311965176,0.004239889483263444,0.0013071176849734911,0.00024285234895303706,0.00022512911833804208,7.120428069564619e-05,0.0003992762945017603,0.00020397941676235937,0.002309502786374651,0.00019778438909270334,0.0002402196998182741,0.00015654428402501108,0.0002248056688082605,0.00020271378383241476,0.00021333990844141226,0.00017633937097837684,8.178491134458454e-05,0.001044394425651682,0.0008514275026148729,0.0001887928785436088,0.00032586685444714803,9.498472920689704e-05,9.789091034855863e-05,0.00043156679996700993,0.00021311076147867425,0.00017035746343986425,0.0003633675288606005,0.00041427739888604264,0.0002401184387278874,0.0002686943103240251,3.995190362123443e-05,5.607600713928049e-05,9.931217647289333e-05,0.00016028181094692888,0.00024811049089081395,6.008137799540236e-05,0.0005547894244741389,0.00033321284063276836
261000,0.003656763608420521,0.003385118856924776,0.007501652667997405,0.000663149916824925,0.001567367069099741,0.004685245481336356,0.0006788811885393619,0.0071824290151947506,0.009647983278481188,0.0014169482165016234,0.042812489866197144,0.020388497455862343,0.0034667294318999416,0.01075584950368383,0.0048704609986624054,0.020930951344780624,0.025546856523825618,0.004837988911173012,0.0054113389768255206,0.025159535930191244,0.003964258147045887,0.0061117899253336615,0.0311783868392619,0.019909990310043212,0.016210669969748577,0.0027154375682584943,0.013713556168111594,0.020604611869202927,0.040030261484378785,0.06180413886772106,0.025127488087552288,0.03194407896304396,0.0039521112024746025,0.002243435790702744,0.004179071530314913,0.0008960227248897874,0.00013749016081545195,0.00011765529879167761,3.219911677359664e-05,0.0003507723687903308,0.0001764395765415555,0.0017521650515845977,0.00013980854773762986,0.00015724723973682174,0.00010422064456418554,0.00025820931390886214,0.00014633578483494203,0.00012356896147114327,0.00010329167675089248,3.6894127519686165e-05,0.0009917059575225442,0.0006284422479438945,9.698819667391945e-05,0.0003201147167842743,7.195901046010288e-05,7.424550516465057e-05,0.000316339664269308,0.00020603375890004827,0.00011694750718207716,0.00024905170550762424,0.000303170878153954,0.00021645568170527597,0.00021070273023556015,2.0334255549568223e-05,3.161126632120512e-05,5.8971853302143966e-05,9.738126313355419e-05,0.00024230712214863423,3.064730829294149e-05,0.0004663598019607828,0.0002429738342470955
262000,0.0030616320648708074,0.002916486129699344,0.006087583028905404,0.0007300141500588954,0.001345787221251595,0.005169404006405135,0.0005238131104687777,0.0074069948312563945,0.008817228244488088,0.0015736422283225693,0.04963846778102581,0.017327234553611525,0.004148664029674943,0.012610399240794792,0.004543924311731055,0.013898281369620236,0.0283201781991617,0.0038521487549127115,0.006255756419704994,0.024261156781285535,0.0047975692813242155,0.005381450988677118,0.032032570185450214,0.021974171206875327,0.017788644299134685,0.0038161365082487464,0.016572232941492133,0.01221364891353005,0.03766285171424148,0.08740032893664677,0.020436089443198094,0.0349975276308564,0.0031758083791566184,0.002514713764423166,0.003432436335060629,0.0009236332052751095,0.00011969677715820868,0.00014465834043552275,5.654763191729677e-05,0.0003899812621739329,0.00016494154909467283,0.0014834510839136783,0.00018903884702012875,0.00026706928273549576,0.00017786052931114681,0.000256014539473069,0.00017657152980183653,0.00015211332578601855,0.00014894432701864922,7.497531011970501e-05,0.0010666520370145567,0.0007286364016181324,0.00019843352638417854,0.0003582382750562606,9.802849496642514e-05,5.6779081081582596e-05,0.0003289062506448846,0.0003479964302641747,0.00012303267159394536,0.00027720081486152663,0.0004195601175524644,0.00021780198077123557,0.00023410804865138575,4.877675236629501e-05,5.3077339746070924e-05,8.60330067674219e-05,0.00013644425286786697,0.00026982759868450365,3.983139887964171e-05,0.0005742584662355419,0.00028947208884346767
263000,0.00306825953685876,0.003615936740027758,0.0068681953513684375,0.000934245962553877,0.0014957028694730474,0.006612147958678959,0.00036594712290964035,0.007813777585254809,0.012332900487043717,0.0016974727386696031,0.05467283003137125,0.023259321921075903,0.003231919619738068,0.014198721482471505,0.004842238307452028,0.02030428963189479,0.03423775906620514,0.004326724510306869,0.0055694307853367975,0.03110500250872671,0.004200926710628804,0.005610962235420759,0.03956109349266626,0.02256123831533235,0.015184084606719099,0.0030712815234437583,0.018060372273951894,0.016568905374848935,0.04297314235334531,0.09652649794354089,0.02489742064945555,0.033497841266440585,0.0047104701178437396,0.0033353806963511254,0.007236288123951656,0.0010198375396807283,0.00011465819162176079,0.00014905680853354914,5.2293328828827397e-05,0.0003337334044317686,0.0001883805944089545,0.001281469943933189,0.0001721001251553389,0.00018199348943725405,0.00014504115137912633,0.00030465509329604047,0.00014506270367108524,0.00020080438441727466,0.00011355446409409305,5.409475736748639e-05,0.0008069288611855322,0.0005713271660473159,0.00019824289884127211,0.0002717688475782705,9.406952722201822e-05,5.875033331325209e-05,0.0003389063874179086,0.0002279140780956368,0.0001406861362782921,0.0002696888064047716,0.00043907159270020204,0.00022608463617509325,0.00017918010328483232,2.87719122242551e-05,3.404852031962946e-05,8.283288322035061e-05,8.876339091200083e-05,0.000266710061384306,3.970995977908842e-05,0.0005207609631595135,0.00027104064211016523
264000,0.0022490524744244868,0.0022611096741187524,0.003690259031524571,0.0004916799413877016,0.000839068117508034,0.002622388239355392,0.0002958165079374545,0.0051180008030867466,0.005719438884904741,0.0013237164512247546,0.03846273986171043,0.015116429489710623,0.0038546950734488555,0.0073677465398952445,0.002719270968437366,0.009794496868077355,0.02083692727995055,0.0034738001094974835,0.00553859809068464,0.016482532101969507,0.004010973251804619,0.003929480477836478,0.030364712098768603,0.012669599083650004,0.012531556347283417,0.0023378549609333276,0.013421261656190146,0.009446857513618548,0.03691065184881582,0.07552628870630983,0.016064804285318434,0.027064572786912322,0.003299106467610412,0.002306333572346904,0.0030512273242493393,0.0009175433387034511,0.00012439429893543332,0.000139170841562604,5.664085436814254e-05,0.00051988681173043,0.00017187546905974004,0.0021145135979168117,0.00015217964828480036,0.00017862586079038585,0.00011079731082310517,0.000270380438039654,0.00014881366625754628,0.00012150304717506444,0.00010475101181202326,4.1061304107808446e-05,0.0007985966767137143,0.0007000305219359385,0.00015840030155231944,0.0003008009403968071,7.860803319498042e-05,6.44829608104787e-05,0.0002661456275956137,0.000155268121119434,0.00012512868302868205,0.00027963344367050853,0.00037308013428022,0.00019188086724119375,0.00018818994081576184,2.3610162886372792e-05,2.9312478242597233e-05,5.882379327487514e-05,0.00012875328710444073,0.00023333195529478564,3.323073184446912e-05,0.0005301934361341409,0.00027299544890411196
265000,0.0032297047395381064,0.004731177652569453,0.00929003298127403,0.0008637843962787884,0.0016136943466082375,0.007130941805371549,0.0008184647808188709,0.00869574677092126,0.010212814828264527,0.0038539576780749485,0.054865002275709014,0.024603990617314202,0.0063086007316032365,0.012729950906677086,0.005713257750711123,0.01698165533525753,0.03981355882058865,0.00752128598602972,0.007907934711381261,0.033131598557107886,0.00611584070826701,0.010979293142099777,0.04472016198250155,0.025250493024577735,0.02209663062482529,0.0050153267104178665,0.019328006053452525,0.028519118478470773,0.05548044782309957,0.1106265564153399,0.03745609320118092,0.038981279239613705,0.003626646819349424,0.0033523648230901777,0.00835937508195962,0.001139572154508122,0.000126313987436788,0.00023193030533134746,4.988025570544625e-05,0.0003406851574254688,0.00017150984393160895,0.001287656483327737,0.00020546406703942922,0.00022314575588959422,0.0001194832458335632,0.00042695253510284406,0.00015795594309733323,0.00018855381343385602,0.00013814188815590097,5.8166097336321734e-05,0.000930431672839824,0.0007881035262471414,0.0001682371612332645,0.0003492000145602755,9.35835285982366e-05,5.356334242440591e-05,0.00034702790998214554,0.00019257300118624698,0.00012522813391216105,0.00032090309352777416,0.0003979663481004536,0.00023803437820715185,0.0002539277367077375,3.4830947128169896e-05,4.8326173479532976e-05,6.877642724909741e-05,0.0001417774224786886,0.0002861334953278614,3.498842673366198e-05,0.0004837573836795411,0.00032368342072004453
266000,0.00252516389362525,0.002908057297948593,0.007386775609726707,0.0007293685394800447,0.0011674009212491669,0.0059806509036986555,0.0005856692132730982,0.008988963629235514,0.008764958216707334,0.0025440746103413403,0.061101784891726296,0.021939958556342797,0.0037356870580521045,0.009515951802644518,0.003585095062183374,0.013397811049799202,0.032953995489801206,0.0040133304689875275,0.004217090861597431,0.02807885507378766,0.003832887559428855,0.005433916894617141,0.03681738319418704,0.02387505444554942,0.021110446222178687,0.0025258319219574332,0.014430044459151114,0.011107010745945445,0.03845704585204229,0.0951907283200736,0.026423285731434588,0.04131472471188037,0.002630825339611402,0.0028221449310665268,0.0038085330534158857,0.0008980096140476235,0.0001347490876535056,0.00022417942074587864,4.8221012359289195e-05,0.00028174494423183205,0.00020188488092862052,0.0014217930402082857,0.00016882005211300567,0.00027827644963077835,0.00014405532866045465,0.00036962934035642545,0.00015753285881321956,0.00019918359188686452,0.0001347287573927478,5.989398918741658e-05,0.0009807064437889214,0.0005826959674474589,0.00019973586186097236,0.00029511761371098574,8.399562986973063e-05,6.440498410401315e-05,0.00032322066990966576,0.00015928224439676342,0.0001304773597515426,0.00031151005837623064,0.0004248799390552449,0.00022997020653995468,0.00020622729816413657,2.7342139213254307e-05,4.211553611336664e-05,7.925325307685664e-05,0.00012431666644780698,0.0002975459545749096,3.259712229919387e-05,0.0005201384611158757,0.0003063709176785778
267000,0.0030589390312712027,0.0037153301840320368,0.00726446228994367,0.0008715268359502751,0.001704547778565858,0.0053411550829228615,0.0006267224007534687,0.008957133631423964,0.009642070992344135,0.001797483222617302,0.05567176363026338,0.03153777236485086,0.005613185295563501,0.011690234036657123,0.003971716134187505,0.014759518220065123,0.02915742781325597,0.004831512585353059,0.005216144896361844,0.032370704051015005,0.005739081373810852,0.008499272740534383,0.049452541375067084,0.023096801877727557,0.020235392954620894,0.003069146629422903,0.019275135292695443,0.014214699191370528,0.051428790849304816,0.09114951701638112,0.03733374908338495,0.032269688533583224,0.00425204944050305,0.003465467239398412,0.005878794839696234,0.0011187978402631416,0.0002060749050147742,0.00015591877937285145,4.5496788116216486e-05,0.000708536434672169,0.00017551345751328087,0.0010418295169074554,0.0002041376339548151,0.0002292956236440085,0.000151370906190239,0.00041759785803329965,0.0001501141608582258,0.00010925018803398245,0.0001406081197138786,6.026588190169687e-05,0.0009912173393646438,0.0007670924054157998,0.00016156765032064867,0.0003747547786903796,9.891123289858585e-05,8.492969676477846e-05,0.00029430530431181,0.00039272667936529615,0.00010902469174804234,0.00027287262632153913,0.0003106361612177958,0.00021687705020423148,0.00021940341014636,3.344137669070758e-05,3.4569443010291754e-05,9.791064375550176e-05,0.00013447586154922777,0.00024157054825754966,5.000474813243727e-05,0.00044618876311787285,0.00028230191273905805
268000,0.0031180622344116862,0.0031605201096411933,0.0068878796737408265,0.0008427736819262813,0.0016203056428925197,0.007592154721870819,0.0006130168140595244,0.008647321314663928,0.010923930877168782,0.0023573948892590124,0.04822338866228008,0.02514402780221013,0.004714647899769868,0.01584028697046354,0.005831273684773751,0.01709808619549828,0.029690776543637703,0.007007632693025295,0.0051146389066291575,0.032720378639617895,0.00448317249345634,0.007894455967289105,0.04483167038066313,0.017692531326974858,0.019027559256510503,0.0032715657143853605,0.015881365993719084,0.023770012874138047,0.0503907792544102,0.08466491633636554,0.025438124165909053,0.028943283833191693,0.004180576080207525,0.0027607237280726834,0.0038316999776321203,0.0009175567767150434,9.667942806931693e-05,0.00015832408127442415,3.593632774925892e-05,0.00019687831041892423,0.000126265490725347,0.0009790624826564454,0.0002264040852423932,0.00018045957570297775,0.00010455044490108297,0.00039336494208928993,0.00017130904828327562,0.0001329996700913938,0.00011295380195092705,4.750190675457072e-05,0.0009915712582964122,0.0006185171908631067,0.0001584946698130807,0.00037497238404006456,7.760541707911812e-05,5.9627252581280615e-05,0.0003300571003565374,0.00021069678382446,0.00012712413950074128,0.00025590613612131656,0.0003905153676896589,0.000209376414117194,0.00025453237571195197,2.9747715638046708e-05,3.917003414244391e-05,6.853514046329051e-05,0.00010070365052732606,0.00023956124302289497,4.202169125733235e-05,0.00040794843547731593,0.0002768867343547754
269000,0.002672584951412589,0.002977877369159143,0.005921036237850785,0.0006555125526714479,0.0009668598359445541,0.004039187136576012,0.0005140882848712452,0.00583792270196022,0.009447109556040693,0.0017835116050264332,0.04616657214635914,0.02734018514139762,0.0038163214040017037,0.008059427159175604,0.003275366936898482,0.012257460391386607,0.023830616262655115,0.004624649393077516,0.0038391774547302964,0.021223840474995086,0.005178321671494884,0.006008224454814938,0.034742367666525144,0.02034474254505767,0.018359572203374388,0.002978918305598199,0.016696532636892185,0.013968974498311582,0.04194499826031354,0.07936355485587902,0.0217270873975455,0.03430068591842428,0.00400230988844459,0.003407987486985634,0.005789454663398728,0.000986210776545704,0.00016307493666844444,0.0001762367101863757,3.745275991155744e-05,0.0005247348902912563,0.0001992332521540254,0.0013362141871766653,0.00028632815192395353,0.0002529229774321912,0.00013768808577974836,0.0005176755214116773,0.00019442277897795926,0.00015677863746788034,0.00013347472071245647,7.269245625965678e-05,0.0009248928046382878,0.0008794096023242067,0.00015629628433089238,0.000376247552204794,0.00011460195783629075,0.00010746537391655279,0.00036884820915914927,0.0002287409236032545,0.00012698144966331407,0.0002905003149582906,0.0003787385457447575,0.00024155595763546757,0.00025301543541900173,3.507661733590237e-05,5.0664443228419666e-05,8.694904945602868e-05,0.00010415732140245382,0.0002499090183381587,7.158940628926302e-05,0.0005003292365113377,0.00028654868219746277
270000,0.003559641911234959,0.004537835227286753,0.004480422173704331,0.0008353344794159057,0.0013213570954219535,0.004672629090886663,0.0007865720545968572,0.006639654732234525,0.008580325152954312,0.0018531907808210235,0.04375826407933211,0.02557095492853496,0.004259632970030053,0.011658399913165229,0.004454652202056262,0.017665580187895102,0.01911248646107803,0.007830890418690499,0.0047365317810285235,0.02433555681166278,0.0038167715551148482,0.006588829221560185,0.03517617394177554,0.019632152028316342,0.016612546554131854,0.0030958193354308607,0.013134902969172359,0.016512805334362685,0.04020615669159109,0.07234238483238921,0.02166236755326584,0.031850371816500016,0.004349438762425542,0.002932315424744914,0.008827631357538243,0.0007248538291670619,7.94807674717384e-05,0.00012590308390578932,2.7227430795863323e-05,0.0002255344092532141,0.00012646679478011527,0.0013277014149934985,0.00015140095174501767,0.00021344571094136642,0.00010116675907978022,0.00012606417619939034,0.00013712890271714664,8.435410469687099e-05,8.413471255839168e-05,4.30473705405761e-05,0.0008570395801563371,0.000551782328329864,0.00011057875990445609,0.0002953137427724943,7.867833119235002e-05,4.333891921636347e-05,0.00032954776507497345,0.0001924989647932307,6.864344435244775e-05,0.00020849329417755005,0.00033216470419574764,0.00016629733069473249,0.00019784465335019545,1.9226040751721132e-05,2.9178619267137645e-05,4.651686456976937e-05,7.899192678451072e-05,0.00017563849401461363,3.651762061451791e-05,0.0004076768318707825,0.0002367372035223525
271000,0.002672515391266741,0.004101078059412194,0.006204063703383629,0.0007426038940068863,0.0013853617722044782,0.006200011697468913,0.0006706076527103916,0.00811270092512417,0.011476478756868587,0.002174405748519348,0.05002549782835154,0.023471542773528867,0.0042838204822284315,0.014688845461243931,0.00572117983668731,0.017603029096790124,0.03705478272084812,0.005263253093013375,0.005552688474251356,0.03011424005861045,0.005863923510679132,0.008956266432733173,0.04329021719361966,0.02750351102974188,0.023815489968650842,0.0035476206801831724,0.01896724982928192,0.016698231772655465,0.03724802931058494,0.09192299879143848,0.022400455907239422,0.034856736934251294,0.002525316742409044,0.0027304997343720926,0.004391635304879553,0.0010737104776775855,0.00011453931767397607,0.00015237901929636294,2.91788517927901e-05,0.00035324985765328165,0.00016120619594122662,0.0012034386600134894,0.00025900928940245647,0.0002679719224081629,0.00018931822575101058,0.00023389261786032226,0.00013892174701611606,0.0001237935141160662,0.00014095359653632338,5.1938498142011334e-05,0.0007452700159984278,0.0009384998826741745,0.0001296696080316906,0.0003256144398211309,0.00010183109328675622,6.54302485930781e-05,0.0003389101416800141,0.00027974529075436294,0.00010425638524540975,0.00025385564402733086,0.00038720783098445587,0.00019784019841559926,0.00021212776923002147,3.9929792681480625e-05,3.8521075314040194e-05,7.523891097414229e-05,0.00012004918789898511,0.00023860425023193262,2.694052229657018e-05,0.00045652025619347114,0.0002360476504691178
272000,0.003189425777777246,0.0040067871973237575,0.006187900435179472,0.0006776504437416756,0.0013097989151360765,0.005310716837162285,0.0006104108808739834,0.00886250845438803,0.007066553537415415,0.0020953491457476048,0.04021169718485728,0.012433968356046944,0.003442719581388784,0.011530188499047214,0.0047397925819763365,0.016850246015868226,0.029219329784674692,0.006665587241214676,0.005928567526487833,0.02648144389638522,0.004600241881429121,0.006614379136083569,0.03832708421085651,0.019132307743105533,0.014387701324021835,0.002581992675550282,0.014195783059612437,0.017605517799665904,0.04872306978761438,0.09892096212206525,0.02549621097180837,0.03500925546261267,0.004020244163943796,0.002883353211113582,0.004087656965162346,0.00134888481735678,0.00012483008361647606,0.00020106844236910217,4.262402000994732e-05,0.0002603450255946882,0.00014927111717642742,0.001536147712613456,0.0002808883424222586,0.00028772196980609904,0.0001247138761276514,0.0003122990196361895,0.00020057904190420422,0.00012437357304229124,0.00016369837401133863,5.807900358625127e-05,0.000998902851245895,0.0008577518125700104,0.0001734626483084867,0.00041957500970780454,9.784347548702499e-05,9.416201365556017e-05,0.0003687306443778222,0.0002506626200329265,0.0001578773119616825,0.0003158967863642969,0.00029718172966871254,0.00027148207037411244,0.00028000223787953644,3.425107450840261e-05,5.074595557946143e-05,6.85833419402706e-05,9.681206938694231e-05,0.00023518014257714156,3.563423500452245e-05,0.0005604002481279259,0.00031830456864554433
273000,0.0033142797774908597,0.0037825873118385468,0.006077922094846144,0.0008102897366580482,0.001454125105899234,0.005487482549402297,0.0006234631136903185,0.008326729785895784,0.009498041220928215,0.0021700400357076433,0.04386800732413295,0.021916195877677135,0.00401937866549953,0.01492266456735899,0.005329176993430284,0.020339509118154336,0.027563492700123572,0.00550923003524813,0.005631762005837767,0.029414220265559076,0.005750234341674234,0.00514223893631944,0.042402859003438306,0.022065502720094325,0.023185577480843576,0.002369276387616992,0.014175495432585106,0.01352376203097568,0.04294654160313418,0.08335921913854807,0.026772467748572427,0.03477608406459554,0.003705472395219763,0.0031293874243876712,0.004276703528173837,0.0015020565760031396,0.0001879845572237795,0.00016612636376190824,5.146676437424865e-05,0.00033056895051686297,0.0002015828686513061,0.0013274057928356342,0.00024236640697381518,0.0002939261550253784,0.0001722363327979493,0.0003675585686494287,0.0001710825474634603,0.00015962031396909993,0.00015486523887312645,6.855563721976729e-05,0.0009753481862249968,0.0009203913459714386,0.00014362534129759298,0.00034374641901584776,9.835692995254468e-05,6.164950367416499e-05,0.000345296060180361,0.00022649333345725609,0.000129409979106438,0.0002463268964115391,0.00032852845815796173,0.00023237261178205552,0.00024091680887539514,4.6656429606275754e-05,5.05084795400358e-05,9.214040153437963e-05,0.00011815628139239769,0.00028289484217729693,2.888912014498146e-05,0.000540365912430014,0.00027651873460854404
274000,0.0035307784114839043,0.0038704139606798656,0.007666166580747813,0.0008204521326031401,0.0013717712023622603,0.005750411242583401,0.0005520970719683851,0.007968313620164967,0.011563754373675024,0.0020015685113321524,0.055177601033111714,0.021870653899199802,0.0043840064335558,0.010305911193068878,0.00437675590710569,0.020021186958426068,0.034366575675968694,0.005834367008521693,0.00559168411252488,0.03356024901911345,0.005042400001611195,0.00722331029614257,0.041799006319294375,0.029728243985421916,0.02350936966883767,0.004273974196985364,0.015817550260325584,0.019035525100813782,0.05946524470654207,0.1009746873561169,0.024326230754389448,0.03648778617319364,0.0052718547707378055,0.004838515054194262,0.01214366327783662,0.0009982361178962102,0.00017026817360039402,0.00016343206632220907,4.2048170097400704e-05,0.0003344265488749443,0.00019766564574720565,0.001730222826154204,0.00019116549174214015,0.00027176203629527374,0.00019601532866497445,0.00042958466848728804,0.00016019286798190909,0.0001240290389716847,0.00011504034933821082,5.98158398629907e-05,0.0009846566623624453,0.0005594501083881672,0.00013116500094838556,0.0002751910895739809,9.938365670238673e-05,7.731573050891298e-05,0.0002466429033824346,0.0001906025443076942,0.00015087869412708541,0.00021679732541927547,0.0003293150825508443,0.00022209594341328278,0.0002180686417558617,2.3283591074457717e-05,4.3219644592479905e-05,6.31973233256841e-05,0.00011480012134208144,0.00032816900224337395,4.3492041783110835e-05,0.00048648567726482695,0.00025346858565171714
275000,0.0030749899764044596,0.003844204058016961,0.007558903385264178,0.0008102080575974049,0.0012526228956055174,0.006689856020394862,0.0006800583536929598,0.0071600496498029,0.011699965928954366,0.001907923196995398,0.04384496902513755,0.0238019365897808,0.0036863654933051403,0.009967651485980738,0.0037869978022653785,0.016627982977903837,0.0312985284086348,0.0058762838049420405,0.006167723758803082,0.029611897776727954,0.004468784653909097,0.007196330722763378,0.035176684046164156,0.024886443183155884,0.01808290253768699,0.003768611466512084,0.015298856273107635,0.015985919185519986,0.04741379430188852,0.08687103001354826,0.024507308263758507,0.033760237959750854,0.005751630523897907,0.005291742124533156,0.005800740069389576,0.0012651692133788725,0.00014994479244322925,0.000264327917813551,4.782595481694706e-05,0.00028533569820865523,0.0001954040623491466,0.002896985643019434,0.000267057196379028,0.0003095503849228982,0.00016420722202766276,0.0002821347260355164,0.00019477163727132344,0.0002909589273389912,0.0001737432366145844,6.194714966444404e-05,0.001202284728473247,0.000811346634994455,0.00018758362693915842,0.00047679589541224475,0.00011674076429322856,9.906327487773193e-05,0.00035774653957970816,0.0002044909879828083,0.00016104453562901553,0.0003415235027764888,0.0005923685053251877,0.0002630751106521138,0.0003225271101891175,3.888976243410775e-05,3.94158212455093e-05,7.457066591653872e-05,0.00014675891829288697,0.00031106589273488885,2.3072739352869576e-05,0.0006275151354584676,0.00032423161828774025
276000,0.002913384941682641,0.003491555994885318,0.006936554680578411,0.0009240160545092434,0.0015783561497692408,0.003991047999339311,0.000909257289153644,0.008389440123317079,0.010220657190385984,0.0020377736473164987,0.05635481473399085,0.023445115891931614,0.004847860877458571,0.015523667073218596,0.004597230955037316,0.01731934576491767,0.029750238765354015,0.007964707925013867,0.006166477678302077,0.024546073759750774,0.00496813959859817,0.007108372471390924,0.041026655210492514,0.02248125466685451,0.020689719852574246,0.0024786901893094184,0.014587108497703265,0.02154704389674104,0.05209376487079734,0.09015478248259187,0.027049595284382423,0.030274643693701364,0.006254692020429677,0.004218539420794831,0.0052097064645850975,0.0016846258312658133,0.0001959538569406648,0.0002297776138882248,5.4046450834475875e-05,0.00036154923441245046,0.0002892564097276184,0.0026949064231303055,0.00038938662155487693,0.0003503401584997559,0.0002485251570760738,0.00043921906071448446,0.000232532794235228,0.0003057801516668235,0.00015261363157919575,9.685816332256019e-05,0.0010976952515962834,0.0008485828069145404,0.00026199556505162035,0.0004969598529506973,0.00012425020561530455,0.00012336077377933015,0.0004781670490027404,0.00019315991659141218,0.0002234591173014956,0.00043095087001767334,0.0005683276584022678,0.00035074556165586875,0.00033373625422394035,5.518075921897049e-05,6.365418206163061e-05,0.00015010593995895476,0.00019026854507891194,0.0003240165902320035,4.013654358914209e-05,0.0007929602027868269,0.00036049108166480437
277000,0.003542269066398345,0.004507574696887146,0.005377014769085993,0.000793876084222015,0.0012658295084903225,0.004667525146942353,0.0006998166239305471,0.007885106010065762,0.0083903747158326,0.0015969679407135118,0.04159217093295826,0.02205904196375277,0.00368939946091621,0.00921566253504297,0.003608093868345296,0.019439146910978405,0.02308851280776296,0.005322166069600837,0.005710168428777251,0.021068073693313635,0.004047481651874617,0.004789396484803936,0.03968710165626059,0.020374377842987693,0.020827344913644963,0.004082681983709336,0.01263914249650424,0.012171784410080969,0.04711902274935068,0.08460467298678967,0.023822050345649284,0.032659025841544814,0.0038099926588170793,0.0035806995638690857,0.005721904472617704,0.0012609699343296857,0.00011345357880767743,0.00011732331629652684,3.733840318441746e-05,0.0004265086075747604,0.00015876443035993246,0.0011962519893131685,0.0001724792923141649,0.00026951764041433836,0.00016494240878129953,0.0002398803017935539,0.00015447254683047568,0.00011434045759539657,0.00010658571884230947,3.730056871311469e-05,0.0010362911310494382,0.0005108863579152967,0.00014059998702578013,0.0003430533208896178,8.556224418435735e-05,4.418792264004878e-05,0.000300167817156136,0.00012460824842719376,8.344121632338404e-05,0.00023452983087526473,0.00040228122228048356,0.0001992738593768443,0.0002192303535913972,3.135850874866617e-05,3.382966214202396e-05,6.034867510237887e-05,9.069647135869932e-05,0.00034012570065117086,3.7957283552714216e-05,0.0004944746537790599,0.0002736363741860259
278000,0.003265078162970698,0.004553942726084238,0.007578569745722537,0.0007675458515642766,0.0015482935027360822,0.00643373037434815,0.0006259736997274177,0.00945432222957321,0.013566305016370912,0.0017000186180666788,0.04928464000131274,0.02072684675674597,0.004510387684797134,0.014058282082604626,0.005473716745173614,0.02400083593117112,0.0433584343760837,0.005638390809335875,0.006800806884712074,0.031477536943469504,0.0063332676522455025,0.008934483405417788,0.04604211146943271,0.02370959967787106,0.02148575353737489,0.003728814097121358,0.022812682085923224,0.024208035796618788,0.05092343501506976,0.09446360094725312,0.021363695684218934,0.02974407738544799,0.004222125040699281,0.004354813425168178,0.003171364594082762,0.0011350501335657878,0.00012257529714899742,0.00017655048999255416,4.354654924461638e-05,0.00038135911006520473,0.00018321590150759568,0.001434620269719744,0.00018289306808583206,0.000297679142357466,0.00018574640378957204,0.0003810961535062266,0.0001849643602311022,0.00013956353548216782,0.00015070596087157198,5.669947764049125e-05,0.001069013651277391,0.0009962340751978143,0.0002313079343366553,0.0004130134826408146,0.00012223382255515075,7.02055758665665e-05,0.00041425226895968394,0.00029091601686559443,0.0001271302439375985,0.00028942905924290806,0.00043181107236402264,0.0002587840430343872,0.0002772369238536393,4.3944779739880734e-05,4.5004828886400596e-05,9.264275187855933e-05,0.0001310181594037983,0.00032970570381664745,3.62042747994451e-05,0.0005637977220820696,0.0002963316272143857
279000,0.00319080015282993,0.0035859653828622497,0.00856332911644131,0.0007252204117321525,0.0013817463981398805,0.005889369027240069,0.0006641118696338268,0.008379397312477095,0.010657901278459059,0.001949397636053618,0.05253330652995817,0.022855222199296452,0.003558249995959076,0.010609079473934717,0.0046207677806652265,0.01795267367560882,0.03082149237464667,0.005629357195141006,0.0046385648976346215,0.0242772649639907,0.005334383678644791,0.007674153192023628,0.038089484164180856,0.021115123643782378,0.02044421273699083,0.0027584748342633246,0.018570157699074233,0.018980712059298337,0.040568606936550865,0.0940812716820097,0.020611041180187993,0.03521958909382542,0.003403924918236848,0.004061904927322419,0.006090044398054791,0.0011043581572494077,0.00012924882033578462,0.0001107300831377374,4.1585321425197645e-05,0.00024231892035686542,0.00020501636938564496,0.0011261628387728706,0.00019729460759663198,0.0002559149865981836,0.00013852405518742958,0.0004393722775351502,0.00016064605127715032,0.0001251046412233947,9.377559255512849e-05,4.0012812116236255e-05,0.0008111554489075318,0.0006091850940113849,0.00012141729657741963,0.0003114828819907787,7.069975454841966e-05,5.065335095754232e-05,0.00028548588518602353,0.00022047232452848675,7.603964505480892e-05,0.00020927991448703464,0.0003401035780067711,0.00018169176482366135,0.00017857855114353124,3.454922192746823e-05,2.274427055858218e-05,8.280240982818308e-05,8.067707040027017e-05,0.00024249487023438626,3.5267296986774e-05,0.0004250812960416617,0.00024439052504021674
280000,0.0024929928800407355,0.003078470564678018,0.0065251458921314525,0.0008123267236442189,0.0011891300915360975,0.0030217408750883934,0.00047190543282780593,0.006554102627691749,0.008054659751503062,0.0014233732399588916,0.03694184382433894,0.016320011261471763,0.004582990231662707,0.011275062547886619,0.0039011941287325873,0.011372656808513662,0.028171148209540184,0.004766949634450853,0.007175696130226632,0.028153150616174873,0.004684218650721469,0.007303113663380957,0.03360774037078954,0.018315634977079755,0.01534542613479148,0.0037559877848252652,0.016401678944356672,0.013861944333408852,0.041873198387432184,0.07522803030447141,0.021273913582748112,0.027539997216081247,0.0039085087829103205,0.003574133501176622,0.0047447176819130415,0.0009360069203531955,9.483869263698053e-05,0.0001630109713088049,3.0539708673296193e-05,0.0002796716385091713,0.00014793302348346303,0.0012653415215027053,0.00016568091614317383,0.0002457485381671033,0.00010619882593920538,0.00030599526376318766,0.00018487854709036853,0.00016031485346656993,9.639800955953652e-05,4.7161093996030765e-05,0.0009026856617030996,0.0005655320649869585,0.00012442097959137756,0.0003778781895989039,6.912479799556704e-05,4.875245159300076e-05,0.0003320110279488016,0.00026484199197085445,9.948796543489557e-05,0.00023797518220257749,0.00043656924505436714,0.00022684725369343737,0.0002308220647322472,2.181482205652083e-05,3.865676272754273e-05,8.846139993923541e-05,0.00013506626886997504,0.00019572014540155777,2.5046415075280493e-05,0.0005204584082827498,0.00027402675223129334
281000,0.0034296659548852257,0.004137157262313714,0.005688142662014191,0.000685012221135996,0.001178306057192481,0.003204802947688482,0.0006170355880370944,0.006108830587561219,0.010968638475016541,0.0019545121940609533,0.046891069587285596,0.02237876161194547,0.004776230828032236,0.010562345435077574,0.00472212541689634,0.019679163429827895,0.03174973403578666,0.005814598333915766,0.005578620700232152,0.02582215158404627,0.0051635965911198305,0.006502199791741857,0.04201678084714028,0.022149398772550438,0.021600084533842857,0.003643461165484041,0.016141232258264387,0.02099772941134385,0.04534697227988063,0.09073526379277962,0.024690099029685372,0.03290957619677871,0.005739276657436676,0.0034002745876848144,0.006348091766994912,0.001021305458445048,0.0001126676170689447,0.0001654008822449462,3.954645412622666e-05,0.00018138608641038445,0.0001825698367432043,0.001418459174601594,0.0001937568385983468,0.00027948079703396376,0.00011255437594914647,0.00029315343032233646,0.0001778531924351387,9.697233234184921e-05,0.0001030053968108781,4.070930369628265e-05,0.0008292294451796177,0.0006223783487560771,0.00013808768653689185,0.0003184508046077247,8.501234617205197e-05,5.838502562999731e-05,0.00031499540270282697,0.0001522361064019151,0.00010497344222118145,0.0002674648749444504,0.0002397578491581953,0.0002277224274189271,0.00022005251585394744,2.8692508307940114e-05,4.301135918972755e-05,6.574353066794588e-05,8.221834871489721e-05,0.000247679123921372,2.8133792611129138e-05,0.00047347047464947015,0.00027441862112027594
282000,0.003183656968856765,0.0031897406270555047,0.004424221323764262,0.0007585785201137277,0.001306840981151599,0.003673888472414027,0.0005448330930558739,0.006539413761000854,0.007875821283447939,0.0018634761072462425,0.03593602881903033,0.018721750211421303,0.004238897159776763,0.009397446015031384,0.004065482269010425,0.013107139354360697,0.027244199381173183,0.005617345345451178,0.005587729928915256,0.02383920781692723,0.004693195090110819,0.008078826455792816,0.03173016063442143,0.020920729840812176,0.01632576040460013,0.0022222045925445856,0.020288366418423808,0.019203454319873952,0.03828315369096612,0.08061473850096762,0.01981258461775724,0.02614156473114585,0.0040838800783634405,0.00376891256763524,0.005542881500231387,0.0010491868140434235,9.529362933179934e-05,0.00019045629989539685,3.298734701954334e-05,0.000264033128473784,0.00017126647533083822,0.0015741080496809445,0.00021151707801436714,0.0002542384673736371,0.00012023307669407682,0.0003785484591657808,0.0001727349444901225,0.0002470841974355764,0.00011710388418091968,4.9896491046555724e-05,0.0009200611885507198,0.0005487038958259897,0.00015848677958274493,0.00038938105383434107,7.643562539356183e-05,8.333719642905635e-05,0.0003025195671535164,0.00022579320250315504,0.0001414369089110955,0.0003073512937939645,0.0003848625434936063,0.00023593751675233057,0.0002621879952534477,2.7096803171081922e-05,4.183950709880769e-05,7.042935331727759e-05,0.0001358298153978207,0.00027873323300573176,2.3677785733866585e-05,0.0005290579699302564,0.00025566915210220034
283000,0.0026021762794059483,0.00309693583349818,0.004071736824698746,0.0008081260469015643,0.0014234665282349887,0.004488821438176923,0.0005571450125620275,0.008308961329449256,0.007240965297972287,0.0013477167558448855,0.03303592508620321,0.022164047278943607,0.0041533749935104315,0.011430848691733527,0.0037114316823135597,0.01102917250985532,0.021027714810597467,0.004824689902214899,0.004693216973724442,0.021948975460763905,0.00441741588266408,0.00709648623468898,0.03733262827154249,0.02308733659677576,0.012780972898846292,0.003251505468506366,0.017773489094609782,0.013771263622705495,0.03345773969092133,0.06690567083334768,0.018425443328063316,0.023559078473996263,0.002248155567813753,0.003216500301912378,0.005046621589927882,0.0008755226349421719,0.00014324186746774247,0.00012616447665178302,3.873194581424889e-05,0.00021561588170015966,0.00021685674052237795,0.0010980849619954824,0.00018858397661460912,0.00024963290936858885,0.0001507299931721431,0.00037588346503168523,0.00018199633131699922,0.00020186341165118193,0.0001293304222866121,4.6928571299014784e-05,0.0008164619848615145,0.0006254368126974441,0.00016185872373171152,0.0002865975038359317,0.00010858034039333218,5.770568988985112e-05,0.00030603303043447936,0.00021149301232981088,0.00010689801362989076,0.00025656871734659384,0.00044263405028080645,0.00018579400932655703,0.00021903886924216445,3.7377623889902303e-05,3.063017013321062e-05,7.346408778199451e-05,0.00012076024436932389,0.0002692580117672877,2.9470542763476715e-05,0.0003657883947068642,0.00022650725150015206
284000,0.0027429570681232617,0.0030076750357424047,0.005684525317822893,0.0007574986873246066,0.001113914292050773,0.00471949475727992,0.0004527160387639132,0.008452670547472629,0.009380304397462721,0.0016192090333788656,0.03936724805482951,0.019640372447574175,0.003181142209514016,0.008842396368119367,0.004042424175713677,0.016375144361518323,0.024622600343978514,0.0039301221045264624,0.0056967063158351395,0.020107382567900154,0.004156816540300777,0.00617267969430811,0.034104388313523186,0.027555421890186456,0.01834101578210793,0.0024372382438741626,0.01747413924052551,0.011584038774041497,0.03326969374731347,0.08513730317563092,0.01568713719510318,0.031732373723151304,0.0029259962072956114,0.002464102443153997,0.005245107294386899,0.0011272966218842026,0.00010489931777388655,0.00018117226434035481,3.2327590903501494e-05,0.0003156036614200275,0.0002008326151781148,0.0016003756682039239,0.000329417137800192,0.00031223854339738243,0.00014685466257297346,0.0004477075639816316,0.00020169990783782405,0.00017041972440878794,0.00013121418896256225,6.849776094565063e-05,0.0009526873835196826,0.0009099340071164382,0.00015591067112836755,0.00038826133410965464,9.839890766482407e-05,6.357150112473226e-05,0.0003889677452124126,0.0001987462425177,0.00014531313251432544,0.0002595327197503558,0.0005078093648383705,0.00032046163265496495,0.00027396888843348415,2.7968896594208122e-05,4.604467469309586e-05,0.00010127809033387072,0.00014709065622550303,0.0002657121536864976,4.0260220231402855e-05,0.0005314735158246564,0.0003127748659608187
285000,0.0032313872569018813,0.004138920703553595,0.007307902376245086,0.0008849905267897366,0.0013614755961141414,0.004811101155740159,0.0005880946324403398,0.008772668701389121,0.010905294512425986,0.0019333115633344278,0.04579502033852299,0.03192734861735219,0.005980119193819436,0.01305261633842747,0.005499963458029978,0.016850608792689552,0.026772204396755633,0.004266399224480331,0.007360604992884744,0.02735895228945689,0.005221681826644551,0.008061957534989363,0.043141113816915704,0.03226218055957967,0.0165150189742336,0.004309215070679784,0.020355633477731404,0.017402650993972202,0.043067075191271106,0.08364898939790662,0.020261747417146883,0.03179836438413566,0.0063911699740078105,0.004329345494709763,0.006052286378690042,0.0009733716273590939,0.00017907683808229385,0.00022646839732425923,5.203719214784859e-05,0.0003961629143987011,0.00019405229947570913,0.0012712506468233187,0.0003776419263886055,0.00029245084703545315,0.00021663899102637322,0.0004007033371786,0.00018347059209358312,0.0003320117429144176,0.0001356975398156747,6.302649444478448e-05,0.0008134457540668686,0.0008945695156702035,0.00017318054260613281,0.00035281169328634263,0.00011058276692798747,7.132785274486444e-05,0.00033935466576768967,0.00017916350725499797,0.0001303367138992447,0.00026749000303775223,0.00034104178424361936,0.00023482772512432995,0.0002254055083102247,3.5585877548008875e-05,4.544596049527172e-05,8.458040687483762e-05,0.00012992656541298077,0.00027237496819765283,3.395005494155612e-05,0.0004601760563734594,0.0002751658950728597
286000,0.003021631630700368,0.0036161682898333916,0.0065993425766161335,0.0007328348688203663,0.0012781326024219484,0.003167381241707647,0.0004731762274610857,0.006745478753538348,0.00776109545223001,0.001534814542537788,0.03552131162139653,0.016769974986197426,0.0042121877032155735,0.006942549119202974,0.003399586856507727,0.013346990184497068,0.02336686342615784,0.0033282583958507647,0.004381816331130851,0.021126740154383393,0.003528718548976975,0.0074028817575059035,0.032627959963089474,0.02361699689863599,0.014342185201091944,0.002624829183332622,0.015291445807536679,0.01261316341727555,0.027170453818603967,0.07810967817121925,0.02052306817735977,0.0267380298005614,0.002005682575643802,0.002406692851235316,0.0027200615400538985,0.000659072106275614,9.668292585729432e-05,0.00011531126913475667,3.103270133107733e-05,0.0003037168802393353,0.00011557557663425231,0.0009526356770948041,0.00019014893496205332,0.0001784128834467418,0.00012420138480975814,0.00026530081596141437,0.0001151974285532656,0.0002134906512791801,9.498094522380849e-05,4.615732363659349e-05,0.0005874022833687867,0.00043731350539625663,0.00011263161495662643,0.0002411224734120823,5.5321758752362604e-05,4.4995084987352705e-05,0.00021819947673193187,0.00014789736246711982,9.719295617098093e-05,0.00019737869813000612,0.0003786171474227255,0.0001758497219628357,0.00016473358756162202,2.78265444048966e-05,3.906991090237474e-05,6.015293671556389e-05,7.566529906658357e-05,0.00014617241004306756,3.451414809774178e-05,0.00033784880415318064,0.000184954332326015
287000,0.0032414486646499623,0.004172592751543831,0.008892875319967667,0.0008520069419319043,0.0016128657784226757,0.005259514020248649,0.0006948089693827158,0.008723384843167379,0.013617450269193105,0.0028371931875881273,0.05343830894734883,0.02951534569669724,0.005707290402797023,0.014981657045471806,0.006188705971041653,0.02627863970216519,0.037118450966296394,0.005034981134105945,0.006405097072794368,0.029492726674167594,0.006092901317927394,0.008006959017880686,0.03666476372707014,0.02599347855405843,0.02351217268612042,0.0040594465797767045,0.02318691309108823,0.019495123747219623,0.04367060030139435,0.10078698695724597,0.02653867890922508,0.03457108347300583,0.005280001867318491,0.003159983766868949,0.006608283326285245,0.0009885340445440047,0.00015051895212087927,0.00012061650481469273,3.835074393332817e-05,0.00023202657246201852,0.00020483953478995975,0.0009731323461892316,0.00016688142295606667,0.00028690768917122593,0.0001487039739482785,0.00013914465714890412,0.00016462978361799112,0.0001998166431658177,0.00013379499297382704,3.8838864508182844e-05,0.0008336958247092788,0.0005091429981500065,0.0001435788836715801,0.00027063539833501897,9.696814904286996e-05,4.197474477636702e-05,0.00026831798107596896,0.00010115819932821069,9.137373326161146e-05,0.0002495345774150337,0.00034567793991300275,0.00019024618748172514,0.00016896328102794305,3.337252199063588e-05,2.4107284136536895e-05,5.6240370344749425e-05,6.102528810255795e-05,0.00019701275645281436,2.2010092393998093e-05,0.00036380174769721574,0.00023639107021153905
288000,0.0028341536097630867,0.0030946513789887023,0.006321347861861189,0.0007941684092097253,0.001191672829630574,0.005102944757839266,0.0004856083078999701,0.006095247349245862,0.007848031581097184,0.001339386322797509,0.045881257741712034,0.01424582795575867,0.0038654376963456866,0.01198328307189954,0.0037440361796196907,0.01804590693609498,0.026498135303925318,0.0052297248212543985,0.005097142638987862,0.028219820680872847,0.004978337855085941,0.00904457426681152,0.03439307940968623,0.02188287489401167,0.0166785407767863,0.002383677172474563,0.015420212878725139,0.016374154253450495,0.03932491688653553,0.07726606617061113,0.01980579690852513,0.030314411479943935,0.0031900812693510697,0.003972271761381836,0.00474386902432242,0.0009571338913311982,0.00012923040565594515,0.0001770809644354317,5.070808326736259e-05,0.00031850708035108255,0.0001907936146893762,0.0014232448884285986,0.00019566482378650108,0.0002498710272400211,0.000142747897691726,0.00028622713546967916,0.0001672097625224093,0.0001584395240987746,0.00013786782090486165,5.824881463922793e-05,0.0009398701673000268,0.0008471889073007333,0.00018359148252784508,0.00037745319993092027,9.804475619854077e-05,5.9191112789201064e-05,0.0003191535257692815,0.00028529715456215854,0.00011978744710935037,0.00027902345329074217,0.00044787359638576163,0.00020951842928986227,0.00024131750681725088,4.9739449913808506e-05,3.569508397857943e-05,9.938216128109882e-05,0.00011525230456754798,0.00022268901118184571,3.70861836813674e-05,0.0005433422994054341,0.000295895147974079
289000,0.002451268239432515,0.003014060810932683,0.0056337099328326685,0.0006879603760003542,0.0011854507189772321,0.006254218576941639,0.0005736004209944851,0.006880399918622524,0.0078015907123169855,0.001379594434183673,0.04512404335625355,0.0220252007103663,0.0035910275557508803,0.011276098900425219,0.004666559879264883,0.01244437793866382,0.030894996107755496,0.004952824665705049,0.0043261079845251516,0.026425871351918127,0.004054230724215393,0.006149934924061589,0.038591581309835116,0.019705300486384657,0.014614862995932483,0.00193819998530671,0.01349920917373164,0.01419948037892027,0.03598503765054321,0.07872705274959087,0.022924335281325814,0.029579080730819933,0.004769464047792728,0.003225371953428907,0.00506945110707117,0.0006962481815142903,0.0001007354469238994,0.00013976942392963048,3.485602768793238e-05,0.00029256634394414505,0.0001934736151390988,0.001149939365859609,0.0001627714520509471,0.0001903890665504916,0.0001082692707170377,0.00017199483051147775,0.00015611606811230479,9.894150416700498e-05,9.640045297193614e-05,4.627746160291611e-05,0.0007988105939463052,0.0005762800995701886,0.0001511636917712167,0.00030486426340776604,8.509162373605971e-05,6.875168231669126e-05,0.00028222424529186324,0.00016917480900247028,9.511437430218293e-05,0.00023570361305386402,0.00030361985870210143,0.00021144008448428756,0.00020895233908251813,2.674702621176563e-05,3.375096912350273e-05,6.71976726589964e-05,9.134874017036054e-05,0.00023448135991730528,2.946630003464179e-05,0.00047310598959583554,0.00025445677529205567
290000,0.002694415541800727,0.002897121197343545,0.004662525083404034,0.0006801319319073137,0.0012602496519113766,0.007470847046663819,0.0005929173357725954,0.006894569921475041,0.008958783707920345,0.0019093352584604872,0.04643277494404982,0.023282117663776653,0.004469223764538059,0.011149991056244648,0.003666407992803964,0.017319120754109463,0.02823748178551406,0.005445467165960117,0.005816393257451377,0.026926209409260386,0.004621560521889898,0.007156327595696764,0.040064505649885784,0.02110044995994637,0.021441426386734255,0.002640122757293284,0.015986951674265934,0.014283045650320977,0.04855801284908975,0.09160794003846898,0.01978107219717155,0.037824148746529736,0.004911317315212762,0.0034546009990790057,0.005472715543469854,0.0009904803162044118,0.00012068822103640884,0.00017466319133580492,5.211904165235065e-05,0.0005084164852178219,0.00019791613812971109,0.0012520833588496316,0.00025265824865527975,0.00022278735870809454,0.00010662762569585252,0.00021662217448254395,0.00016274464205548212,0.0001513628974691983,0.0001435941153117867,6.661576848769486e-05,0.0009732698182583241,0.0006603387882933021,0.000173073487894726,0.00035434150420918074,8.59844541113928e-05,8.38192249210062e-05,0.0002938916718938012,0.0002845903593424737,0.00015245683980917116,0.0002687035925681322,0.0004472966092483451,0.0002639033744537633,0.0002433433187771125,2.8443676700209e-05,4.424560307193638e-05,9.046147543848711e-05,0.00011344268023094628,0.0002497027700056815,2.771128080780727e-05,0.0005103640500497672,0.00029441766018862837
291000,0.002433528993163703,0.002923190737891235,0.007400388441359003,0.0007004588690436392,0.001122672742399751,0.010590097497957427,0.0004853298563566275,0.0075119437939671725,0.00819098622516805,0.00190229175859713,0.04864140434217938,0.02325960261194788,0.005143674409103396,0.009558338814079461,0.004259362867121715,0.020118994324244948,0.02406131453166641,0.003621521387087134,0.004060106759425253,0.02373398807212652,0.004559869556255063,0.0063786834369109,0.043750269256221753,0.026034692549122457,0.020041883388561443,0.0022327105863951145,0.018519712658996556,0.012872197448511239,0.035915892106576766,0.08864818476849318,0.019790074070721555,0.03441982027456666,0.0035131716448710483,0.002250602062494456,0.0047147043816140564,0.0007988726198228895,9.090881770876685e-05,0.00014149394196878845,3.722878581225288e-05,0.0002363390070740934,0.00014536653663207232,0.0011109898841823451,0.0001888438782771118,0.00016285488649564765,0.0001337163671259508,0.0002914236765410091,0.0001140461382068711,9.806225794051215e-05,0.00010177324728327472,4.237456211988253e-05,0.0009147645049359618,0.0008401009620987073,0.0001693829759460641,0.00026746858469666726,7.240730737662646e-05,4.6892187273525366e-05,0.00023828185981905316,0.00018060448209666902,0.00011795431918749778,0.00023219626102498017,0.0003879814598500767,0.00020073686571670863,0.0001976888558130196,2.57626679760981e-05,2.9455178870800108e-05,9.168059225489683e-05,8.362325947278546e-05,0.00019146092060304176,2.6014164447474286e-05,0.00043523466083876094,0.00024573687715019333
292000,0.0044793253059037235,0.004643344311194529,0.00702562903946576,0.0009372837944213713,0.0017983205324975343,0.012261175337438803,0.000657042917348536,0.01008475487626628,0.011923781572373697,0.0023581147215736564,0.05039639204591771,0.02784034846058139,0.00456506465641062,0.012153901506335938,0.005984811709640781,0.021601658763150528,0.040105141524258044,0.006727576360793171,0.0065440552435965015,0.03427918792673154,0.005642255849026976,0.008716488123744577,0.040406657941639425,0.0341806661808126,0.020210300426466377,0.0050714833196252584,0.02263552741256688,0.020560849624719896,0.047109400755588844,0.08896319326313754,0.02616713893090491,0.037888219609158114,0.00475582821065665,0.0050096291748178735,0.006345601592733551,0.0010131161452591186,0.0001303213886253137,0.00017812461018448548,4.74011670132357e-05,0.0003152304720970278,0.00021883997266421772,0.0022512658542837016,0.00019719531692317105,0.0003172919933652003,0.0001443691757231136,0.0005148646878735365,0.00020087261784259395,0.0001433417975462703,0.00016414350821001978,4.962691582477419e-05,0.0010096742849362691,0.0006139152780330429,0.00018464810000295984,0.00034007368542786153,0.00012105474960945088,6.419307239659908e-05,0.00034177525479315847,0.00031265111726952455,0.00013881682118860935,0.00031012067057207995,0.000601313695369754,0.0002122539193361649,0.000184654462642626,5.402653840388535e-05,4.058029440380374e-05,8.552222179078653e-05,0.0001525342421310987,0.00031275641812968504,2.8567145392344173e-05,0.000533560542564618,0.0002914219927333761
293000,0.002440764225461002,0.003583500787229881,0.007281193296269824,0.0007583333739883248,0.0011001388836661987,0.006793817484971701,0.0005443285057657293,0.005962382321134403,0.0069026964133915006,0.002020215684751747,0.056122343837575306,0.020255530936305968,0.0040383884395740815,0.012042167980766724,0.0033997753034996363,0.014430557737796335,0.03036042701803256,0.0043643339508717075,0.004786350438994954,0.024187321251253405,0.0030060631681233367,0.006334676423356151,0.03435011004718642,0.028282843982560736,0.017798087697306144,0.0032243203255347907,0.020891171187129534,0.014167497918303221,0.03274760775024975,0.0947681551648026,0.02307955365172044,0.033703885697132833,0.0030325540768912492,0.0044871334406665015,0.005151411282390149,0.0007103187087490628,8.59432935391468e-05,0.0001426890252828757,3.349402843824979e-05,0.00021963035300132105,0.00014241028144324638,0.0012666716174862813,0.00019989400880149333,0.00017032340767735534,0.0001069905014877517,0.00021329391899891042,0.0001485655837906339,9.014395534290287e-05,9.047902501449777e-05,4.9484416194900405e-05,0.0006858638311838988,0.0006111574142172079,0.0001080486267710512,0.00030571338761454137,6.874743155941391e-05,4.991995545176244e-05,0.00027705928877494245,0.00020697279606451957,0.00011206613603715393,0.00021148816374709265,0.0003213889645242792,0.00021316788017569614,0.0001862062698044745,2.3725602159584423e-05,3.933735115424497e-05,7.064932952454745e-05,8.403393829732002e-05,0.00016610897860838423,1.8843775293930776e-05,0.00041582980225603254,0.00020948725650669076
294000,0.0023452603097236556,0.003538238722723219,0.005298028054918784,0.0007115506523125357,0.0012733995327271028,0.005873664018249006,0.0007229262423900382,0.006893073654175489,0.009041631217988204,0.0020062567509739893,0.03703114070967673,0.029559173670452077,0.0033361253209119295,0.011167092221402334,0.00514802102727973,0.01594252325533792,0.02614208906795414,0.004468051288969508,0.0046172683069016784,0.020716743478405988,0.0037699559237633086,0.006422886008554737,0.033896529800258576,0.027758857420364318,0.01528770748570553,0.003006769495550543,0.01402411587788639,0.011237162839279335,0.036179667272132496,0.0658743889089824,0.01729028851077601,0.0272174071354899,0.0035671732256769948,0.0036109796209804995,0.005992381249800221,0.0009201054190270952,8.496686068700623e-05,0.00014192406557743777,3.908304242064464e-05,0.00026264260588959587,0.00016210818986603546,0.0010805588171933778,0.0001775836219167104,0.00022628448215599698,0.0001309745711392009,0.0002392768286049269,0.00016098508925160946,0.00010208193848537661,0.00011524231198944202,4.143356611827833e-05,0.000739070267531343,0.0005280083811764295,0.00014308692416307168,0.00030650137599580804,9.284260293748832e-05,4.632051354747091e-05,0.0002658657601426067,0.00017449355061671667,9.973149491947374e-05,0.00022337231652132827,0.0003174232226835253,0.00020362440355431503,0.0001833606298044254,3.340697914429076e-05,3.05266929798462e-05,7.007370465157397e-05,9.909644618996285e-05,0.00019798497590459778,3.060536781163137e-05,0.00038198863252806144,0.0002269098415126791
295000,0.002396123551890825,0.003967860105115472,0.005557701932654406,0.0007226801733990075,0.0013197168644390194,0.004176602300244018,0.0006138040746170572,0.007453269473818878,0.009345035301026379,0.0018049896589218406,0.042252707676164354,0.017701462691733543,0.002884159666736554,0.010947596899479156,0.005116039425111547,0.014319209194582072,0.03214672117870317,0.003862648136372961,0.004079365411598701,0.028345647996563153,0.0034200054570926743,0.0059127401622650465,0.039628655270207674,0.019308377860094577,0.01695048940601982,0.002826481603551656,0.013754050262221998,0.011990984423088472,0.041849671383833456,0.08381425804667918,0.030612596119754018,0.03145269639319919,0.002427399328579528,0.0027906310229851906,0.006202626250645456,0.0009610685355190591,0.00010433662834573529,0.00016111140084004464,3.817700995426434e-05,0.00020367928436826332,0.0001326426962021558,0.0013173859188100323,0.0002129804783180589,0.00025780485215794836,0.00010886080871339226,0.0001531782672137589,0.0001788828724868022,0.00011958784858201454,0.00010642084001919384,4.925781773966843e-05,0.000850295370486702,0.0005585470283525259,0.00016286293212033342,0.0003203379561009755,9.088525542932169e-05,5.272819178323764e-05,0.00026137744261891334,0.00011873064062228877,0.00014451598422561397,0.00026821015932140514,0.00036805364519144256,0.00021806117527642537,0.00022079511995798384,2.5764688727376124e-05,4.1187632733554994e-05,7.863179373927849e-05,8.343246346547468e-05,0.00021767420956862334,2.3215577158453016e-05,0.0004691040020504773,0.00022711756046192021
296000,0.002761950915998101,0.0037479888727560778,0.007591376663185656,0.0007640819258645374,0.0012977554088368529,0.005483266419365204,0.0005376977118313305,0.007464897851462535,0.008081443619837817,0.0018953902144858148,0.05266047213161881,0.021415365639963317,0.004563343959461869,0.010489733312941538,0.00387230556762541,0.013516199429432163,0.02135420333609415,0.0059045695701961795,0.0053145398934637865,0.024517458978370998,0.005298337744469651,0.007618446791639144,0.04077121735589268,0.0268327957510337,0.021089849618066283,0.002133248432073742,0.021689382274339843,0.01605177337175216,0.044407742809819274,0.10455456033495496,0.026350530376366806,0.03562015821136391,0.004093904374936021,0.0024909859294407503,0.007057876602225911,0.0008649539026594409,0.00012092402880924917,0.000159138374990355,2.8063904087009933e-05,0.00026214292120130267,0.00019319150529564138,0.00117895436778781,0.00013692681623069802,0.00022671439726189803,8.816334840814403e-05,0.00019851433388891695,0.00019062029675472316,7.009415634851024e-05,0.00010638672110754387,4.6314716862318825e-05,0.0008818877293046731,0.0005791185719014417,0.0001128206962675904,0.00036043435267522596,0.00010032668536762779,5.679335152887109e-05,0.00027238113840721,0.0002558365066533952,0.00010411852537117738,0.00019778460509769502,0.00034582928850189395,0.0002206809146486883,0.00021451043718385604,2.7397137614570966e-05,4.159091753940124e-05,6.784632633847556e-05,6.66994275369299e-05,0.0002335509315774549,2.830813521370601e-05,0.00043775380719821174,0.0002665408503162325
297000,0.0030812272317308344,0.003285597067992462,0.0052829453100760775,0.0007726564051084167,0.0011810112770910587,0.005993874253493102,0.0006390082031107488,0.006040453149420072,0.008847721846692205,0.0013042053687968291,0.035538207683539776,0.016140859984837018,0.0033847178097913097,0.01052163170325829,0.004339594593822018,0.015435884707888666,0.022398232286009477,0.005668803354315578,0.0037098134359569357,0.022749899058738567,0.00445444295141722,0.00600068918863274,0.03332540162450944,0.02177949691673954,0.015162650848362809,0.002419901336543262,0.013461715327770024,0.013939051464149088,0.04213755349012311,0.07173818586588529,0.013988754249100262,0.028161189399095468,0.005098284269934084,0.004116596134926387,0.006844018999901082,0.0008301205395712584,9.979312597794745e-05,0.00022292332712161377,5.1476860403728285e-05,0.0006435070722545788,0.00023728383044688096,0.0015717472524556797,0.0002286948614710127,0.00026901720392695435,0.000140964057467691,0.00021332245437000503,0.00021064733327716168,0.00011719503681995036,0.00012670932962605705,6.438949491315394e-05,0.0010174687345520046,0.0006024022486599279,0.00019979465341748436,0.0003741255125959822,0.00010113826440295991,8.494523477896688e-05,0.00034958450185767624,0.00022326674854866724,0.0001514578365863094,0.00028749797614951745,0.00039751284227046804,0.00028063970991828074,0.00024347071196946976,3.72795301288804e-05,5.2042634908704916e-05,9.828303157891324e-05,0.00012008732690966488,0.00028833984266598124,3.839608248767945e-05,0.0005325977285448834,0.00026655691654013934
298000,0.002802552365308755,0.0038848460538213623,0.005309434306885426,0.0007028008267997603,0.0013022632201797552,0.005434709805870496,0.000608399355622814,0.007457205038115396,0.008905777480437412,0.0014802688292547828,0.0382123616891252,0.01955700113336318,0.00328707923825167,0.010198045874031695,0.004448834860148268,0.015230317592189143,0.036624336305673445,0.004555408208287628,0.0037611029724108186,0.02880954783979784,0.004419077029285745,0.006207846369924093,0.03806729193078354,0.019485017893506058,0.018659798960831562,0.002417697582859546,0.01542697953099407,0.013947021578739319,0.04580990041996462,0.08449802422276867,0.02288370739998451,0.027860591792537328,0.00427001289745896,0.0034400765458527994,0.005408384547384533,0.0008973786639866635,0.00011036960913950105,0.00014488548173506967,4.633132043472212e-05,0.0002950030017245808,0.00020589766349163023,0.0016815011113067158,0.00019043397878704127,0.00026067690209617326,0.00011797685754716344,0.00022871598032371106,0.0001675476285192034,0.00012444339073702793,0.00013394875063685787,6.397274550677552e-05,0.0009513403572642486,0.0005773619962686402,0.00015685386206314432,0.0003547704837376154,7.92167189062858e-05,8.65065140219072e-05,0.00032284032009087125,0.00036589127944353095,0.00012048722216049,0.0002652249887992534,0.0004998408471389363,0.0002238230665335122,0.00023146026692470682,3.02741061997605e-05,3.826824462925692e-05,8.900434571747704e-05,9.592040363973606e-05,0.00029445347924493147,3.45374247814334e-05,0.0005369445136101367,0.0002518350824175286
299000,0.002791286529434335,0.0030907280915589246,0.0065016292307215435,0.0007411592094006034,0.0010911954200137303,0.006290024242064517,0.0006068472064931308,0.007693982606367939,0.008900332383285487,0.0017593297052371781,0.039391123346393685,0.023626733723835506,0.003929356644882567,0.010752775966411167,0.003910783072976354,0.011590874317334965,0.0250997129278403,0.0034234381989646655,0.005378715293772984,0.026514640813159834,0.005178499950756514,0.005356093457489156,0.037457697381420685,0.020779425191964643,0.013600784398433808,0.0021988833206705747,0.01633812715212182,0.010801038235210095,0.032049037924597915,0.07900367847011489,0.018250236895595056,0.02766841051029937,0.003151249709886245,0.0029770480134682785,0.008469992248541934,0.0007046059021636861,0.00010660738513479373,0.00012197448731140784,3.805617789331303e-05,0.00027479250866235816,0.00013956493301598227,0.0012779549324477557,0.000182509364640282,0.00015909664159009576,0.00013020099847716138,0.00024943033818252455,0.0001427178073790377,0.00013635887589735773,9.005054283271608e-05,5.469230439881688e-05,0.0008728690284057778,0.0006965178217797074,0.00014720657709403894,0.0003200871479117379,8.467441334844274e-05,6.663544125083057e-05,0.00027149834411301847,0.00024082128781799383,0.0001272848852964772,0.00020348584861354678,0.0003541907162798452,0.00021191674459831447,0.00022372641060260153,2.4646478508501632e-05,3.443790936014718e-05,8.810473348768772e-05,9.306580107347275e-05,0.00025201057690358013,3.6121605546668434e-05,0.00044270758759822233,0.00023643439562874845
300000,0.002576537037827153,0.0032457320291238525,0.006685339108419915,0.0007097377919238239,0.0011365415248522517,0.0039599134548292825,0.0005065254342716505,0.007159631934080287,0.009001703488420505,0.0019947081673308276,0.04432597366771747,0.014845511706268126,0.004532520431287897,0.007631905870215577,0.003786928595699839,0.01375249748434726,0.025356091284352476,0.003488874213572568,0.006693346005964226,0.022842712559577195,0.004902727039549203,0.006570694908175158,0.038432172969526925,0.027174547878651843,0.017239409104640512,0.0043093615910038355,0.01252713391396436,0.012313783933223021,0.0337042221082169,0.08235658126103508,0.021401478004166467,0.030993584364366073,0.004362890501441213,0.004896411437457996,0.005543321900202298,0.0009742944224139397,0.00012260350437324967,0.0001375090216077462,4.441001784931381e-05,0.00027591414334438014,0.000159883569403006,0.001342463099717861,0.00020485573522819323,0.00024066245953834273,0.00014928636682701548,0.00017363876014785871,0.0001650780996865171,0.00016070990137873054,0.00010966485003085961,5.580104619763336e-05,0.000939571751629186,0.0007295333346822493,0.00018554293747001792,0.000346449224818979,9.628613354928755e-05,6.977158419762087e-05,0.00032018050892817287,0.00018206473694704073,0.00012631531971389146,0.00025014527944641974,0.00037870161759201437,0.00022811737692250895,0.00023353903256301473,3.1088421740212256e-05,3.877344412709741e-05,9.579558633793732e-05,7.834808015364356e-05,0.00028526270138000187,2.4645420879210178e-05,0.0005451557767284475,0.00027335632403264755
301000,0.0028979197414210414,0.0038060340615360204,0.008428147421606505,0.0007479896131721594,0.0013784996387320335,0.007544779885003143,0.0006450348395696158,0.007803797781354447,0.011752857479936948,0.0024753844481892884,0.060050250024227196,0.02737872841505253,0.004480469710842678,0.012827201714930143,0.0055171678364037205,0.021561880082420732,0.033452542448728875,0.004758065736622703,0.005709803746347981,0.027811344631093863,0.006720092249835174,0.007588968830012683,0.042001579302207874,0.027222751909236346,0.021956057204367843,0.0035844586789608003,0.017625900236599854,0.014357533954807877,0.0498493021566366,0.1032490024576433,0.029973417853276865,0.039724345108529985,0.005245461868499801,0.003906825095750825,0.007863047174598452,0.0010250924198576936,0.00012118884933742218,0.00020306664489246694,4.060203449549283e-05,0.0003887481454967201,0.0002062724061033805,0.0018303459546586964,0.00022329679613903864,0.00026790818865744147,0.0001473251915836284,0.00026191735682021185,0.00021324794261090574,0.00015691647054083546,0.00012546803724615467,7.184778926536886e-05,0.0010364107513081624,0.0007653546266131647,0.00017948300101124914,0.0003672971412869425,9.568299334079774e-05,0.00011458495245361436,0.0004031167207906174,0.00023739361029129213,0.00012226464655719206,0.00028823411966396424,0.0005866948079831976,0.0002678379754805734,0.00022823912918620745,3.481742601764438e-05,4.3589994978295486e-05,0.00010124235689681292,0.0001135944598250457,0.0003049900970878177,4.858791325546008e-05,0.0006349469094933769,0.00032999823706632015
302000,0.002462435990408365,0.0036879083164859804,0.0069978222891222686,0.000873011584917549,0.0012192050922012526,0.0052023784064658685,0.0009068312295224337,0.0072423039782020795,0.009240598985734668,0.0023930552379169967,0.051442009521889744,0.02170235756509045,0.0052336364134327705,0.012347295968648916,0.0046935907186493485,0.012133779436529343,0.03333896608546638,0.005850198485997588,0.0057213688477142045,0.02781900537304561,0.005702396294478044,0.005806318232446627,0.037066346746093284,0.022331223500683943,0.021547376817565352,0.003755275160074234,0.01952590835218592,0.02096046497323793,0.048403264068902524,0.09613330255905889,0.023782217037902835,0.03441696799396036,0.003785250066899747,0.0036093869302719615,0.005576630761222784,0.0010276858631316696,0.0002082990338533962,0.0001692701761054526,5.8178840817963206e-05,0.0004450684298262786,0.000178343463744568,0.001404605030984385,0.0002297483583788562,0.0002677966208945068,0.00019062846985386722,0.0003197453088237775,0.00020434504535602938,0.00017781486336687635,0.00013897986532983536,7.246781214317625e-05,0.0011312752580754301,0.0009488882102838639,0.00018064538617181824,0.00034673992315813906,0.00010763373728846561,0.00010398344275844548,0.00037195307471828067,0.0003625585595727898,0.0001606317706040904,0.000294151461331729,0.00036420824993304755,0.0002775405047106678,0.00025083892862514604,4.3611328596074734e-05,4.993631571576568e-05,9.97506108315183e-05,0.00010832869364613933,0.0002863571458354661,4.0602750360108075e-05,0.0005948828168148801,0.00032380505981564054
303000,0.0027016503259998186,0.00299450061963095,0.006489342650941883,0.0007583260042548108,0.0010668859684738903,0.008006846635128437,0.0007291231839175335,0.006167560955980341,0.01122990383511841,0.002305533216713229,0.05158960376973954,0.026789131553952607,0.00463779091351722,0.009937220315805462,0.004143182916221335,0.012993359260993506,0.03429315846031906,0.0043907140529363805,0.004960023150488269,0.02760711393722886,0.004778799284360957,0.005939680828630246,0.03942496828346824,0.024883082336115574,0.019389594019028462,0.002664402488153428,0.016356590085415006,0.014558069936356333,0.04467764066956828,0.08907756731951527,0.02479501386852159,0.030291650098381348,0.0037841070072685257,0.0031618255239283274,0.006821494637228575,0.0008154862874952025,0.00013287176199128226,0.00016350887554753254,3.0465384144414006e-05,0.0002691314249432253,0.00017612981904666742,0.0016144147484737914,0.00021715478405894827,0.00026057882443733673,0.00012869867969608382,0.000290548457685093,0.0001824138142566019,9.486590610308099e-05,0.0001282811742310608,4.712216468760744e-05,0.0009277025355494025,0.0006594493437053947,0.00014568003371095983,0.0003640434981801319,0.0001092256706654333,9.322478130839458e-05,0.000340385879930162,0.0002613732721101769,0.0001355848109609623,0.0002672587766448067,0.0003867381731348966,0.00022730861518593102,0.0002541825707440795,3.864435037845757e-05,4.5644987343014996e-05,9.146151777914182e-05,0.00010342618666722306,0.00030012932851909387,3.668698329306608e-05,0.0005004152081565131,0.00032434006934636275
304000,0.0024392454809433707,0.0031912524209474213,0.005664471197330083,0.0006366498546133069,0.0008739067900507185,0.005068434466271096,0.0005864178633454421,0.005489304285683651,0.007566015916137087,0.0014849730341666145,0.042463209961428175,0.014867821001542101,0.0038278160257808245,0.008691747421614833,0.0038980002125647254,0.018873964954157902,0.03076522687370882,0.005739849775107106,0.0041907912829109205,0.027146404404435696,0.004345279038168953,0.006535634387611415,0.03411832440644503,0.020649379863364934,0.014473551727860468,0.0019207987235859037,0.017327296662595092,0.01418073756197676,0.04807297609530745,0.06467353227954815,0.020434430764386585,0.029800342405976083,0.0029456223292072536,0.0024215843702201476,0.005333147023015449,0.0006177014421869639,0.0001488148146043051,8.367972482532919e-05,3.075933294160469e-05,0.0002766260762427919,0.00011870376077729119,0.0011034593080694322,0.0001288924387154111,0.00017105042657979204,9.806179215334659e-05,0.00023351089844457615,0.00010237545667111765,0.00021556958945545546,7.949218266389835e-05,3.414154666229892e-05,0.0007030770404141479,0.00046437018560633686,9.641505121180672e-05,0.0002577618386344604,5.476768385427743e-05,3.793740281501166e-05,0.0002478664435950846,0.0001365075139290184,8.990503331713424e-05,0.00018048350625926666,0.00033307387802778977,0.0001727399081101349,0.000173805093406069,1.8162948471776338e-05,2.248604035533693e-05,5.66671538680649e-05,5.038602986522684e-05,0.00021383177257340254,1.6456094705574742e-05,0.000349969657946997,0.0001773551783117
305000,0.0029735824171045868,0.003862138110519111,0.006979492129175924,0.0006344029276778411,0.0009724450149095199,0.003771750285003301,0.0005259742204602404,0.008436491806694939,0.011432895122790705,0.0016898348385439022,0.0537777840268344,0.01893055845801205,0.0048399039056455494,0.01091652387355101,0.004279191267971114,0.01698692294000163,0.032716854889821706,0.005033041731472116,0.0054455989104878555,0.027190091411684988,0.005159259805721097,0.006317878077944832,0.03939524687322167,0.02467242364109552,0.013547733448152912,0.0034071555244736375,0.017468142095233653,0.016183051113936624,0.04511175129411961,0.08137168261389653,0.019882590800213318,0.031187910188096933,0.004647381511745152,0.0037409795178635166,0.003940725224108771,0.0007312389920701078,9.11162843043425e-05,0.0001491071487759076,3.1479241475739925e-05,0.0002599709651462945,0.00012657177557172118,0.0013350777226150967,0.00014620205861319845,0.000149803018087512,7.415007206825402e-05,0.00019342486428074933,0.0001364396634208357,0.00019932932548094584,8.427758988828231e-05,3.482753614166127e-05,0.0007407674547476535,0.00047928930750155513,0.00010852875511773164,0.00027958738027504,5.853631892180068e-05,7.116379550676687e-05,0.00023735992301705556,0.00015175628669794605,0.00011114165622277344,0.0002388001019985845,0.0003633435433584964,0.00022680396687559874,0.0002178728963607918,2.436229109209537e-05,2.647121982590761e-05,7.256038425672962e-05,7.253118824987073e-05,0.00022018248778297238,2.445740361878279e-05,0.00042995532856809763,0.00023013942445686552
306000,0.0024882096718470536,0.003144465778152355,0.005495974755225082,0.0007044965348681077,0.0010601919093920814,0.004794345970107575,0.0007000864077326696,0.006132985613743693,0.009190858213756495,0.0019642121624201536,0.046176834441728626,0.021586598360639128,0.005302157145430983,0.010251999586685226,0.0043145738964620465,0.015324945253572272,0.02672630321974014,0.004252466983589214,0.006552918018964452,0.023374537056612705,0.005170331131310272,0.006187689660302047,0.037196290143377456,0.026304679577272814,0.019633892370129902,0.0026736603816971184,0.017398779118021564,0.01014567449722866,0.03699765466735698,0.08688983560780124,0.020213680597322915,0.034995518562097386,0.0035840682785201004,0.0027813618022306864,0.0072440495645827874,0.000859763784059656,0.00012070254633188502,0.00014992565514727505,3.647769152662641e-05,0.00023471886328252367,0.00015307404530969816,0.0014754808034922462,0.00021206734172665164,0.00022080905845493697,0.00010686704344344004,0.00015657187794845739,0.0001880948218124439,0.0001245055810814577,8.763168331574104e-05,3.769337848263438e-05,0.0010725317505672976,0.0005125900088387425,0.00011985149822066888,0.0003184456080055739,7.488555664575211e-05,6.74853667987918e-05,0.00030861919225650146,0.0001627856885164647,0.00013271129674939807,0.00023145363081242138,0.00037831203705233446,0.0002210110206858363,0.0002154035519449988,3.093295287361888e-05,3.4327963072024024e-05,5.3938300332199354e-05,8.791266230088825e-05,0.00024231894645303725,1.785511608431989e-05,0.00045866588401576866,0.0002561976547440281
307000,0.0030332977218947505,0.005117090849563721,0.004004671873796421,0.0007492349056309859,0.0013256480790373702,0.00859235319902447,0.0008522895427631738,0.008676082329175723,0.010647131702217514,0.0014218001342669595,0.04692868682172115,0.023530100547773422,0.004159608233638926,0.0118088824023785,0.005340713777096586,0.015114867243634459,0.038775869586624184,0.0073761577383450036,0.0073309599881343146,0.033122865042751075,0.004957662969701897,0.007562046727051503,0.03709924396011047,0.01956953049969646,0.01738825310715742,0.0029803247074596585,0.018008433187762216,0.028253670467165648,0.05331315551062717,0.09151177589533731,0.02183024416551537,0.030360009799971104,0.006456729610529412,0.005290315084790183,0.007211464333724709,0.0011941669057965296,9.854720800274806e-05,0.00012722354499187944,3.6878608568028526e-05,0.0002586845022278794,0.00016232264907712498,0.0015795703147887252,0.00018962341318911057,0.0002818646102432946,0.00011389172841757643,0.0002611048522429168,0.00018303765690082704,0.00018435001870464873,0.00011310722479053985,4.981340140892082e-05,0.0009473866767411192,0.0004811604007954884,0.00015689159044995904,0.00035737388804350025,7.653565982199607e-05,6.0568512336348334e-05,0.0003108524621101453,0.00021701059398537836,0.00010709262556929389,0.0002600893332433211,0.0004960765321205448,0.00024620727418075283,0.0002531324720436074,3.038979983958999e-05,4.704841224641617e-05,7.113201378358583e-05,8.361043040037788e-05,0.00023011251244352225,2.4268229140034236e-05,0.0006343852889104336,0.00030901425270712934
308000,0.002719102923038008,0.0035326188129450506,0.007988388155354187,0.0006960910134624171,0.0013487337651158554,0.006579962310102668,0.0006022623183085788,0.007694521574497533,0.011021689121679617,0.0016995152345771203,0.04905941624918027,0.023268771926110758,0.0053182903670169635,0.010700585349971361,0.004458082755809301,0.016813190365913517,0.03160761401605192,0.005540582485853612,0.00570379171715883,0.02808887218008749,0.004947377853617442,0.008336552896967728,0.042517504956728465,0.023945071000950217,0.01821164343094833,0.0026125540607608855,0.022605443708152227,0.021191818733617158,0.056273234911906694,0.08543145255891667,0.018204903758208577,0.030091102396209653,0.004151458358268638,0.004011934409158299,0.010390730642635996,0.0009024858465116788,0.00011175389238659543,0.00016919950832578417,3.8401211780632345e-05,0.00029852036743704957,0.0001532048969586848,0.0011829197792394552,0.00020651010900110122,0.0002334408003255368,0.00010733504534169027,0.0002494905066441788,0.00017462451110835295,0.00019883728855596416,0.00011928380160756645,5.8266162175806876e-05,0.0009515794280804794,0.0005922748696320923,0.00012501962401074708,0.0003070831735385582,7.13970593535813e-05,8.2281437636828e-05,0.0002943657052998778,0.00024371852248350478,0.00014201712613410363,0.00024865983261686497,0.0004672170275928996,0.00023482114410165448,0.0002427125623482964,3.918371420458005e-05,4.8702762190562986e-05,8.86173661603914e-05,9.243036376054598e-05,0.00020789788403301337,3.041021301442015e-05,0.0004639411878745422,0.00026180138484050987
309000,0.0027813601962505445,0.003898906941887819,0.0055342929166120785,0.0007964210711809126,0.00112123779042663,0.004399954850928874,0.0006313951512311178,0.0057728125406463415,0.006697573682766786,0.0014109867915976793,0.03704608887140093,0.01709203723463101,0.004284125329418616,0.010571573015774695,0.00414646664806188,0.009834527703787899,0.034192694927523484,0.005537169204458971,0.005543599246136312,0.023548482324379925,0.003676712615699146,0.0063251732504860615,0.0332627679745201,0.014906547352317527,0.014475656438229461,0.0021042310283519326,0.018911826064239787,0.018429583220798424,0.040760557729107166,0.06990836179008306,0.016626378735527397,0.022593277537872873,0.003311185874451894,0.0028981394610783293,0.004273693324446665,0.0009502979519636158,0.00011927947482012027,0.00016980221905462466,3.589533200437176e-05,0.00037203323222456675,0.00017308707641946734,0.0012452741029846948,0.00018804792080118204,0.00023879791516073486,0.00012151548517067568,0.00024341385955344613,0.0001699063160608124,0.0001441744811074841,0.00012688264431438977,5.688519898037405e-05,0.0010383618636296888,0.0006131080426712288,0.0001703461864963174,0.0003660310347520269,8.152926790804988e-05,7.183968829270849e-05,0.0003283048886235627,0.00022023140729743318,0.0001660832843413118,0.0002766652551774594,0.00047311018218654987,0.0002956624967387069,0.00025329248431397127,3.2119215003714656e-05,4.9748553768343605e-05,8.472702798773351e-05,9.73128953773994e-05,0.00024090754416394497,3.489482342899919e-05,0.0006041353633215195,0.000307567230265704
310000,0.0026757840426619843,0.0039374687427577255,0.006402405192299436,0.0007689116933761398,0.001248747266661759,0.005420294409434844,0.0006698664264105548,0.007939363881365246,0.010433503827905814,0.001808778164559044,0.05164544958977696,0.021827043655140207,0.005635726479919289,0.011899546136412413,0.005137096564259778,0.02354287832531554,0.044287829879543834,0.005511855462321399,0.006114513288983809,0.031034802079181342,0.005467256801806833,0.006237115794517324,0.04054325162394283,0.023073782792077207,0.019971534343846818,0.0018808034306857734,0.021026448469540576,0.01674966504954985,0.04849561557981788,0.07460032860446165,0.01894568149058614,0.0310323011474863,0.004354874078759307,0.0031478494355576194,0.007279602130438434,0.0008334341079197267,0.00013490316167151737,0.00017896565209825482,5.279259375929103e-05,0.00032183157418330666,0.00019630015025362074,0.0017820962493715342,0.00019553074043869855,0.00022995124716448787,0.00013159814828357316,0.0002916822632991105,0.00015087133715795923,0.00021379330025528276,0.00011437814347620337,5.545474224080945e-05,0.0010123912231742556,0.000693247708719961,0.00021974547325953608,0.0003049788993681729,8.017440189899483e-05,5.898018023551479e-05,0.0003511616083679039,0.00023637007177512714,0.00013356430391316584,0.00028230421867892104,0.0003900796591551625,0.0002539119368942656,0.0002183974840793073,3.631174864373968e-05,3.48754283550079e-05,8.133127945942076e-05,8.568355432154411e-05,0.00030109876585615234,3.2721094669341255e-05,0.0005246349264092439,0.0002615254838019609
311000,0.003200691165774687,0.003354061714802541,0.004067676791843648,0.000690367301621546,0.00113098879477018,0.007098902939885322,0.0006498637409505693,0.007061835427913477,0.008749825044905945,0.0014203776354406727,0.04355086512787463,0.019074006223639358,0.0037408681841263774,0.007898116365264617,0.004533032159831825,0.01708285023717811,0.026797343882294843,0.005376327788395383,0.0048944001329281105,0.024403558168269227,0.004043179943928757,0.006894104383783477,0.03286877889341364,0.017306664646821446,0.012160302514934706,0.0029663865803740918,0.012755237630772758,0.018161778742069146,0.04825831582728664,0.07659789835710282,0.01994127199150777,0.02776891961828089,0.004588949786573529,0.0035358179112907153,0.004603925573772156,0.0007993814361140851,0.00015106698446151027,0.00019776749894100993,3.383485239513004e-05,0.00038842063224819867,0.0002006201030742383,0.0015687354753026739,0.00014612004356422402,0.00021416655967617485,0.00011956231860255541,0.0002411085907218486,0.00013373956431706304,0.00013753298693064409,8.795349040626425e-05,4.8829086567407515e-05,0.0008591056905725753,0.0005647040191737082,0.00016443487647848086,0.00032381059282224854,7.724688099376087e-05,5.797086853156295e-05,0.0002706801830378046,0.00023669705487350257,0.00014479975557909105,0.00020415491143676963,0.00027795426522061464,0.00022112619773658618,0.00023626208470280594,2.8778752238423778e-05,3.291907493500427e-05,7.764774663026803e-05,6.000937225638024e-05,0.00023011943517257892,2.7677789432800637e-05,0.0004734294604356112,0.00024550185680709545
312000,0.0034043896013605953,0.0030544847543717843,0.005657063069520518,0.0007474209993233672,0.0010911873462105235,0.006023510338439207,0.0007018853985872768,0.005891556651405671,0.007538385383184827,0.001522399532404961,0.04776673055491784,0.024474606591945062,0.004306845220553717,0.009107665887313487,0.0033693115583660342,0.013766833711997606,0.024527931501389894,0.005037488804318164,0.006812547059130988,0.023924549561803968,0.0038046916263545848,0.006849991056079878,0.038057442515855654,0.02242003370229213,0.01691497484884282,0.002507901820354164,0.014733928994217186,0.017623040285191866,0.043979061299058445,0.08088785571981721,0.019142662757318855,0.03278069647673804,0.0037761597574129924,0.004704580723079934,0.005095142595665594,0.0010111712597336009,0.00015123037553621543,0.00018916647282325854,4.659267810290975e-05,0.0003035802144495392,0.00018547396234438603,0.002813379862345755,0.00016637617750348,0.00022996044184477987,0.00013232603735703282,0.0003121196509377049,0.0001774848595894646,0.00014777619875516734,0.00012001098257863712,5.960241105640307e-05,0.0010190391256681044,0.000806569824211086,0.00018729670709944913,0.0003655424642954818,8.520212382979386e-05,8.87112571697137e-05,0.00032265387731009686,0.0003159214100207919,0.00013841220737099825,0.0003046025279078234,0.0005879495885286208,0.0002501002880244512,0.0002736757983930821,3.286580091310965e-05,3.7663557021813984e-05,0.00011388369508294291,9.074397296769478e-05,0.00024775114395363254,2.8205944332171384e-05,0.0006248111966356612,0.00027464778831927107
313000,0.0032590019637191783,0.003932755651745807,0.010885238026579222,0.0009463590791291118,0.0010839165024663089,0.00418318417775611,0.0008855045328551393,0.010000695843023006,0.011788313748028589,0.002390243487752741,0.06004749468932313,0.03227572129829853,0.007746898651186546,0.012145212702693463,0.00523914969408532,0.021547235953524552,0.03689255954339474,0.0068887059733012245,0.012590141173859593,0.03119128897955913,0.0060989329893940385,0.008840040990825011,0.04310186461817163,0.025533435670877225,0.021713145251822656,0.0033576149493455888,0.022315665400594386,0.026047892782419996,0.048323400603155334,0.10645733340202095,0.021676813183003105,0.03688186149856147,0.004987797978589452,0.0039668177403570535,0.005435697696763479,0.0009985370433501625,0.0002667614424198243,0.0002078481838080651,4.882298828788517e-05,0.0003906857303945799,0.00024122328279838954,0.001831599227443803,0.00022251846858125645,0.0003581512857013685,0.0001946387673964828,0.0003595446480882661,0.00017786877238154774,0.00016626527565932747,0.0001197418083071672,7.311019019404988e-05,0.0009543688106882306,0.0007402785528635528,0.00018125897531717783,0.0004293274950752527,0.00010008209730962147,0.0001080729101348962,0.000380178009304326,0.0003104640804281189,0.0001883458364773105,0.00026284465091941037,0.0006906756311461019,0.000285643186921016,0.000314380818382334,4.383424370930984e-05,4.864559418314861e-05,9.358622433457592e-05,8.312616539894537e-05,0.00025872635496564236,4.535376302783334e-05,0.0006056701452224911,0.0003753128246898996
314000,0.002560864853581439,0.00260683219164127,0.006359308463288471,0.0006804381326359222,0.001106827264392669,0.004932352334695419,0.0005909345244206986,0.005425519324668201,0.008693830750071586,0.0015607229634042596,0.04198846274039731,0.01878833335983788,0.004829955379439828,0.007268512344443011,0.0037732040804685845,0.015471403588890098,0.02157528154371643,0.004444268312897604,0.0039943764017412575,0.024405047490812043,0.003968330768008435,0.0071707046819743225,0.027367082854616455,0.019476825452269017,0.012519200726317303,0.003517630754504353,0.01428025456909616,0.015492542432942477,0.037678462519269325,0.05853592795862032,0.021434396694239695,0.02572378681641287,0.003753413949781886,0.0027012233765776198,0.006867404143324368,0.0009966178851560212,0.00011306643674695232,0.00020293093898131204,4.7083123753651874e-05,0.00034994182271930185,0.00016718180645898913,0.001732670221826993,0.0002492928070751077,0.0002105647852204129,0.00013752073458530694,0.0001907671355220535,0.00015760627083014506,0.00018582236609354652,0.0001070853911377573,7.041636052401208e-05,0.0008375341410590828,0.0006626794929616153,0.00015295245557354065,0.00036237278479292197,6.572174948689344e-05,8.526231020120825e-05,0.00027703139758941886,0.0002040552105313509,0.00013869337388112198,0.00023357366986042157,0.0005762739582375313,0.00025284256249201757,0.00023559125597953594,3.231615849457952e-05,5.0500996823959416e-05,0.00010573782598438303,8.570993759349221e-05,0.00021196252779734806,2.6031976162244064e-05,0.0005290864177857488,0.00028043077836628074
315000,0.0022221411273504427,0.002465527888960895,0.007340487131538491,0.0006809707131861405,0.0010178463622950507,0.003535036447179404,0.0004939170849910067,0.0056057827880388635,0.008094694730804309,0.00146062593194074,0.044061280435230006,0.014934788618802486,0.004006101392213058,0.008647089335185725,0.0031453441892902926,0.013047435171150331,0.025249895377090156,0.003369680113458263,0.0046297336853708005,0.01623320390669202,0.003096645360936306,0.00609221012249301,0.032793411013941905,0.02145647618278114,0.01595840313992027,0.00222274778643623,0.01933823414217001,0.00985801534852726,0.03523299482356593,0.0776286131722079,0.019106675029033796,0.02844594954065262,0.002231090981821965,0.0029753389052593563,0.0072742032647915445,0.0010833519627664958,0.00016501591721264144,0.0002477056459611049,4.456331132395605e-05,0.00041767079858345824,0.00019517191196036172,0.0019719916344911326,0.00022017513574610348,0.0002175880541400195,0.000174512659156646,0.00035145275089811483,0.00017402121390556173,0.00014002851698613483,0.0001216208063749883,7.52053968591843e-05,0.0009828692439861277,0.0008155836561248483,0.0001421244012817624,0.0004084911947293036,9.107251767561357e-05,8.76683957358182e-05,0.0003335580087966058,0.00032585483623392975,0.00016861033775386305,0.0003189284809405553,0.0005214945638726931,0.000276841284865805,0.0002653898740458384,4.919306999718665e-05,5.086689685008928e-05,0.00010554083409018645,9.394493047563759e-05,0.0002736077166282998,3.541412274898903e-05,0.0005728464907138807,0.00032717381545808164
316000,0.0024545568773671244,0.0031856851874855004,0.007362685806583613,0.0006631824787641212,0.0010531912815662785,0.006085384509008561,0.0006545337785192098,0.006973749167966661,0.010058639359895212,0.0019174936023773625,0.050818372577109756,0.021814562827933755,0.00405392855949079,0.01018638572041351,0.003899537942946635,0.017537172810989432,0.02893917645815236,0.005552943068323657,0.006111859982151405,0.028523596388986334,0.004345344508475626,0.007532210764436188,0.03889909530058503,0.029092163140133683,0.021626846694989436,0.002952767536044121,0.015439399276038828,0.02002253891608537,0.04575448828365873,0.07429646484829831,0.018237038792091577,0.03058890105211713,0.006826482258116602,0.003735211079317175,0.008255113687078442,0.001121812031799761,0.00012656478911235593,0.00019866324849069562,3.784396208120378e-05,0.0002284803990733053,0.00018535161336301903,0.0018988682168128435,0.00019325889070387348,0.00024161761156823273,0.00013423367707601804,0.000315422043101827,0.00018898397311723034,0.0001411048876551746,8.515187662318379e-05,4.502269278170636e-05,0.0008806453823196464,0.0008778693930556377,0.00016378548953071003,0.00036982100849929,7.723398716577855e-05,6.737139129985404e-05,0.00029998113283117195,0.0004561735264019262,0.00012646484928937853,0.0002449326310082912,0.0004763188081900201,0.00025425580989052275,0.0002462010623831803,4.194407554356436e-05,3.4375215869254637e-05,0.00012788785151811183,9.882720639455198e-05,0.00024140056645790303,3.451177835245289e-05,0.0005222568119845027,0.00027537377864064185
317000,0.003376031983714563,0.003447121032136406,0.004973729417542927,0.0006287558759840277,0.00124162511466365,0.005315661701128452,0.0008019927486935969,0.0059322675493318705,0.010360513748546048,0.0015994703953765566,0.043595129487292994,0.016299508228276326,0.0036498744518735984,0.01137799618333123,0.005558134723223167,0.01511088537517935,0.026733459538003705,0.005175309457972386,0.004538293487192797,0.024917833884901482,0.0046318260398510785,0.0061133205439806,0.03194554556626827,0.022345445891066143,0.014508971598670109,0.0019038373313378543,0.016310080986549506,0.0156682524302596,0.04456078515590086,0.07739436253506292,0.02076944818526196,0.025420004545034878,0.0035406574913981084,0.00458834231396268,0.005636805747094008,0.0008468069813391464,0.0001369918909673336,0.0001432685212834754,3.64519728628441e-05,0.00022274808759448206,0.00016661524665671985,0.001395875933667412,0.00013957971805211855,0.00018970424633535962,0.00016751534428629766,0.0003477308853023585,0.0001324459587458318,0.00011640340992258302,0.00012988528609490647,4.802596570450326e-05,0.0007250983607089158,0.0005257783786873915,0.00012223960566188908,0.00028883622035766386,8.594978003359223e-05,5.736250950989911e-05,0.0002511505083940167,0.00020746660121062632,8.340851596560444e-05,0.0002250814596803908,0.00035044983033003516,0.00019717359262502761,0.00019315372598730055,3.8324611627890466e-05,2.9080193548401843e-05,9.793250006481827e-05,8.322602739748877e-05,0.00022514391601672953,2.6193214509362406e-05,0.0004194299088553902,0.00020152683755441102
318000,0.0028021293965139193,0.002864569117028387,0.006125786108896136,0.0006869421928478494,0.001315859962198397,0.004604884180090656,0.0005752706441882999,0.006577360606766602,0.009475218268188298,0.0016642051214148523,0.04250341275779467,0.015648292720452074,0.003944741072094378,0.011359549416903808,0.004464714443736952,0.014241364505020707,0.02523837680521302,0.004883350509357391,0.005657812965052601,0.02509984463509075,0.0035883143742720535,0.005854425648911794,0.035191831502209725,0.020491426755688734,0.01959977318582542,0.0016704811656381934,0.01702752591112614,0.016030427964021026,0.04230306033723002,0.06815494356276523,0.01875146698669899,0.03149823701600186,0.002927841967876842,0.003584647970138724,0.005150083461962317,0.0008085797596452592,0.00011134611504889778,0.0001664769578465811,4.1627291088241096e-05,0.00027002036540579866,0.00018960888897065663,0.0018493928691896144,0.00010975204286296502,0.0002102229333152201,0.0001292686928823777,0.0001694998478553446,0.00014660605991298725,0.00020609991851827658,0.00010901214075774675,4.544734681324123e-05,0.0008764833987837707,0.000647928746730031,0.00016807316624181112,0.0003124098868785059,8.26045958437417e-05,5.288632579239757e-05,0.00033417061685927314,0.0002077834865872319,8.525546232047216e-05,0.00025900949639645447,0.00040891876979003426,0.00018344237784556568,0.00020311738182533223,3.10879116094478e-05,3.172282190967558e-05,6.353734595627253e-05,9.240522688612276e-05,0.0002611052682820147,2.2196775915972466e-05,0.0004937414626915941,0.0002733992332650814
319000,0.003132402502135822,0.0033955115316159747,0.00509771570796147,0.0007342417442627126,0.0013894922091211915,0.005217159462907668,0.000750583038611254,0.008282982119257497,0.009157789700773581,0.0018080100107908947,0.0564227991612207,0.022595528111140788,0.005791442331180654,0.011755129896714194,0.0046246248646425285,0.012055268063704716,0.03501445895675542,0.004603677122379193,0.005726468914612529,0.02738671905872858,0.004645302590078105,0.008749156781342598,0.0341646609416542,0.02125704255607464,0.023225611795039316,0.002858806157018989,0.016604667818996638,0.015618330910759445,0.044098446326439875,0.08467348619078327,0.028697421311129196,0.033783560034442835,0.005198652266345177,0.004811258779142897,0.008327568086921625,0.0008495474282556513,0.00013054471278158082,0.0001685375193780849,5.070441676000784e-05,0.0002054675179010701,0.00026493280526974943,0.0016671507437422406,0.00023985051934687361,0.0002545817810402552,0.0001454125813085595,0.00028963676888581956,0.00020462149706290482,0.00024547617928938337,0.00013593621856514425,5.693938746017838e-05,0.0009624298584710162,0.0008724681559518407,0.00015270614876499166,0.0003481039459204892,9.661489976396893e-05,6.900229413986381e-05,0.00029542988785803855,0.0003779761407258775,0.0001431575787099367,0.0002723338703407745,0.0003551350911341918,0.00022356548189751138,0.0002606432312522547,3.108123384175964e-05,4.676212392951129e-05,8.879954245233646e-05,0.00010282958412842293,0.00024219533312655204,3.039086016087822e-05,0.0004830426652013924,0.00023086226174200418
320000,0.002411575426604769,0.0025260944767743006,0.005423440151692678,0.0006824829832392144,0.0011872317919380893,0.004394309075256128,0.0005130700159087053,0.00677546843211994,0.009177012362658698,0.00135054397105705,0.041214072821736565,0.016394137178858913,0.004202355227651865,0.011845454603782415,0.004593006220623946,0.01729099909668245,0.03305224639483467,0.003985193771895174,0.0067988481262416045,0.025508831101008884,0.004537838115075269,0.007406623255357252,0.03656210364696259,0.027453537710486368,0.019638703826150582,0.0021271582576446236,0.018347167254992126,0.014282473186388719,0.041818985322093154,0.07923185822707432,0.02242248805220394,0.03352380178358334,0.0028269244647801247,0.0026074542561112797,0.004654178118168299,0.0009623771747685948,0.00013433025751241026,0.00014021899013724496,3.71888556746415e-05,0.0002625977908792265,0.00015596032172904048,0.0017441737691115122,0.00020717638362839353,0.00027523704636079954,0.00013602504667161204,0.0001446280251083668,0.00019583692451226198,0.00016511829287502167,0.00011813444963936177,4.977251848520775e-05,0.0007967989664411317,0.0007199176810293769,0.00013183450473661651,0.0003137407357380838,7.352077440812317e-05,6.347378685363351e-05,0.00029889162476715145,0.00019713619883532374,0.00010348801504278526,0.00024564215575362773,0.00028278474831798425,0.00022078287989638396,0.0002083707088500146,3.6292056167669444e-05,2.9801765473772928e-05,8.679053324943776e-05,8.127291844825127e-05,0.00024513132914083166,2.1504659969195927e-05,0.00046490289694228515,0.00025821691669989375
321000,0.002599558499376734,0.0030717454504122508,0.00508317273731033,0.0006596275588470654,0.0012615041338869583,0.004352491053526007,0.0006521179282484104,0.006565975491456829,0.008833551580054621,0.0014784785817028023,0.04836109652486486,0.017871767568911828,0.003828735358900193,0.009842687231177864,0.004518451747315018,0.016855180701289402,0.01983291447292383,0.004594121948753991,0.004288001657446979,0.02376114054832821,0.004341793175932742,0.005106914982206945,0.04069891077155868,0.01751271649336559,0.019995390218773824,0.002446410607080907,0.0149950788770932,0.014438346784875952,0.04697058507111197,0.09332222379300455,0.01823291330219945,0.030812640441581607,0.003470342903437558,0.0025339357819385167,0.003891344198766294,0.0010539993016729049,0.00014622503930109145,0.000152796570546343,6.094335216162053e-05,0.00034001824735696573,0.0002292725105501225,0.0017410022628610022,0.00026238915356771033,0.00030762688825952385,0.00016116582480543384,0.00022797333937692852,0.00020965191607988425,0.00014957520317793183,0.00014038529873467833,7.014194025859152e-05,0.0010247024891004214,0.0006624745765293483,0.00022751953401893842,0.00036856747413237045,0.00011408367238581032,8.090778030898285e-05,0.00035341957837156386,0.00023536346105856865,0.00012893792854305907,0.0003073601180053979,0.00035629574971001907,0.00027768708217953036,0.0002687578901511895,4.841988743567174e-05,4.4568529119715095e-05,0.00010824108062184063,8.911994336813223e-05,0.0002964349853493053,3.2623951199184376e-05,0.0005996162522597162,0.0003607835857110331
322000,0.002863873738263194,0.0036386317154177015,0.006777043755088623,0.0006731181525537977,0.0013048022897179825,0.00617132625744229,0.0006307090854805562,0.008137505538815828,0.010234612044631013,0.001647085740842158,0.04405886809561505,0.02355261560350003,0.004420804505405778,0.009111573697806087,0.004044976077238971,0.014830227453179154,0.02966963733481299,0.005504965465891623,0.006365533785096237,0.026138766806398053,0.0043976302107624245,0.007085503996547361,0.037677294813717406,0.0233652882661166,0.01659676868710824,0.0028369516483508052,0.01683753282710284,0.017568599500312605,0.04475032364305876,0.07128676335466275,0.023715910163979666,0.03078073564504918,0.004239636987379596,0.004021972387373924,0.00648141790831384,0.0008954449532926187,0.00017571226250442793,0.000179520324019739,4.8788814687410985e-05,0.0002277532021253137,0.00018045759185632903,0.0019149894505972043,0.00018609632234074526,0.0002286594034749693,0.00014965161871451096,0.00025790472066944403,0.0001902760288765804,0.0002137272694149317,0.00011536404788173592,5.209723733721396e-05,0.0009705365165560719,0.0007660513617035273,0.0001755554438204854,0.00040211863790541336,9.979195987523718e-05,7.802180555865397e-05,0.00034735107580076223,0.0002107892040896786,0.00014759013218837127,0.0002743242169064895,0.0003712272976069168,0.00024174795374229903,0.00028877917739683417,2.751332508749099e-05,4.510439218089838e-05,9.348663728986422e-05,7.618218140643356e-05,0.00029565574741829254,3.5053937722295814e-05,0.0005456693418889073,0.0002896001498811529
323000,0.002023477875514505,0.002220072188113894,0.005231426000439872,0.0006591106703406415,0.0009253070590913714,0.003615011436912547,0.00039118383417754526,0.005779411836806057,0.006706912967815639,0.001269321093786857,0.03445059205258098,0.016497741820822573,0.0036956248520503073,0.007419472918062445,0.003124085166997675,0.011560834929393119,0.021471858208574952,0.0034788270459563436,0.004896905171335675,0.01826167802801744,0.0029316863487163294,0.0056206067869197796,0.029370100236847066,0.017726482740484547,0.012721613711908013,0.002104454184882343,0.013517132918496504,0.008092051033448419,0.03082340827694519,0.06603495098041152,0.013726097448185707,0.028975727159726936,0.002489835098047549,0.002972665882669728,0.00300477822707358,0.0008253610102591276,0.00010588467667329688,0.00013110041326895455,4.3440440952300455e-05,0.00033663456156318716,0.00016531050564021535,0.0013149991864338517,0.00017882113106679754,0.00019825960601481616,0.00011984653062762318,0.0001878035696563529,0.00013688357846245038,0.00011908000257632168,9.063981338911241e-05,4.015061974562493e-05,0.0008266849557982753,0.00039473914375776076,0.00016118609155455488,0.00034069527623150676,8.113831053974693e-05,6.340809301780774e-05,0.00023600937315530892,0.00016375214354980017,0.00012600625029790535,0.00021024713504840082,0.00034467189743736526,0.00023104944632719432,0.0002442447157001745,2.8653908805871004e-05,3.905320833534157e-05,0.00010122856337319091,7.371341650598749e-05,0.0002257345437705741,2.7612408430854885e-05,0.0005035147612698976,0.0002872176570235752
324000,0.0025831600760775966,0.0037628561911804827,0.005774871664470993,0.0007157733536307486,0.00106212555061874,0.004349712409748463,0.0006158113020436788,0.006731819186325975,0.008037933270937669,0.001886250987809035,0.04482207598360859,0.025196211246853933,0.004543002954574838,0.010354526002422725,0.003820850915294346,0.012746424744060883,0.028094249844322065,0.0071786141433440665,0.0063573719806819485,0.02767054870899301,0.004448652896340158,0.005455224951414753,0.047914456015763184,0.0223363035050473,0.019808249300810515,0.002623367344494909,0.018671725045195334,0.01802500288097993,0.05225801881615018,0.09500918458316816,0.02021763714476644,0.029433218535044804,0.0033155292236415335,0.0036907578279740763,0.0038440376900123535,0.001046107439768613,0.00012924952615303722,0.00016366241797269058,4.186334708500941e-05,0.00025183304262554884,0.00015480304420847498,0.0014463590596278664,0.0002013946578699688,0.00021533991159566014,0.00011751887952031164,0.00013839626431624602,0.0001788631766031725,9.58774329049561e-05,0.00010529172626626138,3.6782901567924206e-05,0.0008260024685254253,0.0005377549681118884,0.00017283975630562055,0.0003220995229417078,8.87024783376797e-05,5.958587919187928e-05,0.0003147103309279911,0.0002120837026495792,0.00012346932546986663,0.00021698672385704973,0.000520760023088466,0.0002542603178887221,0.0002300679207110079,3.484887860075695e-05,3.9792875415716684e-05,8.434647655611989e-05,0.00010060144917848188,0.00021352104648126295,2.6310233614879053e-05,0.0004596974831045128,0.0003004323330969783
325000,0.0028259730040460724,0.002952687448770222,0.003979873421485536,0.0006854954894991421,0.0011560499735677222,0.0036514395563114832,0.0005705757619418892,0.006260423660112828,0.008119809738350858,0.0016294125889544375,0.048161257886942935,0.017426227923087192,0.0031926245790214816,0.009038216465341975,0.003941576721669716,0.01726782134331491,0.029320427966143012,0.004530039937544874,0.005039860291747443,0.025503312204358128,0.003206751265989064,0.0054832614429674974,0.03514877989732971,0.023098101422510807,0.01709652190465787,0.0025149117689579727,0.016838454484165537,0.012190479509627039,0.04110723724314833,0.08035085285249102,0.01890624742906463,0.030012537996159293,0.0036908576938685655,0.0032576028188063795,0.005188714497004791,0.0009707897304126943,0.00010658959703547273,0.00012614373008545954,4.777746377281385e-05,0.00020436859085748438,0.00017113506167217875,0.0011770366709242808,0.00021295174819897512,0.00017727578910796038,0.00010610767002091099,0.00015385649434287123,0.00017826524705262208,0.00011731896904532135,0.00010638827703540552,3.880568705095687e-05,0.0008768078702465013,0.0004672648166585229,0.00014507604464597534,0.00029177828235667534,8.402044323733647e-05,5.600710247480575e-05,0.00026265371175262554,0.0001804373783329538,0.00011142160673848088,0.00022929621333017938,0.0005780430824112652,0.0002302558216984512,0.00017823547137528226,3.174970637299847e-05,3.513067859886279e-05,8.862133521741672e-05,6.842248382911618e-05,0.0002221809799602815,2.9069779245105565e-05,0.00042884328369470167,0.00026679997754399667
326000,0.0025880084614515442,0.003234040797300016,0.005523439225119849,0.0007289029019235526,0.0013634732785237557,0.00771828924709033,0.000519200163448512,0.00867432112571288,0.009358750034958644,0.0022422679903684184,0.04595638091124761,0.02025866620620871,0.004155951670272219,0.011517455961245903,0.004628412983840783,0.018585347456488915,0.030417143134573485,0.0046474861527816685,0.007416086307785008,0.02759969758092969,0.004123404110613102,0.006198578248683718,0.038629774105890344,0.02583905526189483,0.018866938051302448,0.002737091470044106,0.01794455277420807,0.011558057956790435,0.041371956406339234,0.08852982777710666,0.01867488268452386,0.03177510404538435,0.0038812963762386342,0.0029236891344247176,0.006632719282707613,0.001034365551666789,0.00010335969324758385,0.00012405056879122805,4.995860341427559e-05,0.0003332857796749522,0.00020227297405421888,0.0010888905999308918,0.00022444556880145682,0.0002586186697044468,0.00013326566800299732,0.0003315055588241681,0.00018493261102959653,0.00014631859547620252,0.00012418421330502152,5.780806991011063e-05,0.0007476681754164579,0.0006340725394693436,0.00015738130496174564,0.0003594225429748933,9.419896312089083e-05,7.121332468655469e-05,0.000300496557967015,0.000220332559280223,0.00015341379180553203,0.00026662740776303576,0.0004006833982809136,0.0002881450021995059,0.0002431793968079782,3.593300823877553e-05,5.094784925555965e-05,9.483464683316097e-05,9.268480088004643e-05,0.0002636186209848061,3.051771534501313e-05,0.0005601855868344271,0.00031007248180685564
327000,0.0026699339164593227,0.003069944701026004,0.004836801497731358,0.0006715905096895698,0.0010410938164200103,0.004977090465087842,0.000456125740503276,0.006397928877156707,0.007433199308258126,0.0014682220371469157,0.047381466158118134,0.016657068207353274,0.003686766832922303,0.009155231025226496,0.0033983920520661154,0.013755958708922359,0.023763600488217934,0.005258920183626322,0.0039647411239067355,0.02381918118750036,0.004845695528321742,0.00687277428940953,0.032387822295616694,0.021813634031059338,0.01646049750781949,0.0025364613509736957,0.012726917916535836,0.015961491909062413,0.04759223653270644,0.08044275241920859,0.022476500206200095,0.03281241718706532,0.003455661906505506,0.0030100582427494797,0.006426153814876064,0.0009480626494808218,9.994977523469491e-05,0.00011594080210257248,3.814789350319889e-05,0.00033137574195052366,0.00018626949941848424,0.0014461296996159945,0.0002008617283536296,0.00023017665706136445,0.000126877240123385,0.0003491447331567445,0.00018539377178409237,0.00014143881656991653,0.00011077749581020192,4.6092057469980894e-05,0.0009784652996796257,0.00046505433010679553,0.00012348994514468358,0.0003042937000549389,7.88724584379389e-05,6.589932831957412e-05,0.00027570671242697686,0.0001582734076066572,0.00011972636970843571,0.0002025307944362654,0.0002847220259354799,0.0002266323810572039,0.00019430619832510947,3.3360013548689994e-05,3.346757284816704e-05,9.293504047479485e-05,7.179333507727799e-05,0.0002859575074665596,3.882398927146369e-05,0.0004499213548665504,0.00026903952784778084
328000,0.0028625555980790916,0.0036927036665104053,0.004704324771106864,0.0006245653246598801,0.0013582507539168442,0.004447768921506524,0.00047970881748017656,0.007068967094228891,0.009562857784531625,0.0020504744061327074,0.04161508975785519,0.020988078965116556,0.003550727655017523,0.011320712682831843,0.004510780476159519,0.01872583480993247,0.035423143094573915,0.005193317152819113,0.0072786624535053435,0.031300120659410215,0.004538153136512007,0.0062738668074676495,0.03802664949015404,0.02585678801363732,0.01984815073595359,0.0023912263568490744,0.01696952534187022,0.019340365649744246,0.046445338191081056,0.08105107087847559,0.020900285316165536,0.031178483923073284,0.004314050702611474,0.0029981430151417234,0.0062012370144657325,0.0009713587039966244,7.932586311198975e-05,0.0001435179590936803,3.2792313447086585e-05,0.0002513449270509227,0.0001913871766757748,0.0015280874868039973,0.00021487040330612218,0.00022510848382233619,0.00013545385890163168,0.0001374119621922481,0.0001651142198218287,0.0001611809894708216,0.00010955703268580001,4.7923946732970016e-05,0.0009069997908542203,0.0005732663585149567,0.00016850351748871618,0.00032976105873730173,7.202821182639534e-05,7.109071653262204e-05,0.00032094869658233434,0.00018446088574819441,0.00011884002170998226,0.0002550057454755006,0.0003575029978189074,0.00023306959589793527,0.00020708409575760284,3.79001019001481e-05,4.15661717043905e-05,7.677218450255594e-05,9.447049082414846e-05,0.00025927929900767995,2.020371449873437e-05,0.000508308066977819,0.00027119636797579005
329000,0.0026763967245790046,0.002870653312398914,0.005661122976259018,0.0006335254691083929,0.0011425775541329707,0.004071342980231358,0.00046925655171083146,0.006393824177126482,0.008280648227510835,0.00128100974507106,0.0388229187660783,0.021339000695485194,0.0035795421034422225,0.009234723333506598,0.0035443709855505455,0.013725053491119374,0.025150592426750034,0.004730891605066961,0.0038468746403980602,0.026832163402214063,0.003499935884864359,0.004222895777469863,0.03179203725264718,0.021715979311071956,0.01601526492465512,0.0023016281658783553,0.015450738242238473,0.01596463060620105,0.043424496165757505,0.07625598006005373,0.015154124474793206,0.026232915386432208,0.0037931941985395777,0.00242026563978999,0.005939272420315926,0.0010789196327485634,0.00011199669014304523,0.00017671254136075731,4.0255099920395004e-05,0.00031878681068064907,0.00018460054502611456,0.0013809968404530082,0.00022221613389774574,0.0001929999493768264,0.00010080994289446128,0.00028144894359931935,0.00014331264007918625,0.00013800005861597242,9.981391967577456e-05,4.911943584705693e-05,0.0008063260620509447,0.0005790383293060586,0.0001431683765076741,0.0003137027188595497,7.389519777430466e-05,6.801398488030166e-05,0.00025229981868809165,0.00020773384309791254,0.0001088316666810998,0.00021942908267821902,0.00033237519492104186,0.00020210560876879783,0.00019741907415967339,3.1537168235838576e-05,3.702693144684114e-05,8.40086929627007e-05,8.191414105697601e-05,0.0002079834277628192,2.525173444922757e-05,0.00044933702028014097,0.00027283469826215877
330000,0.002985265175797198,0.0035798030062492384,0.006567990116309375,0.0007205037340379651,0.001150351610266614,0.005533501872767894,0.0005481745003649966,0.006234038833830638,0.00802858958334156,0.0015599544822180178,0.05033682311657259,0.0181380539722424,0.004601259028828336,0.010114480567829036,0.003853507614643176,0.015097946295403139,0.029777534101456348,0.004585197125966779,0.005311631774280353,0.023571887030702784,0.004443858015847232,0.005265603923362505,0.03764506882871501,0.021926046735340304,0.01699415454493733,0.0024747190182097256,0.014454994233801699,0.017583200981334812,0.04757624973015696,0.08169679109901594,0.018007474672825385,0.031551997419088505,0.0033557431980765474,0.002891116407375003,0.00608578672432082,0.0008900596061656481,8.97656995098379e-05,0.000168454395407025,3.698887456058478e-05,0.00026064442073447935,0.00016206186444136657,0.0012572656232805457,0.0001965655172625702,0.00021449229820734073,0.00011712454676231382,0.00017705175889598683,0.00015588389398421017,0.00015817140666385399,9.601306432167458e-05,4.525182291879239e-05,0.000790286264628566,0.0005569112032996296,0.000150579904402548,0.0003145166235614796,6.593829210754032e-05,6.456043816301231e-05,0.0002860180116077836,0.00019113768843226353,0.00011501795765095974,0.00023895090167710666,0.00036439141507192593,0.00023648291455959138,0.0002124086596200801,3.114520159584031e-05,3.596183463135579e-05,6.606587917067609e-05,8.684867446260926e-05,0.00023265667131396633,2.3066248289183022e-05,0.00047071670373303017,0.00025408456422155724
331000,0.003498500952470774,0.004954712333629787,0.007446293884034579,0.0007310794692435034,0.001476705128143179,0.005581847073439609,0.0006002868862299604,0.006413472730891241,0.010155394103054001,0.001875673817266943,0.03889688090737449,0.013974510663399773,0.005449501665266739,0.013323637288274105,0.004975183307568146,0.01375041298524593,0.041578371461236246,0.005622125892381219,0.0052230698924436835,0.03313796310161706,0.004460041428685075,0.009931839773993747,0.03635803905626138,0.021089594307947362,0.021119090064992577,0.0037929653655737637,0.017500827210569475,0.019439584586204244,0.04607218771878466,0.07625060470309108,0.019425788757313663,0.025692831865923766,0.00457432394911778,0.0034205568724225252,0.004922054999042302,0.0011306747644214607,0.00014383613406727434,0.000119344940520188,4.521252091204171e-05,0.0001905688966417074,0.00013855873415176322,0.0014257834591262508,0.00016333255989593455,0.00019537709782094966,0.00014692316613036384,0.0001849562981829779,0.00013729516396316494,0.0002581230146923019,8.074628962715687e-05,3.631234211421873e-05,0.0008346250627185398,0.0004794812860685245,0.00017449323750042822,0.0003021503296028585,6.197245916782463e-05,5.0366973286228046e-05,0.00027939017019635166,0.00022155577900662138,8.794013564283887e-05,0.00022455517194500246,0.0003948549176129745,0.0002052435007579979,0.00020976595396017796,3.333543348086702e-05,3.4456516257503405e-05,6.416365714688833e-05,5.9397304149959905e-05,0.000207291673008982,2.974281942158541e-05,0.00047670906263826943,0.00028724938456434754
332000,0.00240841552384744,0.0028666915912051788,0.006783924269257113,0.000660275196045964,0.0010210079160486525,0.004403447016167255,0.00042208671571173793,0.006711274695536464,0.007375983166340016,0.0015327224209613632,0.041868678783138435,0.016886921815391677,0.004076265166407789,0.009581418925969929,0.003560667370787568,0.012673410004026664,0.024862932373339607,0.004277820977982122,0.005202754444326274,0.024293287421824062,0.0030385346156304666,0.005385397922477101,0.03266029583949906,0.02100121824053834,0.016188106705187007,0.0019625032669864594,0.016001877431746483,0.0119929628222053,0.03401096546063748,0.07034995123138933,0.013245029666286427,0.03039403306096434,0.0037188322172727775,0.003290659402959728,0.0037953068454549387,0.0009555271219596762,0.00011348439657491613,0.0001582720431294795,4.561114827039825e-05,0.00032028338011969026,0.00017243084865650087,0.0013970289437565953,0.00017172186371681165,0.00026147151921625326,0.00012696660644092173,0.00033521589766272495,0.0002036229355888664,0.0002437259353111898,0.00012164843387405074,4.661322468150915e-05,0.0009055872715040235,0.0006579898805891086,0.00017422752389393282,0.00032514454053908797,8.73897261671714e-05,6.26323248359933e-05,0.0002620219380181273,0.0002144817893849904,9.692487218318193e-05,0.000269725150281794,0.00035121730234095595,0.00022040353926158982,0.00021385536042880967,4.085452179744017e-05,4.087376590986322e-05,0.00010732674843291227,8.519033833311238e-05,0.00027300579323229885,2.3406670123904405e-05,0.000496930882441464,0.00028764592425432054
333000,0.002416973853099547,0.0027708240358387463,0.00555518660985399,0.0007824402120744568,0.0009761312951382081,0.004552491124871137,0.0005567983048128935,0.006888787104923954,0.007958197088900986,0.0017411031822121004,0.04357544189541066,0.021978789380079192,0.004664589763816559,0.006673337341674072,0.0034502028316102736,0.014991859196622196,0.025178851226796507,0.004004851313892905,0.006709194086267546,0.01899942793948867,0.004231592050025658,0.005320045189039645,0.033046198406567175,0.021583091077445715,0.017132235443511043,0.0019021582149434835,0.018339001189100337,0.011716652197416503,0.0380107619886985,0.06910394479646423,0.01608025162247941,0.030911604102584533,0.004647216892823718,0.004708575778940305,0.00794303363565834,0.0010521720526932249,0.00012260997153278272,0.00017600433726660083,4.469788551563923e-05,0.0002636133357327708,0.00015432174146635976,0.00123824084221269,0.00021784745404147544,0.0002465740470525864,0.000139894856391421,0.0003759008424205084,0.00020047030066331915,0.00025863494155942135,0.00012586562689385761,5.374618215434814e-05,0.0007451888881720291,0.0006304172193267732,0.0001347420442471048,0.0003456876118304665,8.984364047074481e-05,8.983727391089566e-05,0.0002892595824891697,0.0002925878288806416,0.00011556015380165263,0.00024387021809301447,0.000443260798844373,0.00023298401293822457,0.00026652692387566884,4.404276059348548e-05,3.8225816751946695e-05,0.00010887531137340575,9.056139736328208e-05,0.00023827480934663698,3.543002891603919e-05,0.00046646985123240917,0.0002535036597691942
334000,0.002989992816863476,0.0036278748898271092,0.0047269715190244215,0.0007323515007346241,0.0011384627872343394,0.004301240274279345,0.0005481738610268944,0.007366604768179183,0.008127415444637853,0.0015284936544048833,0.046130600084448636,0.019890870477531873,0.0028564797292788035,0.008440690631191088,0.003893989780280047,0.015399151693297123,0.02716537176452437,0.00496182496669773,0.004975933850281373,0.027416224679764126,0.0030755284887898316,0.005990303132810888,0.030284386607430255,0.023439666888831805,0.013727985233200589,0.0029358016094192863,0.014032754213103764,0.015794771412705206,0.04035179826348801,0.06346531504353944,0.02190608864533715,0.026767214820630707,0.0034762279529729767,0.0035728585698115937,0.008915827346451502,0.0008180629294461791,0.00013335295410330983,0.0002079575109415931,5.165053169066486e-05,0.000304415508708189,0.00017321860309251898,0.001375303643726511,0.00023533415851488825,0.00024928622698146345,0.00015345713934852698,0.00036211530309913085,0.00016898339012577548,0.0001363846649944378,0.00010543551367496893,5.075479260664327e-05,0.0008879027531852793,0.0006577694915298101,0.0001786834522135905,0.0003429486790138275,8.111057803912915e-05,7.257524994615365e-05,0.00031628337526325915,0.00027529246881385916,0.00011150158608567533,0.0002476286372816853,0.00036380583066299247,0.0002435675307445171,0.0002280671240787005,3.411917194617664e-05,3.801043779579535e-05,0.00011181697683926584,7.60106605801931e-05,0.0002835566627783145,2.8247505454714883e-05,0.0004988503628699603,0.0002990492823300883
335000,0.0025520756724143065,0.003670166800374217,0.005214499571593478,0.0007717694758097283,0.0012229737219714952,0.004749653440999931,0.0006307577702075157,0.006970391213590298,0.00923529051577226,0.002134528214810416,0.05631255131735133,0.019247035433979865,0.004418775248764591,0.007741456664034834,0.004142536974846092,0.015156159702807296,0.022512645955863435,0.006002396315850518,0.005589999318804725,0.025649504585162505,0.004844663166480027,0.006632735934739945,0.036723784098867326,0.02257783460287707,0.019214765398669804,0.003612355946097523,0.021174666899441724,0.018453079067815754,0.048438791651963534,0.08082631883312828,0.024692370269525175,0.03321088628525523,0.004467626917438303,0.0036246492370484574,0.010149971496705094,0.0010561790039836133,0.00010200628728877124,0.00016235456860158592,3.971434324991704e-05,0.00023502438943978632,0.00016548363627881624,0.0012692400050582364,0.00023373968551823054,0.00021890435925199294,0.0001084782493978166,0.000343298107647375,0.00015800319737249274,0.00018465664391342784,0.00011455118085685736,5.625925773115755e-05,0.0009541044620618777,0.0007938714943520608,0.0001436537933841464,0.0003657751381348246,8.17061951269791e-05,7.112589310054318e-05,0.00030067178643362874,0.00023380398647532274,0.00012103131895931558,0.00024188227084428386,0.000535970642764975,0.00026209464879144357,0.0002507502185414557,4.001914532477098e-05,4.2750283783890256e-05,0.00010874511739730932,8.560763749950897e-05,0.00026707166706189364,4.0795804125082213e-05,0.000501768393848938,0.0002722262859606417
336000,0.0022991001279798503,0.0032968995100991043,0.005497973446229783,0.0006531075932238869,0.0010495624651239383,0.004644079864062535,0.0005642738860622617,0.0054331015180650866,0.0075025739766266565,0.001538351130875526,0.043995968772732236,0.018711795092017106,0.003767672613541821,0.008997524549585884,0.004099946252737187,0.012702266326111081,0.02413400693556122,0.0048481831520492255,0.006013250123942271,0.021595748432082472,0.0033242624818324903,0.00571619386745884,0.032858823480394976,0.01844072771103432,0.01814628301843417,0.0023462467710487545,0.014508806881264586,0.014487263787941629,0.042213105561677365,0.07517554874415978,0.01939568456650401,0.02908912130470316,0.004321561301257868,0.0036988798916396727,0.0054692578180240365,0.000820641207058413,0.00014428194498948774,0.00015094922541307327,4.1425158830193197e-05,0.0002658186763824233,0.00014064506087543897,0.0015142187585297506,0.00017626670432946412,0.00028855333793169276,0.0001442533366571297,0.0002501098229909563,0.0002022139689527473,0.00017638905766403923,0.00011967423045164117,5.200848917494031e-05,0.0008504009733035044,0.0006726417250320083,0.0001642517954678624,0.0003394198035716634,9.939496626900328e-05,7.821167382231083e-05,0.0003918468089694372,0.00020890321405886425,0.00012214823098904363,0.00025398811529927254,0.0003420647138530815,0.00023857662850751714,0.00022609773201212293,4.83839096954693e-05,3.682256414726403e-05,9.554936992253125e-05,8.452324930528578e-05,0.00022741533325918153,2.5879506651449447e-05,0.0004997134202931804,0.00026608947628119494
337000,0.0030828111412611672,0.003699339548970952,0.007406845543300733,0.0007122655347932148,0.0013528690176343257,0.004577302252073423,0.0005511240946647845,0.007547250898984631,0.008320789489321042,0.0017180868453579023,0.04674081494239443,0.025248179299449808,0.00450774330547023,0.009480012469573536,0.004331681444808269,0.019388714951370883,0.027101809764904568,0.005729478933108687,0.005016105603967195,0.025463854770714535,0.005052573475206128,0.006895903030843848,0.03995670583758814,0.022217624490440357,0.018418237459540944,0.003396883374080062,0.01779987104504977,0.016747317557170998,0.044869034294627935,0.09302532822297391,0.020884974744403734,0.03186970819325115,0.005001066793087061,0.003567566027582913,0.005151147960229234,0.001074675248803812,0.00012258241574607766,0.00022305948513431676,4.698296630708518e-05,0.00035092315511064953,0.00015803588218582165,0.0016990461699606385,0.0002278568229485245,0.0002710205105693986,0.00013626868342391006,0.0002655689783255509,0.0001942191753913217,0.00021445775397666011,0.00010721880725888131,5.651420914628861e-05,0.0009859214104310993,0.0009041929930996654,0.00022984830175118987,0.00037912317148599254,7.750081552111278e-05,8.425971133295785e-05,0.0003489697919576429,0.00018461852891960007,0.00014046545528698416,0.0002578561761206052,0.0004592605551200298,0.00027158076188080703,0.00027262329602443196,3.398224425877784e-05,4.161262141779945e-05,8.781415495779182e-05,8.215290056666293e-05,0.0002618771316819341,3.2996683899000345e-05,0.0005444117804999979,0.0003113697017397499
338000,0.0031144009440509223,0.003604637934283043,0.0076770303906717645,0.0006569197445200048,0.0013013943407713668,0.006329919115939576,0.0006091909484996816,0.009416083667162513,0.012360629993319107,0.0023186069629446138,0.060875621376908384,0.02910422246327007,0.005103075767472161,0.013677940580292312,0.005111178611204035,0.021143603462405736,0.03434196227486349,0.005885056280781504,0.005269224126615362,0.029481256623063626,0.004783868670369884,0.005990715026460488,0.04499121679885623,0.0293281249376984,0.023091128922498597,0.0019907087786123156,0.020210545906118406,0.030188484084646916,0.05508363080341095,0.10612721891835288,0.024717135563647994,0.03937620341625566,0.007278494687035128,0.004876775578998413,0.009033452624862548,0.0008345519988129776,0.00014020935875099609,0.00016506280512244715,3.3968946636597104e-05,0.0001941177960134155,0.00017674403728080429,0.0019449593564786483,0.00017226426630259084,0.0002561751124224094,0.00015581673606471954,0.00030793945337969877,0.00019933567515987275,0.00014910942419277262,0.00011450615610211289,4.889712040907894e-05,0.0008515788325684508,0.0007365863320956123,0.0001554285531710775,0.00035022345295777885,8.609307827821889e-05,6.232118645047277e-05,0.0003215755886847018,0.00019090420227030336,0.00010944350176739843,0.0002535690618200393,0.00040888506337068977,0.0002139710122251824,0.00022348363711865172,3.844533821782468e-05,3.589492704729006e-05,8.396584944007786e-05,8.429911213170271e-05,0.0002480097792962232,2.1801592083647847e-05,0.0005212724383546484,0.0002844344573531998
339000,0.0026136529198059156,0.002928833716766719,0.005065659856578956,0.0007061931558872367,0.0009739186636487588,0.0035659431149334913,0.0005447941895703655,0.006381160457214505,0.008299935941965797,0.0017149582254205598,0.041960242217482804,0.019457438480161245,0.003873611222705663,0.01050442635515179,0.003652759951974611,0.0138958916483413,0.02971627048152316,0.004893213393361178,0.0066592581258321714,0.023533488639247178,0.003923707309258344,0.008185816394870926,0.03625897928063447,0.02259917204877032,0.017206819504454393,0.0026697665103711187,0.017332738492604728,0.013918703045874281,0.03557710744704202,0.07421968489037564,0.01945096135747614,0.03316301157218941,0.004597666324085681,0.0035389924137551893,0.008006864135192396,0.0009053651381561524,0.0001062289117537842,0.00014605862832633483,3.9993997598323774e-05,0.00022123582925814844,0.0001380748443834141,0.0017121869095717557,0.00019100154659099645,0.00021127534766588054,0.00010102401186151455,0.00020290508645481558,0.00017600703745002696,0.0001355367125572826,0.00010433306093694949,4.8452059218107024e-05,0.000841012940400805,0.0005456278354358801,0.00014608421370212454,0.0003141368429262039,8.637807891788944e-05,9.009223979526062e-05,0.00028243801238869476,0.0002707011569214046,0.0001149665977146065,0.00022768996281439076,0.0003539964919279252,0.00023466353922773828,0.000213279919897239,3.029461417302603e-05,3.461861645822258e-05,8.206493170108571e-05,8.636436281709134e-05,0.00022506222210671284,2.2681286253600774e-05,0.00045926342921907734,0.0002520538000680972
340000,0.0026051714991587468,0.0034844018411132748,0.005078462553986658,0.0006908825463632148,0.0011806681464528268,0.0054615049827719175,0.0006549164478905544,0.006780231602997268,0.007827494330999626,0.0019123620295431465,0.043923353158687756,0.02166133685940789,0.005752460627153403,0.00951722214810588,0.004140927198258235,0.016640265850279928,0.02242492694746207,0.005451386409835253,0.005935129576495716,0.026917635187104074,0.004911548486781542,0.007446655188524736,0.03659473699439938,0.01742511192363357,0.016285363090424824,0.0025986834662035108,0.021646930457314563,0.01985657689162205,0.04223461968906443,0.07401310095273432,0.018556358350639734,0.027235129024820007,0.0036567560262553275,0.00426395241244558,0.007377024284829127,0.000865821920147677,9.875283423729055e-05,0.00016084468354000074,3.639056384358755e-05,0.000274561323863054,0.00015945600455324893,0.001167342245025793,0.00018039950264210348,0.00025684593377886094,0.00016114442561095195,0.00026424389139866175,0.0001977475818409259,0.00012730618165157637,0.00011975913504368785,5.4734459974332076e-05,0.0009149335804207882,0.000571833533285826,0.00016868628827069188,0.0003381073347925997,9.314531499857649e-05,5.739060671575399e-05,0.00029275453907366586,0.00028362890003563734,9.680753922541246e-05,0.0002357905863951041,0.0003445464732067194,0.0002163672804344945,0.0002125817077285319,3.402682262333713e-05,3.5907483126922874e-05,8.842427528533891e-05,6.838709279171391e-05,0.00024566942726293506,2.416961034157339e-05,0.00046327509240471336,0.00027066387265222146
341000,0.002859593969603609,0.004093337001567879,0.007177819245650123,0.0006865331488090585,0.001133145864813845,0.0034323613030470108,0.0005424314387651506,0.00799589480433782,0.008364263090041714,0.0018802393333317013,0.04866320357990687,0.02000072271455941,0.004424003912418178,0.009482452107063595,0.00394722643056465,0.01614665899372388,0.024778814697583584,0.005534556386896551,0.006571842562282525,0.028071920380704492,0.004994007320468742,0.007630488882958681,0.038036332660121845,0.02335676740804047,0.019297141645207405,0.0030141319264657797,0.018205823715503805,0.017613971929677064,0.04902421448770089,0.08211968277464621,0.01834446217127455,0.03418624912984132,0.0032710257272277397,0.0032124162189786656,0.008201759755845868,0.0012600741819954106,0.00012076391608149463,0.00014396102989683806,4.4969235440508916e-05,0.0002917621878850696,0.00017695661239863414,0.0017078802848118357,0.00020419347051756632,0.0002120845155762876,0.00014963468340858143,0.000150738252956119,0.00015048965201059584,0.0001261804036829517,9.768442985420797e-05,5.2076289400495376e-05,0.000856483724928344,0.000697002010383585,0.00014541238888341468,0.00038190189570741495,7.81279106361361e-05,5.8904927941098734e-05,0.0002640384612776313,0.00018984031140689694,0.0001148360185538877,0.00023363481625612902,0.00045936192849088306,0.00022497589205929623,0.0002622458745951951,3.395127418155237e-05,3.2787206995029315e-05,8.40106899148224e-05,8.78045479372044e-05,0.00022346789535712406,2.0876280004245018e-05,0.00047661825815224757,0.0002644380921992706
342000,0.003159470520610764,0.003939531915454642,0.005158865416888148,0.0006839526192589591,0.0013745747790933451,0.004443507691446159,0.0006931086303842265,0.006708011854261356,0.00906830473411878,0.0021674244599125814,0.044730128593028544,0.02126786111366342,0.003253274161993018,0.009821765561686003,0.0039078484731683545,0.014228311056892077,0.021504909972247247,0.005716128838454857,0.0047306697202397375,0.024440187232830795,0.0033721206030524905,0.006311179043807767,0.03324225153385972,0.023862947405480856,0.013834330616523475,0.003198229486588389,0.015296006121910604,0.018711660616342368,0.04620812419486944,0.07765230643992489,0.0207117930277794,0.02989761173599758,0.0038371432295058673,0.0038756814022679804,0.00994092526202116,0.0009139909275290847,0.00013169012595276878,0.00017579226373114082,3.9120498497075194e-05,0.00032913548955093574,0.00017683395421567608,0.001872630829893751,0.00019528097882357543,0.00021781643569116377,0.00014948205722057058,0.00019528510882845955,0.00017275191276822674,0.00013396005657995147,0.0001223642043363537,5.6618647332387894e-05,0.0010215840632449376,0.0006633614784732345,0.0001574658153913333,0.00036154604165450127,9.673790255592081e-05,7.65448614236613e-05,0.0003013111789245628,0.0002654343704762141,0.00012619584891303425,0.0002564720982473563,0.0003603019583048687,0.00025105767111661465,0.000235481323460152,4.14076631286334e-05,4.281211699384989e-05,8.880460464964714e-05,0.00010683139693615626,0.00028042908228121906,3.0762017544816445e-05,0.0004693618369733982,0.0002571070619524107
343000,0.003128234467825481,0.004246895107725222,0.005271582873926188,0.0006362817541790159,0.001310536090202248,0.004728791702031491,0.0006405993364179237,0.007506224297614216,0.008494993885431287,0.0017391420424246462,0.04246623491412776,0.016601028060987878,0.004602100162160103,0.009239149682082027,0.004262844712491856,0.018382866013174255,0.02543274454538256,0.004685533086730969,0.005662796184229332,0.026029534339807772,0.004642161025732933,0.006220395158639543,0.03544276524606782,0.02104620664989246,0.01593894475456817,0.002861494291573763,0.01941706884581839,0.016117712550415792,0.045820352822364144,0.07621327648690392,0.018966528369346633,0.02801718239341146,0.0038921385221547446,0.0034107692283933556,0.008253835898762595,0.0009055049037475069,0.00015115749687610283,0.00014808149446501127,4.104184548061794e-05,0.0002648185288762761,0.00014778062995901564,0.0016926573152886704,0.00019046932884521085,0.00018537765382270184,0.00015614672060301497,0.0002701065380859648,0.00014883436957110493,0.0002447966768048815,0.00010436105470364118,5.697841391917212e-05,0.0008782063944286515,0.0005852929816683172,0.00011425749162299325,0.00033251144683460124,7.838805404076241e-05,6.803316405652863e-05,0.00026012721898814074,0.00025036959569035844,0.00010160273180304102,0.00021477849322064474,0.00035868183525356777,0.0002107141696441925,0.0002152899728445037,3.498057913635126e-05,3.8277381766723316e-05,8.49370959102018e-05,7.679371200148515e-05,0.00024600016697645845,3.769193254754555e-05,0.0004281350821053033,0.00023475733487430262
344000,0.0026545817236920638,0.002633806166866432,0.003767746646190062,0.0005780644438485838,0.0009451525773191044,0.003912706952438124,0.0004901090728414983,0.005787398036773084,0.006912922687563337,0.0012662916087720077,0.032727717724844334,0.013786037246239974,0.0035502162841801305,0.00823803333509149,0.0034628653071623002,0.009922068752227156,0.02065034518617332,0.0035502954999197135,0.003590119232415288,0.021337168859366405,0.0033741423236803643,0.005669689100386677,0.0296312513803908,0.021342570000221408,0.012886770975051655,0.0027973573538474738,0.012253997127164813,0.010468528007550049,0.039014965701019665,0.0645570917480537,0.013778923631665142,0.021212626062221646,0.002064352124294216,0.003306703456727582,0.005403718050527257,0.0008098525155284213,0.00011872327129337559,0.00015309316040656995,3.942933468154599e-05,0.0003098223695587876,0.0001433118440498684,0.0014801454199186992,0.000201020486838388,0.0001982559517847748,0.00015571622551712944,0.00026259472385520765,0.00014090965736625693,0.00013737462897722708,9.468857630203086e-05,7.028902895068644e-05,0.0008499982717169657,0.000624760889877507,0.00014932307985873194,0.0003395149273533856,6.627126356698713e-05,8.178232242657528e-05,0.0002687036863858583,0.00017341197030873445,0.00010210459212582161,0.00021585473588437218,0.00038261631392136526,0.00023132479086870316,0.00021611289957103577,2.399717913185832e-05,3.6505672041029255e-05,9.089309002491347e-05,6.999300447725025e-05,0.0001914920910324908,4.348155843558743e-05,0.0004813652558674343,0.0002692908017706941
345000,0.002850196535586587,0.0038375068020454987,0.005790433002403006,0.0007031751753507146,0.0011871571931103835,0.003938926596155008,0.0006116474185275013,0.008144165753893665,0.009595375688857967,0.0019943281749874586,0.048668406636599326,0.019800364339470414,0.004225854548029461,0.009341456129980295,0.004821925507734276,0.01372007381360163,0.03295685591763772,0.0055300066419995,0.0065588374387256666,0.03254352264246942,0.00444304262706947,0.0065671393907190834,0.03967902557730364,0.023389165023521247,0.01853489275154494,0.0030148687539622186,0.01666843990423397,0.02184698253025393,0.05049284706645481,0.10215624325862718,0.019003721618209967,0.028672242037898216,0.00503648609563575,0.0034092712878275983,0.007166814659083482,0.001151834923543252,0.00011745685768154975,0.00016117626906138454,4.296873686165869e-05,0.00039016356845422706,0.0001638175736804848,0.0017643630344537087,0.00023674538424529602,0.00024882374485681985,0.0001606857435849394,0.0003456438224024591,0.00020582391259562938,0.00016451358571067942,0.00010829004349159669,6.533970364133975e-05,0.0008556049408280859,0.0006368461545207538,0.00015004421684352564,0.00038541563506033544,8.004061104155222e-05,7.865210091040353e-05,0.00032104774686314325,0.0003147353689882948,0.00011860405649915467,0.0002467811320457258,0.0005139744103265305,0.0002564294038049083,0.00024330464524340372,3.374361651125795e-05,5.047417067140082e-05,9.314299834593179e-05,9.252025691759107e-05,0.00019746809224883573,4.142265892426167e-05,0.0005242947223496612,0.00025326283612230326
346000,0.0027624252648279623,0.0037790848984042423,0.006961028227427353,0.0007328231248371034,0.0012735949143162439,0.004929132591444484,0.0007118407054276172,0.00792877110681872,0.010603182677722187,0.002642009290866554,0.05356333800483736,0.017988184307332445,0.004129903256949602,0.010172377157135943,0.004275561880529174,0.01624377645930508,0.0297405366995701,0.005938402280179029,0.006157035506995661,0.03361608516963315,0.005063667715194242,0.00640191147369608,0.039244876933516935,0.025591877034579134,0.024631571078273174,0.0024401986855082216,0.01960883521213059,0.027172524395912962,0.04996123969595989,0.09342101060986263,0.025551481375199123,0.029993426327844366,0.003918531963191841,0.0034941956169901923,0.005764091157389985,0.0013608952034311578,0.00012234995719346013,0.00021477396591184186,5.08781151044118e-05,0.0004802451145451414,0.00021314351865501212,0.0019144972975482233,0.00022525678878082545,0.00029681635040010166,0.00014110599579094253,0.00025359890603583935,0.00018757037684592528,0.00021483750137818447,0.00013587260116898099,7.136775878858647e-05,0.0011293933490623413,0.0008545243784586395,0.00020990359371353406,0.00044286117023445084,0.0001001962262558538,9.153323208010988e-05,0.0003562976751523546,0.00023426700090567465,0.00015625721617753798,0.0003221852319886518,0.0005065515109890839,0.00028701837106210546,0.0002718573268793989,4.631583676901091e-05,4.374590854341578e-05,0.00012788309165396688,8.55293136347817e-05,0.0002762786598288178,3.3575756688719594e-05,0.0006298941900561605,0.0003399968669327791
347000,0.002695161756663937,0.003570976601622533,0.005610296294131937,0.000669718229031647,0.0012184778825030662,0.003511915155416188,0.0005939892862296538,0.006887632130183549,0.006610508942973371,0.0018201631610281765,0.042758132472011275,0.016787180920179095,0.003510389695734237,0.008903777873814706,0.0037775262710484266,0.014132209168868334,0.02194007186855223,0.005591950100799433,0.005147716304886022,0.02415811042279529,0.00414760779136801,0.0053311881329786304,0.03396340995716552,0.0248038134289042,0.024386057256046954,0.0027112694457173347,0.01222237277177064,0.016877151808936713,0.053150088878636086,0.07695500441590294,0.019105716329455995,0.02441937468448976,0.0044937127666720205,0.004500113460296213,0.005801847107351123,0.0010569020791990624,9.43128117264199e-05,0.0001649273202185048,4.229708099912211e-05,0.00034448231161832155,0.00016016382209214653,0.0016558447932766285,0.00018353728237343602,0.00024116377667987284,0.00010555767939877115,0.00031205517525856,0.00017285086549060922,0.00016367628533942025,0.0001517729043990616,4.9130406502875054e-05,0.000980599532382397,0.0005632645549364194,0.00017441821692045777,0.00036840548098701463,0.00011480807003455742,7.26182506282798e-05,0.00034563771815330883,0.00024093646794653978,0.00015266526673308868,0.0002744595256584804,0.00043065827109482296,0.0002509930589544564,0.00024092621864653025,4.39731233423568e-05,3.456157163681281e-05,0.0001034529620096396,9.661075325441613e-05,0.000276777119012424,2.3359230027608646e-05,0.0004938870753307617,0.00024736570194363596
348000,0.002742196248692454,0.003985211429406061,0.00488422986624452,0.000656223023403212,0.0011336058751227557,0.0048387869729984755,0.0005938373070978653,0.006524052692839177,0.00998187126512526,0.0017334786716673989,0.03992241281113461,0.02035884750197585,0.00386259688291995,0.0099133026260185,0.0043795664464970985,0.017456794622072874,0.025677689330266384,0.005030919474444965,0.004246825172491039,0.022723017270691342,0.004494915961798213,0.006998388304672127,0.03231149838500035,0.022424905070632425,0.01715417357096042,0.0025875036255456505,0.016424035848851947,0.022514064890098478,0.04872438800349996,0.07972671257518796,0.015233666363637894,0.028760597975073885,0.0037129151885394026,0.004821855620405607,0.005209577586356318,0.0009459826152513935,0.00013398134873610665,0.00021524224088021913,3.824209795081504e-05,0.0003804333176731234,0.00018539447033530683,0.0019821157293336,0.0002128262877704401,0.00028320346963913546,0.00014505862406000042,0.0002505783368052659,0.00019933101730442248,8.531918461329724e-05,0.00011722138917148499,4.456358432104356e-05,0.0008299283298198974,0.0005873193849765812,0.00014366940577019703,0.0003435662672148153,9.455814192890478e-05,7.048082381350633e-05,0.0003206413375371466,0.0002122515797395863,0.00012315993266535466,0.0002536675379045706,0.000357141826498264,0.00023221787196558747,0.00021555693583481857,4.229343632506972e-05,3.448777367035897e-05,8.206181059431873e-05,9.219287312589586e-05,0.00023188111226323644,2.676578368010496e-05,0.0004716674261047757,0.00023078121994331014
349000,0.0026245823296817804,0.0032531591811372587,0.004771259079764907,0.0005534187126333843,0.0010049206420135997,0.0036788587006282925,0.0005165943391089499,0.00566110852606453,0.009173116491891488,0.001582650596901658,0.04133919888929849,0.017616007597195806,0.003006587444388336,0.009979846257892583,0.0037942540212551486,0.01417714815124782,0.021874826205865765,0.0032945632530432313,0.0038528165574202183,0.02172667408881049,0.0032894473366888214,0.004359034410851693,0.03499806815118063,0.021938460702828403,0.016843198536373657,0.002195657230913639,0.015610830509633761,0.01583037629006867,0.034440793887958586,0.07814925933029547,0.015390135883935728,0.027753493962406468,0.0031170945771918923,0.0029585394309241415,0.005438106955504433,0.0009938981397681346,0.00012331429493734074,0.00016849041561396336,3.654851885114047e-05,0.00036429184558528505,0.0001659971451753084,0.0015775507308717351,0.00020852899206147413,0.0001739811440242384,0.00012266080947675187,0.00022825168177291743,0.00017012066758712664,0.00016195214845549089,9.102571269573704e-05,5.4608130250761114e-05,0.0008120339523954429,0.0005696368774200286,0.000137085484675481,0.00034115642845753595,8.171055364512321e-05,7.593402983729902e-05,0.0002604842853905074,0.00017296433247793175,0.0001401247799448255,0.00023858597467971357,0.0002711091123880275,0.00019866939067137,0.00023867056599421495,3.209927216362262e-05,3.77160442642182e-05,8.18802471054345e-05,6.831576878799492e-05,0.00023215123707086237,2.80743201273026e-05,0.00039834242692786344,0.0002442652232275577
350000,0.002763984813444384,0.0034321608685853855,0.004427633684827015,0.0006209473585421129,0.0012115657369761294,0.003338749628320719,0.0005339299571335598,0.006604918678075431,0.00695570942366718,0.0015464374228031375,0.04362260956456597,0.01759118680323883,0.0037099166930243937,0.0104139033978065,0.004304554879084154,0.013906553671404254,0.026153645753202864,0.004712402489577137,0.0038574115491688383,0.02286232398405749,0.003197394340876459,0.006637902320660162,0.03427356884271527,0.021976480988754096,0.017706397572293923,0.003029924596194178,0.012950192945949414,0.015367225823259409,0.045742346863399314,0.07439589029531964,0.016775783406337723,0.029113280169370297,0.003077190088674797,0.0035960463680757403,0.005923971090750355,0.0010432088884369608,0.00013151690483793668,0.00016920279346198765,4.790761455209226e-05,0.0003636975144445387,0.0001421280389635324,0.0017592097065062262,0.0001727282067804481,0.0002504828853728357,0.00014992963723862456,0.0002496253816518999,0.0001823849717303554,0.0001620672607582918,0.00011057440047544521,5.0561432916848304e-05,0.0007723101456192056,0.0005215103877465784,0.00018889541461248883,0.00035250504836823186,8.517187497686948e-05,7.148028217588117e-05,0.0002920005833735187,0.0002553438324639501,0.0001277760464656947,0.00025063921208269536,0.0005040775697125355,0.00023588969583721747,0.00022601815567213634,3.91458317873609e-05,4.4050621606099107e-05,0.00010113202653747657,9.15753848208364e-05,0.0002500380694589734,2.79588432761102e-05,0.0005022680797381082,0.0002524981293390738
351000,0.002389039965188154,0.002904042730935746,0.005934635274267445,0.0005994690207024598,0.0011147510926830478,0.0039121415227003,0.00047345417040618954,0.006503954539035547,0.008216473395471359,0.0015350287121691508,0.04481298600454286,0.02058396542698036,0.0042356265012958,0.00868709883450885,0.004127670541257591,0.015403956848482872,0.02939105939237509,0.0047226489029376754,0.004229871425715308,0.02579908483719919,0.003632117448885835,0.005795783702524204,0.035754372094525026,0.024228233772252375,0.01691212627352682,0.002309903030982241,0.01657823709582141,0.0167956140210966,0.049077949640238386,0.07760925816746161,0.016284238518370936,0.02825625506319249,0.004563181674746794,0.0030777060224483096,0.006678379366348963,0.0008225149620427276,0.0001397868051236329,0.00017637029267544594,4.885017324888768e-05,0.00037664262697489903,0.0001813274492454358,0.0017108962892962154,0.00017885517227114178,0.00025638179572764016,0.0001146989677085673,0.0003614316292173823,0.00017902583523197646,0.0002294832291411808,0.0001349714661093207,5.201669046073221e-05,0.0007566713258798839,0.0004698677451718443,0.0001827769998271833,0.00031349104759157147,8.687813331185868e-05,7.317852974996309e-05,0.00029605636572224253,0.00027857527214791844,0.00011830227195888356,0.00026824645819942814,0.00041521593060072823,0.00022284725290788135,0.00019617627782719392,4.6160288440439e-05,4.0195885756272925e-05,0.00010898481201962426,0.00010287746252808054,0.0002664719638075546,3.46903304944135e-05,0.0004698743617865614,0.00026917828181467486
352000,0.002694055139260387,0.003869044723817044,0.005196996916007872,0.0006068429524580446,0.0012152325358513309,0.0040713057288875075,0.0005545351865117893,0.006749966547181876,0.007664223681498283,0.0014697110727865947,0.0419225529771166,0.01610814029635437,0.004301016043455368,0.008449808414862866,0.003868565391295466,0.013514977545734533,0.025246854826881254,0.004761367101631941,0.005392775186919607,0.027195237662720806,0.0034920606414761304,0.006737860347389609,0.03698619014893969,0.022574093604089285,0.01664103610750721,0.0033582095871679484,0.01603131461508159,0.013228064812816834,0.0449570670562988,0.0890224828439269,0.017944520382831494,0.027059265618355803,0.00219507476189908,0.0030738017882635344,0.005236067277413288,0.0008524741680600657,0.00010255352080285344,0.00015185346960193286,3.39963021936028e-05,0.0002929456736637803,0.00011413546256461175,0.0015085835620993748,0.00016494491710545845,0.0001812739419978913,0.00012957673932903976,0.00029184892347465004,0.00015371372142836712,0.00014179356081367445,0.00010031457515067595,4.01693203622761e-05,0.0007860763603957821,0.00048265893807789934,0.00013436356493912172,0.00033333075322973727,5.891743694519391e-05,7.641441538908111e-05,0.00025637655936915635,0.0001927763885873901,0.00010951409807565445,0.00023488056754104037,0.00029982247827623116,0.00019951580702543648,0.00020848007968062894,2.4097445965060877e-05,3.408597614098754e-05,7.41763021188171e-05,7.814549150810177e-05,0.00024118170417367885,2.197860166575083e-05,0.0004298120511177193,0.00022525920740008588
353000,0.002768956641350972,0.0035167336644479764,0.0053696620161645114,0.0005394271968795622,0.0010458845871987332,0.004537968090776953,0.0006387658101791585,0.007187809805056495,0.008998434737960349,0.0015910466827335767,0.04986866924877244,0.024519376108674825,0.004356494457390385,0.012578350182979413,0.00428862527181028,0.017265785239942488,0.03201226880138988,0.00526399260108312,0.005055742818512954,0.03210811439271007,0.0044139439716848125,0.006201117524499621,0.0392723823680232,0.02477330445435655,0.020426739869666533,0.0024134120671078564,0.022441480304152148,0.021256340043085704,0.05431815723354435,0.08914874328935009,0.02245952497042405,0.03222355266244939,0.0030628185945650224,0.0028685217061307456,0.006353087671009739,0.0010474552820726654,0.00010948612464888261,0.0001520150849087672,3.0266981099545326e-05,0.00022897859423665068,0.0001502911027636343,0.0015131325380934868,0.00016837019902595784,0.00022256455337667016,0.0001304583072372847,0.0003158631848541355,0.00014791843174359536,0.00017244808628547048,9.835903024630734e-05,4.0370029224008746e-05,0.0009909265301827803,0.0006554520238447973,0.00011625627248577076,0.00033251845670933183,6.706738934647954e-05,6.186543528614989e-05,0.00027836305576705835,0.00029877112504550496,0.00011291012182507782,0.000247020698036347,0.00032965017502040915,0.0002094083523130144,0.00022224229956514642,3.750952092705038e-05,2.661465461844475e-05,7.907944757777853e-05,6.578475599131448e-05,0.00020978888593431623,2.5550966888943094e-05,0.0004764449436190277,0.00025464346435910556
354000,0.0029950077772613244,0.003514155390331763,0.005316016467986628,0.0006892163892748963,0.0012162495514312008,0.003982504304336284,0.0006291823814418392,0.007784650534934674,0.00846521422936118,0.0019111097299173707,0.04820200709631828,0.01900708945108168,0.0049307815087641675,0.009903873781736778,0.003978341776650375,0.01638272381448284,0.025247553745993218,0.005076184588826344,0.005929196607862001,0.023448561593565197,0.0049315200809954916,0.007081250831268855,0.04085301011024664,0.024864449138961693,0.016552126746521227,0.0029684671899303794,0.021477167066171705,0.017657598308990902,0.04419119615956922,0.0820770103471718,0.018584777270055686,0.028049183372506656,0.003259293996708178,0.0038024656352591106,0.007323068593298861,0.0011030253313037974,0.00013010918366106986,0.00015908230145875925,4.3289475945721824e-05,0.0003215411542214497,0.0001795315762752154,0.0014736342018295545,0.00023929265635160845,0.000218217766024808,0.00015274880706305053,0.00026143604516976537,0.00015615751317255401,0.000155658587803309,0.00011531449051117619,5.831907542001731e-05,0.001048272891830493,0.0005768576653887673,0.0001543314712762367,0.0003879835175750338,7.491808449638735e-05,6.369061872068083e-05,0.0002931781608802789,0.0002480288526385266,0.00011433075455139867,0.0002459056033190931,0.00035287448760451903,0.0002442886997578269,0.0002515351821128004,4.0117598838573e-05,3.570009393014415e-05,8.946734120346772e-05,7.796834064980171e-05,0.000250135626105147,2.7228445745208774e-05,0.0005219063213029157,0.0002518762379622785
355000,0.0022972157952411893,0.003358329230751325,0.004862067406065762,0.0006041303701120062,0.0010823781376990455,0.004151991472878892,0.0004667267136365779,0.006920443661204213,0.007413417683115376,0.001659361478232313,0.044221038239081766,0.02313125210459048,0.005043639316599266,0.009853557793810593,0.003673064289149111,0.01315701389254779,0.02194207154490782,0.004030878040748,0.004490655402540662,0.02637792213884192,0.0042760235869615405,0.0055914527303814665,0.03776191894935133,0.023476698829047866,0.01563239836338783,0.0023858539178036155,0.021094394977256476,0.014852463388251635,0.04232911128047443,0.07350125613588569,0.017812622794493412,0.027909135985492658,0.0031519590585669622,0.002228072555691713,0.005473473943614711,0.0008569028276984422,9.248169310407512e-05,0.00011381651140916141,2.974834566600063e-05,0.00022870251223139348,0.00011409086509279695,0.0012405815978127066,0.00015480495831070583,0.00013736249806434468,8.719063938722109e-05,0.00014574614063209067,0.00011149270477317897,9.098948414720809e-05,7.989431728693992e-05,4.4592426237696515e-05,0.000696165173873781,0.0004054593650835159,0.00010721861581259872,0.00026869080348122375,5.7605352382999064e-05,5.0784242365476864e-05,0.00021261075205309738,0.00014260445465197336,8.164680803525294e-05,0.00017258871616132428,0.00021731844444730086,0.00020224702074141465,0.00016835337253353458,2.2664919517230192e-05,2.5357944802332593e-05,6.582494793381013e-05,5.5175155726569104e-05,0.00020030479933621432,2.0195686829538317e-05,0.0003795255146420046,0.00020219755879224977
356000,0.0026617896956555045,0.003727264430684348,0.005407152484015872,0.0005761803134961296,0.0012800246560478235,0.0030968746764951254,0.0004575521636598428,0.0065729873178996985,0.008162443677871193,0.0019530063200363657,0.04403999681542498,0.015836271316031193,0.0040544871396074695,0.010343999999335982,0.004438585418050506,0.011800595802014868,0.02785699348831778,0.00456113323511827,0.00527750622651573,0.02542373849670791,0.004051799509103113,0.0066451142393556695,0.03526040190636801,0.022575467151788566,0.01935496941188744,0.003242703538853675,0.016634670245583866,0.020133658084735846,0.0499235404196524,0.07685284979168265,0.016614418571504454,0.031248407872716107,0.0034880229969736286,0.0028115750811953466,0.006210727933042411,0.0008322599275548523,9.75679848313336e-05,0.00013611074121978493,3.894366411084074e-05,0.0002163363683962416,0.0001499059095292378,0.0016230602232099045,0.00021553581218540784,0.00016645792349759416,0.00012304216625125264,0.0001970607072436792,0.00013506054091194848,0.0001179024133861617,9.537386831300018e-05,4.5368599868114955e-05,0.0007739221862371219,0.000519249998281642,0.00014487584312519174,0.0002943798682763929,6.400751841158189e-05,5.6474293149800694e-05,0.0002738960048504019,0.0001675434725143532,0.00010233452120663362,0.00022959201078964935,0.00039363868830453915,0.0002355956065342667,0.00018874896040364951,2.823281229959386e-05,3.1695512310155514e-05,0.00010323404458413042,5.437203734410494e-05,0.0002525915368248973,3.0557166738276464e-05,0.00046774014738906115,0.00023441812427336118
357000,0.00334567053522659,0.00495472385497393,0.006653962210596849,0.0007704085157596497,0.001281528915477551,0.004911589163384633,0.0006422542465374605,0.008468511002052658,0.010246106463409312,0.002228465975349536,0.06267799970346796,0.023894245917670892,0.005642057968405866,0.011114247738849812,0.00478070179838944,0.014608838033382199,0.033117256956713734,0.006325829986709794,0.00539549898011111,0.0322082258752683,0.005534666326186127,0.007892442007037712,0.0436674183467403,0.026462933304234562,0.022790752241567205,0.00313347241608426,0.024362521811225737,0.025520096512688422,0.049754650534048456,0.08978266198110144,0.024435988456049624,0.03311996791028203,0.004178386083223218,0.004117136707696603,0.008431513281215707,0.0011412163567001699,0.0001563180671089532,0.0002441679352242235,5.403211944431827e-05,0.00043142644449289946,0.00021708158775941518,0.0023329650284722447,0.00026630034826666813,0.0002919895823891382,0.00018681256758913822,0.0002766381053638562,0.00023565735625253548,0.0002140059601174471,0.00015050004280142118,8.686775944707651e-05,0.0010812571305275644,0.000620058235047812,0.00020056996509083548,0.0004429657518422963,0.0001064846099576118,9.819477188764061e-05,0.00039274751933130234,0.0003324520456544633,0.00018014715056501195,0.0003210558622343412,0.0005928595922644794,0.00029332898899395735,0.00030911221448251227,4.658698169391796e-05,4.942690409532386e-05,0.00017712368474219277,9.219626151337122e-05,0.00035247696088722407,3.408441635599502e-05,0.0006626489769075283,0.00030580800521420317
358000,0.0023229683347012354,0.003081580678149799,0.004708994082951297,0.0006480160244161827,0.0010721443487466476,0.003596280581924865,0.0005077238208301541,0.006881117018101755,0.0076923381821882375,0.001527551004983252,0.04406438563105271,0.017385400866687075,0.004017906231721016,0.00745642862939073,0.003674805504081579,0.012477103242417797,0.019833457273870453,0.00404105198409709,0.0042884963721527515,0.02432897745073812,0.0033708836934045814,0.005657525465072207,0.030567069513878473,0.019122462802624796,0.018267106621986762,0.002392819081433117,0.014647444446018015,0.013150207748367393,0.0360222275589716,0.06530211014732261,0.014238653230907707,0.026242654823223487,0.0038348272891889443,0.0025644147927926307,0.005848488838738477,0.0009843342761217042,0.00013731495261026794,0.0001917104765942151,5.126692658231183e-05,0.0003321006375927027,0.0001917111500644867,0.0019179344672011212,0.0002186638515922823,0.00021336382733831046,0.00013279656308632664,0.00020041204411467919,0.00016235112688814537,0.00013093425488541754,0.00012828570231900374,5.43827267062046e-05,0.0009035284420196359,0.000532490027884099,0.00016752741776144832,0.0003500517997814981,9.744262632889801e-05,6.714705847860552e-05,0.0003188674190677111,0.0002568997037997178,0.00014171157852160832,0.00029211018793550743,0.0003563815161517899,0.00024511676199393554,0.00023146820035435667,4.623324659471175e-05,3.8489324651891366e-05,0.00011114794270199197,7.547791340454881e-05,0.000276119109811233,2.6376965699625998e-05,0.0005397616097307495,0.00028684555036306847
359000,0.002793429555060504,0.003688579260294015,0.004810702841496095,0.0007082973960887801,0.0011155505770930867,0.004125670921244559,0.0005745067758088255,0.007439312102981014,0.008839933551687955,0.0019058859852520982,0.0493710003349496,0.01968328899758898,0.00383280706459614,0.010043784423583984,0.004140802903095713,0.010257603782520164,0.025762319274777144,0.005273080226829676,0.004420980871405585,0.024468288170974118,0.004388608030958844,0.006097540063365159,0.03586271058593411,0.02306893078481759,0.01852197618704633,0.0024272170383483173,0.018052548299912756,0.018097282387013063,0.04673854980210308,0.07583245310442796,0.018007503180803422,0.03091806233771002,0.003779710184001208,0.00394930865027269,0.006601909510411335,0.0009975174961514963,0.00011611712709898376,0.00017907115050713236,4.014383837630999e-05,0.0003777296000180286,0.00016244628219002597,0.001601691561518237,0.00022334563755066483,0.00019513336253926115,0.00014047591350486313,0.00022293843771856408,0.00018044477378839873,0.00018762628240232004,0.00010515339333739481,6.090181022955221e-05,0.0008836584075827257,0.0005437308724746496,0.0001568509735079715,0.0003579835509262178,7.218106028286174e-05,7.092077819172779e-05,0.00032540911491352783,0.0002232312598948738,0.00013438736887868194,0.0002613373270588244,0.00038418416643253294,0.0002583073454347233,0.00024936955384402136,3.796751342928768e-05,3.80420678993687e-05,0.00011640424602703276,6.774238941683766e-05,0.00023939125543828441,3.196430867546951e-05,0.0005297059159365286,0.0002894388540880755
360000,0.0030393757749177007,0.005093771436400453,0.006842042717228954,0.0008015473086953324,0.0013370572119992508,0.004443017242530394,0.0006819072529519725,0.008315128289313196,0.009575140943444596,0.002277720210258849,0.05285015588042033,0.02469580203426965,0.005939069991599712,0.011891537675651445,0.004300289983332144,0.012004716725338463,0.03252313646033231,0.006993944724267231,0.0054191493025947625,0.026276506875486424,0.005557386916902592,0.009033365211475288,0.04131064513911648,0.023668787734580594,0.024695171904351724,0.0035145234782248736,0.02041997802750885,0.02448985534571572,0.046858104471089866,0.10002888005035329,0.02017673258553259,0.03129369203592292,0.004469337943113225,0.004618114870111661,0.006198359164449762,0.0011498559489544796,0.00014893608806388378,0.00019578677521084583,4.870395473900941e-05,0.00037492836054298095,0.0001898534928526947,0.00182142601988744,0.00028322269154159587,0.00023124531324021134,0.00014782982385728056,0.00040479774219233735,0.00018469353998378275,0.00032786435009946047,0.00012122770082332236,6.140182939485716e-05,0.0010290291146860069,0.0007187858739901761,0.00020500135969996335,0.0004073515533584251,7.27347603280013e-05,8.592249708850763e-05,0.0003212181421868961,0.00026717791570263216,0.00017342795602341235,0.0002846784580644733,0.0003976485428817493,0.0002693381552285123,0.00028067634912076755,3.526689540690354e-05,4.3831026939895106e-05,9.38114846219053e-05,8.744784333560216e-05,0.00023515587202409036,3.755142154204805e-05,0.0005677241024080891,0.0003215305083358544
361000,0.0021015900297489017,0.0036105393980202885,0.0045681126551547395,0.0006444078731594625,0.001072327567881881,0.003321233666481151,0.0005921481895403567,0.0069109563880962975,0.009231829715576215,0.0017401776440237882,0.054024602299811965,0.02157468619085119,0.003894846941076332,0.010183869497351143,0.0039122566964258166,0.012247567162679237,0.026497911673989922,0.005279436378144435,0.004617238936979058,0.02716494635179212,0.004816144029107888,0.006022752489570848,0.04011063938611187,0.022783176181231587,0.021476303403341307,0.0028040037024766205,0.016684142487176336,0.01801864751754086,0.04440303669201539,0.08978020601305968,0.018111307743626338,0.03305673394396973,0.003486107144541305,0.0034344680586167837,0.006592668093718303,0.0010594852973814081,0.00014178563568042305,0.00016570120421668187,4.3748704552328204e-05,0.0003793274721601847,0.00018128740216670462,0.0017097477029892616,0.00023432308089468278,0.0002367885604263919,0.00015971569048480505,0.0003002033422538781,0.00019016720410877896,0.00019266166604303692,0.00011831999924244632,6.207703237040815e-05,0.0009050558986700707,0.000762426663034906,0.0001689373094450275,0.00037133357694315515,7.709398286006662e-05,7.60554851653565e-05,0.0002827559810171923,0.00018897582492627407,0.0001371131129164698,0.0002798223927094603,0.0004405163600798308,0.00024990906360431516,0.00024948422968986116,4.493119888081253e-05,4.5073484014008296e-05,9.414430749163696e-05,7.497640321422036e-05,0.00024083922709604254,2.8090018901139047e-05,0.0005202582445182249,0.0002826257772539975
362000,0.002483088634476558,0.00410750492112668,0.0047400939802173525,0.0006601022520044353,0.0013518897915132642,0.0037860194747086746,0.0005928535108303608,0.0067615860325710014,0.008547458882189916,0.0015407287701236783,0.043713597683013236,0.017085914521101364,0.003904688116921479,0.01243250673079191,0.0041554233657734585,0.013018210860233618,0.02754103520510398,0.005569246203765344,0.005671322975623687,0.027211420453871444,0.003963914704896664,0.007014769730825979,0.038094121002747366,0.025960029607873972,0.019062292324908036,0.0023543151561170816,0.012983537379049663,0.018004871967301977,0.046802898478584695,0.0832192204971732,0.020889088240801358,0.028259430929140832,0.004009017161645436,0.003999190713351032,0.005741176042445457,0.0010423818934473925,0.0001245639740396224,0.0001495816066959709,3.983632474232599e-05,0.00031452615968419195,0.0001799870964474549,0.0019355886652192567,0.00016796638260530017,0.00021991856006982409,0.00014682398145133017,0.00020422010147618557,0.00016924110151082634,0.0001676344204408764,0.0001215504209642012,6.009538360145102e-05,0.0009354840382666924,0.0006512198850335457,0.00016960200773610267,0.00036711825084369466,8.521373357670482e-05,9.292948243455612e-05,0.00026637996222811497,0.0002342404991395597,0.0001221722351184932,0.0002778379520840155,0.0003725769001903245,0.00023124798467940446,0.0002438632413857165,4.340699262626856e-05,3.9296365685004275e-05,9.635070873687196e-05,8.912783843178269e-05,0.0002577629099989974,2.5384307257070304e-05,0.0004975017232141955,0.00027352865763532466
363000,0.00297979754607179,0.00388283028883894,0.005190217527948941,0.000701363265244044,0.0012895321389022902,0.0038269128958095928,0.0006022122108421876,0.0061129236393539675,0.008479073422562048,0.001695926061074715,0.04092344463631126,0.018212200026524367,0.004514336438715514,0.009618860353674047,0.004068375583922128,0.012746261188719169,0.02579180541063882,0.004716593862431642,0.005041843395572089,0.021054246003501854,0.003768186974432935,0.007832813787542494,0.03880070578927795,0.022224184225585,0.018828455376875816,0.0028183543705381452,0.01722188494198734,0.0156902687491917,0.0349894509964061,0.06942503197041655,0.015280139633493188,0.026783317179181792,0.002854994315669046,0.003111849043370755,0.007371233543785315,0.0009338807301121831,0.00010431468125130108,0.00016219265179725798,3.6677115358762386e-05,0.0003852206570513772,0.0001516537504418456,0.0015359386889031157,0.00016346910069842124,0.00019318047294578528,0.00013794610122204177,0.00024311819359793064,0.00015652508213941218,0.00014614436832616207,0.0001224002859463906,5.318791640589056e-05,0.0009251643701873036,0.0007949820001158514,0.0001743972534313798,0.0003665645935310452,8.628918692857982e-05,7.293825890222003e-05,0.00029029748465027,0.00020420216264938063,0.000111629397521382,0.0002486389748950247,0.00032313809606421273,0.00019738730961514942,0.00021633691617521604,3.506531347718444e-05,3.701076376374759e-05,8.962442498247949e-05,7.96364230544506e-05,0.00025984823479487866,2.4659515688085776e-05,0.00045160680818436287,0.000248174380249111
364000,0.0028753558642927455,0.003939329124006219,0.005494040165406962,0.0007664007916201416,0.0011851551226075721,0.003761038616825577,0.0007111315574899979,0.006668639570824441,0.007410012881463663,0.0019298261868243571,0.04394139353269251,0.019572982225359477,0.00460073115148892,0.007339537900076142,0.004017626422180055,0.012647626062668374,0.024102412796613255,0.004718704449375384,0.005115343323268462,0.022007223639981626,0.0037548918737579347,0.006820759554167515,0.032912981496386544,0.022363993533629885,0.016440380173142848,0.003237128956243396,0.01509919253914958,0.014836866357654799,0.03740444056046031,0.07113896384514866,0.01610304584610276,0.025601156413008887,0.0027707184550317485,0.003771608513573504,0.006516015186611589,0.0010299595860163077,0.0001255629172027583,0.00016585661275960527,4.7287876128963496e-05,0.0004525922375933078,0.0001709406660254783,0.0012343350281298626,0.0002150696998796775,0.00019928531336470194,0.00011886826436909216,0.00017807241359305082,0.00016848277070729428,0.00013263078673730888,0.00011330373143499824,5.677538803700538e-05,0.0008038325284815073,0.0008004859103796965,0.00018015706664300523,0.0003739018912915062,7.797888211230045e-05,8.596467571144537e-05,0.0003008709398820566,0.00019759696235155388,0.00013986584733376931,0.0002592701726266219,0.0003316446498502046,0.00024090798762298746,0.00024390323912686855,4.1626511134168835e-05,4.409012217365671e-05,9.903141764951145e-05,7.764247415512468e-05,0.00022654692381939684,2.8860418765930262e-05,0.0005135320684492384,0.00029999988437339197
365000,0.002385740143910044,0.0031723960159137344,0.004944242537021637,0.0006529583618780284,0.0010591625077377334,0.003920402052504609,0.00048823429984446603,0.007387826312861209,0.008585941351640617,0.001894011420517927,0.04809701020452467,0.019774271694442937,0.003834455647985592,0.008601158387357304,0.0037966408752789205,0.01397655645814666,0.023857243275848476,0.004834916304113178,0.004016385639260989,0.02611053544804842,0.003616798797032481,0.005404488804483013,0.03437717410580565,0.025340264696872814,0.018987192588293324,0.0023883536108769477,0.015483352059417697,0.01721518677883675,0.039774061642374896,0.08001011319708684,0.017054221005528235,0.03001486664400615,0.0032151421492629265,0.003021366009962485,0.007803476574837178,0.0009254972342854931,0.00010470636064347243,0.0001371994680580842,3.663798422046484e-05,0.00033065524172570804,0.00015028036422060548,0.0015123060729820281,0.00021258470687826047,0.0002144338442409016,0.00011357582004022429,0.00020536041951158625,0.0001579867809751752,0.0001584636239373438,0.00010109633357278026,5.0267748664819834e-05,0.00075716423922271,0.0005520078620975255,0.0001580453680617211,0.0003461472694040395,7.053067927950781e-05,6.682987852648445e-05,0.00027812361669578333,0.0001962726922783986,0.0001086219270847424,0.00023755481567534913,0.0004602404341615814,0.00021141970949530841,0.0002015407609279565,3.369179199244746e-05,3.4477703492383524e-05,8.000488232435648e-05,7.887790928050111e-05,0.00021719379446995303,2.2541272095111253e-05,0.0004748679402073016,0.00023591790140926606
366000,0.0025267024006884516,0.003040431690519822,0.00437531023635529,0.0006279623901998722,0.0011099238980921055,0.0034035656374596457,0.00046050299727451807,0.006224227725967877,0.007669921520498721,0.0017969817272387445,0.0471973450483257,0.01944787822751504,0.003780923936353771,0.008486761758307914,0.003382412124922078,0.01231886335517629,0.023803761737499804,0.004036842819776304,0.00428165614617423,0.02181133290886161,0.003400786443933157,0.005768853066066575,0.03491637028268694,0.02277705913960138,0.015389021074259376,0.0025894496822729705,0.01825237814076599,0.015496269762479642,0.040073976421776666,0.07861368349591841,0.01725559385085944,0.028777193809778858,0.002853890659935132,0.003554651645043673,0.00680661097147903,0.0012314531313027796,0.000150840601179425,0.00016307202953281706,3.970052048371363e-05,0.0003971444033368243,0.00018444633900934547,0.0019916302735509817,0.0002005232040573901,0.0002449691420511762,0.00013882266103361248,0.0002515460907444224,0.0001552554188366996,0.0001726762076836863,0.000125687457425713,6.413209697794545e-05,0.0009582595332928507,0.0006330119464716214,0.00015482190801776596,0.0003517478978154737,9.412940570310356e-05,7.717627295278362e-05,0.00026796396648796385,0.0002287006376491263,0.00014152042852957593,0.0002616106952910531,0.0003581757575981707,0.000240312739358144,0.00022821993507528128,3.523755511192117e-05,3.552414899685472e-05,8.759270468846051e-05,6.878843240493942e-05,0.0002451625080022455,3.11451401131535e-05,0.00047635592948479043,0.00027353909426892643
367000,0.002586506678629096,0.0035989179783360603,0.004723591002402827,0.0006151355103961228,0.0012784012943265674,0.004022293953052473,0.0005102871302164379,0.007272527392249721,0.008884944643652281,0.0017963959726330359,0.04880993037263972,0.02174362074585625,0.004281643383420129,0.009915176920389278,0.004049755096414575,0.015749393447549664,0.030733018221369656,0.0044812581161496855,0.0064026339407843936,0.026672341503763165,0.004237442866361527,0.006391112253043373,0.03794152089122993,0.02432752197346417,0.020370754583281168,0.0024102133815176786,0.023850754930974966,0.01736418854882989,0.041006284911075934,0.08820031500961763,0.017890821262650812,0.0315724104808536,0.0036047943458601575,0.0037447755055540636,0.006479696974666795,0.0009779949272277527,0.00012441555605846588,0.00015782094959087607,4.080456927617176e-05,0.0004037855572960325,0.00014018690820948712,0.0020309573410486337,0.00019840903742078807,0.00021405192841197467,0.0001292213498967804,0.0003297432772074314,0.0001495618816869338,0.0001401203832109843,0.00011714536991144871,4.861676209409118e-05,0.0008828518926678113,0.0006581816880194916,0.00015109189080249054,0.0003135691564257657,8.199364233875932e-05,7.002294023550348e-05,0.0002922370794397378,0.00029678812609290617,0.0001264399111909774,0.00024715008320387057,0.000410183622019152,0.00020876988889292217,0.00020030075723264385,3.466210250889088e-05,3.2865614381686704e-05,8.845007617505221e-05,7.915117592866798e-05,0.00022995249527411483,1.9344143069588426e-05,0.0004706705960507716,0.00023951813600433524
368000,0.0031036552744120164,0.003646681316173204,0.0062923828372731805,0.000730496612875588,0.001254435535377559,0.0043717733411280536,0.0004788033334996785,0.008049033469076533,0.007768556065163662,0.0020570691740431357,0.047015383462245534,0.01955278034900551,0.004606530102936438,0.009664590397650582,0.00392883803739524,0.012573956629239547,0.02884172060532278,0.0053657844133639734,0.006207789200873647,0.026778681365067315,0.004523152296052593,0.007207212812090802,0.03633973605989013,0.02423815336157228,0.01819311409746574,0.003057559160515666,0.01826880969224476,0.01759171539712649,0.04398406778568374,0.07998158891226217,0.01899076490197331,0.03210092790183038,0.002822703873054986,0.003133246271021943,0.006634331620160892,0.0008553438982354626,0.00012596436898685456,0.00016503787682350693,4.109951284688972e-05,0.000380337054480151,0.0001406850479504991,0.0016694770274625625,0.0002143774357136863,0.0001672671178910509,0.00013951966374358898,0.00018912333884567748,0.00012821697666403882,0.00020274266196906865,0.00010367303555320741,5.911138644230298e-05,0.0007959812489599034,0.0006843473001936218,0.00015110616595848114,0.0003507942383201188,6.462629418255629e-05,7.075677062444315e-05,0.0003010926575615319,0.00017461837376231415,0.00012905711661738274,0.00025619735818229226,0.00034174071812837306,0.0002458570012967362,0.00023312982017597715,2.8297540245808e-05,3.973773244878329e-05,0.00010070486338723381,6.825848179557527e-05,0.000203077486619941,2.5226885654205944e-05,0.0005186508583965635,0.00026445587081980193
369000,0.0028434847992340677,0.003620901712565683,0.0053416980857339995,0.0006734998458481501,0.001105053221250227,0.003193129970895825,0.0004650741621705287,0.007419641073319523,0.007882438643661506,0.0017063125833374215,0.047171732377193375,0.02097935064636881,0.003504219478627695,0.010287330205756007,0.003975145585344067,0.014377932843369004,0.030039455796949846,0.004650442021798719,0.005129210063647146,0.029397562754844935,0.0038648517260648635,0.007860788883817804,0.03604114133263162,0.023812227369853646,0.018923695880042193,0.002782281819963828,0.017349940794995366,0.016938844859699504,0.04273495649377925,0.08337904127291686,0.020584208049695008,0.03186617319163186,0.0033178574137152214,0.0034436470058883356,0.008564863907950995,0.0008382800640447385,0.00011603987961974014,0.00016738615460615785,4.584935538650277e-05,0.00046111841174933943,0.00016515442675373823,0.0016265533558907919,0.00020936309856551817,0.00021041657457413079,0.00013342300624476355,0.00019278709085556654,0.0001784489983325138,0.0001934767097289125,0.0001196367508845438,5.12866818925514e-05,0.0008625766015799085,0.000583376077581003,0.00016042372399169836,0.0003680616629230362,8.520791519411683e-05,6.067996264391695e-05,0.000286928279983938,0.00019620635731598668,0.00013677514747693445,0.0002868294963123984,0.0003393030672062499,0.00024006195179641576,0.00023493229649897398,4.0978066889946855e-05,4.2583606551084406e-05,9.971456682269019e-05,7.365948061176044e-05,0.0002466305606027904,2.1734519542349062e-05,0.0005263411055674616,0.00025438036973355336
370000,0.0028183452934811342,0.004225122487965833,0.006778608541935682,0.0006498162893386997,0.001064846136096439,0.0052002702889564845,0.0005946932243835861,0.008292210678037544,0.009776770398045151,0.0021078864301671274,0.05638273370421325,0.027202005305957292,0.0041541070104082764,0.010361521160506747,0.004320904809933649,0.01431051644613035,0.0352499047083776,0.006049979577957994,0.005877523787993206,0.02988003894308349,0.004703912980349182,0.007315024679103642,0.04245474309873922,0.026221634347893995,0.023664980607564858,0.0028871305519714953,0.02579697328163518,0.02112157783388587,0.05289693080806447,0.08967414402990646,0.021465906100929716,0.02843119498440781,0.004734236414050814,0.003639099331130003,0.010968637236550826,0.0008454219460937955,0.00011234574254845746,0.0001597594572641273,2.8232086228251637e-05,0.00023634538848682496,0.00013463421193586947,0.0015331327740568668,0.0001516409123723861,0.00018599170617131962,0.00011880566622781579,0.00018321937455993974,0.000144464674026255,0.0001416322967475736,0.00010807997171210006,3.575975680095408e-05,0.0007773140397585638,0.0005830752787308787,0.00014013627196618472,0.00028918117687699494,7.330307291089537e-05,5.3524663247695905e-05,0.0002559287051837444,0.00019717420246934125,9.818752902093466e-05,0.0002153116271459182,0.00029318176269346925,0.00018242832277964085,0.00017858100961718634,3.1157794662273796e-05,2.9936487913396882e-05,8.731755512197598e-05,7.376378536199419e-05,0.00023248969619126295,1.5450129886573905e-05,0.0004099155806697501,0.0002150454696675297
371000,0.002583131694336771,0.0032713737067145607,0.004165184470669677,0.0005883582803037895,0.0010510728210002653,0.004539381645632342,0.0005006801300902636,0.006218641075547031,0.007824665512146832,0.0015188281704467954,0.04513067406721494,0.017679175374134538,0.003384011817891433,0.008468520796585917,0.003462292706792462,0.015309970228069384,0.0251161650677161,0.004281612562753932,0.004225531572176676,0.025500784557904506,0.003885156794066146,0.006378726279893142,0.03141163710834614,0.021290359831133778,0.016070557802156563,0.0027350021759048105,0.01563097238486703,0.016521174321193637,0.037962848741068124,0.0667670161292922,0.01604326726558308,0.028328855604810927,0.0032490370058308846,0.003281628174506274,0.007066162076929079,0.0007131346472501068,0.00011322467639579851,0.0001388613009112305,3.148463270008506e-05,0.00022520181971685815,0.00016243860126901092,0.0018408470750728156,0.00016363954009648296,0.00019833057235461494,0.00010691528441863116,0.00017804493661190333,0.0001447362857643304,0.00012013061046189932,9.943867665297461e-05,3.924254139581701e-05,0.0007402295206195329,0.000473665493397372,0.00013799933785776374,0.00027487250262849406,7.248418059730441e-05,4.8113281371280955e-05,0.00027718195905612037,0.00022450749270319648,0.00010040402621472013,0.0002352482098348656,0.000279674086717326,0.00018947907709760265,0.0001756234103814441,3.1793362471010345e-05,2.8641225880063656e-05,6.14205746328539e-05,5.991057956375049e-05,0.00022543395345801933,1.4861702428703438e-05,0.0004398993185555091,0.00022352560990839264
372000,0.0026613330855734356,0.003578908795909094,0.005314824646726872,0.0007329735504194665,0.0010961610026047138,0.0044397075263467355,0.0006483366670738999,0.008406263929132633,0.007626754183340519,0.0017740848743414972,0.05169208963792541,0.02139038538829556,0.003989986272768654,0.010752919064130268,0.0035877796512496013,0.014169408884602793,0.029167182637918034,0.005361700080161254,0.005969334936318254,0.02855622268079363,0.004116799027699996,0.00609394072158206,0.040331709288293494,0.024547736379220926,0.018150540638175915,0.002492537803482264,0.02210359338736115,0.02134616144060904,0.0516728295787128,0.08587047757229753,0.016571635243405276,0.029188218468334526,0.004405152903761798,0.003609452894230598,0.008894009445510973,0.0009760467008358578,0.0001141364529390007,0.00015065038269312936,3.919849289460732e-05,0.0002893293784040907,0.00015686276528287366,0.0017853211793408263,0.00015830548986741632,0.0002052697575316798,0.00014147043885761953,0.00015969811448184957,0.00015655189980335357,0.00015824321525137464,0.00010633227789420398,4.727619679298104e-05,0.0008185983448426599,0.0005144448917538588,0.00015176022197920246,0.0003167625040801721,7.693345768812236e-05,5.883685993136499e-05,0.0002559626854387413,0.00017759550758000842,0.00011560872710308306,0.00022798775574371506,0.00029468237238082414,0.00019963334473944023,0.00020918367732957886,4.167990968616741e-05,3.446466578477864e-05,8.051993740223992e-05,6.736114612847035e-05,0.00023862603571368096,2.0757238566204705e-05,0.0004532242357924565,0.0002530317429773277
373000,0.0027245973325645194,0.0035926506235328917,0.005194535575962315,0.0006292240003089179,0.0010734224986985673,0.002988168495773737,0.0005100277567547187,0.006921010443821775,0.007537031298484122,0.0015256016249622917,0.04377035426170304,0.01921126115540314,0.004480032892333287,0.007530536623975918,0.0037676557223462357,0.012005641965515679,0.02807464646897036,0.004147763701842485,0.004641795129698169,0.02503662874278234,0.003520465012747291,0.005926769299451605,0.033692854900922005,0.023104860337904636,0.017233882322923617,0.0024764705332927404,0.019027257174348087,0.014848517102715656,0.04037319586701308,0.07635293773860359,0.017138792062178256,0.026925130418161504,0.003143476790215188,0.002722216191318165,0.00668118001400823,0.0009597618956636975,9.459371726076202e-05,0.00013598093974823396,3.339433696252734e-05,0.0003050959504093953,0.00016162963399021966,0.0014178513156366535,0.00016164207245310535,0.0001991102326189177,0.00010412217631088233,0.00017873431956729746,0.0001541497074702404,0.00021152588263273486,0.00010204602679174247,4.315253235373265e-05,0.0007435370413689341,0.0005074304446376724,0.00015917762393655722,0.00031185685990136816,7.409489008468568e-05,5.953981750198264e-05,0.0002523734699235486,0.0001514634174100138,0.00011203566536247915,0.0002261167736868139,0.00036084291896258945,0.0002008108867575705,0.00020329068468493428,3.8621093767790273e-05,3.4523770207468057e-05,9.533075926840382e-05,6.687580857292883e-05,0.00023157296845553328,3.1216738577199976e-05,0.00041587111524272243,0.0002298509802130866
374000,0.0030151822198800997,0.0038702380118559596,0.005572315839041646,0.0007115277588197317,0.0012634259421730935,0.004690623506966014,0.0006438230847335592,0.009085269999381054,0.009904608336973634,0.0023571685578644974,0.05880035213025914,0.02387908881906251,0.00583396715052059,0.010190337187547508,0.004358942707660711,0.016811355479148915,0.03006702287278867,0.0054586496155508615,0.006825345857318358,0.030091654435454984,0.005064815783325335,0.008290975078450304,0.04017711493109043,0.02256782864157382,0.021636795236392774,0.002973563864361495,0.020970765096840004,0.0214257501014193,0.05230498852256192,0.08548419958125093,0.021258596761811833,0.035809060225102045,0.004440976519840835,0.0036533204393615665,0.009114685830556683,0.0011759168041213083,0.00011753931922809993,0.0001835203316576636,3.9592162548034545e-05,0.0003335177483450025,0.00020137696953420248,0.002133677389792865,0.00022902254731889117,0.00025938514636436594,0.00017084057644273056,0.00022947884498064142,0.00019244185147583362,0.0001473812499135363,0.00013528043124442149,5.2321579832178856e-05,0.0009043968176981182,0.0005738371449600285,0.00018253222424391424,0.00041385073156598824,9.034971747590541e-05,7.844864669757293e-05,0.00034629073055233067,0.00025087087522024376,0.00013652398604967352,0.0002979727490583173,0.00040000091218341064,0.0002619322337663014,0.00026786476822356536,4.052402262865095e-05,4.179123374746673e-05,0.0001007463962098752,9.950365009509759e-05,0.0002880613715045537,2.8970359636559806e-05,0.0006045512888299183,0.00032272548523906155
375000,0.002826605894849333,0.003640111001408918,0.00552878783006842,0.0006324738520421446,0.0012514655892705896,0.004242815525295944,0.0005602383421759323,0.0064997007616601,0.008448356336827336,0.0017680622422631131,0.047352259176410304,0.023277953560683292,0.004482945051153585,0.009987640344000036,0.004081492621619819,0.01575946077052019,0.026883980404948358,0.006208310272880606,0.005935303388728893,0.0257200399916231,0.004420771953012857,0.007372974479559551,0.03817786024184897,0.02425410259996473,0.020176676548414565,0.0025731083005666733,0.018277405508007223,0.02517966916032795,0.04895975032088566,0.0825490738905266,0.020250738450558855,0.029427858811686747,0.0036847763142960643,0.0034294133627046776,0.007106152407383585,0.0007687353752966633,0.00011052574446891508,0.00015353579518969954,4.0349810893552876e-05,0.00036419481142502264,0.00015268932686902847,0.001750282975990558,0.00018774134846353264,0.0002060791279243284,0.00012106100051536679,0.00014664287687813678,0.00016313189946945465,0.00015845279702730863,0.00010307597490125396,4.325787906302801e-05,0.0008445543658336436,0.0005941435135052112,0.00015093557358341058,0.00030664968371453067,8.24035044952952e-05,6.053555551426887e-05,0.0002688091879961928,0.00017941179891067804,0.00010573503906622743,0.00021466871601730347,0.0003437346763045449,0.00022142391687063453,0.0002193394222255544,3.528288385211397e-05,3.7151487655743644e-05,8.568500999439044e-05,6.160494350686869e-05,0.00025630845961990926,2.780510480704379e-05,0.0004804003384692385,0.00024216272904595826
376000,0.0024683159634249123,0.0030737601264263503,0.004677333859338735,0.000619550500218443,0.0010418659036721565,0.0035547775093748768,0.0005340177808281419,0.007079323253884807,0.007374831314906789,0.0014693811972392723,0.044754146725743474,0.01899987216062973,0.0047203397923360835,0.008976417964979853,0.003537705791506382,0.014991599294262414,0.0264522247236441,0.00509746414439788,0.005691527621820569,0.025434816214704673,0.0037319315418839183,0.005801100855900846,0.03626043645548634,0.022871687108272455,0.016560179439202617,0.00284267773386091,0.01967699112979594,0.0177449378328068,0.043445951808826065,0.07913370337947497,0.016809424565678154,0.02599857790482929,0.003596578105758069,0.0027132629920954567,0.005707125784586727,0.0009243997604114286,0.00011436183326084479,0.00015686653566924426,2.9728995067704223e-05,0.00035016043057112256,0.00014848244828218857,0.0017516206899017561,0.00016761628385211224,0.0002049563961344048,0.0001068985145569681,0.00015147257637368382,0.0001424717869869247,0.00020320930566164463,0.00010233895878972644,3.8478630875198924e-05,0.0009003349990192734,0.00048178494625972235,0.00014132508676993892,0.00028735452111987444,7.156364547662288e-05,6.0426170441794305e-05,0.00027722245344222993,0.00021495088412848418,0.00011394259176237635,0.0002239240205164186,0.0003489219427744198,0.0002043862357025915,0.00020375106521862985,3.39201080605931e-05,2.9554801787728342e-05,7.710498779157537e-05,6.120986550480925e-05,0.00025651556849963286,2.065336832401954e-05,0.00047543966804307976,0.00021891335636610166
377000,0.00295018218356917,0.0041061024344849605,0.0060226866432155175,0.0006065454449736325,0.0011396817483762766,0.0031934348080540076,0.0005593996438399758,0.007968332773766722,0.009515863777778577,0.0016021454812289448,0.05160351644735783,0.020428608674355742,0.0049068174487205615,0.01124632658127556,0.004292452755501419,0.016419217790826224,0.029090706838490275,0.005129704171205176,0.005925286872038019,0.030868586222665424,0.0040351639359397055,0.007658407720068031,0.03847414870474798,0.024472245456308883,0.018232222723507597,0.0031354340608231723,0.019566362088272993,0.02157217901124871,0.04652775963973802,0.08323145608524248,0.017523584689673348,0.029115124123144105,0.003636393891632941,0.003203996512025316,0.009595726040869421,0.0009732420454773612,0.0001315841081867874,0.00017410599230061052,3.5188259103216044e-05,0.0003552210901034414,0.00016914461740183702,0.0017538283973408397,0.00019989904067188035,0.00023641764183642073,0.00013119486116729126,0.00018502795607275858,0.0001691770713057195,0.00013715005448844408,0.00011093070221751735,4.771041536018443e-05,0.0008711108286451445,0.0005735381644929779,0.00014772296181035925,0.00032215117808307846,7.149760212683007e-05,6.708960644242656e-05,0.00028103094121345953,0.0002721239855532076,0.00012030590551148634,0.00024606101137928467,0.00038721691077322855,0.0002121253578785419,0.00022115532845890374,4.09824109884572e-05,3.2072535658598e-05,8.822940255661457e-05,6.34021175106422e-05,0.00023812376456765877,2.6357252906450412e-05,0.0005111453041490295,0.0002682388183529838
378000,0.002463714477877098,0.004004800258607483,0.006507712038001046,0.0006024607373407119,0.0011402180779314913,0.004106180823977671,0.0006177723752619884,0.007753425369931695,0.009658909181060936,0.0017689509131741943,0.04880380589029188,0.022217497850111352,0.004407376689469498,0.009996873675101431,0.004488396025590191,0.015560177140287124,0.028560163000552814,0.006123892851674906,0.006576985117655048,0.031061218466032492,0.004427917017130767,0.007512190850515513,0.03920989350221741,0.023623229942919956,0.016747746067844602,0.0032698834664188327,0.01910651368637761,0.02362297392543648,0.05209111803320839,0.08345303328702182,0.01888142430902614,0.027831076951070618,0.004963551504335311,0.003417571101826345,0.0074972677725276705,0.0010589345172320463,0.00011507147232984942,0.00019989275369880488,4.2887208167715485e-05,0.0002945319149603165,0.00016496441373826026,0.0017323804058833048,0.00021530361173063283,0.00024478815167209466,0.00014186407986352078,0.00020293280438608008,0.00019513401117652202,0.00015678710410682584,0.00012075965723617064,6.140435510298465e-05,0.0009043982009678495,0.0005432509287857101,0.000161505676987872,0.0003816183973366587,8.801430736827475e-05,6.817773216673892e-05,0.0002934874676621578,0.00025706737756081566,0.0001456580410111504,0.00026756290003854353,0.0003982190287085056,0.0002471128132871429,0.00023279851584616322,3.6800723856780316e-05,4.134942688930702e-05,9.27258742410243e-05,7.18347005853762e-05,0.0002699440393121955,2.557712283390856e-05,0.0005459485842229773,0.0002739571027632337
379000,0.0027401839015879347,0.0037844796329240867,0.005273118634553005,0.0006092356681060315,0.000983878433268003,0.003250111709608713,0.0005504129744035561,0.007074839318317804,0.00868771321520859,0.001452620363124879,0.047131992318706274,0.01933812011722174,0.003768530033112532,0.008917476696572548,0.004070801690239237,0.01716459026526233,0.028765673116573624,0.00536066284285316,0.005045540453076163,0.026466110340164353,0.004207612201180557,0.007068026913592413,0.03679326303380852,0.023737484059893177,0.016754858414233673,0.0024517678539268672,0.017039216522384264,0.018966969015006423,0.04505935158779133,0.08103984338137502,0.017047635928999324,0.024923285828733172,0.00454567694353395,0.0034329293046243417,0.0067774796213295,0.0008094710832275658,0.00010704297021017115,0.00014324269907526534,3.2222859473846935e-05,0.0002362148032375444,0.00013833354744582856,0.0014281883741205093,0.00016558256115786207,0.00020867123072620367,0.00012088673575865533,0.00016296521014932556,0.0001643757844193348,0.00010501348743208183,9.647297121052267e-05,4.252654763480347e-05,0.000828714517186969,0.000481925133196152,0.00013454203981382306,0.00032973475184434745,7.57947825840002e-05,6.36563006124065e-05,0.00026728362033321003,0.00025725925812025707,0.00011519035770233031,0.00022260656502252318,0.0003383320503417053,0.00020260608459233436,0.00021209487951839238,3.308160796677839e-05,3.300560506937068e-05,7.533195037012774e-05,6.892751688220804e-05,0.00022336157302210187,1.529255873577995e-05,0.0004572230798031273,0.000238940968120005
380000,0.002660600804291961,0.0033142990772224343,0.005306585449337338,0.0006272542098556117,0.001041905187994877,0.004474310344448895,0.0005502058988785422,0.007054248030102577,0.006947068332643723,0.001669245559241972,0.047836535130943644,0.021147993463059997,0.0054554815719849575,0.008783092664612703,0.0038054317792236415,0.012517585732590911,0.023539001541004318,0.00510448090624524,0.004922134424435042,0.026489488823838957,0.004277203100718032,0.006930594550827404,0.0374294360265291,0.022040268023738464,0.01678068632963192,0.002665237756446004,0.01762234378399017,0.018169203495138692,0.0470260227444883,0.07673389726316542,0.01763006967220766,0.025936524547152937,0.004264815025604863,0.0036936441204086933,0.007239095044092715,0.0009116928230404093,0.00012600027698053245,0.0001709572487594745,4.2045083236770146e-05,0.0003999493334276849,0.0001747055837893911,0.0018726488815445919,0.00022634149081568466,0.00022820103729253262,0.00014549798386628696,0.0001641383360568024,0.0001679244701674913,0.00011440459383038615,0.00011145570313774129,5.9085708967772504e-05,0.000918296921862258,0.0006000370867695892,0.00015795895797054982,0.00036642365986543676,8.25438784008368e-05,7.200484895458266e-05,0.00027321705396076063,0.00022917571425296046,0.00012901806541599904,0.000257942283426998,0.0003194035785175705,0.0002307103213575017,0.000237985313712367,3.756774431003414e-05,3.8489955942269364e-05,8.995476327361922e-05,6.92610350857389e-05,0.0002460218206393499,2.8355168446125845e-05,0.0005024976666345156,0.0002560680324677378
381000,0.0028881932845448515,0.004318420890572101,0.006395969064518188,0.000625995293935725,0.0011520215585629626,0.004958386231529792,0.0005210501969427682,0.007447703134126712,0.007859892101535053,0.0017101189914683346,0.043991987039151824,0.018697452635799017,0.0058442682894758145,0.011706843266906755,0.004164812947195006,0.013147185073952036,0.03189335874295856,0.005528451392244359,0.005317033263314183,0.02794246178280446,0.004305119047312299,0.006425082092034374,0.03991236137187419,0.024827654371256357,0.02247296448695124,0.0027844360971357673,0.01725764405072123,0.019828768760210853,0.05002399735967629,0.08129024069339427,0.016626391661314605,0.029465545871062204,0.004819412643384497,0.003917485061995035,0.0076074355203875005,0.0009048665467292137,0.00011192776605340489,0.00015366118552926557,4.5022523211748676e-05,0.00036709177453531083,0.00014769328599191175,0.002079778270854149,0.00021434853929349628,0.00022304002400711683,0.00013687473562018376,0.00020225494942422985,0.00017024164970922485,0.00012350745095535132,0.00010826390604279368,4.542751767902783e-05,0.0008755274561630918,0.0005758944904907063,0.00016441679817944533,0.0003806985439356994,7.765197880934435e-05,7.022446687766536e-05,0.0002942678819372011,0.0002535300629631365,0.00012447010286425412,0.00026872004574005797,0.00034836320398123156,0.00023490044908745864,0.0002474359309282456,3.480074091741601e-05,3.955233569286065e-05,8.863626506312853e-05,6.927169930090063e-05,0.00023804554837857767,2.9029786198009333e-05,0.000545537143509381,0.00025461825425736605
382000,0.002562280329695224,0.003918937114509323,0.004886833873266975,0.0006303975264157858,0.0011234735046613583,0.00443842917229631,0.0005308229377100536,0.006955495948561435,0.007976110449667834,0.0014900571150064934,0.04638446725243458,0.019914822497718646,0.004551455429684596,0.010425456770104629,0.004113173112369516,0.0158923861220804,0.027661419205374148,0.00537420034572877,0.005183043516548683,0.027361835129510535,0.003828321632461386,0.00654570384647611,0.04016123195799688,0.023335974875772082,0.01940374267784743,0.0026281893893610685,0.017589263366531785,0.02155028490778932,0.050231077784658684,0.08155469761268544,0.018504162585983672,0.02793763375106769,0.004066680157546461,0.004358154554803298,0.007239773125547799,0.000906081434322914,0.00010329758605334256,0.00014679080083045517,3.74135110320482e-05,0.00038477336568121245,0.00014961242855895065,0.0017659809236647561,0.00020281406236790644,0.00020189928917907789,0.00014342488676974378,0.0002438820910110654,0.00017115029246576996,0.0001348053066401178,0.00010485686887846144,4.485518256429218e-05,0.000851474137308427,0.0006047156195260565,0.00015948436230246444,0.00036238085398768556,8.107197027129587e-05,6.915376946959772e-05,0.0002844687950997585,0.00023941205787991748,0.00013454940895801174,0.00026341200016829065,0.00032015598323293184,0.0002187541212974096,0.00021890750458960947,3.423699140901524e-05,3.411378454782405e-05,8.192456464582522e-05,6.289952904938088e-05,0.00023316118416490342,1.9145333439496426e-05,0.0005115236855250687,0.00026512043914408425
383000,0.0027082548561068237,0.003949960090620961,0.005396902182837948,0.0006178283227340077,0.001059765298813994,0.004414700946134482,0.0006234524525934244,0.0070296813372645855,0.007292454083855335,0.0015566036490781698,0.046480411726889416,0.021038859880486507,0.004411441301327255,0.0095691605686928,0.004094761592087333,0.016157903341081692,0.02771928838092208,0.0046752935645311975,0.0049776608783369215,0.023799368087505476,0.004052267096640732,0.007049759531193038,0.034166243599417306,0.024281329062796432,0.017068932669355982,0.0024742687703110276,0.0166419192630179,0.015773652377750597,0.044413258334423195,0.08018700330238414,0.016742750294894602,0.028683965596988294,0.00337408864310891,0.0035146058491887363,0.007377121130048181,0.0008626953861689149,0.00012149917271872972,0.00017046846819952904,4.0894929459528906e-05,0.000389926117691175,0.00015984667424105437,0.0017020222185237799,0.00019394610426388682,0.0002321487782912874,0.00013795512685120276,0.00017300789766271204,0.00018856084003653195,0.00011248330259050476,0.00010882649594781594,5.375213138656611e-05,0.0008718790455532144,0.0005001588700300393,0.00015245407394104404,0.0003406792062489739,8.485723216428345e-05,7.37062555551595e-05,0.00027889093046733936,0.0002306868970549658,0.00012796477598284482,0.0002510632198139389,0.0003293146019738439,0.00023472622438271663,0.0002265841655773531,3.348320737242485e-05,4.251473344791318e-05,7.768408087125769e-05,7.870921373458779e-05,0.00024260136798762602,2.655620482272525e-05,0.0005063455061316432,0.0002581598317192402
384000,0.0024871712780377246,0.003565488108573913,0.004820664258052905,0.0005868546018413886,0.0010193831674746147,0.003487201274765539,0.0005561663992481162,0.00736891469069615,0.007389389886295156,0.0016051548063842347,0.04690944410290678,0.021885981197129343,0.004126439911708461,0.00911558487102108,0.003971830825556775,0.01388179650833384,0.028047546759418247,0.0052322931506647435,0.00458314831277156,0.02612444835807158,0.0038357731585751237,0.006843168318255266,0.03660456442895035,0.024068709805214895,0.018665871716693223,0.0024608443898614498,0.016825418291315116,0.017195441800443707,0.04584075648796416,0.08318951550573993,0.017390113068783346,0.02882870886242017,0.004413077085115009,0.0038354454602170357,0.007357374647957234,0.0009089381615337645,0.0001257767850643775,0.0001577662970620705,4.3678802279806314e-05,0.0003761300109772492,0.0001538627774779188,0.0017639216130191926,0.00018315401657673647,0.00020403720375390165,0.00012687720954042897,0.00016867381210679307,0.00017308146478774034,0.0001291186773721975,0.0001004636266872757,4.788253140346073e-05,0.0008234008623695934,0.0006534948244431386,0.00012954663679920486,0.0003670594103600799,7.657413187126653e-05,7.532768026149742e-05,0.00026234233273841114,0.0002490794166192245,0.00012216534096549166,0.0002346686100806367,0.0003207843517884612,0.00022546169789312707,0.00023118629953252685,3.0509951972493713e-05,3.6871657458606125e-05,7.735220542629093e-05,6.68076201171581e-05,0.00023356626716619644,2.3495103533832662e-05,0.0004998632101497995,0.00024285754570883
385000,0.0028961856843690496,0.0046078220804230555,0.006308060672987874,0.0006936799564825309,0.0012237915366831312,0.0043314966398091724,0.0007303004253366628,0.008417546936435233,0.00948822959321948,0.002025838395638857,0.056535462645294986,0.026496275075037466,0.005708177493722884,0.012901651198731226,0.004506173205032503,0.01592400282485566,0.038113995424196,0.006157272146451818,0.0058320543570776606,0.03193007932767311,0.005434562196775844,0.007917787450358966,0.04473721438165133,0.029812804014485057,0.024175177588375167,0.002727703959681094,0.023955348673213864,0.02276970064121997,0.05309142687303178,0.10407666012366873,0.0215042362678408,0.03461029757566463,0.005002569388238953,0.00391617475153992,0.009692836180773965,0.0010926092499435722,0.00013379790304892785,0.00020910310881431954,4.461752057495577e-05,0.0004952830907996031,0.00016957042128359852,0.0021570648859778885,0.0002459695872857992,0.00021847983377579352,0.00014790534380249723,0.00024350556444241127,0.00018444166509449419,0.00017809915469779725,0.00011676798526580036,6.551032914682186e-05,0.0009523814343398184,0.0007060177190396644,0.0001684837536231498,0.00042164570306934423,8.059831107575206e-05,9.650772453410768e-05,0.0003137269660103528,0.00032902470655926663,0.00015452194106223437,0.0002992502206500201,0.00043038397319226837,0.0002663330447862742,0.0002822156385028157,4.546712964506819e-05,4.973370444834776e-05,9.952647385725631e-05,8.427087569933584e-05,0.0002413844222153724,3.2443335058474077e-05,0.000593840231947276,0.00029428106608975213
386000,0.0027111517653080424,0.003908318616730092,0.0052062269824091345,0.000629687175163641,0.0010909451040005697,0.004321207389304098,0.0005455286391885063,0.007043675109647059,0.007417971674943987,0.0015155830442381557,0.04477412981025366,0.022200674249368568,0.005342127677674095,0.009043205587907076,0.003989979626021522,0.014057451878519108,0.028872374566465926,0.005592108957979333,0.005430449434373129,0.026371244690502258,0.003950082742009132,0.006834631415521082,0.0354795948707033,0.023750894118105256,0.01741195721646479,0.002844961313530803,0.01780942074906893,0.018721169416191213,0.043259651120580896,0.07900438457457518,0.017938807012396866,0.027673751406837255,0.0033099318104501227,0.003811962851275809,0.006748644767665408,0.0009240539809200397,0.00013966580418785894,0.0001577850419132367,4.008653083298877e-05,0.00036790330585745323,0.0001561783066060169,0.0018602412565087434,0.0002061641296677408,0.0002322859349868323,0.0001521946199653413,0.00022535810476865338,0.00016744398052543673,0.0001479449364332197,0.00011454887995286895,5.8172433785908986e-05,0.0008735989642480909,0.0005998993343988938,0.00014613768507842906,0.0003639202457318844,8.42434904621643e-05,8.276816455773687e-05,0.0002778831081418649,0.0002858430856349514,0.00013694092721531584,0.00025853955372930125,0.0003341945512147504,0.0002352247284338113,0.00023992855198297616,3.9519440096543666e-05,3.790555072353325e-05,8.933061540473874e-05,7.848735471530485e-05,0.00023807689158130625,2.822876317054579e-05,0.0005057775843477644,0.0002518589495593915
387000,0.0026155227147510967,0.003909068884644916,0.005004694539820775,0.0006600029903123728,0.001057985026001248,0.003336677964918116,0.0005527840506352556,0.006557316435789165,0.008090260303290535,0.0015329755206039408,0.04693067008877363,0.019335376197613167,0.004125621231540925,0.00940498799451289,0.004034593299579951,0.015400595091705327,0.02861186688360682,0.005262373177750225,0.004632126255143833,0.028467004587231108,0.003925270206108367,0.006764571553308737,0.035142208545391136,0.02395271701158587,0.017345319970950693,0.002474626206094399,0.016743507665852017,0.01794410197817342,0.043335252984337894,0.07579887706414147,0.016457611837540752,0.02865564918745524,0.003457364618205142,0.00335854508811344,0.007689756148263566,0.0008215844321901906,0.00012644016144230065,0.00013747462323656444,3.353538941100632e-05,0.0004220894555828636,0.00014520556675521183,0.001464870565541787,0.0001955071921202034,0.00020789316795344348,0.0001319818559319461,0.0001724897986105946,0.00015248591719447385,0.0001441419636023511,0.00010532525205505784,5.068630327348894e-05,0.0008267278397432584,0.0005757988339307,0.00012221096221765038,0.0003436544408978822,7.000061352049795e-05,6.477655942531287e-05,0.00024209056736772155,0.0002452851887824181,0.00011275723460357767,0.00022161740962474142,0.0002869449934223667,0.00021656328346157915,0.00021378874903685182,2.9871250745059484e-05,3.801310130155697e-05,7.732469760548475e-05,6.630417322282613e-05,0.00023798800095076536,2.2991403852756775e-05,0.00046702053697583875,0.0002434517215078813
388000,0.003211064242817441,0.004264333871240659,0.005828770187993844,0.0006982071291041883,0.0011503365649908038,0.00411722833762594,0.000607040578071035,0.006824263924392974,0.008025717079852234,0.0017186084078275599,0.05001604499135103,0.020822983431037997,0.0047835830826608635,0.009130134564298769,0.004156026625263193,0.014277810831117677,0.02808063504419676,0.005767872756350007,0.005007416271837428,0.028187626307468842,0.004534502777449653,0.006836080525317811,0.03690399667636181,0.02341042591566899,0.01809137904516926,0.0026098005590029063,0.019127818740777743,0.019105809850467875,0.04595936501693145,0.08548656647256012,0.018946062730198415,0.028748649508298304,0.0033431087113189486,0.0036441947786654562,0.006986130906726531,0.0008989630868784713,0.00012241678624335642,0.00016902092329473817,4.3536814174955676e-05,0.00040588490446680225,0.00016261225345444587,0.0017352646427752916,0.00020942507562722313,0.00022120889525467646,0.00014570463883836437,0.00015684712839580633,0.00016813229652705943,0.00013558611095731976,0.00011424022974206937,5.735772534039411e-05,0.0009486770470210523,0.0006120169843294813,0.0001828090536946547,0.0003828581927281244,7.886786087165719e-05,7.058536349094621e-05,0.00028758604853660523,0.00021255632054817397,0.00013610599996304195,0.0002738571881729093,0.00040600080489336203,0.0002547482985338804,0.00024492222918423876,3.917501771815017e-05,4.4333194232927374e-05,9.27401162223098e-05,7.750894837954547e-05,0.00025526442043855013,2.8695716110860303e-05,0.0005841826418758455,0.00029111423646099865
389000,0.002888669161129164,0.003757279435241664,0.004923228882641221,0.0006912280709142439,0.0012051453879532254,0.0040496789983340675,0.0006232583012264982,0.0073243601349817005,0.007962674277568792,0.0015085697941685794,0.0451532988434472,0.019187823032770935,0.004201948213669697,0.008756445247496285,0.003995230752223185,0.014608832976591657,0.02794964003416161,0.005471258181076544,0.005485362280783842,0.02533104643599169,0.003908520473898464,0.006562672041841974,0.03573233264692438,0.02384113097990242,0.019698482265113622,0.0025803868076764045,0.018144342101807768,0.018390900265330856,0.041386184241855514,0.07854240694840912,0.016859727045715166,0.028566454110729795,0.003598521682529456,0.003297018356195537,0.0065352886374764945,0.0009296679880402994,0.00011376897204154614,0.00016747456530455648,4.2843773503207845e-05,0.0003726516441702188,0.00017406047440322544,0.0017146460486401338,0.0002066400830699422,0.00024270192701997555,0.00014670039623811853,0.00017753002236803794,0.00018619848513405182,0.0001201687985172839,0.00012065325892041889,5.7643723845434245e-05,0.0008267551103891982,0.0005709203296646592,0.00015764456347824307,0.0003714092540854947,9.123109367496439e-05,7.746872711322794e-05,0.0002981360805758306,0.00023512248236556843,0.00013920335884955016,0.00027479461815836165,0.00036166306781524324,0.0002460275406357356,0.00024302137796473322,4.34109313026646e-05,4.515000889821547e-05,9.840958695461611e-05,8.084590496894504e-05,0.0002646734326876207,3.0147915040856788e-05,0.0005299424178892954,0.0002691345540370094
390000,0.0031454036946318388,0.0041527284036554325,0.005935145765154933,0.0006627356299689452,0.0011780262782711453,0.004532126127742231,0.0005932499588520694,0.007236206551740407,0.00903368545950107,0.001838907199271489,0.05175150670797455,0.02050229506995975,0.004103049487722191,0.009802040640379622,0.004701488625141792,0.015416171626081146,0.027727422553999487,0.006197749383606111,0.0050563520687449326,0.02881641588350855,0.004022379827357816,0.007467347653573597,0.037200212090586625,0.02408952396423653,0.019368609682974887,0.0030024941894225775,0.017851352646272838,0.02259907083922978,0.04550699076430379,0.08368419167410109,0.019685262929609357,0.03215403126131815,0.0034170122137092782,0.003653926341220815,0.0075295104848515215,0.0009383369948149525,0.00011407091195050462,0.00016208490900350046,3.870478381798761e-05,0.0003325463900409886,0.0001702721620046198,0.0019030621442652773,0.00020508496945694787,0.000210808896374721,0.0001230668165231021,0.00012422720410297319,0.00016651509778903186,0.0001459218137060958,0.00011181855429326945,5.174912658648364e-05,0.0008806688839670711,0.000554117957562994,0.00016282888391287996,0.00035945067650443107,8.067868514538939e-05,7.216140984796353e-05,0.0002744139406879322,0.0002000385840688068,0.00012707316487750277,0.00025870224950407504,0.00035309253010685403,0.0002279857219295942,0.00022769241992069442,3.856684112806023e-05,4.015421210270789e-05,0.00010101635500957075,7.154767081374303e-05,0.00025502250608018393,2.4006377671526025e-05,0.0005254819394135016,0.0002778324280370725
391000,0.0028895430106196138,0.004181153667256392,0.00525644914402316,0.0006191043248970975,0.0011719370402807968,0.003866213909922018,0.0005564369726383325,0.007129535097192274,0.00785995069637592,0.0016092717905848986,0.046209188411730905,0.0208162386364453,0.00418034592417605,0.010102284792055521,0.004293366308068952,0.013444652926409617,0.026720902845833432,0.005637365132142919,0.0049828483097371645,0.027488650323624218,0.0037549787124939588,0.006870128486200754,0.03695146704519478,0.022622672212067603,0.01736987358769208,0.0025145624531432986,0.01595232227825433,0.021363408216529933,0.04591208420563763,0.07784255689682229,0.01657316690621277,0.030032292619580403,0.003209132014590593,0.0032544222585572644,0.006757778777278468,0.0009483250471800732,0.00011123744136841053,0.0001736137378429703,4.123189511251056e-05,0.0004125911621031264,0.00016984311381012493,0.0017519947468827013,0.00020486076873567073,0.00021489296696735867,0.000141948458512113,0.00017876543153607014,0.0001648841147901916,0.0001656079854797099,0.00011058226187813112,5.7648927478029776e-05,0.0008751031936963745,0.0005863297328687622,0.00017156608064397005,0.0003440958072894077,8.090653114652077e-05,7.32326000574672e-05,0.0002748816847523353,0.00021844975469775818,0.00013024377813053434,0.0002612015174236149,0.0003781869374506641,0.00022063263795968108,0.0002250398124319704,4.146625602968695e-05,3.986518832890498e-05,0.0001013052027548082,7.312872094189515e-05,0.00025217055054502495,2.595536544447441e-05,0.0004967193168080744,0.0002591659242170863
392000,0.002839840370929655,0.004574525599848668,0.005657966442716618,0.0006614254613361061,0.0012006810289285222,0.004580377677484648,0.0006116155564379897,0.007732915746173068,0.008635407664372262,0.0017060479731298983,0.04979628902471216,0.02154132378419787,0.004399538314001719,0.010491626913459517,0.0041573478533845284,0.014267651920818025,0.03012355365613725,0.005868481436399507,0.00600296428871973,0.027864123078506962,0.004123795262639235,0.007067799407358117,0.0405437124093684,0.023574602655571653,0.01830641895512166,0.0028183207963593305,0.019567127137712935,0.020309588776702487,0.04602687841774348,0.08396446889978947,0.016774276079183133,0.030588437228848655,0.0033338886592122643,0.003573525707060769,0.008586839501933556,0.0010880721338578172,0.00013451317088041784,0.00018710866267859026,4.4965662022128436e-05,0.00041740465587736253,0.00019391914838706725,0.001830361179600004,0.00021726680070059955,0.00026436360689043986,0.00014945225159528107,0.00021701331267617467,0.0001941947295479526,0.00019514681494925412,0.000122959060970986,5.550380600735397e-05,0.0009313061510965781,0.0006464162946334303,0.00019132038123643725,0.00037292308500081145,9.431514785444897e-05,7.84013489630359e-05,0.00030283620718384106,0.00023044766714974685,0.00014760616728103237,0.0002809881451167502,0.00042411628176826827,0.0002482338742708478,0.0002477687800769167,4.614868575586812e-05,4.196533629712778e-05,0.00011011020004749393,8.233814982564322e-05,0.0002835585516232373,2.6891031801312693e-05,0.0005446827342114245,0.00028521766507765277
393000,0.002727829188827584,0.004038685588899103,0.005100990752301489,0.0006192131309804748,0.001063172498797479,0.004039493975402105,0.0005637902643082916,0.006720882426866321,0.008548482559357973,0.0014988717030064436,0.047397668444857655,0.022050528013342417,0.004056600492207728,0.009963911266657471,0.004165330547627544,0.014728158716025064,0.026188133484062008,0.005539511806402308,0.00471966452667922,0.026567800138618623,0.003829533925612885,0.006849296839391172,0.0354639717823981,0.023660759109831512,0.017281169238736363,0.0023787812679074705,0.017141145406950022,0.019034822418082815,0.0430313188202597,0.07984257514345378,0.018039106137584894,0.028185315725680154,0.004031816763279914,0.003587890648241439,0.007669899242803997,0.000824553819029461,0.0001171900277100983,0.00015307818441876654,3.7560249452381175e-05,0.0003403797182954804,0.00016007714242747133,0.0015171311169979163,0.000189258893033184,0.000210645679520607,0.00012560667699673152,0.00015600800552805692,0.0001693410824339225,0.00014670241757386293,0.00010471368108451786,4.9752305916296215e-05,0.0007875788299560765,0.0005071288736265463,0.00015073184886205127,0.0003289646579569493,7.755430958460583e-05,6.240539187274408e-05,0.00026449619583697204,0.00017612318299597973,0.00012118180601166589,0.0002414052856273394,0.000299199324096359,0.00021487039532591738,0.0002170325141277216,3.7808893621372634e-05,3.5584221324016755e-05,9.141133933825314e-05,6.607160282458478e-05,0.000250451583822828,1.931820232670134e-05,0.0004653228505568612,0.00024444620139547625
394000,0.002782582776539179,0.003979311281808704,0.005355370308582981,0.0006124267780251103,0.0010878852192749773,0.004385210851978627,0.0005298349535971811,0.006933962796656666,0.007857145251939902,0.0014679632658953778,0.04762582387155379,0.020655673766232584,0.004559330733944521,0.010457037207412544,0.004041860264014223,0.014094164900598116,0.028239207713687348,0.005736818787630034,0.005523948145959626,0.02642226929799411,0.003810472216758416,0.00696682346376422,0.040596014471763434,0.023698735684714242,0.019590997981688976,0.0025337326573207975,0.019145887581519475,0.021168261913468694,0.04533436558250448,0.08288403997299142,0.015909798471839168,0.029831679742738534,0.003297582987797271,0.003462723000560546,0.00670333718901222,0.0009268775506500658,0.0001263550962801817,0.00014715443713116244,3.823006273891969e-05,0.00032795924886386274,0.00015999115893745066,0.0017428956489311531,0.0001979362356905767,0.00020704554859357334,0.00012154070902014562,0.00016199753889623025,0.0001563052792334929,0.00015050737988442364,0.00010056072344978333,4.885256771558488e-05,0.0008615740686134534,0.0005628262248743946,0.00015457829222214058,0.00034919518131981914,7.599922024571148e-05,6.631066061014612e-05,0.0002802617567164317,0.00017791023557833796,0.00013021534175550187,0.00024788388973670056,0.0003642270494310651,0.00022726580778273655,0.00023833595388269814,3.808763875770285e-05,3.702781062505286e-05,8.784799328398774e-05,6.20567162903691e-05,0.00025705617001530037,1.9303347031041085e-05,0.0005288682283024463,0.0002618820137286093
395000,0.002812865424869882,0.004028481480081273,0.0052883096601969255,0.0006396316311181111,0.0011271342756589535,0.004317968395168593,0.0005267686177713556,0.007151908905607164,0.0076092597770426275,0.0015038399178592954,0.04646543124581064,0.02014503716296364,0.004249711595934279,0.009999174981616803,0.0040646595385410095,0.013730199616475147,0.02683249294746236,0.005645825606815022,0.005352632262136987,0.02578673608645962,0.0039040787309213205,0.0068811918331773214,0.038929174166405574,0.023237819989541702,0.017709951511913836,0.0026794025325216353,0.017392234357115035,0.020696313923811733,0.04451343977741678,0.08179577906165862,0.016170735884807073,0.0285986937636223,0.003631645377940738,0.003511785878588345,0.006609498223042465,0.0009999041880876444,0.0001299270006053408,0.00015183097056334108,4.0416983397171204e-05,0.0003494687443890143,0.00016631222790136505,0.00158527059465996,0.00019820868956230698,0.00023260806324287842,0.0001249381052347369,0.0001784458631823733,0.00017232664004240448,0.0001643066607419641,0.00010845126114575045,5.087976466132783e-05,0.0008461337797353526,0.0006426018186781827,0.0001659808700424037,0.000354186826092589,8.105276528708758e-05,6.832931043473681e-05,0.00029004865570631634,0.00019188509583045743,0.0001321290118565028,0.0002493268070338672,0.0003970911996778644,0.00023085350723780115,0.00023055002836574405,4.165418513346119e-05,3.686665695568081e-05,9.216328798375597e-05,6.347272119455738e-05,0.00025970183355341194,2.1375509909660195e-05,0.0005311981169005539,0.0002629037633596454
396000,0.0028463234503711596,0.00409622634820321,0.005797104880912229,0.0006426408018971695,0.0011255050963721064,0.004727590894097895,0.0005686850160395073,0.0074812641743811385,0.008252856735026985,0.0015509945715166396,0.05122548020189703,0.022197303849874776,0.0044510600357281155,0.010490638413295639,0.004178591237894794,0.014999349083154812,0.026194317495580998,0.005681201282894546,0.005578555682274912,0.02690955791501134,0.004098393185707804,0.007261678173335895,0.03923094611285099,0.02593510603401228,0.019293201723052163,0.002813122433144599,0.018931476784249782,0.02216105032160461,0.047286905895452945,0.0855091001218581,0.017558383673507098,0.030972899112384766,0.003823060149758161,0.003677771930470467,0.00704130642750695,0.0009455176339088212,0.0001244253798488085,0.00016051204579525802,3.9579282536096686e-05,0.0003743387668464493,0.0001672784013695936,0.0018426595561322756,0.00020418037056515458,0.0002200801600338309,0.00012275807876951724,0.00017055002529348584,0.00016361572206952796,0.00015620102024449523,0.0001070455061678864,5.019464050416321e-05,0.0008756193274586202,0.0006023277833264729,0.00016241919202002463,0.00035349394964177177,7.602628870543036e-05,6.90561915400229e-05,0.000282426749749071,0.00019731338213091476,0.000127803566341653,0.00025275217912726827,0.0003983866510679945,0.00023442143850600767,0.00023290751087861954,4.059359485449317e-05,3.5310502324945344e-05,9.14114333395505e-05,6.734484330601325e-05,0.00025818029789230614,2.0318465537627617e-05,0.0005473103325328781,0.0002619690731080482
397000,0.002644378986379043,0.003782624287177222,0.0053237017515736324,0.0006012831397478853,0.0010336442165346771,0.004159493426673829,0.0005353364514385542,0.007094424340560662,0.007741762414752884,0.0014643193262600107,0.04682152092707973,0.020181793586692837,0.004231853905366734,0.00934557847956581,0.003865561710592695,0.013191151800128864,0.025960789907739604,0.005506093214454624,0.005340945372673949,0.026057767044318704,0.003860886681737751,0.007077093161180008,0.036932835331729925,0.023194019225047668,0.01816371277022376,0.0027297127759084105,0.01691726501277179,0.020221046495559374,0.04602554860535105,0.07864334262933792,0.016135642241376143,0.028377092032594822,0.0031192000612306333,0.003592913819459703,0.006675890216784965,0.0009324491006087296,0.0001264158193326861,0.000146512297016505,3.675965291792187e-05,0.0003342444260283628,0.00015890166201386896,0.0015604332547809463,0.00018601564961500116,0.00021050972712768461,0.00012656604340008926,0.00017181531967703936,0.00016023130946283154,0.00016027056395984118,0.00010100197297607996,4.9553614975262796e-05,0.000820635462948233,0.0005743599876950611,0.00015526381275776657,0.00033945762277430824,7.466083387294805e-05,6.610954415009473e-05,0.00027048680909081335,0.00018800207396907354,0.0001207870404679549,0.0002382556211474506,0.00037407337877084503,0.00022127329549830418,0.00022051472286774596,3.7234682762315255e-05,3.572685212323753e-05,9.089813529469695e-05,6.513975417224824e-05,0.00023225427670853048,2.358684697156832e-05,0.0005034575688802127,0.00024673415937286335
398000,0.0027501360550804994,0.003991540560188393,0.005372572864871472,0.0006394798446938064,0.0011144972233546756,0.004213187035150311,0.0005366478508038551,0.007278391093303285,0.007961129076049267,0.001474510334446677,0.047575065002878725,0.01900867376194323,0.004086105413576165,0.009891791009095235,0.004097818489122694,0.013571436513908944,0.02852159289709345,0.005577132642958785,0.005204104572060585,0.027819792050868274,0.00390121624785619,0.006825999834713262,0.037189515197533184,0.02460661725678316,0.017721951388820243,0.002630107756704092,0.016335662576944934,0.021409066653480597,0.04726902160362122,0.08049520750324929,0.016226099401634806,0.028243362137940355,0.0031376029319770938,0.0034178344682681367,0.006512009513446376,0.0009159330261679445,0.00012218292581385532,0.0001512555421951137,3.834960875244715e-05,0.00035250472296866064,0.000161305053059047,0.001690497578238137,0.00018893828955697246,0.0002128061139381699,0.00012981664177507475,0.00017531060021452405,0.0001640291558010974,0.0001626930230997914,0.00010637005486410874,4.969187189503414e-05,0.0008500773732206513,0.0005609083499014863,0.0001626182786822028,0.0003363174080695156,7.7261824540544e-05,6.73259703489748e-05,0.00026568379864515284,0.00018639850401314106,0.0001237986847210474,0.00024819823851640437,0.00037177100505990287,0.00022564314570699544,0.00022296576911752777,3.8537708937346416e-05,3.638596960324018e-05,9.083472588366481e-05,6.358503794347468e-05,0.00025482791030373073,2.1726874393834805e-05,0.0005107432715390553,0.00025614463847887234
399000,0.0027468040761468235,0.003910431211503844,0.005451155409294491,0.0006266113137826324,0.0011040288940697607,0.004007255312379649,0.000537912467023254,0.007031055533968588,0.007797384789832501,0.001540015977298026,0.04675744692087145,0.01898526126517806,0.0040573203445863765,0.00937980149498771,0.003938123751140665,0.013527129629437695,0.02673139528343156,0.005446986767943783,0.005181480296804304,0.02637954810578473,0.0038451285991238995,0.006586774993300943,0.036451571351111246,0.023583364122229493,0.01769216452146158,0.0024718552478589116,0.01645190648082095,0.01971596345447324,0.04531893594591084,0.0779142868725044,0.01660788669192698,0.027384444990625176,0.003262669496183872,0.003340103753903667,0.006371847554975021,0.0009137445105937202,0.0001208354859099209,0.00015213423582529438,3.8963322252579e-05,0.00035609390170066035,0.00016336518908435617,0.0016077565087471157,0.00019368429684618604,0.00021333942608611038,0.00013748664609202502,0.00018069479647136533,0.00016587259801382426,0.0001707491638978098,0.00010735778679927848,5.1530703165719224e-05,0.0008317085476601978,0.0005641064011191096,0.0001605399133040919,0.0003389497993172269,7.699375801793991e-05,6.74780049559393e-05,0.00027057060076434136,0.00018616228601331386,0.0001274527987346927,0.0002482031998065045,0.0003569704221566402,0.00022590912960113592,0.00022604144224816182,3.7068996991226276e-05,3.770326252884438e-05,8.9237265078205e-05,6.719311386405025e-05,0.0002489191241715796,2.344299915080228e-05,0.0005105611770726254,0.00025648905320849733
400000,0.0028095079308735186,0.004085863668782015,0.005517551151569933,0.0006441204052372576,0.0011116522059004452,0.004265520407768365,0.0005616385568124139,0.007220211061055535,0.008015353594906122,0.0016043663144955644,0.04824750038887156,0.0202798032169456,0.00427970752361668,0.009876966867219986,0.0040672584693204365,0.013876666180901035,0.02836915919808581,0.005500595424253541,0.005486071419519638,0.027904435081460784,0.004019475400616557,0.006863469196689819,0.037684060344084475,0.02434784538539437,0.017823645618490345,0.0026329806772992016,0.01770869879435065,0.020705143095559226,0.04675690040047116,0.08029523073750053,0.017278265693069745,0.02851610870521444,0.0033723393078205913,0.0036234525835657965,0.006659108868310189,0.0009348369241836606,0.00012060453989934821,0.0001517700018418757,3.847782425301452e-05,0.000342621700269774,0.00016554008288344546,0.001660948692006059,0.00019459408649709077,0.00021626774758643527,0.00013385312715016832,0.00019228880512319588,0.0001638448845714616,0.0001581606263023616,0.00010748545372899602,5.06798203952547e-05,0.0008453178260494427,0.0005627942629568375,0.00015709643967056763,0.00034023677353987446,7.754698183283647e-05,6.686203364965463e-05,0.0002698135444818466,0.00018666581939896787,0.00012613282062703648,0.000247700556257349,0.00037134607779686725,0.0002238071185148837,0.00022364040880886563,3.858878766589253e-05,3.687054373181632e-05,8.968792605758478e-05,6.602355642826296e-05,0.00025581357644959495,2.2070906837257098e-05,0.0005117695774832773,0.00024997867876663804
