Checkpoint,allocate,allot,ask,assign,award,bequeath,cede,deliver,deny,dictate,explain,feed,forward,give,grant,guarantee,issue,lease,mail,offer,pass,pay,present,promise,read,refund,relay,rent,sell,show,teach,tell,trade,transfer,yield,arrive,ascend,chase,climb,crawl,creep,cross,cycle,dash,depart,descend,drift,flee,float,fly,gallop,glide,go,hasten,hike,hurry,inch,journey,limp,lurch,march,meander,paddle,plunge,race,ride,row,run,rush,sail,scramble,skate,speed,stagger,stumble,swim,taxi,travel,tumble,walk,wander
50,0.0004036,0.00042074074074074073,0.0003666666666666666,0.000368,0.0003878481012658227,0.00041428571428571426,0.00043225806451612913,0.0004038157894736842,0.0004015189873417722,0.000401875,0.00037259259259259255,0.0004116326530612245,0.00040424242424242415,0.00039515151515151514,0.0004030588235294117,0.00042500000000000003,0.00039119047619047613,0.00037227848101265823,0.00041321428571428574,0.0003901333333333333,0.00038199999999999996,0.0003908928571428571,0.00036826666666666666,0.00039666666666666664,0.00038285714285714285,0.00035800000000000003,0.00037758064516129036,0.0003802083333333333,0.00037458823529411755,0.00036387096774193544,0.0004004,0.00039115384615384625,0.00036365384615384607,0.0003992682926829267,0.0004011111111111111,0.0003875,0.0004155263157894737,0.00036818181818181817,0.0003766265060240964,0.0003775,0.0004000000000000001,0.000397340425531915,0.0003375,0.000384,0.0004126315789473684,0.00041642105263157893,0.0004001428571428572,0.00040640350877192986,0.0004209375,0.0003783620689655173,0.000342,0.0004027272727272727,0.0003561538461538462,0.00039166666666666663,0.000366,0.00040428571428571423,0.00035999999999999997,0.00039379310344827585,0.00040818181818181817,0.00038,0.00041548387096774196,0.000365,0.000355,0.00041714285714285714,0.00035055555555555556,0.00036876923076923073,0.0003706666666666667,0.00037096774193548385,0.0003822222222222221,0.0003992792792792793,0.0003788888888888889,0.00038666666666666667,0.00036,0.00037000000000000005,0.00038571428571428567,0.00039584415584415584,0.0003721428571428572,0.00038370967741935486,0.00043875,0.0003696638655462185,0.00038700000000000003
60,0.0007930666666666667,0.0007344444444444445,0.0008366666666666665,0.000812,0.0007897468354430379,0.0008457142857142857,0.0007711290322580646,0.0007928947368421052,0.0007982278481012659,0.0008125,0.0008174074074074074,0.0007873469387755101,0.0007836363636363636,0.0008046969696969698,0.0008117647058823527,0.0007891666666666666,0.0008059523809523809,0.000800886075949367,0.0007710714285714286,0.0008097333333333334,0.0008021538461538461,0.0008175,0.0008374666666666666,0.0007983333333333334,0.0008230158730158731,0.0008060000000000001,0.0007995161290322581,0.00082625,0.0008072941176470588,0.0008266129032258065,0.0007984,0.0008365384615384616,0.0008153846153846154,0.000795731707317073,0.0007650000000000001,0.0008158928571428572,0.000778421052631579,0.0007945454545454545,0.0007969879518072287,0.0007849999999999999,0.0007785714285714286,0.0008117021276595747,0.0008437500000000001,0.000788,0.0007821052631578947,0.0007789473684210526,0.000786857142857143,0.0008079824561403508,0.000749375,0.0007980172413793105,0.000848,0.0007954545454545455,0.0008246923076923076,0.0008033333333333333,0.000787,0.0007891836734693878,0.000835,0.0008072413793103448,0.0008245454545454545,0.0007899999999999999,0.0007730107526881722,0.0007725,0.0008,0.0007657142857142857,0.0008416666666666666,0.0008032307692307692,0.0007859999999999999,0.0008148387096774194,0.0008162962962962963,0.0007696396396396397,0.0008055555555555556,0.0008500000000000001,0.00083,0.000745,0.000802857142857143,0.0008175324675324676,0.0008328571428571429,0.0008055645161290323,0.0007537500000000001,0.0008208403361344538,0.0007769999999999999
70,0.0009697333333333336,0.0008600000000000001,0.0011033333333333333,0.000990923076923077,0.000927848101265823,0.0011757142857142856,0.0009538709677419356,0.0009405263157894736,0.0009551898734177216,0.001021875,0.0010290123456790123,0.0009210204081632653,0.000966060606060606,0.0009922727272727273,0.000977764705882353,0.0010091666666666667,0.0009566666666666666,0.0009292405063291137,0.0008864285714285713,0.0009743999999999999,0.0009758461538461539,0.0010089285714285714,0.0010082666666666668,0.0009493333333333332,0.0010606349206349207,0.001002,0.0009299999999999997,0.000975625,0.0009909411764705883,0.001016774193548387,0.0009745333333333333,0.001098076923076923,0.000993269230769231,0.0009575609756097561,0.0009327777777777777,0.0009875,0.0009556578947368421,0.0009436363636363636,0.0009437349397590363,0.000913125,0.0009614285714285714,0.0010115957446808512,0.0010375,0.0009399999999999999,0.0009973684210526313,0.0009489473684210526,0.000914714285714286,0.001015438596491228,0.0009384375,0.0009864655172413792,0.0010859999999999997,0.0009463636363636365,0.0010490769230769232,0.0009733333333333334,0.000995,0.000916734693877551,0.00092,0.0010286206896551722,0.001080909090909091,0.0009175,0.0010005376344086024,0.00086625,0.0008816666666666666,0.0009542857142857142,0.001086388888888889,0.0009427692307692306,0.0009093333333333333,0.001016989247311828,0.0009796296296296298,0.0008885585585585585,0.0009322222222222222,0.0011333333333333334,0.0012,0.000775,0.0010914285714285713,0.0009896103896103897,0.0010650000000000002,0.0009725000000000001,0.00092875,0.0009938655462184874,0.0009209999999999999
80,0.001136,0.0010529629629629628,0.0010866666666666666,0.0010136923076923075,0.0010582278481012656,0.0012385714285714285,0.0011937096774193548,0.0010463157894736843,0.0010434177215189872,0.001103125,0.0010660493827160495,0.0010477551020408162,0.0010366666666666666,0.0010787878787878787,0.0010707058823529413,0.0011320833333333332,0.0010601190476190476,0.0010244303797468355,0.0009978571428571428,0.0010469333333333337,0.001068923076923077,0.0010839285714285714,0.0010322666666666667,0.0010286666666666667,0.001181587301587302,0.001084,0.0009540322580645161,0.000978125,0.0010156470588235291,0.0010741935483870966,0.0010705333333333334,0.0011111538461538461,0.0010550000000000002,0.001011829268292683,0.0010316666666666666,0.0011073214285714284,0.0011113157894736842,0.0009463636363636362,0.0010186746987951808,0.000960625,0.0010357142857142856,0.0011143617021276595,0.00099,0.0010270000000000001,0.0010663157894736843,0.0010518947368421054,0.0009892857142857142,0.0011424561403508774,0.0011128125,0.0010813793103448275,0.0011200000000000001,0.0010309090909090908,0.0011304615384615383,0.0011483333333333332,0.0010769999999999998,0.0010544897959183673,0.0011250000000000001,0.0011706896551724139,0.0011281818181818183,0.000945,0.0010736559139784946,0.00098375,0.0009000000000000001,0.0011042857142857143,0.0011608333333333334,0.0010350769230769233,0.0010206666666666667,0.001111827956989247,0.0010425,0.001072792792792793,0.0010122222222222223,0.0011533333333333335,0.00124,0.0008849999999999999,0.0011642857142857145,0.001081818181818182,0.0011164285714285716,0.0010274193548387097,0.00106875,0.0009868067226890757,0.00099
90,0.0013065333333333335,0.0012103703703703703,0.001285,0.0012844615384615386,0.0012537974683544304,0.00135,0.0013606451612903228,0.0012296052631578947,0.0012089873417721515,0.001368125,0.00129,0.0012110204081632653,0.0012242424242424243,0.0012746969696969695,0.0012470588235294117,0.0012654166666666666,0.0012698809523809522,0.0012045569620253165,0.0011775,0.0012433333333333333,0.0012544615384615387,0.0012632142857142857,0.0012886666666666665,0.0012133333333333334,0.0013655555555555554,0.0013499999999999999,0.0011924193548387097,0.0011939583333333333,0.0012614117647058822,0.00128758064516129,0.0012441333333333335,0.0013142307692307691,0.001288653846153846,0.001203780487804878,0.0012055555555555559,0.0013564285714285714,0.0012948684210526318,0.0011763636363636364,0.0011925301204819278,0.001211875,0.0012771428571428571,0.0012904255319148936,0.0012399999999999998,0.0011989999999999998,0.0012626315789473685,0.0012665263157894738,0.0012314285714285715,0.0013435087719298247,0.0012934374999999999,0.0012712068965517241,0.001404,0.0013318181818181816,0.001354769230769231,0.0014275,0.001306,0.0012828571428571429,0.00148,0.0013541379310344826,0.0012972727272727272,0.0012625,0.0012410752688172043,0.0012287500000000002,0.0011333333333333334,0.0012000000000000001,0.001402777777777778,0.0012530769230769232,0.0011893333333333333,0.0013474193548387097,0.001293425925925926,0.0012910810810810812,0.0011722222222222223,0.001305,0.0013233333333333333,0.0013033333333333332,0.0014128571428571428,0.0012992207792207793,0.0013071428571428572,0.0012670967741935486,0.00128375,0.001265798319327731,0.0011769999999999999
100,0.0017063999999999998,0.0015925925925925927,0.0015708333333333332,0.0016986153846153846,0.0016007594936708863,0.0018185714285714283,0.0018353225806451612,0.0015882894736842107,0.00158873417721519,0.00167875,0.0016232098765432098,0.0015755102040816327,0.001637878787878788,0.0016413636363636365,0.0016509411764705883,0.0016766666666666666,0.0016367857142857143,0.0015329113924050634,0.0015449999999999995,0.0016057333333333332,0.0016238461538461539,0.0016382142857142858,0.0016521333333333334,0.0016436666666666663,0.0016695238095238098,0.001752,0.0015422580645161291,0.0016170833333333332,0.0016321176470588234,0.0016009677419354838,0.0016338666666666668,0.001608076923076923,0.0016584615384615383,0.001571463414634146,0.0016077777777777779,0.0016926785714285718,0.0016996052631578949,0.0014627272727272727,0.0015324096385542169,0.001486875,0.0016928571428571429,0.0016969148936170212,0.00146,0.0015600000000000002,0.0016994736842105263,0.001697578947368421,0.0015915714285714285,0.0017417543859649125,0.00169375,0.001641465517241379,0.001712,0.0017927272727272729,0.0016176153846153849,0.0018050000000000002,0.001597,0.0016202040816326528,0.0017400000000000002,0.001677241379310345,0.0017318181818181822,0.0016324999999999998,0.0016372043010752688,0.0016125,0.00151,0.001602857142857143,0.001665,0.0015918461538461538,0.0015066666666666666,0.001588817204301075,0.0016339814814814817,0.0016745945945945944,0.0014966666666666665,0.001593333333333333,0.0016433333333333335,0.0017100000000000004,0.0018357142857142856,0.0017301298701298702,0.0016914285714285716,0.0016503225806451614,0.00161125,0.0015636134453781514,0.001449
150,0.0022458666666666663,0.0021696296296296294,0.0018966666666666665,0.0025546153846153848,0.002733924050632911,0.0026342857142857144,0.0031243548387096774,0.002173684210526316,0.002470253164556962,0.0026406249999999997,0.0024385185185185187,0.0022916326530612245,0.002068787878787879,0.0023143939393939395,0.002733764705882353,0.002565,0.0027233333333333337,0.002385443037974684,0.0021042857142857144,0.0024408000000000003,0.0020273846153846154,0.0024114285714285713,0.0028398666666666667,0.0027830000000000008,0.0024911111111111115,0.00178,0.0022416129032258062,0.00220875,0.0025577647058823527,0.002015967741935484,0.0024363999999999996,0.002200769230769231,0.0024286538461538464,0.0023858536585365854,0.002033333333333333,0.00295375,0.002422368421052632,0.0021527272727272727,0.001937951807228916,0.002235,0.0021299999999999995,0.002323191489361702,0.00265375,0.001645,0.0024557894736842107,0.0022721052631578947,0.002124571428571429,0.0027988596491228066,0.0019165625,0.002384913793103448,0.00276,0.0014672727272727274,0.002244384615384615,0.0029375000000000004,0.002465,0.0025491836734693875,0.002895,0.0027865517241379314,0.002049090909090909,0.0030924999999999998,0.0022532258064516127,0.00198625,0.00259,0.0017257142857142855,0.0028255555555555555,0.0023173846153846157,0.0021820000000000003,0.0020544086021505375,0.0021365740740740737,0.0025954954954954964,0.0025111111111111115,0.0026533333333333335,0.0018533333333333336,0.0030116666666666664,0.0018,0.0023942857142857142,0.0026114285714285714,0.0025018548387096776,0.0018662500000000003,0.0020905882352941175,0.0019160000000000004
200,0.0022085333333333335,0.0019877777777777775,0.0020125,0.002446769230769231,0.003356582278481013,0.0029114285714285713,0.0027754838709677424,0.0020526315789473684,0.002577341772151899,0.0021675,0.0017040740740740742,0.0016922448979591839,0.0022178787878787878,0.0020665151515151517,0.002716823529411765,0.0023625,0.0030628571428571423,0.0022687341772151897,0.0020603571428571424,0.0021417333333333334,0.0016804615384615384,0.0024294642857142857,0.0023011999999999998,0.0028216666666666663,0.0022258730158730157,0.001872,0.001815322580645161,0.0020179166666666666,0.0021471764705882353,0.001476290322580645,0.0017910666666666663,0.0014519230769230766,0.0022823076923076924,0.0026268292682926826,0.0021338888888888887,0.002430892857142857,0.0021175,0.0016354545454545454,0.0015103614457831326,0.001281875,0.0014871428571428572,0.002583404255319149,0.0019225,0.0010760000000000001,0.0023257894736842108,0.0016421052631578948,0.0015927142857142856,0.0024835964912280706,0.0009609375000000001,0.002184224137931035,0.0017499999999999998,0.0009409090909090909,0.0017283846153846154,0.0016316666666666667,0.0018439999999999997,0.001715714285714286,0.0022700000000000003,0.001792413793103448,0.0014863636363636364,0.0017649999999999999,0.0025888172043010754,0.00193,0.0016233333333333334,0.0013985714285714285,0.0019111111111111115,0.001670923076923077,0.0017406666666666666,0.0014488172043010752,0.001697222222222222,0.0026045945945945945,0.0017733333333333331,0.0018399999999999998,0.0014533333333333334,0.0020933333333333338,0.0016614285714285713,0.0018466233766233765,0.0025735714285714285,0.0021066129032258065,0.0011687499999999999,0.0015568907563025206,0.0009910000000000001
250,0.0014816,0.0014751851851851853,0.0015850000000000003,0.0017133846153846153,0.002281772151898734,0.002357142857142857,0.0019546774193548388,0.0014293421052631577,0.0014651898734177214,0.0016418749999999999,0.0014519753086419754,0.001292448979591837,0.0014181818181818184,0.0016392424242424243,0.001891176470588235,0.0015695833333333332,0.0018330952380952383,0.0016251898734177216,0.0016689285714285714,0.0015693333333333334,0.0012803076923076924,0.0016719642857142855,0.0016500000000000002,0.0016833333333333333,0.001749365079365079,0.0015800000000000002,0.001308548387096774,0.001660208333333333,0.001733176470588235,0.0012516129032258065,0.0015796,0.001492692307692308,0.001972307692307692,0.0017173170731707317,0.0014411111111111113,0.0018725000000000002,0.0016053947368421053,0.0013200000000000002,0.0012678313253012049,0.00127875,0.001312857142857143,0.0016731914893617019,0.001295,0.0010919999999999999,0.0015689473684210526,0.0011736842105263157,0.0011814285714285716,0.0018427192982456138,0.0007153125,0.0015227586206896548,0.001396,0.0007090909090909091,0.001694076923076923,0.0016858333333333332,0.0018599999999999999,0.0019963265306122448,0.00148,0.0017968965517241378,0.0012772727272727274,0.0015775,0.0016383870967741935,0.00212125,0.0012316666666666667,0.0011585714285714285,0.0016319444444444445,0.0014992307692307692,0.0013039999999999998,0.0014290322580645166,0.001500462962962963,0.0018441441441441441,0.0019133333333333333,0.0020366666666666662,0.0018366666666666668,0.00172,0.00177,0.0013462337662337662,0.0015385714285714289,0.0016743548387096773,0.00130375,0.001573529411764706,0.000977
300,0.0010041333333333333,0.0010603703703703704,0.0011033333333333333,0.0011115384615384616,0.0019798734177215198,0.0013371428571428568,0.0012829032258064518,0.0009680263157894739,0.0009683544303797466,0.00107875,0.0010333333333333334,0.00077,0.0008472727272727273,0.0012842424242424243,0.0012356470588235295,0.0009441666666666666,0.0010433333333333336,0.0012141772151898738,0.0010303571428571428,0.0011164,0.0008600000000000001,0.0011442857142857142,0.0011452000000000003,0.0011586666666666666,0.0012968253968253967,0.0009160000000000001,0.0007804838709677419,0.00113,0.0014954117647058823,0.0009941935483870968,0.0012238666666666669,0.001301923076923077,0.0016575000000000003,0.0010856097560975608,0.0009622222222222222,0.0013537499999999997,0.0010144736842105265,0.0007781818181818182,0.0007820481927710845,0.00069625,0.0008571428571428572,0.001044787234042553,0.00069125,0.0005510000000000001,0.0009621052631578947,0.0006937894736842104,0.0007522857142857143,0.001102017543859649,0.0003953125,0.0009212931034482758,0.0007979999999999999,0.0003181818181818182,0.0011967692307692306,0.0011541666666666668,0.0010379999999999999,0.0013310204081632654,0.000885,0.0012765517241379312,0.0007163636363636364,0.000925,0.0010729032258064515,0.00131875,0.0009183333333333334,0.0005414285714285714,0.0014338888888888888,0.0010098461538461537,0.0008626666666666667,0.0009933333333333333,0.0009266666666666666,0.0010599099099099097,0.0011066666666666666,0.0013333333333333333,0.0011,0.0012116666666666667,0.0008485714285714287,0.0007524675324675325,0.00083,0.0011982258064516125,0.0006925,0.0009916806722689076,0.000678
350,0.0010602666666666668,0.0010085185185185186,0.0016375,0.0010826153846153846,0.002629873417721519,0.001335714285714286,0.001134032258064516,0.0011378947368421053,0.0010134177215189875,0.001230625,0.0012414814814814816,0.0007851020408163266,0.0010554545454545456,0.0014233333333333333,0.0014222352941176471,0.0011504166666666666,0.0012921428571428572,0.0014169620253164559,0.0016089285714285715,0.0014590666666666667,0.000932923076923077,0.0014860714285714284,0.0013342666666666667,0.001274666666666667,0.0014820634920634918,0.001192,0.0008698387096774194,0.0015325000000000002,0.002144,0.0009975806451612904,0.0013557333333333334,0.0014507692307692307,0.0021609615384615382,0.001205609756097561,0.001176666666666667,0.0017382142857142859,0.0008702631578947367,0.0008863636363636364,0.0007798795180722893,0.00056625,0.0006628571428571428,0.0008574468085106383,0.00081,0.000424,0.0011,0.0005434736842105264,0.0007225714285714286,0.0009980701754385966,0.00028874999999999994,0.0009495689655172414,0.000642,0.00017090909090909092,0.001435923076923077,0.0011641666666666666,0.001495,0.0015477551020408164,0.000955,0.0014486206896551725,0.0006663636363636364,0.0007174999999999999,0.0013173118279569893,0.0013675,0.0009799999999999998,0.0005342857142857142,0.0015788888888888886,0.0010655384615384615,0.0005433333333333333,0.0010861290322580646,0.0011633333333333333,0.0010895495495495495,0.0011155555555555556,0.0012749999999999999,0.0008166666666666666,0.0010450000000000001,0.00099,0.0006637662337662338,0.0009285714285714285,0.001333951612903226,0.000515,0.0012260504201680668,0.0006019999999999999
400,0.0006693333333333333,0.0008192592592592593,0.0011308333333333333,0.001027846153846154,0.002412025316455696,0.0009257142857142858,0.0009316129032258064,0.0009585526315789473,0.0009486075949367089,0.001028125,0.000982962962962963,0.0005363265306122448,0.0009699999999999999,0.001068030303030303,0.0011554117647058825,0.0009720833333333335,0.0012017857142857145,0.0013356962025316455,0.0014717857142857143,0.001124,0.0008010769230769231,0.001064107142857143,0.0013688,0.0008833333333333332,0.0012338095238095237,0.000758,0.0006938709677419355,0.0011033333333333333,0.0017300000000000002,0.00087,0.0010397333333333333,0.0011253846153846153,0.001824230769230769,0.0013418292682926829,0.0008594444444444445,0.0011976785714285713,0.000581842105263158,0.0006163636363636364,0.0006740963855421687,0.0004325,0.0003228571428571429,0.0005720212765957447,0.0005412500000000001,0.00021800000000000004,0.0008047368421052632,0.00031042105263157896,0.000539,0.0005431578947368422,0.00021062499999999998,0.0007427586206896552,0.000402,7.363636363636363e-05,0.0009815384615384614,0.0009516666666666665,0.0012200000000000002,0.0010781632653061226,0.001175,0.0011058620689655173,0.00040727272727272726,0.000335,0.001272795698924731,0.00096875,0.0007433333333333334,0.0003842857142857143,0.0010127777777777776,0.000753076923076923,0.00034399999999999996,0.0008632258064516128,0.0008861111111111111,0.0008228828828828829,0.0008033333333333334,0.0011133333333333334,0.0005433333333333333,0.0009166666666666666,0.0006971428571428571,0.00042129870129870126,0.0006214285714285715,0.001111451612903226,0.00042124999999999997,0.0009212605042016806,0.00048199999999999995
450,0.0013725333333333334,0.0018418518518518517,0.0030775,0.0029796923076923078,0.005414683544303798,0.0020371428571428567,0.0022901612903225813,0.0023806578947368423,0.0016465822784810127,0.00239375,0.002596172839506173,0.001402040816326531,0.0024666666666666665,0.002570757575757576,0.0025692941176470585,0.001380833333333333,0.0027117857142857143,0.0033691139240506324,0.004201071428571428,0.002427333333333333,0.002112769230769231,0.0020035714285714288,0.0032876000000000003,0.0020516666666666665,0.0037428571428571424,0.0017319999999999998,0.002064838709677419,0.002817291666666667,0.003776941176470588,0.0023249999999999994,0.0023816,0.0028361538461538463,0.004776346153846154,0.003210853658536585,0.002328888888888889,0.0031699999999999996,0.0015522368421052631,0.0017299999999999998,0.0019036144578313257,0.00132875,0.0009571428571428571,0.0015317021276595748,0.00132125,0.000943,0.002398421052631579,0.0009286315789473682,0.0012875714285714285,0.0014092105263157897,0.0005403125,0.0023011206896551726,0.0009860000000000001,0.00033818181818181815,0.0031284615384615383,0.0019225,0.00284,0.0031618367346938773,0.002065,0.0029448275862068965,0.0013018181818181818,0.0008775,0.003250645161290322,0.00285625,0.0017733333333333334,0.0008842857142857143,0.003070277777777778,0.002440769230769231,0.001,0.0025596774193548384,0.0024930555555555556,0.0026847747747747747,0.0024166666666666664,0.0030933333333333334,0.00175,0.0022333333333333333,0.002734285714285714,0.0014507792207792206,0.002387857142857143,0.0029778225806451615,0.00108625,0.002715126050420168,0.0013800000000000002
500,0.00031013333333333335,0.00044185185185185186,0.0009058333333333335,0.0007606153846153846,0.001110886075949367,0.0005357142857142857,0.0006070967741935485,0.0006461842105263158,0.0005258227848101264,0.000851875,0.0007518518518518519,0.00031816326530612244,0.0007860606060606061,0.0006613636363636364,0.0007345882352941176,0.00042625,0.0006932142857142857,0.0008287341772151899,0.0012182142857142858,0.0005778666666666668,0.0005333846153846154,0.0004832142857142857,0.0009234666666666665,0.0007033333333333334,0.0012087301587301589,0.00022199999999999998,0.000572258064516129,0.000605,0.000987764705882353,0.0005872580645161289,0.0005933333333333333,0.0009926923076923077,0.0012919230769230768,0.0009235365853658537,0.0007488888888888888,0.0008080357142857143,0.0003956578947368421,0.0002663636363636364,0.00039433734939759037,0.00030000000000000003,0.00020714285714285716,0.0004153191489361702,0.00031875,0.000122,0.0006626315789473684,0.0002468421052631579,0.00038899999999999997,0.00036938596491228073,0.0001003125,0.0006578448275862069,0.00027600000000000004,6.454545454545455e-05,0.0007307692307692308,0.0005175,0.0006139999999999999,0.000696938775510204,0.00049,0.0007244827586206898,0.0002781818181818182,0.00021,0.000999569892473118,0.00058,0.0003383333333333333,0.00027,0.0006611111111111111,0.00048753846153846156,0.00020933333333333337,0.0005658064516129032,0.0005003703703703703,0.0009241441441441441,0.0004233333333333334,0.0004883333333333333,0.0005066666666666667,0.0004516666666666667,0.0004842857142857143,0.0003415584415584415,0.0005507142857142857,0.0008735483870967743,0.00016625,0.0006098319327731092,0.000339
550,0.0005982666666666667,0.000748888888888889,0.0025908333333333334,0.002064307692307692,0.0027232911392405064,0.0011028571428571428,0.0007098387096774193,0.001349342105263158,0.0007806329113924051,0.00175,0.0013922222222222222,0.000546734693877551,0.0024584848484848483,0.001355909090909091,0.0011604705882352943,0.0004658333333333333,0.0016884523809523803,0.0019363291139240508,0.003245714285714286,0.0011316,0.0011212307692307695,0.0007205357142857144,0.0019105333333333326,0.000988,0.0030557142857142857,0.000564,0.0012101612903225806,0.0012150000000000002,0.0021876470588235294,0.0011906451612903228,0.001134,0.002171153846153846,0.002731538461538461,0.0017271951219512197,0.0010222222222222221,0.0018260714285714286,0.0005501315789473685,0.00047090909090909095,0.0005310843373493975,0.000463125,0.00023714285714285715,0.0005193617021276596,0.00046750000000000003,0.000277,0.001346842105263158,0.0003045263157894737,0.0004241428571428571,0.0005364912280701754,0.00019468749999999998,0.0012242241379310345,0.00031,8e-05,0.0014752307692307693,0.0006108333333333332,0.0007919999999999998,0.0012591836734693878,0.0006349999999999999,0.000992758620689655,0.0003772727272727273,0.000195,0.0012186021505376345,0.000875,0.0007033333333333335,0.0002457142857142857,0.0011219444444444445,0.0009744615384615384,0.0003906666666666667,0.0011696774193548387,0.0009825,0.0013638738738738743,0.0008111111111111111,0.000865,0.00059,0.0008766666666666667,0.0008542857142857143,0.0005742857142857142,0.0008507142857142857,0.0015752419354838707,0.00055,0.0011636974789915966,0.0007490000000000001
600,0.0009364,0.0010925925925925927,0.0035533333333333337,0.0028875384615384614,0.0035720253164556962,0.0018928571428571427,0.0013588709677419353,0.002136315789473684,0.0011622784810126584,0.0024974999999999997,0.0018835802469135804,0.0010318367346938775,0.0031012121212121214,0.002157727272727273,0.0014897647058823532,0.0006875000000000001,0.0023164285714285713,0.0029627848101265826,0.006448928571428572,0.002031466666666667,0.001466923076923077,0.0013208928571428573,0.0028322666666666676,0.001569,0.0043087301587301586,0.0013160000000000001,0.0017530645161290324,0.0020270833333333334,0.0031785882352941175,0.0020479032258064515,0.0015998666666666667,0.0031653846153846155,0.004043846153846154,0.002045609756097561,0.0017127777777777777,0.003079107142857143,0.0009494736842105264,0.0007654545454545455,0.0008136144578313252,0.000559375,0.00048,0.0008610638297872338,0.0010275,0.0005169999999999999,0.0020752631578947367,0.0005450526315789473,0.0006632857142857143,0.0009236842105263157,0.0003615625,0.0020049137931034485,0.0004320000000000001,0.00012090909090909091,0.002142,0.0009041666666666665,0.0013939999999999998,0.001807142857142857,0.00035,0.0015593103448275864,0.0006418181818181819,0.000405,0.0018178494623655912,0.0011450000000000002,0.0011916666666666666,0.00043285714285714287,0.0017749999999999999,0.0017161538461538462,0.0006846666666666666,0.001693763440860215,0.0017067592592592594,0.0020518018018018023,0.0012966666666666667,0.0013966666666666667,0.0009433333333333334,0.0013,0.0014314285714285716,0.0010985714285714286,0.00109,0.002733548387096775,0.000665,0.0015329411764705885,0.00112
650,0.0006672000000000001,0.0006529629629629629,0.002155833333333333,0.0017495384615384614,0.0016972151898734182,0.0013242857142857143,0.0011893548387096773,0.0012772368421052633,0.0008184810126582276,0.001535,0.0016780246913580248,0.0006806122448979593,0.0015778787878787878,0.001435757575757576,0.0009117647058823532,0.0005733333333333334,0.0014458333333333333,0.0016572151898734178,0.0032074999999999994,0.0013078666666666667,0.0010118461538461538,0.0007703571428571428,0.0018012000000000002,0.0011429999999999997,0.003124444444444445,0.00081,0.001098225806451613,0.0015204166666666664,0.001822470588235294,0.0013501612903225805,0.0013312,0.0029769230769230775,0.0024040384615384614,0.001385609756097561,0.0013216666666666667,0.0017851785714285715,0.000688421052631579,0.000589090909090909,0.0005706024096385542,0.000454375,0.00042285714285714284,0.0007939361702127659,0.0005675000000000001,0.000334,0.0011926315789473683,0.0005292631578947369,0.0005804285714285714,0.0006667543859649122,0.0002896875,0.0011160344827586203,0.000256,0.00011181818181818184,0.0012904615384615387,0.0005433333333333333,0.0008460000000000001,0.0011716326530612244,0.000285,0.0016734482758620688,0.000530909090909091,0.0003225,0.0012017204301075267,0.0011275,0.000755,0.0003414285714285714,0.0012994444444444442,0.0010715384615384617,0.00069,0.0010440860215053763,0.0009112962962962962,0.001466036036036036,0.0007155555555555555,0.0011066666666666668,0.0009166666666666668,0.000685,0.00106,0.0009122077922077919,0.0008449999999999999,0.0017867741935483868,0.0004125,0.0010647899159663867,0.000737
700,0.000584,0.0006822222222222223,0.0030241666666666663,0.0028881538461538463,0.0017924050632911392,0.00155,0.0011753225806451612,0.001616578947368421,0.0007983544303797468,0.002038125,0.0016974074074074075,0.0007318367346938776,0.002176060606060606,0.001815757575757576,0.0008807058823529411,0.00032041666666666666,0.0017557142857142854,0.0026198734177215184,0.006691071428571428,0.0013410666666666667,0.001156923076923077,0.0008260714285714285,0.0023169333333333333,0.001288666666666667,0.0041876190476190485,0.001038,0.001785967741935484,0.0021320833333333335,0.003156,0.0018454838709677421,0.0013131999999999998,0.0031300000000000004,0.004289807692307692,0.0018243902439024392,0.0010866666666666668,0.0022542857142857143,0.0006642105263157895,0.0007045454545454546,0.0004233734939759036,0.00031375,0.00023857142857142857,0.0006347872340425531,0.00038625,0.000254,0.0013526315789473683,0.00043568421052631577,0.0003957142857142857,0.0005710526315789473,0.0002221875,0.0014655172413793104,0.000262,3.818181818181818e-05,0.0016616153846153846,0.0004475,0.00056,0.001314081632653061,0.0001,0.0019848275862068966,0.00040636363636363635,0.00025,0.0015776344086021502,0.00107125,0.0006683333333333334,0.00014571428571428572,0.0011741666666666665,0.0011641538461538462,0.0006513333333333334,0.0011922580645161293,0.0009403703703703705,0.0016717117117117115,0.0005844444444444445,0.00085,0.00065,0.0009283333333333332,0.0007542857142857142,0.0006641558441558442,0.0006821428571428571,0.002339112903225806,0.00040375000000000003,0.0010431932773109244,0.000662
750,0.0015505333333333334,0.001578888888888889,0.004228333333333333,0.004514923076923078,0.003154810126582278,0.00197,0.0019561290322580643,0.002385131578947369,0.001529873417721519,0.002734375,0.0022764197530864196,0.0012261224489795918,0.003942424242424242,0.00254530303030303,0.0015422352941176472,0.0005525,0.0030636904761904772,0.005342151898734176,0.007927142857142857,0.0022349333333333333,0.0015090769230769233,0.002364285714285714,0.003429066666666667,0.002015,0.00603031746031746,0.0034640000000000005,0.0029633870967741937,0.0038431249999999998,0.005028235294117647,0.002265806451612904,0.0015312000000000001,0.004429615384615385,0.007368653846153846,0.002963414634146341,0.0018922222222222222,0.002981785714285714,0.0009903947368421055,0.0013236363636363636,0.0008895180722891565,0.00063375,0.0005742857142857141,0.0008605319148936169,0.00085875,0.0005890000000000001,0.0016636842105263157,0.0007431578947368422,0.0008301428571428573,0.001032017543859649,0.0004965625,0.001909310344827586,0.00043400000000000003,0.0002554545454545455,0.0022583846153846152,0.0010075,0.0012460000000000001,0.0018659183673469387,0.00035999999999999997,0.0027796551724137927,0.0006772727272727272,0.000625,0.0014065591397849464,0.0018475000000000002,0.0011033333333333333,0.0006085714285714285,0.002032222222222222,0.0018529230769230769,0.001350666666666667,0.002007741935483871,0.001508703703703704,0.0024536036036036032,0.0009933333333333333,0.00138,0.00145,0.0011733333333333333,0.0013528571428571428,0.0011696103896103897,0.0011814285714285716,0.0030295967741935485,0.0008075000000000001,0.0015672268907563026,0.001118
800,0.0005950666666666667,0.0006781481481481483,0.0019666666666666665,0.0020252307692307688,0.001717721518987342,0.00085,0.0009024193548387096,0.0011773684210526314,0.0006197468354430381,0.00148125,0.0013166666666666665,0.0005748979591836736,0.0024584848484848483,0.0011687878787878785,0.0006908235294117647,0.00019083333333333336,0.0016360714285714286,0.0021375949367088616,0.005149642857142857,0.0009390666666666668,0.0006133846153846155,0.001195,0.0020442666666666666,0.0008760000000000002,0.0037733333333333334,0.0014420000000000001,0.001779193548387097,0.0016374999999999998,0.002385882352941176,0.0012106451612903225,0.0007842666666666667,0.002541153846153846,0.004017307692307692,0.001714756097560976,0.0011766666666666668,0.00161625,0.0004489473684210526,0.0005981818181818181,0.00028987951807228916,0.000308125,0.00015428571428571428,0.0003598936170212766,0.000305,0.00015199999999999998,0.0006726315789473685,0.00030105263157894735,0.00027585714285714285,0.0004716666666666667,0.0001578125,0.00087,0.00014399999999999998,0.0,0.0010066153846153847,0.0005325,0.000512,0.000776938775510204,0.0,0.0011651724137931034,0.0002145454545454545,0.00025,0.0006888172043010752,0.00065375,0.00055,8.285714285714286e-05,0.0011500000000000002,0.0006458461538461537,0.0005773333333333335,0.0009631182795698923,0.0006250925925925925,0.001070900900900901,0.00021555555555555556,0.0004533333333333333,0.0006066666666666667,0.00046000000000000007,0.0004814285714285714,0.00047857142857142857,0.00037928571428571433,0.0014824999999999999,0.0003775,0.0006170588235294117,0.000535
850,0.0011041333333333334,0.0011162962962962962,0.00274,0.0043055384615384605,0.0030499999999999998,0.0014685714285714285,0.0014154838709677417,0.001860921052631579,0.0009889873417721522,0.001926875,0.0013776543209876543,0.0006408163265306122,0.0036869696969696964,0.0017392424242424244,0.001169529411764706,0.00036208333333333334,0.002716428571428572,0.0031950632911392413,0.005478214285714285,0.0015342666666666668,0.0011084615384615384,0.0015794642857142858,0.0026638666666666667,0.0014533333333333334,0.004023174603174602,0.0025360000000000005,0.0025729032258064517,0.0026645833333333335,0.0027596470588235294,0.0016232258064516132,0.0011160000000000002,0.003015,0.0045461538461538465,0.00230890243902439,0.001728888888888889,0.002519821428571429,0.0008075000000000001,0.0008581818181818184,0.0006766265060240964,0.00044750000000000004,0.0002185714285714286,0.0008542553191489362,0.0006775,0.000401,0.0015426315789473682,0.0007,0.0005211428571428572,0.0008475438596491228,0.0002321875,0.0016411206896551728,0.000442,0.00016363636363636363,0.0012682307692307693,0.0007899999999999999,0.0008369999999999999,0.0011677551020408163,0.000105,0.0021462068965517242,0.0006145454545454545,0.0006475,0.0013869892473118278,0.0011974999999999998,0.0010166666666666666,0.00018142857142857145,0.0020961111111111115,0.0012118461538461538,0.0011066666666666668,0.0012981720430107525,0.0008674999999999998,0.002714144144144144,0.00036888888888888887,0.0006266666666666668,0.0013866666666666665,0.0007533333333333333,0.0008157142857142858,0.0007788311688311688,0.0008399999999999999,0.0025197580645161294,0.00042375,0.0008407563025210084,0.0006590000000000001
900,0.0011761333333333334,0.001402962962962963,0.002725,0.0037666153846153843,0.00307873417721519,0.0028,0.0018833870967741933,0.002998552631578947,0.0012964556962025316,0.003115,0.002375925925925926,0.0010867346938775511,0.0042239393939393945,0.002543636363636364,0.0014091764705882353,0.0005745833333333333,0.0033928571428571428,0.003927974683544304,0.006767142857142858,0.0019395999999999999,0.0015115384615384613,0.001861607142857143,0.0035535999999999996,0.0017306666666666664,0.007229523809523809,0.00221,0.002495806451612903,0.0038781249999999996,0.0037591764705882345,0.0026729032258064516,0.0016274666666666667,0.004268846153846154,0.005769615384615385,0.0023356097560975606,0.002226111111111111,0.0029494642857142857,0.0011726315789473685,0.0009327272727272727,0.0007604819277108433,0.000536875,0.00032428571428571435,0.0007775531914893619,0.00106625,0.000329,0.0020236842105263156,0.0007724210526315788,0.0006567142857142855,0.0008993859649122808,0.0003334375,0.001739655172413793,0.000424,0.0001609090909090909,0.0018070769230769232,0.001075,0.001167,0.0014557142857142859,0.000315,0.003161034482758621,0.0005790909090909092,0.0007199999999999999,0.0015721505376344086,0.0017837499999999997,0.0008266666666666668,0.0002671428571428572,0.0028191666666666664,0.0015375384615384613,0.0014026666666666669,0.0017325806451612903,0.0010781481481481482,0.0024292792792792797,0.0007444444444444445,0.0008150000000000001,0.0014800000000000002,0.0009283333333333334,0.0016285714285714287,0.0009305194805194807,0.0009249999999999999,0.0030445161290322577,0.00065,0.00129109243697479,0.0010209999999999998
950,0.0008498666666666668,0.0008262962962962963,0.0034658333333333342,0.0032804615384615385,0.0017851898734177218,0.0017614285714285716,0.0011443548387096774,0.002231184210526316,0.001059873417721519,0.00186,0.001896666666666667,0.001013469387755102,0.004481818181818182,0.0020560606060606064,0.000931764705882353,0.00029625,0.0024245238095238096,0.0028941772151898737,0.0066189285714285725,0.0015597333333333332,0.0011816923076923076,0.001542142857142857,0.002125066666666667,0.0011193333333333333,0.004763333333333333,0.0025779999999999996,0.0031525806451612906,0.0028858333333333336,0.002706352941176471,0.0018820967741935484,0.0013530666666666667,0.00402923076923077,0.007922692307692308,0.0017359756097560977,0.00146,0.0031644642857142856,0.000885263157894737,0.0014854545454545454,0.0011433734939759038,0.0011925000000000002,0.00074,0.0010055319148936169,0.00131,0.0009529999999999999,0.002221052631578947,0.000803263157894737,0.0007495714285714287,0.0011652631578947367,0.0003746875,0.002080603448275862,0.00048399999999999995,0.00026454545454545453,0.0022872307692307697,0.0008858333333333332,0.001582,0.0018620408163265304,0.00027,0.001993448275862069,0.0010118181818181817,0.0006925,0.0018260215053763438,0.00187125,0.0012666666666666666,0.00047857142857142857,0.002532777777777778,0.0018744615384615386,0.0014846666666666665,0.0023326881720430108,0.0015532407407407407,0.0022617117117117117,0.0010355555555555556,0.0024899999999999996,0.0012900000000000001,0.0014983333333333333,0.0017128571428571427,0.0011,0.001012142857142857,0.002580645161290322,0.0009375,0.002166974789915967,0.001312
1000,0.0009766666666666667,0.0009466666666666669,0.004747499999999999,0.0033144615384615383,0.002430126582278481,0.00202,0.0013919354838709678,0.0026913157894736845,0.0012532911392405064,0.0027825000000000003,0.002468888888888889,0.0011104081632653062,0.005277575757575757,0.002669848484848485,0.0011189411764705884,0.00034041666666666666,0.003035119047619048,0.003306708860759493,0.00952142857142857,0.0015353333333333334,0.001400923076923077,0.0015053571428571431,0.0033704,0.00135,0.008305555555555554,0.002408,0.0030685483870967747,0.004241249999999999,0.004207176470588235,0.0022112903225806452,0.0015594666666666666,0.006636538461538462,0.008968269230769231,0.0019087804878048786,0.0014755555555555555,0.003150892857142857,0.0010151315789473686,0.0012936363636363638,0.0009373493975903612,0.00077125,0.00047,0.0008527659574468083,0.00090875,0.0004749999999999999,0.002079473684210526,0.0009225263157894737,0.0007095714285714287,0.0012587719298245612,0.0003440625,0.0017624137931034486,0.00046999999999999993,0.0001427272727272727,0.0018120769230769232,0.0008475000000000001,0.00153,0.0014557142857142859,0.00038,0.0027989655172413795,0.0005809090909090909,0.0004875,0.0016731182795698925,0.002155,0.0013516666666666668,0.0005942857142857144,0.002702222222222222,0.0015816923076923076,0.000992,0.001762903225806452,0.001072222222222222,0.0022672072072072074,0.0006822222222222222,0.00134,0.0013266666666666667,0.0008900000000000002,0.001222857142857143,0.0008025974025974026,0.0009014285714285714,0.003053790322580645,0.00071125,0.001468571428571429,0.0015800000000000002
1050,0.0008294666666666668,0.0009270370370370371,0.0029808333333333336,0.002583230769230769,0.0022254430379746834,0.0015014285714285715,0.0013082258064516128,0.0018025,0.0011054430379746835,0.002354375,0.001518395061728395,0.0006936734693877549,0.003954848484848485,0.001977575757575757,0.0011663529411764706,0.00046333333333333323,0.002614285714285714,0.0033110126582278484,0.006752857142857143,0.0013541333333333334,0.00098,0.0018282142857142857,0.002502666666666667,0.0011623333333333336,0.005142222222222223,0.002214,0.0020725806451612904,0.0027852083333333335,0.003014,0.0014898387096774195,0.0011517333333333332,0.003995384615384615,0.005613269230769229,0.001602926829268293,0.0012883333333333334,0.0017003571428571428,0.0006290789473684212,0.00052,0.0004904819277108434,0.00025624999999999997,0.0001342857142857143,0.0006402127659574468,0.0006,0.000166,0.0014410526315789473,0.0004765263157894737,0.0003374285714285714,0.0006942982456140351,0.000155,0.0010508620689655174,0.00029,0.0,0.0011913846153846154,0.0007991666666666667,0.0009339999999999999,0.0009448979591836733,0.000165,0.0016886206896551724,0.00033,0.0002925,0.0009129032258064518,0.0012300000000000002,0.000765,0.00019714285714285713,0.0016119444444444445,0.0008921538461538461,0.000646,0.0009153763440860218,0.0005776851851851852,0.001793783783783784,0.00033999999999999997,0.00078,0.0010833333333333333,0.0003233333333333333,0.0005642857142857143,0.00043233766233766245,0.0005521428571428572,0.001838145161290323,0.0003625,0.0006261344537815126,0.0006999999999999999
1100,0.0007645333333333333,0.0008351851851851853,0.0030600000000000002,0.0023143076923076923,0.001866962025316455,0.001702857142857143,0.001667741935483871,0.0021074999999999996,0.0011660759493670886,0.002644375,0.0018197530864197532,0.0009024489795918368,0.004836969696969697,0.0021827272727272732,0.0011279999999999997,0.00034208333333333335,0.0025353571428571426,0.0023596202531645564,0.006407857142857145,0.0013,0.0014339999999999997,0.0018723214285714285,0.0027356,0.001446,0.007699841269841267,0.002264,0.0028001612903225813,0.0027379166666666663,0.00308835294117647,0.0017711290322580645,0.0012618666666666667,0.0044930769230769226,0.007386346153846152,0.0016130487804878048,0.0016205555555555554,0.003083392857142857,0.001210263157894737,0.0012772727272727274,0.0011648192771084335,0.00073375,0.0005614285714285713,0.0010618085106382977,0.001055,0.0005089999999999999,0.0023757894736842105,0.0009775789473684211,0.0009215714285714285,0.0013571929824561402,0.0003828125,0.0017068965517241382,0.0005859999999999999,0.00023272727272727271,0.0018774615384615386,0.0010958333333333334,0.0019239999999999997,0.0015518367346938776,0.00054,0.002512413793103448,0.0009981818181818182,0.0006349999999999999,0.001487204301075269,0.00196625,0.0012,0.0006485714285714286,0.0027177777777777777,0.0016001538461538462,0.0011773333333333334,0.001955376344086022,0.0013127777777777777,0.0024197297297297296,0.0007055555555555555,0.0019066666666666668,0.0016133333333333336,0.0011333333333333332,0.0015585714285714285,0.0008053246753246753,0.0011178571428571427,0.0023240322580645166,0.00102125,0.001352857142857143,0.001199
1150,0.0009121333333333335,0.0010377777777777779,0.0033399999999999997,0.0035027692307692307,0.0025446835443037976,0.0016614285714285713,0.001831612903225806,0.0024449999999999997,0.0014868354430379747,0.00286875,0.002111358024691358,0.0010181632653061224,0.005932727272727273,0.0025901515151515154,0.0013932941176470588,0.0004625,0.0031448809523809533,0.003238607594936709,0.008339999999999998,0.0016382666666666665,0.0015713846153846153,0.0017125,0.0037358666666666668,0.0013963333333333332,0.00844873015873016,0.002304,0.0033190322580645155,0.003283958333333333,0.0035597647058823526,0.0019753225806451616,0.0015909333333333335,0.005407307692307693,0.008471346153846154,0.002180975609756097,0.0015044444444444445,0.0032483928571428572,0.0010757894736842105,0.0009963636363636364,0.0009010843373493976,0.000543125,0.0004057142857142857,0.0010865957446808514,0.00107375,0.000377,0.0021631578947368425,0.0009803157894736842,0.0007871428571428571,0.001226140350877193,0.00024312500000000001,0.0016667241379310347,0.00056,9e-05,0.0016127692307692308,0.0012258333333333333,0.0019529999999999999,0.001358979591836735,0.00028,0.002658965517241379,0.0007554545454545456,0.00067,0.0015286021505376344,0.00173875,0.0011016666666666668,0.0004428571428571429,0.0021375,0.0015296923076923079,0.0010346666666666666,0.0016411827956989249,0.0009735185185185186,0.0023734234234234234,0.0005966666666666667,0.00141,0.0014166666666666668,0.0007316666666666666,0.0010585714285714285,0.0007151948051948052,0.0011185714285714286,0.002423629032258065,0.0006175,0.0011859663865546217,0.001137
1200,0.0009317333333333333,0.0008314814814814814,0.0029891666666666664,0.0027559999999999998,0.0018549367088607595,0.0012099999999999997,0.0012237096774193547,0.001514736842105263,0.0009574683544303797,0.00214375,0.0016359259259259259,0.0007291836734693877,0.004414545454545455,0.0018063636363636365,0.001004705882352941,0.00034625000000000004,0.0019526190476190472,0.0025931645569620253,0.004651785714285714,0.0010934666666666667,0.0012472307692307691,0.0013251785714285713,0.002512666666666667,0.0009823333333333335,0.005699841269841269,0.001856,0.0024387096774193553,0.002161875,0.002782,0.0014738709677419356,0.0010032,0.003527692307692307,0.007959423076923076,0.0018001219512195125,0.0014816666666666667,0.0025108928571428574,0.0008260526315789474,0.0008554545454545456,0.0007153012048192771,0.00039875,0.00023285714285714286,0.0008740425531914894,0.00068625,0.000269,0.0016436842105263156,0.0007222105263157895,0.0007487142857142858,0.0008951754385964913,0.00027375,0.0014649137931034483,0.000498,0.00011545454545454546,0.0013597692307692306,0.000855,0.0014709999999999999,0.0011420408163265307,0.00042,0.002414482758620689,0.0005309090909090909,0.0004175,0.0011268817204301074,0.00154375,0.0007799999999999999,0.00025,0.0016405555555555557,0.0012086153846153844,0.0007866666666666665,0.0013545161290322578,0.0007690740740740741,0.0023974774774774775,0.0004088888888888889,0.0009383333333333332,0.00143,0.0006266666666666668,0.0008314285714285714,0.0005262337662337662,0.0008721428571428571,0.0020937903225806452,0.00059,0.0009659663865546219,0.000861
1250,0.0011444000000000003,0.0012148148148148146,0.0033508333333333337,0.003941384615384616,0.0033693670886075946,0.0022057142857142857,0.0019582258064516126,0.002473421052631579,0.001531012658227848,0.0035875000000000004,0.002322716049382716,0.001160204081632653,0.006226969696969697,0.003021969696969697,0.0017163529411764707,0.00065125,0.0037551190476190475,0.0035537974683544312,0.007610357142857143,0.0018893333333333336,0.002085692307692308,0.001960535714285714,0.0045956,0.002028,0.0095515873015873,0.001856,0.003078225806451613,0.0029725,0.00451635294117647,0.002750645161290323,0.0021057333333333334,0.004570769230769231,0.013167692307692306,0.00235609756097561,0.002708333333333333,0.004019464285714286,0.0013648684210526313,0.0014827272727272725,0.0013561445783132529,0.00058125,0.0004185714285714286,0.0011151063829787232,0.00109375,0.000596,0.002659473684210526,0.0011284210526315787,0.0009178571428571427,0.0014835087719298247,0.00045937500000000004,0.002348706896551724,0.000748,0.00020181818181818183,0.0022640000000000004,0.0014383333333333333,0.0024739999999999996,0.0018242857142857143,0.00063,0.0036320689655172413,0.0009036363636363635,0.00075,0.0018298924731182796,0.0022700000000000003,0.001665,0.00048571428571428566,0.002856388888888889,0.0020735384615384617,0.0012746666666666668,0.0022346236559139788,0.0014362962962962962,0.003355225225225225,0.0006688888888888888,0.0016383333333333334,0.0022166666666666667,0.0009916666666666665,0.0013728571428571427,0.0008533766233766233,0.0014114285714285715,0.002967983870967742,0.0009425,0.0017181512605042016,0.001303
1300,0.0007590666666666667,0.0007914814814814814,0.0034266666666666664,0.002554153846153846,0.002249113924050634,0.001627142857142857,0.0011674193548387097,0.0019401315789473687,0.0013405063291139238,0.002693125,0.0019753086419753087,0.0008475510204081632,0.005023333333333334,0.002243636363636364,0.0012623529411764707,0.0004525,0.0026445238095238097,0.002552784810126582,0.006207142857142857,0.001474133333333333,0.0014012307692307694,0.00131625,0.003578133333333333,0.001385,0.00734968253968254,0.00172,0.0026593548387096773,0.0025533333333333332,0.0037381176470588236,0.001903870967741935,0.0015044,0.004022692307692308,0.011725000000000003,0.001815731707317073,0.0016605555555555555,0.0029400000000000003,0.0007678947368421053,0.000650909090909091,0.000543012048192771,0.00030500000000000004,0.00015000000000000001,0.0006312765957446809,0.00044875000000000004,0.00014199999999999998,0.001861578947368421,0.0007041052631578948,0.0004918571428571428,0.0008769298245614035,0.00020656249999999999,0.0013513793103448277,0.000296,2.090909090909091e-05,0.0013127692307692309,0.0007174999999999999,0.0011189999999999998,0.001146530612244898,0.00019,0.0023851724137931036,0.00028181818181818174,0.00034500000000000004,0.0011207526881720433,0.0013675,0.0006333333333333334,0.00015428571428571428,0.0017605555555555554,0.0011116923076923075,0.0006840000000000001,0.001121505376344086,0.0005554629629629629,0.002004054054054054,0.00018333333333333334,0.0009366666666666667,0.0012166666666666667,0.0004316666666666666,0.0006685714285714284,0.000367012987012987,0.0007857142857142857,0.0022574193548387093,0.00036500000000000004,0.0008849579831932774,0.000766
1350,0.0006809333333333333,0.0007670370370370371,0.002830833333333333,0.0020955384615384616,0.0022331645569620257,0.00097,0.0012253225806451616,0.0016760526315789468,0.000970759493670886,0.0020031249999999997,0.001745185185185185,0.0007555102040816326,0.003713939393939394,0.0018812121212121212,0.0010204705882352941,0.0003395833333333334,0.0022971428571428574,0.0026426582278481015,0.005123928571428571,0.0012441333333333333,0.0012152307692307692,0.001328035714285714,0.0024695999999999997,0.0012363333333333332,0.005877777777777779,0.002252,0.0023827419354838708,0.0022166666666666667,0.0036025882352941174,0.0014466129032258063,0.0012257333333333333,0.004054230769230769,0.009843846153846151,0.0016284146341463417,0.001313888888888889,0.002399285714285714,0.0006552631578947368,0.00062,0.00047951807228915666,0.000296875,0.00014714285714285713,0.0005597872340425531,0.0006175,0.000141,0.002032105263157895,0.000609157894736842,0.00045299999999999995,0.0008284210526315788,0.000250625,0.0013040517241379307,0.00037400000000000004,4.3636363636363636e-05,0.001356923076923077,0.0007025,0.0012289999999999998,0.0013046938775510201,0.00014,0.0020175862068965516,0.0006372727272727272,0.00042,0.0009908602150537633,0.0012050000000000001,0.0009283333333333332,0.00011571428571428571,0.001649444444444444,0.0011226153846153847,0.0008713333333333332,0.0010803225806451612,0.000731574074074074,0.002029099099099099,0.00037,0.001205,0.0012266666666666667,0.0005566666666666666,0.0006614285714285715,0.00043272727272727267,0.0014271428571428573,0.0018876612903225805,0.00050625,0.0008268907563025209,0.000748
1400,0.0011809333333333335,0.0013614814814814815,0.005449166666666667,0.003542769230769231,0.004067341772151898,0.0016042857142857141,0.0018791935483870963,0.0023909210526315786,0.0018584810126582273,0.003830625,0.003150246913580247,0.0013248979591836737,0.008272727272727272,0.0031563636363636364,0.002135647058823529,0.0007537500000000001,0.0033075,0.004087088607594937,0.009804642857142857,0.002051866666666667,0.0021883076923076925,0.0021960714285714283,0.005263733333333333,0.0019366666666666664,0.011325714285714286,0.002856,0.003934354838709677,0.0031629166666666667,0.006042235294117647,0.0028187096774193554,0.0019497333333333333,0.0070738461538461545,0.019563076923076923,0.0022825609756097565,0.002091111111111111,0.00272,0.0008492105263157894,0.0007509090909090909,0.0004298795180722892,0.00038250000000000003,0.00024428571428571424,0.0006678723404255321,0.0006612499999999999,0.00035,0.0027373684210526316,0.0008446315789473683,0.0005258571428571428,0.0011176315789473684,0.000279375,0.0013697413793103451,0.000438,4e-05,0.001593846153846154,0.0013166666666666667,0.0015170000000000001,0.0016418367346938776,0.000475,0.0027286206896551726,0.000680909090909091,0.0006625,0.0009629032258064516,0.0016112499999999998,0.00063,0.00015857142857142855,0.0021380555555555554,0.001114923076923077,0.0010753333333333333,0.0014361290322580647,0.0006512962962962963,0.0025230630630630633,0.0004511111111111111,0.001185,0.00176,0.0006333333333333333,0.0007642857142857142,0.00041129870129870134,0.0014135714285714283,0.0019437096774193546,0.00051625,0.0008541176470588235,0.000834
1450,0.0011422666666666668,0.0012377777777777775,0.0032883333333333336,0.0027921538461538466,0.0032136708860759492,0.0017000000000000003,0.00196258064516129,0.001860921052631579,0.001941012658227848,0.0027618750000000004,0.001905679012345679,0.00101,0.005269393939393939,0.0025050000000000003,0.0019724705882352943,0.0008225,0.0029646428571428567,0.0035217721518987343,0.005672142857142857,0.0016368,0.001750307692307692,0.002207142857142857,0.0035067999999999996,0.0020953333333333336,0.007365555555555557,0.0026520000000000003,0.002341451612903225,0.0027077083333333332,0.005033647058823529,0.0018493548387096778,0.0013562666666666668,0.004041923076923077,0.01307769230769231,0.0018942682926829267,0.0019366666666666668,0.0022033928571428573,0.000725,0.0006063636363636364,0.00022421686746987955,0.00028562499999999996,0.00017571428571428572,0.0006487234042553192,0.0006375,0.00023999999999999998,0.0021457894736842107,0.0005825263157894737,0.00039971428571428563,0.0008497368421052631,0.000215625,0.0009534482758620688,0.00034600000000000006,3.818181818181818e-05,0.0010666153846153846,0.0009683333333333333,0.001153,0.0011477551020408162,0.00023,0.002022413793103448,0.0004445454545454546,0.00038250000000000003,0.0006712903225806451,0.00137875,0.0004566666666666667,0.0,0.0017563888888888887,0.000814923076923077,0.000946,0.001060215053763441,0.0004592592592592593,0.0017195495495495494,0.00025666666666666665,0.0007733333333333333,0.0013766666666666667,0.0004583333333333333,0.0006414285714285713,0.0004466233766233766,0.0012957142857142857,0.0013141129032258065,0.00041,0.0005837815126050421,0.000655
1500,0.0009952000000000001,0.0009629629629629629,0.0032300000000000002,0.0024252307692307694,0.002860759493670886,0.0010514285714285716,0.0014067741935483871,0.0017030263157894738,0.001387721518987342,0.002841875,0.0023074074074074073,0.0009175510204081633,0.004265454545454545,0.001999242424242424,0.0014867058823529412,0.00043624999999999995,0.0024735714285714287,0.0032249367088607594,0.004929285714285714,0.0014537333333333334,0.0014583076923076923,0.0017564285714285715,0.0037777333333333337,0.0014486666666666667,0.008280000000000001,0.001992,0.0027738709677419355,0.0026337500000000002,0.0045997647058823535,0.0021430645161290324,0.0011158666666666664,0.0043407692307692305,0.012858076923076923,0.002047195121951219,0.0014133333333333333,0.0023857142857142857,0.0007452631578947368,0.0005336363636363636,0.00029325301204819273,0.00035625,0.00019857142857142854,0.000773404255319149,0.00035625,0.000155,0.0019378947368421055,0.000726421052631579,0.0003477142857142857,0.0008852631578947368,0.00020875,0.0010367241379310344,0.000344,5.363636363636364e-05,0.0013029230769230772,0.0005716666666666666,0.0014269999999999999,0.0009383673469387755,0.00027,0.002385862068965517,0.0004127272727272727,0.00030500000000000004,0.0008100000000000003,0.00107625,0.00042500000000000003,0.00012285714285714284,0.0014613888888888886,0.0010153846153846155,0.0006473333333333332,0.0009413978494623654,0.00043787037037037037,0.0018584684684684683,0.00027444444444444445,0.000595,0.0013800000000000002,0.00047,0.00045571428571428575,0.0004067532467532468,0.0011771428571428573,0.0017695967741935487,0.00045125,0.0007778991596638657,0.0008109999999999999
1550,0.0009583999999999998,0.0010259259259259258,0.0037383333333333327,0.002360769230769231,0.0036784810126582273,0.0013914285714285715,0.0015700000000000004,0.0021042105263157896,0.0015058227848101264,0.003178125,0.00251,0.0008946938775510205,0.004867272727272728,0.002334090909090909,0.0015821176470588241,0.00048625,0.0025317857142857143,0.0037159493670886083,0.006325357142857144,0.0014320000000000001,0.0016990769230769234,0.0016751785714285716,0.004750400000000001,0.001612666666666667,0.008839841269841268,0.00269,0.0029475806451612903,0.0029672916666666667,0.005514823529411765,0.002320967741935484,0.0013202666666666666,0.004672692307692308,0.022367307692307693,0.0019554878048780484,0.0017822222222222222,0.0029891071428571427,0.0009185526315789473,0.0006709090909090908,0.0003834939759036144,0.00047187499999999996,0.0003171428571428571,0.0008588297872340428,0.0004975,0.000184,0.002212105263157895,0.0009005263157894737,0.0006372857142857144,0.0011716666666666663,0.00023875,0.0016674137931034481,0.000542,8.90909090909091e-05,0.0017067692307692307,0.0006791666666666668,0.0018169999999999998,0.0011304081632653063,0.000205,0.002981379310344828,0.0007672727272727272,0.00047,0.0012346236559139783,0.00153375,0.0005183333333333333,0.00023857142857142857,0.001853888888888889,0.0012156923076923078,0.0008453333333333332,0.0014141935483870964,0.0007037962962962963,0.002900720720720721,0.0004933333333333334,0.0010133333333333333,0.00117,0.00037833333333333333,0.0007571428571428572,0.0005514285714285715,0.001342142857142857,0.0024049999999999996,0.00057,0.0008721848739495799,0.0009889999999999999
1600,0.0010038666666666667,0.0009014814814814814,0.0024433333333333334,0.002590615384615385,0.0038099999999999996,0.0009657142857142858,0.0015695161290322582,0.001718421052631579,0.0012312658227848102,0.002249375,0.001641111111111111,0.0007734693877551019,0.003996363636363636,0.002114848484848485,0.0015583529411764706,0.00045791666666666664,0.0022491666666666667,0.003774810126582279,0.004941071428571428,0.0014547999999999998,0.0016830769230769232,0.0014607142857142857,0.004176666666666667,0.0016066666666666664,0.0067958730158730165,0.0018239999999999999,0.002281935483870968,0.0028791666666666666,0.005962117647058825,0.001891451612903226,0.0013888,0.004062307692307692,0.026306153846153844,0.002001829268292683,0.0016849999999999999,0.00225625,0.0006513157894736842,0.00042363636363636366,0.000255421686746988,0.0002225,0.00015142857142857143,0.0007948936170212765,0.00059125,0.000113,0.002175263157894737,0.0006353684210526316,0.0003917142857142857,0.0007714912280701754,0.0001296875,0.0012285344827586205,0.00033600000000000004,2.090909090909091e-05,0.0011370769230769232,0.0004975,0.001199,0.0008126530612244897,0.000225,0.0022513793103448275,0.0004981818181818182,0.000285,0.0007962365591397847,0.00101875,0.0003283333333333333,0.0,0.0016711111111111108,0.0009060000000000001,0.0006339999999999999,0.0008839784946236559,0.00029046296296296296,0.00254,0.00022444444444444446,0.0004983333333333334,0.0011466666666666667,0.0004,0.00040285714285714285,0.0003977922077922078,0.0010692857142857142,0.001822741935483871,0.00041125000000000005,0.0005331932773109243,0.000641
1650,0.0013209333333333334,0.0013203703703703706,0.004601666666666666,0.0031467692307692308,0.003680632911392405,0.0015357142857142857,0.0016630645161290324,0.002027894736842105,0.0017669620253164555,0.00378625,0.0024365432098765434,0.0012879591836734694,0.005509393939393939,0.0025318181818181824,0.0020590588235294117,0.0007375,0.003205000000000001,0.004754177215189874,0.006257499999999999,0.0013729333333333336,0.0023315384615384613,0.0021307142857142857,0.004548933333333334,0.0017006666666666667,0.01197507936507936,0.00268,0.004666451612903225,0.003871666666666666,0.006104588235294117,0.002220483870967742,0.0013573333333333332,0.005433076923076924,0.01847653846153846,0.0025248780487804874,0.0017688888888888889,0.002379642857142857,0.000525921052631579,0.0005254545454545455,0.0001556626506024096,0.00032312499999999995,9.285714285714286e-05,0.0007529787234042553,0.00054,0.000193,0.002327368421052632,0.0005758947368421052,0.0003981428571428571,0.0008516666666666668,0.000294375,0.0014154310344827586,0.00040800000000000005,7.454545454545454e-05,0.0016198461538461538,0.0004975,0.00102,0.0011799999999999998,0.00013,0.0017841379310344825,0.0004936363636363636,0.0003,0.0005473118279569892,0.00109875,0.00041166666666666673,0.0,0.0013836111111111108,0.0010693846153846155,0.0008573333333333333,0.0012960215053763441,0.000489074074074074,0.0023252252252252245,0.00026888888888888893,0.00081,0.00115,0.0004816666666666667,0.0004628571428571429,0.0006671428571428571,0.002197142857142857,0.001860725806451613,0.00032625000000000004,0.0005457142857142857,0.0006979999999999999
1700,0.0015377333333333335,0.0018625925925925926,0.0033425,0.002058923076923077,0.0034481012658227846,0.00224,0.0022709677419354836,0.0019768421052631575,0.002031392405063291,0.0029425,0.0014987654320987652,0.001339795918367347,0.002648787878787879,0.002433939393939394,0.0026611764705882354,0.00202375,0.002769285714285714,0.004415063291139241,0.005056428571428572,0.0022679999999999996,0.001924153846153846,0.002644821428571429,0.002170533333333334,0.0022356666666666658,0.0037104761904761907,0.0018680000000000003,0.001729516129032258,0.0037147916666666666,0.0035389411764705885,0.0013335483870967745,0.001957066666666667,0.002192692307692308,0.0057928846153846155,0.002073170731707317,0.0022472222222222225,0.0018464285714285716,0.0012232894736842104,0.0014063636363636364,0.0008595180722891566,0.000456875,0.0010442857142857142,0.0010057446808510637,0.0012125,0.000945,0.002068421052631579,0.0010626315789473686,0.000923,0.0014506140350877194,0.0007996874999999999,0.0014590517241379313,0.000784,0.00062,0.0010760000000000001,0.0013858333333333333,0.001949,0.0015328571428571429,0.00094,0.0017720689655172416,0.0011345454545454545,0.00111,0.0014601075268817203,0.0012312500000000001,0.0009016666666666666,0.000932857142857143,0.001742777777777778,0.0014981538461538463,0.0014019999999999998,0.001290537634408602,0.0011217592592592594,0.0019918018018018017,0.0006999999999999999,0.001893333333333333,0.00181,0.001075,0.00158,0.0009938961038961041,0.0024892857142857143,0.0015651612903225807,0.0010524999999999998,0.0012903361344537817,0.0014249999999999998
1750,0.0013575999999999998,0.0012862962962962962,0.002918333333333333,0.004634461538461539,0.003732658227848101,0.0017757142857142856,0.002244516129032258,0.0032864473684210533,0.0015746835443037975,0.00366125,0.0021734567901234565,0.0010057142857142858,0.0067757575757575765,0.0024124242424242424,0.0020836470588235295,0.0008579166666666665,0.0043721428571428566,0.00473139240506329,0.006965357142857143,0.0018586666666666669,0.0025830769230769236,0.0017785714285714284,0.004488533333333334,0.0026019999999999997,0.008345079365079366,0.0029679999999999997,0.004139838709677418,0.003021666666666667,0.004586352941176471,0.0020053225806451616,0.0015119999999999999,0.0043053846153846154,0.014927884615384615,0.0029471951219512196,0.002151666666666667,0.0037523214285714286,0.0010746052631578947,0.0006018181818181818,0.00033084337349397586,0.00035312500000000003,0.00030571428571428573,0.0007654255319148934,0.000975,0.000492,0.003787368421052631,0.0007567368421052631,0.00041228571428571426,0.0009486842105263158,0.0002884375,0.0023959482758620695,0.000558,0.0001081818181818182,0.0016547692307692307,0.0008316666666666668,0.0013700000000000001,0.0018048979591836732,0.0,0.0025148275862068963,0.0006218181818181818,0.0006925,0.0017391397849462367,0.001375,0.000715,0.00018714285714285713,0.002575555555555555,0.0011398461538461538,0.001038,0.0017688172043010754,0.0012387962962962964,0.004476936936936938,0.0009033333333333334,0.0018083333333333335,0.0008833333333333333,0.0008066666666666666,0.001097142857142857,0.0007063636363636364,0.002345,0.0029695161290322586,0.0004525,0.0009635294117647061,0.000802
1800,0.0010762666666666665,0.0010811111111111112,0.0024075,0.0028730769230769235,0.0028836708860759492,0.0011585714285714285,0.0014770967741935483,0.0020330263157894734,0.0012346835443037974,0.00251875,0.0021079012345679013,0.0008942857142857142,0.005012727272727273,0.002227424242424243,0.0013769411764705884,0.0004062500000000001,0.0025385714285714287,0.004311772151898735,0.004783571428571428,0.00137,0.0020789230769230767,0.001735,0.0035993333333333337,0.00155,0.007117619047619047,0.002288,0.003301774193548387,0.0029304166666666667,0.00577,0.0021624193548387097,0.0010610666666666666,0.004308076923076923,0.018811346153846158,0.002550365853658537,0.0018249999999999998,0.0027385714285714283,0.0007113157894736843,0.0004936363636363636,0.0003989156626506024,0.000380625,0.0002871428571428572,0.0008422340425531914,0.00055375,0.000225,0.0026152631578947373,0.0007158947368421055,0.0005932857142857145,0.0008632456140350879,0.00025875,0.001324310344827586,0.00024999999999999995,3.272727272727273e-05,0.0013308461538461538,0.0005508333333333334,0.001466,0.0011036734693877551,0.000155,0.0019310344827586205,0.0003772727272727273,0.00032,0.0011080645161290325,0.00115875,0.0005949999999999999,0.00019285714285714286,0.0014302777777777777,0.0008881538461538464,0.0007926666666666668,0.0012162365591397851,0.0005346296296296297,0.002586126126126126,0.0004344444444444445,0.00105,0.00134,0.0003233333333333333,0.0005185714285714285,0.0004322077922077922,0.0014014285714285715,0.0016757258064516128,0.00037875,0.0006716806722689074,0.0008889999999999998
1850,0.0013448000000000002,0.0013218518518518518,0.003198333333333333,0.0032207692307692306,0.0042030379746835446,0.0014128571428571428,0.0019075806451612901,0.0022342105263157895,0.001920126582278481,0.003011875,0.002631481481481481,0.0010371428571428571,0.006006060606060608,0.0026736363636363633,0.0019385882352941177,0.0007058333333333334,0.003419880952380953,0.005364303797468354,0.004986428571428571,0.001629866666666667,0.002928,0.0022403571428571433,0.0052446666666666674,0.002074333333333333,0.010087777777777777,0.0023539999999999998,0.003490806451612903,0.0030877083333333334,0.00778764705882353,0.002655645161290323,0.0015057333333333334,0.004537307692307692,0.032294423076923075,0.0028620731707317076,0.0021922222222222226,0.0028769642857142856,0.0006773684210526316,0.0004436363636363636,0.0003709638554216867,0.00032125,0.0002471428571428571,0.0009269148936170215,0.0009012499999999999,9.599999999999999e-05,0.0025321052631578946,0.0006903157894736842,0.0005072857142857142,0.0007832456140350877,0.00038124999999999997,0.001436551724137931,0.000352,7.363636363636364e-05,0.001450230769230769,0.0006383333333333333,0.0017770000000000002,0.001301632653061225,0.000325,0.001926896551724138,0.00038727272727272726,0.00043749999999999995,0.0011768817204301073,0.0014125000000000001,0.0007533333333333333,0.0,0.0018358333333333332,0.0009075384615384615,0.0008366666666666667,0.0013434408602150537,0.00048574074074074074,0.002616486486486486,0.00034555555555555555,0.0013616666666666666,0.00179,0.0002866666666666667,0.00045999999999999996,0.0005942857142857142,0.0017771428571428573,0.0018529838709677416,0.0004625,0.0006152941176470589,0.0008359999999999999
1900,0.0012218666666666666,0.0011825925925925925,0.0030683333333333326,0.0026864615384615386,0.003845316455696204,0.0012542857142857143,0.0021706451612903224,0.002767105263157895,0.0018900000000000004,0.0037981250000000003,0.0028470370370370372,0.0012838775510204082,0.0050869696969696974,0.0026537878787878787,0.002040941176470588,0.0006370833333333334,0.003144880952380952,0.005065822784810128,0.0056524999999999995,0.0017052,0.002735846153846154,0.0021048214285714286,0.005106133333333334,0.0023943333333333334,0.010975714285714287,0.002562,0.004198548387096774,0.003555416666666667,0.007466235294117646,0.002814193548387096,0.0014020000000000003,0.005216153846153847,0.02404346153846154,0.0029080487804878045,0.0019516666666666667,0.0034798214285714285,0.0008832894736842104,0.0005254545454545455,0.00038024096385542164,0.000550625,0.00040285714285714285,0.0010229787234042555,0.0005575,0.000124,0.003431052631578947,0.0008772631578947367,0.0007191428571428571,0.0014028070175438594,0.000348125,0.002098189655172414,0.00035400000000000004,7.545454545454545e-05,0.0018876923076923077,0.0006825,0.002138,0.0016424489795918366,0.00021,0.0026541379310344826,0.000519090909090909,0.0003625,0.0011224731182795699,0.0016612500000000002,0.0005183333333333333,0.00013714285714285713,0.0017602777777777777,0.001185384615384615,0.0009286666666666667,0.0015965591397849462,0.0006561111111111112,0.003614594594594594,0.0004888888888888889,0.0011516666666666665,0.0013066666666666667,0.00040166666666666665,0.0005128571428571429,0.0006523376623376624,0.0017092857142857142,0.002410725806451613,0.00041,0.0009694957983193278,0.0015730000000000002
1950,0.0010957333333333334,0.0010900000000000003,0.003703333333333333,0.0022713846153846152,0.0036322784810126586,0.0011514285714285717,0.0013324193548387097,0.0021713157894736844,0.001317721518987342,0.00336375,0.002332222222222222,0.0010014285714285715,0.005258484848484848,0.0023816666666666665,0.0014249411764705885,0.0003133333333333333,0.002606428571428571,0.004028987341772152,0.005429642857142857,0.0013182666666666668,0.0024584615384615387,0.00148125,0.0045744,0.0014240000000000001,0.011160476190476191,0.002504,0.0037964516129032253,0.0028229166666666667,0.006605176470588236,0.00245516129032258,0.0010665333333333333,0.004584230769230769,0.016631923076923075,0.002158292682926829,0.001581111111111111,0.0018655357142857143,0.0005732894736842106,0.00032727272727272726,0.0002002409638554217,0.00035,0.00021285714285714286,0.0007480851063829788,0.000755,0.00016600000000000002,0.002176842105263158,0.0006392631578947368,0.0005698571428571429,0.0009504385964912281,0.000229375,0.0015162068965517241,0.00040999999999999994,9e-05,0.0011706153846153847,0.0005874999999999999,0.0014379999999999998,0.0011557142857142857,0.00033,0.0017679310344827588,0.0004990909090909091,0.00035000000000000005,0.0007153763440860214,0.00125625,0.0005116666666666667,7.428571428571427e-05,0.0012297222222222223,0.0009280000000000001,0.0007766666666666667,0.0011043010752688172,0.00037537037037037037,0.0020850450450450447,0.00041444444444444444,0.0009299999999999999,0.0013533333333333331,0.00036166666666666666,0.00041285714285714287,0.0004814285714285714,0.0015257142857142858,0.001662258064516129,0.00030375,0.0006065546218487395,0.000954
2000,0.0010870666666666668,0.0009444444444444445,0.0025599999999999998,0.0023784615384615385,0.002998101265822785,0.001568571428571429,0.0016664516129032262,0.0016144736842105263,0.0011882278481012657,0.002738125,0.0017900000000000001,0.0009224489795918367,0.0046963636363636365,0.001916969696969697,0.0013579999999999998,0.00024125,0.0019696428571428573,0.003927974683544304,0.004013571428571428,0.001137866666666667,0.0021675384615384616,0.0012173214285714287,0.003325333333333333,0.0011676666666666667,0.0077977777777777785,0.001924,0.0026367741935483867,0.002898125,0.0052570588235294115,0.0018288709677419354,0.0009342666666666668,0.004213461538461538,0.018481923076923076,0.0028254878048780485,0.0013566666666666668,0.00211,0.00055,0.0004036363636363636,0.00035614457831325294,0.00041937500000000004,0.00033714285714285714,0.00112968085106383,0.00067125,0.00030700000000000004,0.002238421052631579,0.0007418947368421054,0.0006484285714285714,0.0008576315789473685,0.0003065625,0.001602413793103448,0.000388,0.00016272727272727272,0.0018494615384615385,0.0005783333333333334,0.0015890000000000001,0.001317755102040816,0.000245,0.0019713793103448276,0.0006245454545454546,0.00033749999999999996,0.0009081720430107528,0.00152875,0.0008783333333333333,0.00020428571428571428,0.00119,0.001118153846153846,0.0012026666666666668,0.0012906451612903224,0.0005810185185185185,0.0028597297297297303,0.0005122222222222223,0.0015966666666666666,0.0014066666666666665,0.00035166666666666663,0.00042714285714285716,0.0007602597402597403,0.0016278571428571427,0.001774516129032258,0.00048750000000000003,0.0008226890756302522,0.001089
2100,0.0013464,0.0013944444444444442,0.0035908333333333326,0.0028693846153846152,0.004309620253164557,0.0014728571428571432,0.002459032258064516,0.00239578947368421,0.001561645569620253,0.004118125,0.003107777777777778,0.0011016326530612244,0.006002424242424242,0.002985151515151515,0.002030235294117647,0.0004904166666666667,0.00284547619047619,0.00590632911392405,0.005223571428571427,0.0018357333333333334,0.0032772307692307693,0.00207125,0.0049568,0.002115,0.011474920634920636,0.0017319999999999998,0.0036637096774193552,0.004508958333333334,0.008612823529411767,0.0032537096774193546,0.001764,0.00618423076923077,0.03459038461538461,0.0033415853658536583,0.0022361111111111115,0.0021423214285714283,0.0005088157894736843,0.0004127272727272728,0.00018759036144578315,0.000293125,0.00017571428571428572,0.0010341489361702129,0.0006624999999999999,0.00016700000000000002,0.002993684210526316,0.0006277894736842105,0.0004744285714285715,0.0008364035087719297,0.00030718749999999995,0.0015333620689655172,0.00037799999999999997,0.0,0.0016813076923076925,0.0007374999999999999,0.0012230000000000001,0.0014259183673469389,0.0,0.0019265517241379307,0.0005,0.0002275,0.0009705376344086021,0.00143875,0.0006683333333333334,6.428571428571429e-05,0.0010163888888888887,0.0009695384615384617,0.0007786666666666667,0.0010278494623655915,0.0004942592592592594,0.0031717117117117115,0.0002722222222222222,0.0013416666666666666,0.0014666666666666665,0.00022666666666666668,0.00037428571428571426,0.0005272727272727272,0.002060714285714286,0.0019842741935483872,0.000265,0.0007242857142857143,0.0009220000000000001
2200,0.0014491999999999999,0.0011477777777777777,0.0030550000000000004,0.0026009230769230766,0.0035273417721518982,0.0017557142857142856,0.0026609677419354833,0.0022376315789473683,0.0013374683544303799,0.0035962499999999996,0.002881975308641975,0.0013428571428571428,0.004764242424242424,0.0022516666666666666,0.0017704705882352944,0.0004541666666666667,0.002565833333333333,0.005052278481012658,0.003939642857142858,0.0015106666666666667,0.0027284615384615385,0.0018933928571428572,0.004288266666666667,0.001925,0.009003174603174605,0.00193,0.003659354838709678,0.0030633333333333333,0.006650588235294118,0.0022646774193548387,0.0010406666666666665,0.005254230769230769,0.027042884615384618,0.003536463414634146,0.0023316666666666668,0.0023478571428571424,0.0005098684210526317,0.00046545454545454543,0.00019819277108433733,0.00033,0.0002542857142857143,0.001098191489361702,0.0007149999999999999,0.00020800000000000001,0.0027026315789473684,0.0006902105263157895,0.0004191428571428572,0.001028421052631579,0.00016437499999999997,0.0015891379310344828,0.00037400000000000004,6.454545454545454e-05,0.0016986153846153848,0.0007175000000000001,0.001361,0.001163265306122449,0.00017,0.0017782758620689654,0.0005854545454545455,0.00027749999999999997,0.000859247311827957,0.0011200000000000001,0.000405,0.0,0.0012319444444444444,0.0011826153846153848,0.0009393333333333334,0.00105,0.00028805555555555556,0.0030955855855855858,0.0003411111111111111,0.001175,0.0012533333333333333,0.00021833333333333332,0.00038428571428571423,0.0006801298701298701,0.0020857142857142854,0.0016927419354838707,0.00030375,0.0008137815126050419,0.0009870000000000002
2300,0.0014839999999999999,0.0012070370370370368,0.003464166666666666,0.0028127692307692307,0.004928354430379747,0.001957142857142857,0.0029990322580645164,0.0022949999999999997,0.002020379746835443,0.00488,0.003163456790123457,0.001353469387755102,0.0058839393939393945,0.003092878787878788,0.002394705882352941,0.0006512499999999999,0.0037396428571428567,0.006649493670886075,0.005397857142857142,0.001847333333333333,0.0034438461538461537,0.0021783928571428575,0.005136266666666668,0.002125,0.009945396825396826,0.002306,0.004723870967741936,0.0035181250000000004,0.008339176470588235,0.0025141935483870967,0.0017076000000000003,0.005298461538461538,0.03312634615384616,0.0032517073170731706,0.0029155555555555553,0.002533571428571428,0.0005690789473684211,0.00020181818181818183,0.00017433734939759034,0.000355625,0.0001814285714285714,0.0011715957446808507,0.000935,0.000123,0.002821578947368421,0.0007224210526315788,0.0007275714285714287,0.0009359649122807018,0.00024875,0.0014396551724137933,0.000388,5.181818181818182e-05,0.0015083846153846152,0.0008658333333333331,0.001408,0.0011771428571428573,0.000305,0.002037586206896552,0.00025363636363636365,0.00034500000000000004,0.0008562365591397851,0.00156375,0.0003599999999999999,0.0,0.0014175000000000001,0.0009684615384615386,0.0008833333333333332,0.0009353763440860213,0.00019953703703703702,0.003425135135135135,0.0002288888888888889,0.0006900000000000001,0.0019233333333333333,0.00036166666666666666,0.00031571428571428576,0.0006187012987012987,0.0019735714285714287,0.001997983870967742,0.000285,0.0005705042016806722,0.000902
2400,0.0015281333333333333,0.0012155555555555554,0.0035566666666666663,0.0024636923076923074,0.004612151898734177,0.0021671428571428575,0.0026422580645161287,0.0022901315789473687,0.001568860759493671,0.00476,0.0026072839506172843,0.0012304081632653061,0.005845151515151515,0.0031453030303030304,0.0018557647058823532,0.0004095833333333334,0.0028978571428571426,0.006832025316455695,0.005055714285714286,0.0019278666666666666,0.003495076923076923,0.0021719642857142853,0.004970666666666666,0.0018823333333333335,0.01076238095238095,0.00216,0.0036548387096774194,0.0042452083333333335,0.009278588235294115,0.0024922580645161292,0.002047866666666667,0.004823076923076924,0.03437634615384615,0.003519634146341464,0.0022927777777777773,0.0020107142857142854,0.00027973684210526317,0.00026272727272727277,0.0001267469879518072,0.00021375000000000002,0.00014714285714285716,0.0011923404255319147,0.0007225,8.099999999999999e-05,0.00275,0.00046147368421052635,0.0004818571428571429,0.00077,0.00027906249999999996,0.0014170689655172413,0.000368,2.4545454545454545e-05,0.0013357692307692307,0.0009116666666666665,0.0011270000000000002,0.0010820408163265307,0.0003,0.0018944827586206896,0.00034363636363636367,0.00034500000000000004,0.0007717204301075269,0.00146,0.00044166666666666665,0.0,0.0010075000000000001,0.000706,0.0006673333333333335,0.0008132258064516127,0.00020074074074074072,0.003787117117117117,0.00010444444444444444,0.000765,0.00188,0.0002933333333333333,0.00021571428571428571,0.0004727272727272728,0.0020707142857142855,0.0021454838709677425,0.00013125,0.0005100840336134453,0.00086
2500,0.0013241333333333335,0.0010340740740740742,0.004149166666666668,0.003079230769230769,0.004680126582278482,0.0013014285714285714,0.002352096774193549,0.001905263157894737,0.0015812658227848104,0.00307125,0.0021493827160493826,0.0009993877551020408,0.006143636363636364,0.0021474242424242423,0.001703882352941176,0.0003958333333333334,0.0028025000000000003,0.005793924050632912,0.005347142857142857,0.0014628,0.002964153846153846,0.0018901785714285715,0.003893866666666666,0.0011563333333333332,0.007323492063492064,0.001804,0.004920483870967742,0.0031733333333333336,0.007201058823529412,0.0017006451612903227,0.000768,0.004042692307692308,0.041956153846153844,0.0035797560975609753,0.001964444444444444,0.0025974999999999995,0.00039973684210526316,0.00026545454545454545,0.000162289156626506,0.0001575,0.00014428571428571428,0.0011953191489361703,0.000605,0.000108,0.0029210526315789475,0.00048673684210526327,0.0005589999999999999,0.0008135964912280701,0.0002315625,0.001657327586206897,0.0004019999999999999,2.6363636363636365e-05,0.001496,0.0004874999999999999,0.0011579999999999997,0.0009416326530612245,0.000145,0.0015375862068965516,0.00055,0.0002675,0.0008595698924731182,0.00097875,0.00039499999999999995,0.0,0.0010144444444444446,0.0008378461538461539,0.0011073333333333332,0.0010812903225806453,0.00033064814814814806,0.0039184684684684685,0.00030555555555555555,0.0009716666666666667,0.00118,0.000275,0.0002671428571428571,0.0006907792207792208,0.0021957142857142856,0.001744516129032258,0.00010125,0.0006065546218487393,0.000744
2600,0.0011545333333333333,0.0008362962962962961,0.0018625000000000002,0.0026315384615384616,0.004080886075949366,0.00159,0.0023133870967741938,0.0013023684210526313,0.001251012658227848,0.0021306249999999997,0.0015908641975308643,0.0007248979591836734,0.00334939393939394,0.001721818181818182,0.001407764705882353,0.0003070833333333333,0.002066785714285714,0.0050455696202531646,0.0030542857142857147,0.001342,0.002175076923076923,0.0015296428571428572,0.0034541333333333343,0.0012563333333333337,0.00478952380952381,0.000758,0.002498548387096774,0.0028770833333333335,0.006632823529411765,0.0014977419354838708,0.0008864,0.0029153846153846153,0.027515192307692303,0.002863780487804878,0.002265,0.0017951785714285713,0.0004796052631578947,0.00026090909090909094,0.00012927710843373493,0.00010875,7.714285714285714e-05,0.0010085106382978727,0.00057375,3.5e-05,0.0022036842105263156,0.0003889473684210527,0.0004495714285714285,0.0006160526315789474,0.0001225,0.0013274999999999997,0.00030000000000000003,0.0,0.0012844615384615386,0.0004425,0.001142,0.0006514285714285715,0.000155,0.0014979310344827585,0.0002290909090909091,0.00027749999999999997,0.000613763440860215,0.00112125,0.00022166666666666667,0.0,0.0007366666666666666,0.0006783076923076922,0.0006513333333333334,0.0006935483870967742,0.00015398148148148148,0.0034587387387387393,0.00010555555555555555,0.0005083333333333333,0.0007066666666666667,0.00018333333333333334,0.00014,0.0004902597402597403,0.0016035714285714284,0.0016156451612903224,4.375e-05,0.0004547899159663865,0.000617
2700,0.0020752,0.0017696296296296297,0.007961666666666667,0.003799076923076923,0.007865443037974684,0.001952857142857143,0.00452483870967742,0.003876578947368422,0.0026077215189873417,0.005026875,0.004593456790123456,0.0016453061224489796,0.008116363636363635,0.003941060606060606,0.0023740000000000002,0.00058875,0.004457857142857143,0.007869746835443036,0.008032857142857144,0.0026488,0.00598676923076923,0.002915714285714286,0.0087012,0.002094,0.014047142857142857,0.003164,0.007318548387096775,0.0048447916666666665,0.010358117647058823,0.0042311290322580635,0.0020254666666666664,0.008385384615384616,0.059851346153846144,0.00530048780487805,0.004068888888888889,0.004163928571428571,0.0009872368421052632,0.0007018181818181818,0.00048614457831325307,0.00046249999999999997,0.0005014285714285714,0.0026279787234042553,0.0012875,0.000396,0.005938947368421053,0.0009285263157894736,0.0012879999999999999,0.0014831578947368423,0.000646875,0.003894224137931034,0.000658,4.3636363636363636e-05,0.0030560769230769235,0.0010733333333333335,0.0027110000000000003,0.0019589795918367346,0.000485,0.003686551724137931,0.0013754545454545456,0.0005775,0.0021512903225806446,0.00268875,0.0011016666666666668,0.0,0.0018311111111111113,0.0019258461538461536,0.0020713333333333334,0.0020858064516129033,0.0007067592592592592,0.006983873873873874,0.0005666666666666667,0.00378,0.0011466666666666667,0.0006716666666666667,0.0006657142857142856,0.0011801298701298703,0.0034164285714285716,0.003893870967741936,0.00035375,0.0014559663865546218,0.001904
2800,0.0014782666666666667,0.0011725925925925927,0.00311,0.002760153846153846,0.003959746835443038,0.0011285714285714284,0.0026851612903225804,0.001950657894736842,0.0013802531645569624,0.002726875,0.002354814814814815,0.000849795918367347,0.005327878787878788,0.0019536363636363636,0.0014970588235294119,0.0002908333333333333,0.002722142857142857,0.004753924050632911,0.0040875,0.0014566666666666667,0.0029541538461538464,0.0018383928571428574,0.003749733333333334,0.0012636666666666666,0.00590047619047619,0.0016099999999999999,0.004301935483870968,0.0030208333333333337,0.005480588235294118,0.0014025806451612906,0.0005113333333333333,0.0034749999999999994,0.03683211538461539,0.0034198780487804887,0.0015722222222222223,0.0023571428571428567,0.0005255263157894737,0.0003172727272727273,0.00017759036144578312,0.00020124999999999999,0.00010571428571428571,0.0015862765957446805,0.00061625,9.300000000000001e-05,0.0029531578947368424,0.0006341052631578948,0.000746,0.001122631578947368,0.00020156250000000003,0.0018192241379310344,0.00047400000000000003,6.272727272727273e-05,0.001343923076923077,0.0007575,0.001353,0.001046734693877551,0.00029,0.0017379310344827587,0.0003281818181818182,0.000265,0.0008583870967741934,0.00117625,0.00046166666666666665,0.0,0.0009347222222222222,0.0009433846153846152,0.0007406666666666667,0.0009101075268817204,0.00026731481481481485,0.0037818918918918923,0.0002511111111111111,0.0004916666666666666,0.0009000000000000001,0.00044999999999999993,0.00022571428571428574,0.00036142857142857146,0.001755,0.002416774193548387,9.375e-05,0.000492436974789916,0.001028
2900,0.0015069333333333334,0.0012966666666666667,0.0041075,0.0030575384615384614,0.005040506329113923,0.0015742857142857143,0.0030620967741935485,0.0024342105263157896,0.0014382278481012655,0.003570625,0.0030266666666666667,0.001033265306122449,0.006529999999999999,0.0025378787878787877,0.0020343529411764706,0.00037208333333333337,0.0030153571428571425,0.006178227848101267,0.005767500000000001,0.0017981333333333337,0.003001846153846154,0.001849107142857143,0.005944400000000001,0.0015243333333333333,0.008846190476190478,0.0014939999999999999,0.005053709677419356,0.0035010416666666666,0.007130941176470587,0.002341612903225807,0.0010937333333333333,0.004976923076923077,0.038858846153846154,0.0037336585365853655,0.0019738888888888887,0.0023630357142857142,0.0005272368421052631,0.00039181818181818187,0.00010686746987951809,0.000235625,8.857142857142857e-05,0.001257659574468085,0.00044625000000000003,2.4e-05,0.004121052631578948,0.0005461052631578947,0.0007281428571428571,0.0011594736842105264,0.0001409375,0.0015549137931034484,0.000506,4.818181818181818e-05,0.0014038461538461537,0.0007124999999999999,0.0009010000000000001,0.0008210204081632653,0.000145,0.002196206896551724,0.00025272727272727274,0.00033,0.0006803225806451612,0.0010325,0.0002583333333333333,0.0,0.0008452777777777777,0.0007967692307692308,0.0007633333333333333,0.000649247311827957,0.00022398148148148147,0.004208918918918919,0.00019222222222222224,0.00048666666666666666,0.0008900000000000001,0.00025333333333333333,0.00017,0.0005002597402597402,0.0016657142857142858,0.0022220967741935485,5.25e-05,0.0005231932773109244,0.0009889999999999999
3000,0.0010429333333333334,0.0008388888888888888,0.0017000000000000001,0.0023172307692307693,0.0036478481012658225,0.0013228571428571428,0.0020964516129032256,0.0016103947368421051,0.0011150632911392409,0.00219,0.00183358024691358,0.0007787755102040817,0.003331212121212121,0.001539848484848485,0.001329058823529412,0.0003133333333333333,0.0020335714285714284,0.004548734177215189,0.0031825,0.0012201333333333334,0.002442153846153846,0.0011,0.0032752,0.0011756666666666664,0.0053312698412698424,0.001124,0.0030130645161290325,0.0025122916666666666,0.006138823529411767,0.0022088709677419356,0.000862,0.0031665384615384615,0.03549288461538462,0.0030832926829268293,0.00176,0.0012435714285714285,0.0003621052631578947,0.0002163636363636364,2.6626506024096386e-05,0.000154375,0.0,0.0011413829787234044,0.0005549999999999999,6.7e-05,0.002313157894736842,0.0003672631578947369,0.000384,0.0006560526315789474,4.28125e-05,0.0010866379310344827,0.000358,5e-05,0.0010250769230769233,0.00044416666666666666,0.000809,0.0006030612244897959,0.00017,0.0014396551724137933,0.00017454545454545454,0.0002925,0.0005778494623655914,0.0009575,0.00031666666666666665,0.0,0.0007533333333333333,0.0007963076923076923,0.0005160000000000001,0.0006422580645161291,0.00014759259259259258,0.0028894594594594592,0.0,0.0005066666666666667,0.00106,0.00027,0.00011142857142857144,0.00032415584415584415,0.001239285714285714,0.0013953225806451616,5e-05,0.00030100840336134456,0.000591
3100,0.0014964,0.0012062962962962965,0.0029,0.0023123076923076925,0.004625189873417721,0.0017742857142857144,0.0028220967741935487,0.0020375,0.0015558227848101263,0.00248125,0.002400617283950617,0.001094285714285714,0.003310909090909091,0.0019490909090909092,0.0018692941176470586,0.0005166666666666667,0.0024409523809523805,0.00565253164556962,0.0038307142857142854,0.0015568000000000001,0.003325230769230769,0.0017317857142857141,0.0032684,0.0014729999999999997,0.005559682539682537,0.0009639999999999999,0.0027717741935483872,0.003318333333333333,0.007154470588235293,0.002116774193548387,0.001116,0.0036673076923076924,0.04000461538461538,0.0034690243902439025,0.0019483333333333336,0.001521785714285714,0.0005392105263157895,0.0005436363636363638,9.915662650602411e-05,0.000300625,0.0001342857142857143,0.001438404255319149,0.00064,0.00022899999999999998,0.0025710526315789474,0.0006477894736842105,0.0009648571428571428,0.0011080701754385967,0.00020343749999999998,0.0015812931034482759,0.00041000000000000005,0.00011818181818181818,0.0012795384615384615,0.0007125,0.001137,0.0009777551020408164,0.000205,0.0018227586206896553,0.00045181818181818176,0.0005200000000000001,0.0008482795698924731,0.00115125,0.0005466666666666667,0.0,0.0010013888888888891,0.0010112307692307695,0.0010000000000000002,0.0009516129032258065,0.0002919444444444444,0.0032037837837837835,0.00018333333333333334,0.0010333333333333334,0.0012566666666666668,0.00036833333333333336,0.00023428571428571427,0.000491948051948052,0.002685714285714285,0.0019314516129032258,8.125e-05,0.000650420168067227,0.001186
3200,0.001458,0.0010974074074074074,0.0028091666666666664,0.002813230769230769,0.003998481012658228,0.001658571428571429,0.002574032258064516,0.001886184210526316,0.001172405063291139,0.0024312500000000003,0.0018728395061728398,0.0009346938775510205,0.004293939393939393,0.0018959090909090907,0.0014321176470588235,0.0002904166666666667,0.0021976190476190476,0.005326075949367088,0.004512142857142856,0.0014294666666666666,0.003448153846153846,0.0013699999999999997,0.003438000000000001,0.001021,0.006223333333333334,0.00116,0.002983870967741936,0.0028543750000000006,0.0065905882352941154,0.0022196774193548384,0.0009878666666666665,0.0040042307692307695,0.048335,0.003857073170731708,0.002041111111111111,0.0017919642857142856,0.0005497368421052633,0.00044545454545454543,4.662650602409639e-05,0.00020437499999999997,0.00014714285714285716,0.001588510638297872,0.00062625,0.000148,0.0032752631578947373,0.0006361052631578948,0.0007438571428571429,0.0009978947368421054,0.00017468749999999998,0.0018263793103448277,0.000508,6.272727272727273e-05,0.0017746153846153845,0.0007641666666666666,0.0014579999999999997,0.0010185714285714286,0.00024,0.0021293103448275863,0.00046636363636363634,0.0004725,0.001160430107526882,0.00107875,0.000395,0.0,0.0008930555555555557,0.0012538461538461538,0.0010586666666666665,0.0010255913978494625,0.00041027777777777775,0.003277837837837838,0.00013555555555555554,0.0010249999999999999,0.0011966666666666668,0.00026333333333333336,0.00030571428571428573,0.0005345454545454545,0.0017742857142857141,0.0022145967741935483,0.00019250000000000002,0.0007533613445378152,0.00104
3300,0.0009937333333333333,0.0009407407407407408,0.0028366666666666675,0.001968923076923077,0.0037113924050632906,0.0016028571428571426,0.0022041935483870963,0.0019585526315789477,0.0012083544303797466,0.0027912500000000003,0.002788888888888889,0.0008085714285714286,0.0050778787878787875,0.001863939393939394,0.0014089411764705883,0.00026,0.0024179761904761904,0.004509113924050634,0.005415714285714286,0.0013397333333333332,0.002703076923076923,0.001351607142857143,0.0036301333333333334,0.0011783333333333333,0.007196349206349205,0.001388,0.003952096774193549,0.0023427083333333334,0.006094470588235294,0.0020477419354838705,0.0008041333333333333,0.0054542307692307685,0.02862634615384616,0.002935853658536585,0.0018394444444444445,0.0016926785714285713,0.0006672368421052631,0.0003363636363636364,0.0003006024096385542,0.00028625,0.00015142857142857143,0.0013974468085106383,0.0005625000000000001,0.00014,0.0030036842105263164,0.0005412631578947367,0.0007364285714285715,0.0008979824561403509,0.00031593750000000003,0.0014443965517241379,0.000494,9.454545454545456e-05,0.0016926923076923076,0.00065,0.001219,0.0007771428571428572,0.000575,0.0020679310344827585,0.0004127272727272728,0.000625,0.0008727956989247309,0.00103375,0.0003183333333333333,0.0,0.0008783333333333334,0.000968769230769231,0.0011026666666666665,0.0008484946236559139,0.000439537037037037,0.0031722522522522525,0.00022555555555555556,0.0004216666666666667,0.0008866666666666667,0.00035666666666666664,0.00025714285714285715,0.0005916883116883117,0.0017657142857142854,0.0017082258064516128,0.00026625,0.0006816806722689077,0.001033
3400,0.0013380000000000002,0.0010511111111111112,0.0031141666666666674,0.0032323076923076923,0.00469253164556962,0.0017414285714285715,0.002945483870967741,0.0020917105263157897,0.0015241772151898736,0.002875,0.002442098765432099,0.0007628571428571429,0.005510000000000001,0.0020772727272727266,0.0016344705882352945,0.00043125,0.003014642857142857,0.006883164556962025,0.0057232142857142855,0.0016121333333333333,0.003342153846153846,0.0013219642857142857,0.0040546666666666665,0.0015786666666666666,0.006686984126984126,0.0014619999999999998,0.004228709677419356,0.0032693749999999997,0.007933176470588235,0.002336129032258064,0.0007735999999999999,0.004775769230769231,0.03437423076923076,0.003490609756097561,0.0019933333333333335,0.002270892857142857,0.0006536842105263159,0.0004190909090909091,0.00023566265060240966,0.00027125,9.142857142857143e-05,0.0016506382978723406,0.00055625,0.00016800000000000002,0.0048384210526315795,0.0007434736842105265,0.0010318571428571432,0.0011208771929824563,0.0002690625,0.0017164655172413794,0.000526,0.00013636363636363637,0.001510769230769231,0.000805,0.0011970000000000001,0.001055714285714286,0.00085,0.0021582758620689656,0.0005236363636363637,0.0006274999999999999,0.0009111827956989247,0.00107125,0.00039333333333333326,0.0,0.0009483333333333333,0.0008486153846153846,0.0010093333333333334,0.0008409677419354839,0.0002619444444444444,0.0038516216216216217,4e-05,0.0005616666666666666,0.00156,0.000415,0.00018714285714285713,0.0006222077922077923,0.0021464285714285713,0.0022254838709677414,0.00016875,0.0005763025210084034,0.000902
3500,0.0018017333333333334,0.0011696296296296296,0.0030033333333333335,0.0037036923076923076,0.006215949367088608,0.0018428571428571426,0.0038654838709677422,0.002148947368421053,0.0017506329113924051,0.00306625,0.0025145679012345684,0.0007544897959183674,0.004864545454545455,0.002558181818181818,0.0023037647058823524,0.00044833333333333335,0.0036989285714285713,0.006726455696202535,0.0050175,0.0022928,0.0032921538461538466,0.0017260714285714286,0.004981333333333334,0.0018100000000000004,0.006831269841269841,0.0015819999999999996,0.0033209677419354837,0.002799791666666666,0.008224117647058824,0.0025941935483870973,0.0010968000000000002,0.004957307692307692,0.04870173076923076,0.004114268292682927,0.0027566666666666664,0.002370892857142857,0.0006168421052631579,0.0003009090909090909,4.7710843373493976e-05,0.00019875,0.00011857142857142858,0.0014595744680851069,0.00066625,0.000123,0.00571421052631579,0.0005451578947368421,0.0006495714285714285,0.0011310526315789474,8.65625e-05,0.0018205172413793106,0.000396,4.2727272727272724e-05,0.0015652307692307693,0.0008433333333333334,0.001011,0.0008865306122448979,0.00053,0.002476551724137932,0.0004045454545454545,0.00031749999999999997,0.0010740860215053764,0.0011225,0.00037833333333333333,0.0,0.000946388888888889,0.0010135384615384616,0.000768,0.0009170967741935484,0.0002488888888888889,0.004867567567567568,6e-05,0.0006583333333333334,0.0009533333333333334,0.00023833333333333334,0.00022571428571428574,0.00034376623376623376,0.0015442857142857144,0.002813387096774194,0.00011375,0.0005758823529411764,0.001035
3600,0.0012698666666666667,0.0009714814814814816,0.002001666666666667,0.0026630769230769225,0.0034229113924050644,0.0012600000000000003,0.002940161290322581,0.0010871052631578944,0.0009955696202531646,0.001620625,0.0020685185185185186,0.00048653061224489795,0.0034624242424242425,0.001468030303030303,0.0012645882352941174,0.00032125,0.0018628571428571429,0.0040937974683544305,0.003337857142857143,0.0012572,0.0022624615384615387,0.0013921428571428572,0.0026952,0.0009613333333333334,0.0036423809523809525,0.0011060000000000002,0.0028182258064516122,0.0018927083333333337,0.004820470588235294,0.0015770967741935483,0.0006486666666666666,0.003498076923076923,0.031920384615384614,0.0031978048780487807,0.0016172222222222222,0.001157142857142857,0.0004359210526315789,9.90909090909091e-05,0.00013012048192771083,7.312499999999999e-05,8.285714285714286e-05,0.0012120212765957445,0.00048375,6.2e-05,0.002347894736842105,0.00038347368421052635,0.0007108571428571429,0.0006464035087719298,6.59375e-05,0.001075,0.000298,3.090909090909091e-05,0.001032923076923077,0.00045500000000000006,0.0007570000000000001,0.0005202040816326531,0.000335,0.0013624137931034482,0.0001109090909090909,0.0002975,0.0005716129032258065,0.0006275,0.00020166666666666664,0.0,0.0007802777777777777,0.0005036923076923078,0.0005733333333333334,0.0005556989247311828,0.00013046296296296298,0.002697027027027027,0.0,0.00023333333333333333,0.0010033333333333333,0.00016333333333333334,0.00015000000000000001,0.00029428571428571427,0.001157142857142857,0.0014536290322580644,0.000125,0.0002996638655462185,0.000629
3700,0.0010885333333333334,0.0008892592592592592,0.0022933333333333334,0.0018603076923076924,0.003905949367088608,0.0017757142857142856,0.003057741935483871,0.0012507894736842105,0.0013777215189873418,0.002175,0.0024691358024691358,0.000623673469387755,0.003143939393939394,0.0016363636363636365,0.0013590588235294116,0.00033458333333333327,0.0020671428571428572,0.004510759493670886,0.0033428571428571418,0.0014166666666666666,0.0024923076923076925,0.001103214285714286,0.003345466666666667,0.001311,0.004053809523809524,0.00081,0.002230483870967742,0.002311875,0.006966941176470587,0.0019069354838709676,0.0009618666666666667,0.004444230769230769,0.03088442307692307,0.0022006097560975605,0.001681111111111111,0.001539464285714286,0.00041855263157894733,0.00018999999999999998,7.421686746987952e-05,0.000126875,7e-05,0.0012011702127659573,0.00037,9.2e-05,0.0028347368421052636,0.00040084210526315783,0.0005565714285714287,0.0007383333333333335,0.0001471875,0.0011193103448275863,0.000396,2.727272727272727e-05,0.0011462307692307692,0.00058,0.000706,0.0006030612244897959,0.00032,0.0013789655172413793,0.00019636363636363636,0.00030750000000000005,0.0005825806451612902,0.000715,0.00022666666666666666,0.0,0.0005777777777777779,0.0005043076923076922,0.0004913333333333333,0.0006373118279569893,0.00014324074074074074,0.002335585585585585,9.999999999999999e-05,0.0003983333333333333,0.0009233333333333333,0.00020333333333333333,6.285714285714286e-05,0.00036324675324675323,0.0009285714285714286,0.0015103225806451614,0.0001225,0.0003195798319327731,0.000722
3800,0.0015764,0.0012359259259259261,0.0029358333333333333,0.0025413846153846155,0.003932784810126583,0.0017457142857142858,0.003953064516129032,0.0021402631578947367,0.0013889873417721518,0.0030106250000000003,0.003281481481481481,0.0008065306122448981,0.004350909090909091,0.002205909090909091,0.001690235294117647,0.00044125,0.002475952380952381,0.00676025316455696,0.005055,0.0017825333333333338,0.0035330769230769226,0.0017248214285714286,0.0041656,0.001473333333333333,0.004602222222222221,0.001498,0.003378064516129032,0.003403958333333333,0.008472,0.0022037096774193553,0.0010534666666666666,0.005619615384615385,0.03472634615384615,0.0036442682926829274,0.0020922222222222223,0.0018383928571428574,0.00044315789473684203,0.00040727272727272726,5.072289156626506e-05,0.00027187500000000004,4.714285714285714e-05,0.0015238297872340423,0.00050125,0.000133,0.003323157894736842,0.0004785263157894737,0.0007791428571428572,0.0011854385964912282,0.00015624999999999998,0.0014411206896551723,0.0005459999999999999,3.6363636363636364e-05,0.001692,0.0007458333333333333,0.0011109999999999998,0.0009573469387755101,0.00038,0.0018765517241379306,0.00035545454545454547,0.0001025,0.0008960215053763441,0.0009387499999999999,0.000155,0.0,0.0006358333333333334,0.0007923076923076924,0.00097,0.0009076344086021504,0.0003684259259259259,0.0028309909909909905,0.0001511111111111111,0.0006216666666666666,0.0010466666666666664,0.0003116666666666667,0.0001142857142857143,0.0004024675324675325,0.002069285714285714,0.0018229032258064517,0.00013125,0.0005974789915966387,0.001218
3900,0.002018666666666667,0.0013355555555555553,0.0031658333333333326,0.0035073846153846158,0.005675569620253164,0.001967142857142857,0.003893064516129033,0.0016535526315789473,0.002230253164556962,0.00284625,0.003966913580246913,0.0008985714285714286,0.005246969696969697,0.002466515151515152,0.0017468235294117653,0.00047916666666666664,0.002993333333333334,0.008410506329113923,0.005315714285714286,0.0021538666666666667,0.004361076923076923,0.0015339285714285715,0.006110666666666666,0.0014850000000000002,0.007984603174603174,0.001476,0.004347258064516129,0.00410125,0.013192117647058823,0.003929193548387096,0.0008462666666666667,0.007767692307692308,0.0654423076923077,0.0044876829268292685,0.002171666666666667,0.0017030357142857142,0.0006334210526315789,0.00031545454545454547,0.00010855421686746987,0.00026625,4.428571428571428e-05,0.0018786170212765955,0.0006987499999999999,0.00017500000000000003,0.003742631578947368,0.0006421052631578947,0.0010938571428571427,0.0009130701754385964,0.0001525,0.0017024137931034484,0.0004,0.00011909090909090909,0.001621923076923077,0.0008858333333333334,0.001055,0.0007136734693877551,0.000545,0.0019603448275862067,0.00030636363636363635,0.00042500000000000003,0.0006920430107526882,0.00111625,0.00030666666666666673,0.0,0.0006380555555555556,0.0008612307692307694,0.0009793333333333331,0.0007408602150537635,0.00014444444444444446,0.003554144144144145,4e-05,0.0008216666666666666,0.0008766666666666668,0.0003483333333333333,0.00010857142857142858,0.0004319480519480519,0.002551428571428572,0.0023833064516129033,8.875e-05,0.0005211764705882353,0.0008569999999999999
4000,0.0021338666666666666,0.0013325925925925925,0.003299166666666667,0.0034530769230769237,0.005310632911392405,0.00218,0.00400967741935484,0.0021035526315789474,0.001500759493670886,0.002485,0.0022967901234567903,0.0008583673469387756,0.0039369696969696975,0.002109090909090909,0.001778823529411765,0.0004216666666666667,0.0028601190476190475,0.006510759493670886,0.0050725,0.002174,0.0029044615384615385,0.0019110714285714286,0.005454,0.0013800000000000002,0.006043015873015871,0.001604,0.0030764516129032256,0.0033400000000000005,0.008953882352941178,0.002487741935483871,0.0011325333333333334,0.006091923076923077,0.04155961538461538,0.0038435365853658537,0.0026205555555555552,0.0018962500000000001,0.0006392105263157894,0.0004227272727272727,0.0001925301204819277,0.000191875,3.571428571428572e-05,0.0016025531914893617,0.00081375,0.00010300000000000001,0.003433157894736842,0.0006448421052631579,0.0006267142857142858,0.0007789473684210527,2.7499999999999998e-05,0.0015137931034482762,0.000402,4.909090909090909e-05,0.001233769230769231,0.0006358333333333333,0.001185,0.0006569387755102042,0.000265,0.0016686206896551722,0.00016363636363636366,0.0003075,0.0008869892473118278,0.00098,0.000215,0.0,0.0010677777777777777,0.0007927692307692308,0.0011099999999999999,0.0007622580645161291,0.0001822222222222222,0.0032241441441441445,3.777777777777778e-05,0.000915,0.0012133333333333332,0.000355,9.428571428571429e-05,0.0005557142857142857,0.0019778571428571427,0.0020069354838709677,0.00014,0.0005042857142857143,0.0007550000000000001
4100,0.0016545333333333335,0.001235185185185185,0.002924166666666667,0.002476461538461539,0.005039367088607595,0.0017142857142857144,0.0032079032258064515,0.0014727631578947368,0.00192126582278481,0.002998125,0.0033002469135802468,0.0008583673469387755,0.004639999999999999,0.002371666666666667,0.0015843529411764703,0.0005162499999999999,0.002810952380952381,0.006249620253164557,0.005731785714285715,0.0016597333333333332,0.003137846153846154,0.0015051785714285716,0.00506,0.0013476666666666667,0.008205396825396824,0.001284,0.0037809677419354836,0.0037652083333333335,0.008406117647058826,0.0023932258064516135,0.0009426666666666664,0.008769999999999998,0.05255461538461538,0.003442804878048781,0.0020033333333333335,0.0013419642857142855,0.0003930263157894737,0.0003818181818181818,8.096385542168675e-05,7.375e-05,2.8571428571428574e-05,0.0013287234042553195,0.0005525,6.3e-05,0.0036084210526315793,0.0004965263157894737,0.0005135714285714286,0.0006878070175438597,5.71875e-05,0.0015906896551724139,0.00037,2.4545454545454545e-05,0.001415,0.00046499999999999997,0.001052,0.0004763265306122449,0.00036,0.0014096551724137928,0.00020272727272727274,0.000105,0.0007895698924731184,0.00093,7.333333333333333e-05,0.0,0.000716111111111111,0.0007944615384615385,0.0007893333333333333,0.0007223655913978495,0.0001535185185185185,0.0026807207207207207,2.4444444444444445e-05,0.0010583333333333332,0.00062,0.000235,6e-05,0.00025441558441558436,0.0016528571428571428,0.002046774193548387,5.875e-05,0.0003537815126050421,0.0006860000000000001
4200,0.0017521333333333333,0.0013566666666666668,0.0026983333333333334,0.0021083076923076923,0.004929367088607595,0.0024242857142857148,0.005121612903225806,0.0017075,0.0016793670886075943,0.002689375,0.0028303703703703707,0.0009940816326530612,0.004082424242424242,0.00217469696969697,0.0017471764705882353,0.0005795833333333334,0.0030133333333333327,0.00694341772151899,0.0051310714285714275,0.0018937333333333332,0.002948153846153846,0.002037142857142857,0.004677199999999999,0.0018003333333333335,0.006965873015873015,0.0016219999999999997,0.0029683870967741935,0.003915416666666667,0.010986117647058823,0.0026058064516129033,0.0009897333333333334,0.006871923076923077,0.06038557692307692,0.0027446341463414634,0.0020927777777777776,0.0009255357142857144,0.0002769736842105263,0.0003800000000000001,0.0001444578313253012,0.00014625,5.714285714285715e-05,0.0012102127659574466,0.0002725,0.00017999999999999998,0.0029036842105263157,0.0004666315789473685,0.000511,0.000736578947368421,0.000123125,0.0012782758620689656,0.000518,3.545454545454545e-05,0.0009816153846153846,0.00047,0.000771,0.0003869387755102041,0.000415,0.001190344827586207,0.00016363636363636366,0.0001825,0.0006523655913978494,0.0009124999999999999,4.5e-05,0.0,0.0006791666666666667,0.00064,0.0008173333333333333,0.000549032258064516,0.00013092592592592594,0.0025134234234234242,3.444444444444445e-05,0.00055,0.0011366666666666667,0.000275,0.00010714285714285715,0.0003410389610389611,0.002262857142857143,0.001774516129032258,6.375e-05,0.00032773109243697485,0.000609
4300,0.0014715999999999998,0.0011707407407407406,0.0035575,0.0027081538461538462,0.004280379746835442,0.001955714285714286,0.004524193548387096,0.0018455263157894739,0.0014222784810126582,0.00326375,0.003340987654320988,0.0009195918367346938,0.00459939393939394,0.0022486363636363632,0.0015291764705882354,0.0003570833333333334,0.002583095238095238,0.006066075949367089,0.004319285714285715,0.0018332,0.003707076923076924,0.0014639285714285713,0.0048788,0.0016713333333333335,0.007521904761904762,0.001036,0.00402,0.003245208333333334,0.008197176470588234,0.0024012903225806444,0.0008708000000000001,0.007281538461538463,0.04551480769230769,0.0037215853658536585,0.00222,0.0018782142857142856,0.000836842105263158,0.0005381818181818182,0.00018036144578313252,0.00022625,0.00011571428571428571,0.0017139361702127663,0.0006399999999999999,0.000117,0.004342631578947369,0.0007553684210526317,0.0007861428571428572,0.00112640350877193,0.0003125,0.0021107758620689658,0.000724,0.00014090909090909093,0.0016121538461538463,0.0005591666666666667,0.0014169999999999999,0.0008579591836734694,0.000265,0.0021165517241379314,0.0002636363636363636,0.0004675,0.0011253763440860214,0.0014399999999999999,0.000315,8.857142857142857e-05,0.0012580555555555554,0.0012223076923076922,0.0016613333333333332,0.0009070967741935484,0.0002607407407407407,0.0032277477477477487,0.00017333333333333334,0.0010866666666666666,0.00105,0.000315,0.00015285714285714287,0.0005897402597402597,0.0023935714285714285,0.002306209677419355,8.875e-05,0.000699327731092437,0.000984
4400,0.0021244000000000002,0.0014766666666666665,0.0035950000000000005,0.0031887692307692307,0.005712278481012658,0.002887142857142857,0.005165161290322581,0.002554473684210526,0.00206126582278481,0.004343125,0.0035209876543209877,0.0015787755102040816,0.005536666666666667,0.0029121212121212122,0.0021103529411764703,0.0006525,0.003450000000000001,0.006100759493670885,0.006268214285714286,0.002453333333333334,0.0039299999999999995,0.0019410714285714287,0.005877200000000001,0.002089,0.009655079365079366,0.0019379999999999998,0.0045519354838709685,0.0038270833333333334,0.009803411764705882,0.003125161290322581,0.0016389333333333336,0.007346153846153846,0.04560807692307692,0.0040251219512195124,0.0027983333333333337,0.00351375,0.0011928947368421052,0.0010963636363636364,0.0004180722891566265,0.0005231249999999999,0.0004542857142857143,0.0023093617021276596,0.00130875,0.00039500000000000006,0.006325789473684211,0.0012602105263157895,0.0014514285714285716,0.001666754385964912,0.0004446875,0.003191896551724138,0.001092,0.00013545454545454546,0.0027111538461538466,0.0012408333333333334,0.0018839999999999996,0.0012638775510204082,0.000705,0.0030248275862068963,0.0010936363636363637,0.0007625,0.0017268817204301075,0.0017375,0.0005916666666666667,0.0,0.0015875,0.0016587692307692308,0.0025859999999999998,0.002064408602150538,0.0006528703703703703,0.006430270270270269,0.0004166666666666667,0.0019083333333333333,0.0017866666666666664,0.000715,0.0006557142857142857,0.0011614285714285713,0.003055,0.003542903225806452,0.00039375,0.0012529411764705884,0.00179
4500,0.0010866666666666666,0.0008133333333333333,0.0016324999999999996,0.001822,0.0034807594936708862,0.0015985714285714284,0.0035804838709677417,0.0020280263157894736,0.0010939240506329115,0.0027524999999999997,0.0020293827160493827,0.0009520408163265306,0.004336060606060606,0.0016666666666666668,0.0012876470588235294,0.00029708333333333334,0.0024470238095238095,0.006009620253164556,0.004721785714285714,0.0015137333333333333,0.003438615384615385,0.001231607142857143,0.003961333333333334,0.001128,0.005139999999999999,0.001528,0.0029433870967741937,0.002843125,0.009232823529411764,0.0018896774193548386,0.0008004,0.003904230769230769,0.04620557692307691,0.0030914634146341465,0.0019622222222222224,0.0022880357142857142,0.0005655263157894737,0.0005618181818181818,0.00010493975903614459,0.000245625,0.00010428571428571428,0.00138,0.00101375,0.000142,0.004454736842105263,0.0005186315789473683,0.0008092857142857143,0.0010112280701754385,0.00015375000000000002,0.0021452586206896548,0.00049,6.272727272727273e-05,0.001496923076923077,0.0006441666666666667,0.001019,0.0007304081632653062,0.000225,0.0016375862068965517,0.0002509090909090909,0.00041,0.0008055913978494625,0.00087,0.00037833333333333333,0.0,0.0005908333333333334,0.0009996923076923078,0.0012546666666666667,0.001041505376344086,0.00032722222222222224,0.0036016216216216224,5.4444444444444446e-05,0.000925,0.0007333333333333333,0.00033833333333333334,0.00023142857142857142,0.00045441558441558435,0.0023857142857142857,0.0019178225806451615,5.5e-05,0.0006176470588235296,0.0008009999999999998
4600,0.0014176,0.0009529629629629631,0.0024625000000000003,0.002131846153846154,0.0039016455696202533,0.0018114285714285715,0.003525,0.0019080263157894729,0.0012764556962025317,0.002819375,0.0024088888888888884,0.0011455102040816324,0.003685757575757576,0.0017696969696969697,0.0014909411764705883,0.00032750000000000005,0.002208690476190476,0.005692278481012659,0.004181428571428571,0.0016634666666666667,0.0029203076923076925,0.0013071428571428572,0.004064133333333333,0.0012576666666666665,0.005120000000000001,0.0011380000000000001,0.003714032258064516,0.0029789583333333335,0.007503764705882355,0.002250483870967742,0.0007671999999999999,0.005773846153846153,0.03788961538461539,0.002664878048780488,0.0018811111111111112,0.00206375,0.0004931578947368422,0.0005545454545454545,7.518072289156628e-05,0.0002175,0.0001942857142857143,0.0017992553191489363,0.0010775000000000001,0.000148,0.004089473684210526,0.0005334736842105264,0.0006497142857142856,0.0012376315789473684,0.0003525,0.0019820689655172417,0.0005259999999999999,5.636363636363636e-05,0.0012310769230769233,0.0005891666666666667,0.000887,0.0007491836734693877,0.00046,0.0017965517241379308,0.0005336363636363636,0.000155,0.0009035483870967741,0.0008575,0.0003266666666666667,0.0,0.0010494444444444446,0.0008903076923076923,0.0011313333333333334,0.0011389247311827957,0.0003214814814814815,0.0037923423423423417,5.4444444444444446e-05,0.0011766666666666666,0.0016,0.0005200000000000001,0.00032142857142857147,0.00041493506493506493,0.0018814285714285717,0.0022996774193548386,0.00015625,0.0006105882352941176,0.000788
4700,0.002344133333333333,0.0016362962962962963,0.0056300000000000005,0.002810923076923077,0.006434050632911393,0.0029114285714285713,0.0055972580645161285,0.002715526315789474,0.002767215189873418,0.00470375,0.004813827160493827,0.001634081632653061,0.006706060606060606,0.003293484848484848,0.0021095294117647063,0.0006687500000000001,0.004501785714285715,0.010900632911392406,0.007098571428571428,0.0028593333333333335,0.005542307692307693,0.002806071428571428,0.0068269333333333335,0.002111333333333333,0.009225555555555556,0.00272,0.00524225806451613,0.0060931250000000005,0.01607,0.003748387096774194,0.0013041333333333332,0.010255000000000002,0.05951115384615386,0.0037637804878048776,0.002826111111111111,0.0029266071428571427,0.0004359210526315789,0.0007863636363636364,0.00010783132530120484,0.00022187499999999999,0.00031,0.0019022340425531917,0.0010462499999999999,0.00029,0.0049363157894736845,0.0005606315789473685,0.0007554285714285714,0.0013831578947368422,0.00024812500000000003,0.002492758620689656,0.00078,5.272727272727273e-05,0.0020366923076923075,0.0008416666666666667,0.000937,0.0008842857142857142,0.000575,0.0021403448275862068,0.0003763636363636363,0.00042750000000000004,0.0009936559139784949,0.00137,0.00023833333333333332,0.0,0.0009052777777777779,0.0008633846153846155,0.001524,0.0013556989247311827,0.00032490740740740744,0.0033744144144144143,4.222222222222222e-05,0.001465,0.00086,0.00035166666666666663,0.0004257142857142857,0.0006507792207792208,0.0038407142857142854,0.0024365322580645167,0.000115,0.0006247058823529411,0.001004
4800,0.0018664000000000003,0.0013133333333333332,0.005899166666666667,0.0034513846153846157,0.004838227848101268,0.002402857142857143,0.005226612903225808,0.0025193421052631575,0.001971012658227848,0.004728125,0.004851604938271605,0.0018048979591836736,0.00705969696969697,0.003157424242424243,0.002090705882352941,0.0006258333333333334,0.004155,0.008297468354430381,0.006821071428571427,0.0026948000000000002,0.004724923076923078,0.0020271428571428567,0.0069848,0.002120666666666667,0.010374920634920636,0.0021219999999999998,0.005578870967741935,0.005376666666666668,0.013405294117647057,0.0038333870967741943,0.0017206666666666666,0.008965769230769232,0.07855942307692308,0.0038599999999999997,0.003022777777777778,0.0036560714285714287,0.0008306578947368422,0.0008972727272727273,0.00041710843373493975,0.000446875,0.0004042857142857143,0.0024129787234042554,0.00137625,0.000353,0.00720157894736842,0.0008641052631578949,0.0012862857142857142,0.001391140350877193,0.00059,0.002735172413793104,0.000556,0.00019090909090909095,0.002821846153846154,0.0007216666666666668,0.001644,0.0010897959183673468,0.00061,0.003555172413793103,0.00044545454545454543,0.0006349999999999999,0.001170752688172043,0.00131125,0.00044833333333333335,9.571428571428571e-05,0.0010905555555555555,0.0012521538461538462,0.0015420000000000002,0.0016645161290322582,0.0005683333333333333,0.006157837837837839,0.0003244444444444444,0.0015583333333333334,0.0015933333333333335,0.0005016666666666666,0.0004242857142857143,0.0009194805194805196,0.002850714285714286,0.0030954838709677415,0.00023625000000000002,0.0008553781512605044,0.001483
4900,0.0014813333333333334,0.0010974074074074074,0.003023333333333333,0.002459384615384615,0.003421898734177216,0.002544285714285714,0.003912258064516129,0.0020900000000000003,0.0015596202531645569,0.0031525,0.004419876543209876,0.0014285714285714284,0.004922121212121213,0.0019918181818181823,0.001445764705882353,0.0004270833333333333,0.0025947619047619044,0.005840253164556962,0.004561428571428571,0.0017181333333333333,0.0034170769230769237,0.00156875,0.005091733333333333,0.0014629999999999997,0.0074485714285714285,0.0014100000000000002,0.0036493548387096773,0.0034062499999999996,0.010066117647058823,0.002836612903225806,0.0011556000000000001,0.009055384615384616,0.046555961538461546,0.003300853658536586,0.002108333333333333,0.002168214285714286,0.0006893421052631579,0.0008836363636363638,0.000153855421686747,0.000238125,0.0002928571428571429,0.0020514893617021275,0.0013675,0.000179,0.0052468421052631565,0.0008050526315789472,0.001164142857142857,0.001150964912280702,0.00046406249999999996,0.0019077586206896553,0.00054,0.00014545454545454546,0.0016968461538461536,0.00079,0.0009910000000000001,0.0010571428571428572,0.00033,0.0020275862068965516,0.00048272727272727275,0.0003225,0.0011440860215053764,0.0014475,0.0005433333333333333,0.00015857142857142857,0.0010341666666666665,0.0010709230769230767,0.0013773333333333333,0.0012953763440860214,0.0005538888888888889,0.0036136936936936944,0.0003222222222222222,0.001471666666666667,0.0013800000000000002,0.00038166666666666666,0.00020571428571428572,0.0007974025974025973,0.002771428571428571,0.00208241935483871,0.00013375,0.0006790756302521008,0.001076
5000,0.0013065333333333333,0.0011166666666666666,0.0026925,0.0020566153846153846,0.0036474683544303805,0.00179,0.0043532258064516135,0.0017540789473684212,0.0015662025316455696,0.0030499999999999998,0.003164567901234568,0.0012273469387755103,0.005124545454545454,0.0020472727272727274,0.0012936470588235296,0.00021625,0.002724404761904762,0.006174050632911392,0.005570714285714286,0.0017164,0.003106153846153846,0.0011539285714285716,0.0047052,0.001374333333333333,0.006889206349206351,0.001036,0.0030920967741935486,0.0032445833333333337,0.01052929411764706,0.002739999999999999,0.0012837333333333332,0.0053619230769230775,0.04623903846153847,0.002994146341463415,0.0018511111111111109,0.0019130357142857143,0.00046236842105263146,0.00034727272727272726,0.00014518072289156626,0.000195625,0.00014571428571428572,0.0011051063829787234,0.00072375,3.6e-05,0.0036863157894736847,0.00040968421052631573,0.000538,0.0007394736842105263,5.4999999999999995e-05,0.00199448275862069,0.00020800000000000001,4.727272727272727e-05,0.0012571538461538462,0.0005416666666666666,0.0006100000000000001,0.0005646938775510204,0.00028,0.001913103448275862,0.0001909090909090909,0.00043999999999999996,0.0007826881720430108,0.0007537500000000001,0.00013666666666666666,0.0,0.0005133333333333334,0.00076,0.0005806666666666667,0.000653010752688172,0.0002511111111111111,0.00355900900900901,0.0,0.0004166666666666667,0.0012666666666666666,0.0001733333333333333,8.999999999999999e-05,0.00035675324675324676,0.00222,0.0026221774193548385,3.75e-05,0.00040470588235294114,0.000665
5100,0.0010361333333333334,0.0008948148148148149,0.0022949999999999997,0.0018776923076923076,0.0026415189873417724,0.002258571428571429,0.002880322580645161,0.0013485526315789474,0.0013281012658227847,0.002331875,0.002946543209876543,0.0007893877551020408,0.0035975757575757578,0.0016721212121212118,0.0010427058823529413,0.00029833333333333334,0.002150357142857143,0.005626708860759494,0.0037335714285714294,0.0013389333333333334,0.002718769230769231,0.0011126785714285713,0.0031487999999999998,0.0010283333333333334,0.005307301587301588,0.00086,0.0027216129032258066,0.0028381250000000004,0.00799670588235294,0.0023296774193548387,0.0009565333333333333,0.004024615384615384,0.036538653846153846,0.002489512195121951,0.0018694444444444444,0.001599642857142857,0.0003828947368421053,0.00044272727272727275,0.00015397590361445782,0.000239375,0.0002485714285714286,0.0014146808510638298,0.00136125,6.6e-05,0.0036726315789473683,0.0005187368421052631,0.0008342857142857143,0.0007699122807017544,0.000143125,0.0016005172413793103,0.000344,4.727272727272727e-05,0.0014851538461538461,0.0006241666666666666,0.000616,0.0006528571428571429,0.000365,0.0019144827586206898,0.0002218181818181818,0.0004025,0.0008050537634408602,0.0010275,0.00023000000000000003,7.285714285714286e-05,0.0007497222222222222,0.000865076923076923,0.0010053333333333333,0.0007974193548387099,0.00025703703703703706,0.0026599099099099102,4.3333333333333334e-05,0.0013483333333333333,0.0009499999999999999,0.00022833333333333334,0.00013714285714285713,0.0003946753246753247,0.0022921428571428567,0.0020325,8.625e-05,0.0005112605042016808,0.000589
5200,0.0013509333333333335,0.0012344444444444445,0.0029533333333333334,0.002491846153846154,0.004032278481012658,0.002475714285714286,0.00485758064516129,0.0019697368421052633,0.0020873417721518988,0.003279375,0.003935925925925926,0.001053673469387755,0.0059103030303030305,0.002087727272727273,0.0018436470588235289,0.00047333333333333336,0.002960714285714286,0.007906835443037975,0.005437857142857142,0.0021829333333333333,0.0036355384615384618,0.0013092857142857142,0.0048948,0.0015870000000000003,0.00739936507936508,0.00089,0.003728387096774194,0.004135,0.010531176470588235,0.0034906451612903232,0.0014898666666666666,0.005973076923076923,0.06370999999999999,0.003631951219512195,0.0028822222222222218,0.0019892857142857143,0.0004932894736842105,0.0005736363636363637,8.686746987951809e-05,0.00017875,0.0002328571428571429,0.002220851063829787,0.00103125,4.4999999999999996e-05,0.005460526315789474,0.0005855789473684209,0.0009304285714285715,0.0012271052631578946,0.00015749999999999998,0.0013675862068965518,0.000332,9.818181818181818e-05,0.0013973076923076923,0.0010241666666666665,0.000648,0.0009957142857142858,0.0002,0.0024037931034482755,0.00010181818181818181,0.000255,0.0010919354838709676,0.0010712500000000002,0.00022500000000000002,0.00015428571428571428,0.0005905555555555555,0.0008226153846153846,0.001082,0.001026021505376344,0.0003168518518518518,0.003203603603603604,5.222222222222222e-05,0.0009916666666666665,0.0014800000000000002,0.0003983333333333333,5.5714285714285715e-05,0.0004594805194805195,0.001945,0.002375322580645161,6.125e-05,0.00063781512605042,0.001049
5300,0.0013302666666666664,0.0012674074074074076,0.002765,0.0018524615384615387,0.003316075949367089,0.0029,0.004234354838709677,0.0017035526315789474,0.0015959493670886075,0.0025856250000000002,0.004046296296296296,0.001076326530612245,0.0042106060606060605,0.0022719696969696964,0.0015792941176470585,0.00045291666666666673,0.0024926190476190478,0.006506582278481013,0.004246428571428572,0.002048133333333333,0.002893692307692307,0.001285357142857143,0.0039051999999999997,0.001716,0.007218095238095239,0.001202,0.002960322580645161,0.0032966666666666665,0.009389882352941177,0.002765,0.0012837333333333334,0.006067307692307693,0.042597692307692316,0.002912073170731707,0.0024005555555555555,0.0014764285714285715,0.00042026315789473677,0.00048636363636363634,7.144578313253012e-05,0.000155,0.00015999999999999999,0.0018559574468085104,0.0006825,0.000106,0.004471052631578947,0.0006045263157894737,0.000917142857142857,0.0011344736842105263,0.00019031250000000002,0.001486465517241379,0.00037999999999999997,6e-05,0.0015175384615384617,0.0008325,0.000631,0.0006534693877551021,0.000385,0.0023572413793103444,0.00021090909090909092,0.00043249999999999994,0.0008134408602150537,0.00092625,4.333333333333333e-05,0.0,0.00041055555555555555,0.0007313846153846154,0.0005819999999999999,0.0008189247311827956,0.00036092592592592594,0.0022794594594594594,7.000000000000001e-05,0.000895,0.00109,0.00027833333333333334,7.571428571428571e-05,0.0004080519480519481,0.002049285714285714,0.002042983870967742,0.0,0.0006258823529411764,0.00081
5400,0.0011182666666666667,0.0008737037037037038,0.00203,0.0020484615384615385,0.0021546835443037975,0.0020657142857142857,0.003777741935483871,0.0010721052631578946,0.0010841772151898735,0.00189375,0.0023919753086419754,0.0006895918367346939,0.0029472727272727276,0.0013333333333333333,0.0011198823529411763,0.0003345833333333334,0.001636666666666667,0.004510126582278482,0.0028892857142857145,0.0012765333333333334,0.002152769230769231,0.0006799999999999999,0.0028393333333333335,0.0010966666666666666,0.005142063492063492,0.000712,0.0022182258064516124,0.002192083333333333,0.006326823529411765,0.0020553225806451613,0.0009526666666666667,0.003994999999999999,0.032406923076923076,0.0023592682926829272,0.0018872222222222222,0.0011439285714285716,0.0004021052631578948,0.0004227272727272727,6.265060240963856e-05,0.00022375,0.00013571428571428572,0.0014806382978723401,0.0007362499999999999,2.6e-05,0.002971578947368421,0.0004678947368421053,0.0007607142857142856,0.0006204385964912281,0.0001503125,0.0009562931034482759,0.00042400000000000006,5.181818181818182e-05,0.0007986923076923078,0.0007883333333333333,0.00037900000000000005,0.0004940816326530612,0.000405,0.0014662068965517242,0.00010999999999999999,0.00034750000000000004,0.0006402150537634409,0.00103875,0.00026,0.0,0.0005061111111111111,0.0005053846153846154,0.0007259999999999999,0.0005980645161290322,0.0001968518518518519,0.002155945945945946,0.00013333333333333334,0.0006283333333333333,0.0012100000000000001,0.00025333333333333333,6.714285714285714e-05,0.00032454545454545453,0.001375,0.0014161290322580646,4.375e-05,0.0003278151260504202,0.000551
5500,0.0011377333333333333,0.0010918518518518519,0.0021566666666666665,0.001977538461538461,0.00297873417721519,0.0027614285714285714,0.00344516129032258,0.0012388157894736842,0.0012144303797468356,0.002105625,0.002532345679012346,0.0005461224489795918,0.0030624242424242424,0.001947878787878788,0.0012082352941176471,0.00019708333333333332,0.0017690476190476189,0.005386835443037976,0.0036392857142857143,0.0014429333333333334,0.0026135384615384614,0.0011167857142857143,0.0029596,0.0011170000000000002,0.005875238095238095,0.00092,0.0020261290322580645,0.0034627083333333333,0.008269647058823527,0.002178709677419355,0.0010327999999999997,0.0029484615384615383,0.0448346153846154,0.002279512195121951,0.0017061111111111112,0.0014316071428571427,0.0003703947368421053,0.0005136363636363637,0.00014722891566265058,0.00030125,0.0002757142857142857,0.0018912765957446805,0.0006737500000000001,0.000145,0.003527894736842105,0.0005806315789473685,0.0009101428571428572,0.0009997368421052631,0.0002103125,0.0012014655172413796,0.00033,5.636363636363636e-05,0.0016026153846153848,0.0009000000000000001,0.000923,0.0007832653061224491,0.00049,0.0019279310344827586,0.00023727272727272727,0.0006475000000000001,0.0010808602150537635,0.0014175,0.0002916666666666667,0.0,0.0005994444444444445,0.0009969230769230769,0.0009906666666666666,0.0008451612903225805,0.00038120370370370364,0.002428018018018018,9.222222222222222e-05,0.00049,0.0012066666666666667,0.000305,9.428571428571429e-05,0.0004275324675324675,0.001717857142857143,0.0016573387096774196,8.5e-05,0.0006520168067226891,0.0009289999999999999
5600,0.0013057333333333333,0.0010074074074074076,0.0022025,0.0027163076923076928,0.0035053164556962026,0.0022685714285714284,0.004824838709677419,0.0015455263157894738,0.001258101265822785,0.0023862500000000003,0.0028577777777777777,0.0008432653061224488,0.0038936363636363634,0.0018351515151515153,0.0012870588235294118,0.00022,0.0022723809523809524,0.005358481012658228,0.004203571428571429,0.0019869333333333333,0.0029340000000000004,0.0012035714285714286,0.0035979999999999996,0.0013626666666666668,0.005898730158730158,0.001024,0.0029888709677419354,0.0035114583333333334,0.008055882352941175,0.001932258064516129,0.0013947999999999999,0.005677307692307693,0.040555961538461534,0.002929024390243902,0.0019461111111111111,0.0015421428571428572,0.0004210526315789474,0.0004263636363636364,7.156626506024095e-05,0.00010125,0.00012428571428571428,0.0021320212765957446,0.0013075,0.0,0.0051168421052631575,0.00063,0.0010528571428571431,0.0010078947368421054,0.0001946875,0.001404137931034483,0.000468,4.727272727272727e-05,0.0015004615384615386,0.0010225,0.000651,0.0007585714285714288,0.000695,0.002510344827586207,0.00020181818181818183,0.0005949999999999999,0.0011640860215053764,0.00110125,0.0001866666666666667,0.0002457142857142857,0.0007094444444444444,0.000995846153846154,0.0008846666666666667,0.0007110752688172044,0.0002948148148148148,0.004131621621621622,0.00012111111111111112,0.0005833333333333334,0.0012433333333333333,0.00040666666666666667,0.00014714285714285716,0.0005276623376623377,0.0020485714285714287,0.0023543548387096776,0.0,0.00046000000000000007,0.000777
5700,0.0016167999999999998,0.0012037037037037038,0.0025691666666666666,0.0033747692307692307,0.004178101265822786,0.0029214285714285713,0.0043404838709677415,0.002115394736842105,0.0013468354430379746,0.0031731249999999997,0.0031453086419753087,0.0011038775510204082,0.005341212121212122,0.002158484848484848,0.001406941176470588,0.00030541666666666667,0.0029138095238095234,0.005689113924050633,0.006177142857142858,0.0019900000000000004,0.003592307692307692,0.0012139285714285713,0.004275733333333333,0.001592,0.007044444444444445,0.00109,0.0036046774193548388,0.003864375,0.010394,0.0028177419354838704,0.0016078666666666666,0.004381153846153845,0.04341499999999999,0.0040306097560975605,0.002247777777777778,0.0020769642857142857,0.0005423684210526316,0.0005854545454545454,4.63855421686747e-05,0.000295,0.00024142857142857145,0.0020000000000000005,0.0011949999999999999,0.00015600000000000002,0.005252105263157896,0.000722,0.001281,0.0014483333333333334,0.000339375,0.0024393965517241385,0.00044600000000000005,8.90909090909091e-05,0.0025327692307692312,0.0012533333333333335,0.0008269999999999999,0.0014640816326530611,0.00073,0.0031706896551724133,0.0006627272727272727,0.0006875,0.0012953763440860216,0.00155375,0.00023000000000000003,0.0,0.0005902777777777777,0.0012555384615384614,0.0009833333333333335,0.0011034408602150537,0.0007661111111111111,0.003823873873873873,0.0002644444444444445,0.000985,0.0018199999999999998,0.00029,0.00014285714285714287,0.0005279220779220779,0.002398571428571429,0.002910403225806452,5.25e-05,0.0008268067226890756,0.000993
5800,0.0016117333333333336,0.0013599999999999999,0.002431666666666667,0.002618769230769231,0.0032454430379746835,0.0025228571428571427,0.003474193548387097,0.0018774999999999998,0.0012553164556962024,0.0028875,0.003724320987654321,0.0008618367346938776,0.004644242424242425,0.002132575757575757,0.0012592941176470588,0.0002620833333333333,0.002443571428571429,0.005096708860759493,0.00434,0.001993333333333333,0.002704923076923077,0.0011392857142857142,0.003962933333333333,0.001328333333333333,0.0056417460317460325,0.000996,0.003877419354838709,0.002928333333333333,0.009642588235294118,0.0028948387096774195,0.0011633333333333335,0.0067065384615384626,0.039970769230769226,0.002828536585365854,0.001721111111111111,0.0017616071428571429,0.00018552631578947366,0.0004572727272727272,3.27710843373494e-05,0.00019875,7.285714285714286e-05,0.001363404255319149,0.0007825,4.2000000000000004e-05,0.002810526315789474,0.00044778947368421054,0.0004811428571428572,0.0007746491228070176,0.000158125,0.0013683620689655172,0.000498,3.545454545454545e-05,0.001589769230769231,0.0009000000000000001,0.0006430000000000001,0.001076938775510204,0.00049,0.001751724137931034,0.00031363636363636365,0.0004275,0.0007201075268817204,0.0012912499999999999,0.00012333333333333334,0.0,0.0003258333333333333,0.0007247692307692308,0.0005926666666666666,0.0006013978494623657,0.00045296296296296295,0.002286486486486487,6.111111111111112e-05,0.0004816666666666667,0.00137,0.0003716666666666667,0.00017142857142857145,0.0002809090909090909,0.0018671428571428574,0.002059677419354839,5.75e-05,0.0005283193277310926,0.000704
5900,0.0011392,0.0009185185185185186,0.0016741666666666667,0.0022813846153846157,0.0023135443037974684,0.0018571428571428573,0.003471451612903226,0.0010981578947368421,0.0009662025316455696,0.0022675,0.0028654320987654323,0.0007677551020408163,0.0031851515151515154,0.0014434848484848484,0.001014,9.333333333333333e-05,0.0014792857142857144,0.004297848101265823,0.0032667857142857143,0.0012052000000000002,0.0023864615384615383,0.0007796428571428572,0.002957333333333333,0.0010040000000000001,0.005047777777777777,0.000796,0.002099516129032258,0.002504375,0.00689129411764706,0.0016630645161290324,0.0009808,0.0044811538461538465,0.030813653846153845,0.0024221951219512193,0.0012827777777777776,0.000875,0.00036434210526315787,0.00030454545454545453,6.228915662650602e-05,0.000105,0.00012571428571428572,0.0013407446808510642,0.0006075,0.0,0.0022426315789473685,0.0004901052631578948,0.000638,0.0007636842105263156,5.4687499999999994e-05,0.0006966379310344829,0.000252,3.454545454545455e-05,0.0009953846153846154,0.0008275,0.00028599999999999996,0.0005834693877551021,0.00021,0.001736551724137931,0.00015818181818181816,0.00048,0.0005783870967741935,0.0010325,0.00011333333333333334,0.0,0.0005655555555555556,0.0004966153846153846,0.000392,0.00041602150537634405,0.00019425925925925925,0.0015781081081081086,3.111111111111111e-05,0.00015666666666666666,0.0009000000000000001,0.00022,0.00017857142857142857,0.0001883116883116883,0.0010235714285714286,0.001456935483870968,0.0,0.00023310924369747898,0.000464
6000,0.0012916000000000002,0.0009114814814814814,0.002071666666666667,0.0020516923076923073,0.003620506329113924,0.002711428571428572,0.003443387096774194,0.0013172368421052632,0.0011892405063291139,0.0022500000000000003,0.0029464197530864196,0.0009565306122448978,0.004028484848484849,0.0016974242424242423,0.0011996470588235292,0.00037999999999999997,0.001937261904761905,0.004661012658227849,0.0038567857142857145,0.0015661333333333333,0.003115384615384616,0.0008398214285714286,0.004173733333333333,0.0013623333333333332,0.006211111111111111,0.000976,0.002195806451612904,0.0024797916666666666,0.008197882352941175,0.002400967741935484,0.0011397333333333334,0.0042746153846153845,0.03522038461538462,0.0028054878048780494,0.001959444444444444,0.0014892857142857143,0.0005113157894736842,0.0004981818181818182,5.734939759036145e-05,0.0002175,0.0002728571428571429,0.0013456382978723406,0.0010525,3.2000000000000005e-05,0.004151052631578947,0.0006425263157894737,0.0010262857142857142,0.0010229824561403507,0.0001303125,0.0014335344827586206,0.000406,9.90909090909091e-05,0.0014396923076923076,0.0012341666666666668,0.000629,0.0006875510204081633,0.000345,0.0028227586206896554,0.0001590909090909091,0.0006525,0.0007776344086021505,0.001185,0.00011,0.00022142857142857142,0.0007616666666666667,0.0006221538461538462,0.000524,0.0006861290322580644,0.00023916666666666666,0.003364594594594594,8.666666666666667e-05,0.0003483333333333333,0.0019166666666666666,0.00021833333333333332,0.00013571428571428572,0.00029701298701298706,0.0011842857142857143,0.0029030645161290326,3.75e-05,0.0003705042016806723,0.000774
6100,0.0012069333333333335,0.0008474074074074074,0.002328333333333333,0.0019346153846153847,0.0023106329113924047,0.0015714285714285715,0.0036330645161290324,0.0011569736842105265,0.001080379746835443,0.0021375,0.002581481481481481,0.000876530612244898,0.004091818181818183,0.0013446969696969697,0.0010465882352941175,0.00019208333333333336,0.0018432142857142857,0.004881645569620253,0.003282142857142857,0.0014290666666666666,0.0022893846153846154,0.0009276785714285715,0.0030692000000000002,0.0012593333333333334,0.0038819047619047618,0.000906,0.0025183870967741932,0.0028729166666666673,0.008438,0.00159758064516129,0.0010463999999999998,0.0032207692307692306,0.03987807692307692,0.0029036585365853664,0.0016555555555555555,0.0013744642857142857,0.0002551315789473684,0.0004872727272727272,2.7108433734939758e-05,0.000191875,9e-05,0.0013947872340425533,0.0008124999999999999,2.6e-05,0.0037057894736842105,0.00048200000000000006,0.0008477142857142855,0.0008185964912280702,3.9374999999999995e-05,0.0013256896551724138,0.00037799999999999997,0.00012272727272727272,0.0012581538461538461,0.00068,0.000447,0.000616530612244898,0.00042,0.0021806896551724133,0.00015909090909090907,0.0004375,0.0007896774193548387,0.0009925000000000001,8.833333333333333e-05,0.0,0.0007691666666666667,0.0006167692307692307,0.000514,0.0006853763440860214,0.0002568518518518518,0.002626396396396396,3.777777777777778e-05,0.0006083333333333334,0.0012433333333333333,0.000215,8e-05,0.0002723376623376623,0.0011300000000000001,0.0024252419354838703,5e-05,0.0003578991596638656,0.0006219999999999999
6200,0.0013928000000000002,0.0010592592592592594,0.0028316666666666664,0.002415846153846154,0.0025731645569620253,0.0024728571428571425,0.003934516129032258,0.001231578947368421,0.0010865822784810126,0.0026375,0.0027932098765432096,0.0009522448979591837,0.0034687878787878794,0.0015813636363636362,0.0012151764705882351,0.000255,0.0019534523809523812,0.006120253164556963,0.003226071428571429,0.0014121333333333335,0.0029595384615384614,0.00085875,0.0041992,0.0010620000000000002,0.006530317460317461,0.00081,0.00277758064516129,0.0025635416666666667,0.010639764705882352,0.0025349999999999995,0.0012004000000000001,0.005987692307692307,0.03993115384615385,0.0038452439024390236,0.0016911111111111111,0.0014876785714285714,0.00019763157894736843,0.0004463636363636364,3.855421686746988e-05,0.000164375,0.00016285714285714284,0.0017138297872340425,0.0011312499999999999,2.9999999999999997e-05,0.004695263157894737,0.00048800000000000015,0.0006424285714285715,0.0008224561403508772,0.0,0.0015793103448275864,0.000332,3.545454545454545e-05,0.0016693076923076926,0.0013216666666666665,0.000411,0.0010163265306122448,0.000185,0.002326896551724138,0.0001090909090909091,0.0002975,0.0010675268817204302,0.0013175,4.8333333333333334e-05,0.0,0.0007011111111111111,0.0008981538461538463,0.0008346666666666666,0.0006066666666666666,0.0002351851851851852,0.0029050450450450456,6.666666666666666e-05,0.00042500000000000003,0.0014966666666666668,0.00016666666666666666,0.00012142857142857144,0.0004102597402597402,0.0015199999999999999,0.002304677419354839,0.0,0.0004526050420168068,0.0007440000000000001
6300,0.0011131999999999997,0.0010685185185185186,0.0014149999999999998,0.0018627692307692306,0.003306835443037975,0.0019957142857142856,0.0045954838709677415,0.001347236842105263,0.0014744303797468356,0.001943125,0.0025698765432098764,0.0007844897959183674,0.003993939393939394,0.0014672727272727272,0.0014925882352941177,0.00031583333333333333,0.002014404761904762,0.005458481012658228,0.0034035714285714285,0.0015614666666666668,0.0028692307692307693,0.0009369642857142858,0.0041448000000000014,0.0011486666666666668,0.00455095238095238,0.0008119999999999999,0.0022427419354838713,0.0027087500000000007,0.00947270588235294,0.0016677419354838706,0.0008333333333333333,0.003774230769230769,0.04244923076923077,0.00275390243902439,0.0018494444444444444,0.0013733928571428573,0.0002567105263157895,0.000600909090909091,2.9156626506024095e-05,0.00015625000000000003,0.00012857142857142858,0.0016092553191489364,0.000705,4.6e-05,0.0034678947368421056,0.0006574736842105265,0.0007128571428571429,0.0008882456140350878,3.03125e-05,0.0013592241379310345,0.000332,4.909090909090909e-05,0.0013913076923076923,0.0007291666666666667,0.000158,0.0007922448979591838,0.000225,0.0019531034482758623,0.00029090909090909086,0.00034,0.0007990322580645161,0.000905,6.166666666666667e-05,0.0,0.00044666666666666666,0.000672,0.0005653333333333334,0.0006422580645161289,0.0003468518518518519,0.002614864864864865,0.0,0.0005916666666666667,0.0011033333333333331,0.00021666666666666666,0.00010571428571428571,0.0002671428571428571,0.0013164285714285715,0.002091451612903226,0.0,0.00045949579831932767,0.0006640000000000001
6400,0.0011042666666666665,0.0010077777777777778,0.0011300000000000001,0.0013818461538461539,0.0013715189873417723,0.0011485714285714287,0.001218225806451613,0.0010547368421052633,0.0009718987341772153,0.001114375,0.001008395061728395,0.0010087755102040816,0.001190909090909091,0.0010337878787878788,0.0011734117647058825,0.00097625,0.001236904761904762,0.0011794936708860759,0.0012685714285714284,0.0010718666666666666,0.0009858461538461538,0.0009680357142857144,0.0012,0.0010400000000000001,0.001314126984126984,0.000826,0.0010746774193548388,0.0011318749999999999,0.0011738823529411765,0.0010024193548387097,0.0010677333333333333,0.0010142307692307692,0.0013,0.0011564634146341464,0.0011461111111111112,0.0013048214285714284,0.0009961842105263158,0.0010027272727272728,0.0010493975903614458,0.00098375,0.0009914285714285715,0.0011331914893617022,0.0007425,0.000882,0.001083157894736842,0.0009235789473684213,0.0010041428571428573,0.001256842105263158,0.00086875,0.0011587068965517242,0.000876,0.0007572727272727273,0.0011236153846153846,0.0011758333333333332,0.0014069999999999998,0.0010804081632653064,0.00132,0.0012603448275862069,0.000860909090909091,0.0008275000000000001,0.0011125806451612902,0.00122625,0.0012733333333333331,0.0008799999999999999,0.0010791666666666669,0.0011866153846153845,0.0010966666666666664,0.001013440860215054,0.0011317592592592592,0.00125036036036036,0.000992222222222222,0.0010666666666666667,0.00098,0.0012566666666666666,0.0011514285714285713,0.0009331168831168832,0.001130714285714286,0.0011163709677419354,0.0009562500000000001,0.0010121848739495798,0.001106
6500,0.0004868000000000001,0.0003648148148148148,0.001661666666666667,0.0011253846153846156,0.0009891139240506327,0.0006871428571428572,0.0010111290322580644,0.0008405263157894735,0.0005053164556962026,0.000663125,0.0008738271604938273,0.00027204081632653066,0.0008560606060606061,0.0007634848484848484,0.0007235294117647058,0.00026416666666666667,0.0011421428571428572,0.0009791139240506329,0.002279285714285714,0.0007990666666666667,0.0004366153846153846,0.0006680357142857142,0.0009210666666666665,0.0007746666666666667,0.004216825396825398,0.000804,0.0009008064516129032,0.000880625,0.0009062352941176469,0.0007588709677419357,0.000712,0.0015315384615384616,0.0015213461538461535,0.0009141463414634147,0.0006188888888888889,0.0008760714285714286,0.00036434210526315787,0.0004390909090909091,0.0004560240963855422,0.00032562499999999996,0.00041857142857142863,0.0007854255319148935,0.0005175000000000001,0.000238,0.0006678947368421053,0.0002856842105263158,0.00036500000000000004,0.0003430701754385965,8.562500000000001e-05,0.000408448275862069,0.00022399999999999997,7.272727272727273e-05,0.000712923076923077,0.0004533333333333334,0.0006720000000000001,0.0006687755102040816,0.000295,0.0008310344827586208,0.0005418181818181818,0.0006050000000000001,0.0005543010752688172,0.0007037500000000001,0.0005016666666666666,0.00014285714285714287,0.0007758333333333335,0.000550923076923077,0.00042533333333333334,0.0005338709677419355,0.0005589814814814815,0.0007973873873873873,0.0003322222222222222,0.0013249999999999998,0.00039,0.0006266666666666665,0.0007957142857142858,0.0003345454545454545,0.0004442857142857143,0.0006479032258064517,0.0003225,0.0004828571428571428,0.000345
6600,0.0011761333333333334,0.0008662962962962963,0.003563333333333333,0.0025498461538461534,0.003363164556962025,0.002797142857142857,0.0032809677419354836,0.001549342105263158,0.0018739240506329114,0.0030825,0.007654197530864198,0.0009938775510204081,0.003937575757575758,0.0021277272727272733,0.0011738823529411767,0.0003333333333333333,0.002117619047619048,0.005255063291139241,0.003887142857142857,0.0015581333333333333,0.002571076923076923,0.0011382142857142858,0.005096133333333334,0.001145,0.007959999999999998,0.000848,0.00415725806451613,0.0035299999999999997,0.008653764705882352,0.0029945161290322576,0.0016369333333333333,0.009468461538461538,0.04047134615384616,0.0030041463414634145,0.002296111111111111,0.0022980357142857143,0.0005436842105263157,0.0005709090909090908,0.00021421686746987952,0.000458125,0.0001485714285714286,0.001692446808510638,0.0012975,0.00010300000000000001,0.003187368421052632,0.0007633684210526316,0.0007329999999999999,0.0009340350877192981,0.0001996875,0.0016407758620689658,0.00041799999999999997,6.90909090909091e-05,0.0018623846153846154,0.0008366666666666667,0.0010840000000000001,0.0011773469387755101,0.000295,0.0026431034482758626,0.0006872727272727272,0.0006425000000000001,0.0009367741935483871,0.00146875,0.00039499999999999995,0.00014,0.0013674999999999998,0.0011343076923076923,0.0007593333333333334,0.0011072043010752688,0.0005256481481481482,0.0026276576576576573,0.00025,0.000935,0.0008666666666666667,0.0001833333333333333,0.00014714285714285716,0.0006158441558441558,0.0021192857142857146,0.002186532258064516,0.000125,0.0006440336134453782,0.000856
6700,0.0015458666666666667,0.0010566666666666667,0.003540833333333333,0.002900923076923077,0.0034062025316455697,0.003021428571428571,0.0030958064516129033,0.0017960526315789471,0.0017720253164556963,0.0030050000000000003,0.005727037037037037,0.0016048979591836731,0.004563333333333333,0.0018466666666666668,0.0013692941176470588,0.00035874999999999997,0.002376428571428572,0.0066434177215189865,0.004090714285714286,0.0017901333333333331,0.0025332307692307694,0.0012173214285714287,0.004738266666666666,0.0013363333333333333,0.005723015873015873,0.0014420000000000001,0.004498387096774192,0.004043541666666667,0.010664470588235294,0.0031970967741935486,0.0013478666666666668,0.00681423076923077,0.04209807692307692,0.0037695121951219516,0.0018866666666666665,0.0027949999999999997,0.0004538157894736841,0.0009145454545454545,0.00018746987951807228,0.00053625,0.00029428571428571427,0.0019079787234042552,0.0014512499999999998,0.00011100000000000001,0.004543157894736842,0.0009603157894736842,0.0015294285714285713,0.0015114912280701756,0.0004981250000000001,0.00186801724137931,0.000614,0.00014090909090909093,0.0020386923076923078,0.0014841666666666666,0.0013369999999999999,0.0016055102040816325,0.00031,0.002649310344827586,0.0007672727272727272,0.0009225,0.0013118279569892472,0.00191625,0.00038833333333333336,0.00017142857142857143,0.0013102777777777774,0.0010727692307692307,0.0012146666666666666,0.001540752688172043,0.0007988888888888888,0.0029420720720720723,0.00021444444444444446,0.00108,0.0011766666666666666,0.00044,0.0002942857142857143,0.0007454545454545455,0.002115714285714286,0.0024213709677419356,0.00016875,0.0006739495798319328,0.001187
6800,0.0010721333333333332,0.0008455555555555556,0.0021925,0.0025599999999999998,0.002598860759493671,0.0024242857142857143,0.0031737096774193544,0.0015269736842105262,0.0013444303797468353,0.002480625,0.004079753086419753,0.000986326530612245,0.0029660606060606057,0.0017351515151515155,0.001121764705882353,0.00018458333333333334,0.001698095238095238,0.0048586075949367084,0.0028335714285714292,0.0013194666666666666,0.0020913846153846156,0.0011230357142857142,0.0034084000000000002,0.0012053333333333332,0.004386825396825396,0.00088,0.0024082258064516133,0.0026056250000000003,0.007373529411764705,0.0021564516129032258,0.0014257333333333334,0.004020769230769231,0.03292538461538462,0.0031210975609756103,0.0024066666666666663,0.0020416071428571428,0.00038368421052631575,0.0007299999999999999,0.00017204819277108434,0.000345625,0.0002928571428571429,0.0016609574468085106,0.0013075,7.099999999999999e-05,0.0034952631578947365,0.0006512631578947369,0.0008461428571428573,0.0009650877192982457,0.0002409375,0.0011426724137931035,0.00062,0.00013000000000000002,0.0013113076923076923,0.0009616666666666667,0.0009419999999999999,0.0011826530612244898,0.00043500000000000006,0.0018886206896551723,0.0005663636363636363,0.0004825,0.0010191397849462366,0.00166875,0.0002666666666666667,0.0,0.0008836111111111113,0.0009346153846153845,0.00102,0.0009806451612903227,0.0005359259259259259,0.0018245045045045048,0.00011,0.0009783333333333334,0.001,0.00036833333333333336,0.00015571428571428572,0.0004861038961038961,0.0014528571428571427,0.0013154032258064518,7.875e-05,0.0005425210084033614,0.0008550000000000001
6900,0.0015714666666666666,0.0011296296296296297,0.002385833333333333,0.002676153846153846,0.0034975949367088617,0.003997142857142857,0.003959838709677419,0.002080263157894737,0.0018974683544303794,0.00253125,0.0042075308641975305,0.0013146938775510206,0.004851818181818181,0.0022136363636363634,0.0013091764705882353,0.000335,0.0023246428571428576,0.0074349367088607605,0.005084285714285714,0.0019796,0.0030293846153846148,0.0017107142857142857,0.004126266666666667,0.001487,0.006128253968253967,0.001118,0.0035093548387096773,0.004068541666666667,0.01219505882352941,0.0028367741935483876,0.0014910666666666666,0.005758076923076923,0.05271788461538462,0.004159268292682927,0.003115555555555556,0.0021669642857142855,0.0003278947368421053,0.0007872727272727272,0.00018060240963855423,0.000303125,0.00028285714285714286,0.0020425531914893616,0.00115,3.3e-05,0.0033273684210526314,0.0006917894736842105,0.0009044285714285715,0.0013033333333333332,0.0002346875,0.0015456034482758624,0.000736,9.454545454545456e-05,0.0014970769230769232,0.0011200000000000001,0.000915,0.0010653061224489796,0.000495,0.002215862068965517,0.0004090909090909091,0.0006375,0.0011646236559139783,0.0017825,6.333333333333333e-05,0.00017142857142857143,0.0008091666666666667,0.0009404615384615386,0.0006973333333333333,0.001070967741935484,0.00036185185185185186,0.002205045045045045,0.00013000000000000002,0.0008183333333333333,0.0014233333333333335,0.0004233333333333333,0.00018571428571428572,0.0004115584415584415,0.0015499999999999997,0.0019186290322580643,8.375e-05,0.0005400000000000001,0.0008269999999999999
7000,0.0016293333333333333,0.0012211111111111112,0.0032666666666666664,0.002977846153846154,0.00407506329113924,0.0032742857142857144,0.0060048387096774195,0.0019002631578947371,0.0020337974683544303,0.003700625,0.004939135802469136,0.001427959183673469,0.004473636363636363,0.0026498484848484845,0.0016723529411764705,0.00038875,0.002791785714285714,0.00770392405063291,0.004736428571428571,0.0021292000000000004,0.00343,0.0017583928571428572,0.004683466666666667,0.0016510000000000001,0.006206507936507936,0.00139,0.004368709677419354,0.0038547916666666665,0.012276,0.002983870967741935,0.0015888000000000002,0.0071953846153846165,0.05046384615384615,0.0038492682926829264,0.002715555555555556,0.002263571428571428,0.0003472368421052632,0.0008209090909090909,9.265060240963855e-05,0.00026125000000000003,0.00035,0.0019632978723404253,0.001235,7e-05,0.0046131578947368425,0.0006998947368421053,0.0011,0.0014694736842105261,0.000355625,0.0015630172413793105,0.0008439999999999999,0.00013545454545454546,0.0015398461538461536,0.00123,0.0008489999999999999,0.001254285714285714,0.000915,0.0022020689655172414,0.00019363636363636363,0.0007700000000000001,0.0011740860215053764,0.0019112499999999998,8.666666666666665e-05,0.0,0.00087,0.0009741538461538462,0.0008266666666666667,0.0010934408602150537,0.00037000000000000005,0.0027552252252252244,0.00012,0.0014483333333333334,0.00188,0.00047999999999999996,0.00019714285714285716,0.000418961038961039,0.0015300000000000001,0.0024883064516129033,0.00012375,0.0006660504201680672,0.001072
7100,0.0011722666666666671,0.0009103703703703704,0.0032533333333333338,0.002434923076923077,0.0032036708860759496,0.0024957142857142856,0.0034175806451612898,0.001556578947368421,0.0016159493670886075,0.0026812499999999996,0.004562469135802469,0.0011469387755102041,0.0037154545454545452,0.002013333333333333,0.001368235294117647,0.00034333333333333335,0.002178690476190476,0.005395949367088608,0.0037171428571428572,0.0016938666666666666,0.002776769230769231,0.0012475000000000001,0.004134666666666667,0.0015000000000000002,0.006021111111111111,0.0013599999999999999,0.003082258064516129,0.0027739583333333336,0.00884964705882353,0.002671290322580645,0.0012710666666666667,0.008404230769230768,0.04213865384615385,0.003123170731707317,0.002107777777777778,0.0022642857142857143,0.0004103947368421053,0.0008245454545454546,5.7951807228915664e-05,0.00020187500000000001,0.0003785714285714286,0.0017713829787234041,0.0015,6.3e-05,0.003299473684210526,0.0006865263157894738,0.0009795714285714284,0.001172543859649123,0.00021875000000000003,0.0013840517241379311,0.000686,0.00012,0.0012955384615384617,0.0009999999999999998,0.000626,0.0013169387755102042,0.000655,0.0020520689655172415,0.00033727272727272724,0.00052,0.0010511827956989248,0.0017074999999999998,0.00016833333333333335,0.00015571428571428572,0.0008119444444444446,0.0008643076923076923,0.0010586666666666667,0.0010073118279569893,0.0004945370370370369,0.002058108108108108,0.0001488888888888889,0.0011716666666666666,0.0016433333333333335,0.00047833333333333327,0.00016857142857142857,0.000422987012987013,0.0013357142857142858,0.0019182258064516127,6.125e-05,0.000599747899159664,0.0008180000000000002
7200,0.0012753333333333334,0.001085925925925926,0.0034666666666666665,0.0022784615384615387,0.002909746835443038,0.0021714285714285715,0.0035467741935483878,0.0014764473684210527,0.0019143037974683542,0.002935,0.0044939506172839505,0.0013457142857142856,0.004167575757575757,0.0019616666666666667,0.0013714117647058825,0.00033875,0.002385952380952381,0.00580860759493671,0.0041285714285714285,0.0017938666666666666,0.0027456923076923075,0.0015128571428571426,0.0036489333333333336,0.0015136666666666668,0.004052063492063491,0.001142,0.004355645161290322,0.0029397916666666665,0.00926235294117647,0.002448064516129032,0.0016314666666666668,0.007611153846153847,0.034757115384615386,0.003266341463414634,0.00246,0.0018407142857142858,0.0003515789473684211,0.0010554545454545454,6.096385542168674e-05,0.0002875,0.0002557142857142857,0.001665,0.00126625,4.4e-05,0.003128421052631578,0.0005482105263157894,0.0009978571428571423,0.0012243859649122809,0.00015656250000000002,0.0012588793103448278,0.00067,9.636363636363636e-05,0.0012543076923076922,0.0011091666666666665,0.0006559999999999999,0.0011257142857142859,0.00075,0.0020051724137931035,0.00035454545454545455,0.0003925,0.0007537634408602153,0.0012625,0.00013,0.0,0.0008566666666666666,0.0007681538461538461,0.0008380000000000001,0.0008005376344086022,0.00040287037037037044,0.001743963963963964,0.0001588888888888889,0.0009133333333333333,0.0013766666666666667,0.00042500000000000003,0.00015714285714285716,0.0003738961038961039,0.0017428571428571432,0.002277096774193549,6.5e-05,0.0004651260504201681,0.0008620000000000001
7300,0.0012061333333333332,0.0009585185185185185,0.0025949999999999997,0.002619384615384615,0.0031218987341772152,0.002754285714285714,0.003973709677419355,0.0015182894736842105,0.0015022784810126582,0.002030625,0.0030096296296296295,0.0010446938775510203,0.0035493939393939395,0.001801969696969697,0.0012831764705882355,0.000275,0.001824404761904762,0.006215063291139241,0.003723571428571429,0.0017806666666666667,0.002884153846153846,0.0009592857142857143,0.0036690666666666662,0.0015939999999999997,0.00462,0.0008659999999999999,0.0026433870967741938,0.002949375,0.010207411764705883,0.0022645161290322587,0.0015210666666666667,0.005376538461538461,0.04547961538461539,0.0036364634146341464,0.001986111111111111,0.001610535714285714,0.000505,0.0008054545454545454,7.144578313253012e-05,0.00035312500000000003,0.00021857142857142857,0.0019138297872340426,0.00194625,6.400000000000001e-05,0.0035642105263157895,0.0006754736842105262,0.0014504285714285715,0.0011415789473684212,0.00014125,0.0015105172413793105,0.0007059999999999999,0.00013272727272727272,0.0014153076923076923,0.0009841666666666668,0.000632,0.0012538775510204082,0.00066,0.002362068965517241,0.0003845454545454546,0.000915,0.0009672043010752687,0.0019325,0.00031,0.0,0.0007875,0.00106,0.0010606666666666668,0.0008551612903225805,0.00039712962962962966,0.002487567567567568,0.00027333333333333333,0.0012583333333333333,0.002643333333333333,0.00038333333333333334,0.00024142857142857145,0.0004355844155844156,0.001691428571428571,0.002171612903225806,5.375e-05,0.0005229411764705882,0.001128
7400,0.0012216,0.001074074074074074,0.003708333333333333,0.002206615384615384,0.0028465822784810124,0.0026500000000000004,0.0040477419354838715,0.0019569736842105258,0.0021370886075949363,0.0028650000000000004,0.005448765432098766,0.0012677551020408163,0.0051751515151515146,0.0020683333333333326,0.0014589411764705882,0.0004004166666666667,0.002398690476190476,0.005310759493670885,0.004751785714285714,0.002024,0.0033855384615384615,0.0011526785714285714,0.004010133333333334,0.0017076666666666668,0.0062528571428571425,0.00116,0.0037359677419354833,0.002844583333333333,0.00951470588235294,0.002794677419354839,0.0016711999999999996,0.006527307692307692,0.03675442307692308,0.003530731707317073,0.0024761111111111112,0.0022476785714285715,0.0003882894736842105,0.0007690909090909089,5.542168674698795e-05,0.00025062500000000003,0.00017142857142857145,0.0018432978723404254,0.0016525,6.3e-05,0.004137368421052632,0.000874421052631579,0.0010618571428571428,0.001504561403508772,0.0001215625,0.0014738793103448277,0.0008160000000000001,0.00012545454545454546,0.0015210769230769234,0.0012599999999999998,0.0007019999999999999,0.0017544897959183674,0.001135,0.0026155172413793106,0.0002736363636363636,0.0007524999999999999,0.0011466666666666667,0.00192625,0.00015833333333333332,0.0,0.0007552777777777778,0.0010235384615384616,0.0008226666666666666,0.0010109677419354837,0.0006047222222222222,0.002626486486486487,6.555555555555556e-05,0.0008916666666666666,0.00231,0.0003183333333333334,0.00016714285714285716,0.000344025974025974,0.0017557142857142858,0.0022903225806451617,4.375e-05,0.0006692436974789916,0.000994
7500,0.0010029333333333333,0.0009296296296296296,0.0028358333333333326,0.0018213846153846153,0.002436582278481012,0.0017785714285714284,0.0028003225806451618,0.0014464473684210524,0.0014394936708860759,0.00237375,0.0037316049382716044,0.0009793877551020405,0.0036803030303030303,0.0015993939393939393,0.0012169411764705884,0.0003320833333333333,0.001835238095238095,0.005153291139240505,0.0037996428571428578,0.0015724,0.002549846153846154,0.0011026785714285715,0.0031468,0.0012846666666666668,0.00485904761904762,0.001252,0.002415,0.00268,0.008977411764705881,0.002314354838709678,0.0013266666666666667,0.003990769230769231,0.033022499999999996,0.0025046341463414636,0.00206,0.0016950000000000001,0.0004384210526315789,0.0007827272727272727,0.00010698795180722891,0.000174375,0.00017571428571428575,0.001466914893617021,0.00135625,4.4e-05,0.003296842105263158,0.0006845263157894735,0.0010387142857142858,0.0009537719298245614,0.00021874999999999998,0.0014992241379310348,0.0006399999999999999,0.0001318181818181818,0.0012346923076923075,0.00097,0.0006600000000000001,0.0012528571428571428,0.001085,0.001976551724137931,0.00025181818181818183,0.00034,0.0008802150537634407,0.0013774999999999998,0.00023833333333333332,0.0,0.0006205555555555555,0.0008863076923076924,0.0006046666666666667,0.0007905376344086022,0.0003988888888888889,0.0031308108108108117,7.444444444444444e-05,0.0008,0.0018700000000000001,0.00038166666666666666,0.00014142857142857143,0.00036285714285714285,0.0015707142857142857,0.002069516129032258,6.125e-05,0.0005489915966386554,0.000744
7600,0.0011032,0.0009525925925925926,0.0031991666666666674,0.002280769230769231,0.003447974683544304,0.002105714285714286,0.003719354838709677,0.0016119736842105264,0.0015411392405063292,0.0025849999999999996,0.004325555555555555,0.0012518367346938777,0.004251818181818181,0.001882878787878788,0.001453294117647059,0.0003854166666666667,0.00215202380952381,0.005215189873417722,0.004073571428571429,0.002025733333333333,0.0030070769230769226,0.0010696428571428571,0.0037958666666666665,0.0014436666666666664,0.005097619047619047,0.001006,0.0033130645161290324,0.0029464583333333335,0.008903764705882352,0.0017712903225806454,0.0015742666666666667,0.005997692307692307,0.035705192307692306,0.0034202439024390244,0.0021233333333333334,0.0018933928571428574,0.0004163157894736841,0.0008581818181818183,0.0001063855421686747,0.000311875,0.0003328571428571429,0.0016254255319148934,0.00173875,9.300000000000001e-05,0.004605263157894736,0.0007345263157894734,0.0009484285714285713,0.0012785964912280703,0.000138125,0.0015545689655172413,0.0005780000000000001,0.00015636363636363637,0.001584230769230769,0.0008108333333333334,0.000568,0.001263265306122449,0.000855,0.002496206896551724,0.0003354545454545454,0.0001625,0.0009563440860215053,0.001405,0.000275,0.00015714285714285716,0.0007486111111111111,0.0010118461538461538,0.0008986666666666666,0.0008235483870967742,0.00039999999999999996,0.003074054054054054,5.777777777777777e-05,0.0010266666666666668,0.00164,0.0003716666666666667,0.00017428571428571428,0.0003572727272727273,0.001222142857142857,0.0022829032258064514,5.125e-05,0.000694201680672269,0.0009939999999999999
7700,0.0017115999999999998,0.0016959259259259258,0.003373333333333333,0.0028559999999999996,0.004132405063291139,0.0023257142857142856,0.0048682258064516115,0.0022802631578947366,0.002251772151898734,0.0036331249999999996,0.004183333333333333,0.0013657142857142859,0.005862424242424242,0.0022995454545454543,0.001953294117647059,0.0005529166666666667,0.002887857142857143,0.008297848101265822,0.0056725,0.0025546666666666665,0.003739846153846154,0.0017892857142857144,0.004458933333333333,0.002097,0.006753174603174605,0.0015540000000000003,0.0034180645161290325,0.004409166666666666,0.013951882352941177,0.00240758064516129,0.0017633333333333333,0.005838461538461538,0.04409403846153846,0.005053780487804878,0.0024311111111111113,0.002458214285714286,0.0006261842105263159,0.0011745454545454544,0.00012373493975903615,0.00044625000000000003,0.00048571428571428566,0.0021884042553191488,0.00223,0.00028700000000000004,0.005311578947368421,0.0008169473684210527,0.0012997142857142856,0.0015151754385964913,0.0002290625,0.002336551724137931,0.000906,0.00023545454545454548,0.0023616923076923077,0.0014408333333333332,0.000886,0.0019340816326530613,0.001175,0.003017931034482759,0.0006954545454545455,0.00065,0.0018906451612903227,0.002065,0.0004516666666666667,0.00015285714285714287,0.0008816666666666668,0.0016647692307692307,0.0016053333333333332,0.0012065591397849463,0.0006857407407407408,0.004578918918918918,0.00031888888888888885,0.0017816666666666669,0.002656666666666667,0.00062,0.0002728571428571429,0.0005894805194805194,0.0031792857142857144,0.0030117741935483866,6.75e-05,0.0012185714285714287,0.001382
7800,0.0009661333333333333,0.0009581481481481481,0.0024458333333333333,0.0018106153846153847,0.0024887341772151894,0.0015342857142857144,0.003618548387096774,0.0014757894736842105,0.001390506329113924,0.002010625,0.0027732098765432095,0.0010146938775510205,0.00502030303030303,0.0014275757575757577,0.0010936470588235295,0.00013833333333333333,0.0015642857142857145,0.004986708860759494,0.004081785714285714,0.0012976,0.0024536923076923078,0.0008739285714285714,0.0033592,0.0010450000000000001,0.005200793650793651,0.000854,0.00282741935483871,0.0022345833333333336,0.009761764705882353,0.0018254838709677419,0.0007278666666666666,0.004416153846153846,0.03392980769230769,0.0033409756097560975,0.0019427777777777779,0.0022600000000000003,0.00038092105263157894,0.0010645454545454547,8.783132530120482e-05,0.00032562499999999996,0.0004642857142857143,0.0016591489361702132,0.0016849999999999999,6.2e-05,0.004373684210526316,0.0006681052631578947,0.0009338571428571429,0.0015705263157894738,0.0001975,0.0016798275862068967,0.00062,0.00022181818181818186,0.0021925384615384615,0.0007716666666666666,0.000612,0.0013075510204081633,0.000895,0.002513103448275862,0.00042363636363636366,0.00038750000000000004,0.0013116129032258064,0.0015825,0.00035666666666666664,0.0,0.0006527777777777778,0.0012150769230769229,0.00104,0.0010416129032258066,0.000619537037037037,0.0035096396396396396,0.00018777777777777779,0.0016216666666666664,0.0019666666666666665,0.0005666666666666666,0.00021714285714285715,0.00045233766233766234,0.0016764285714285711,0.0027749193548387095,0.00010125,0.0009058823529411765,0.001115
7900,0.0012176,0.0010818518518518516,0.003193333333333333,0.002283538461538462,0.0024131645569620253,0.0019142857142857139,0.002775967741935484,0.0019728947368421053,0.0014467088607594937,0.00230125,0.003694074074074074,0.001163469387755102,0.00493969696969697,0.0016536363636363634,0.0012174117647058824,0.0002891666666666667,0.0019257142857142856,0.0054274683544303795,0.004357142857142857,0.0014465333333333334,0.0026573846153846153,0.0009903571428571429,0.0036504000000000003,0.0012323333333333331,0.005126666666666668,0.0009219999999999999,0.0030427419354838708,0.0023714583333333335,0.007179529411764705,0.0022038709677419353,0.0011228,0.0040869230769230765,0.027991153846153846,0.0037984146341463417,0.0021566666666666665,0.0019335714285714284,0.0005110526315789474,0.0009072727272727272,0.00010180722891566264,0.000505625,0.0004114285714285714,0.001532978723404255,0.0016925,7e-05,0.0030494736842105264,0.0008877894736842105,0.0010698571428571428,0.0010136842105263157,0.00023906250000000002,0.0016081034482758622,0.000634,0.00018727272727272725,0.001973230769230769,0.0008241666666666666,0.0008699999999999999,0.0014404081632653062,0.00056,0.0019224137931034484,0.00033363636363636364,0.0005874999999999999,0.0010901075268817206,0.00180375,0.000315,0.0,0.00048388888888888884,0.001129230769230769,0.001016,0.0010618279569892472,0.0005518518518518519,0.002625135135135135,0.0001488888888888889,0.0014700000000000002,0.0022400000000000002,0.000475,0.0001957142857142857,0.0003876623376623377,0.0014671428571428574,0.002115967741935484,0.0,0.0009080672268907562,0.000902
8000,0.001094,0.0008670370370370369,0.002126666666666667,0.002422,0.0018435443037974682,0.001911428571428572,0.0030343548387096776,0.0015703947368421055,0.0011730379746835442,0.001603125,0.0029213580246913577,0.0008077551020408164,0.0037960606060606058,0.0012469696969696967,0.0009637647058823529,0.00028583333333333336,0.0017409523809523808,0.0036350632911392408,0.003179642857142857,0.0014344,0.002288153846153846,0.0007221428571428572,0.0031957333333333332,0.0012323333333333331,0.003820793650793651,0.0008160000000000001,0.0029338709677419355,0.0017545833333333335,0.00625129411764706,0.0017379032258064515,0.0008320000000000002,0.0031576923076923075,0.03724711538461538,0.0034023170731707314,0.0023305555555555553,0.001975357142857143,0.00034197368421052637,0.000810909090909091,7.674698795180724e-05,0.0004225,0.0003257142857142857,0.0020988297872340427,0.00129,4.6e-05,0.0036994736842105268,0.0007804210526315789,0.0010041428571428573,0.0012119298245614038,0.0001203125,0.001442155172413793,0.000678,0.00015454545454545454,0.001282,0.0008283333333333334,0.000492,0.0013646938775510203,0.000945,0.0022713793103448275,0.00022636363636363636,0.0003925,0.0011504301075268815,0.0016150000000000001,0.00024333333333333333,0.0,0.0007324999999999999,0.0009750769230769231,0.0009053333333333333,0.0008316129032258066,0.00040611111111111105,0.002698738738738739,0.0002488888888888889,0.0009583333333333333,0.0023,0.00044666666666666666,0.00013857142857142857,0.0003609090909090908,0.001843571428571429,0.0023304032258064517,3.75e-05,0.0005843697478991599,0.000709
8100,0.0011538666666666667,0.0009396296296296297,0.0024575,0.002786461538461539,0.0024498734177215184,0.0022357142857142858,0.003884193548387097,0.002137236842105263,0.0017125316455696205,0.002533125,0.00411037037037037,0.0012048979591836734,0.006032424242424242,0.0017689393939393939,0.0011579999999999997,0.00028166666666666666,0.0021233333333333334,0.004956582278481013,0.004177142857142857,0.001816,0.003236153846153846,0.000815,0.0044172,0.0013716666666666667,0.00546920634920635,0.0008320000000000001,0.00407983870967742,0.0026008333333333335,0.009292941176470589,0.0022793548387096776,0.0012052000000000002,0.00468,0.04595596153846153,0.004187560975609756,0.0028666666666666667,0.0019871428571428575,0.0004905263157894736,0.0009454545454545454,0.00010698795180722891,0.0004375,0.00035,0.002714787234042553,0.00164625,0.000195,0.0044521052631578935,0.0008449473684210528,0.0014064285714285715,0.0011674561403508773,0.0004921875,0.0018674137931034484,0.0006479999999999999,0.0001918181818181818,0.001694076923076923,0.0008191666666666665,0.000475,0.0012381632653061226,0.00092,0.0022255172413793104,0.00035272727272727273,0.00045999999999999996,0.0011403225806451613,0.0017100000000000001,0.00038333333333333334,0.00016428571428571428,0.0008963888888888888,0.0011390769230769232,0.0011093333333333335,0.0009569892473118278,0.0005822222222222221,0.003343063063063063,0.00043888888888888884,0.0015649999999999998,0.00243,0.0003416666666666667,0.00017285714285714284,0.0005325974025974026,0.002697857142857143,0.0026316935483870975,3.625e-05,0.0008188235294117647,0.0008590000000000001
8200,0.0012154666666666666,0.001071851851851852,0.0020075,0.0022743076923076922,0.0025946835443037973,0.002145714285714286,0.0035025806451612898,0.0019947368421052636,0.0013421518987341771,0.002631875,0.0025298765432098763,0.0006593877551020408,0.004942121212121212,0.0013524242424242422,0.0012232941176470587,0.00020458333333333334,0.0023546428571428572,0.005370506329113923,0.004173571428571428,0.0015611999999999998,0.0025566153846153846,0.0009442857142857143,0.0034285333333333337,0.0014463333333333333,0.004166507936507936,0.00076,0.0035632258064516127,0.0023335416666666665,0.007776235294117646,0.0017769354838709675,0.0009101333333333333,0.0035426923076923083,0.05397096153846155,0.0032845121951219514,0.0026477777777777775,0.0020951785714285716,0.0003589473684210527,0.0010163636363636366,9.433734939759036e-05,0.000213125,0.00028999999999999995,0.002212872340425532,0.0013387499999999999,4.1e-05,0.004560526315789473,0.0008316842105263157,0.0009878571428571428,0.0014738596491228068,0.0004034375,0.001784137931034483,0.001038,0.00017272727272727272,0.0014980769230769232,0.0010325000000000002,0.00073,0.001583265306122449,0.00109,0.002127586206896552,0.000510909090909091,0.000185,0.0014572043010752688,0.002085,0.0004,0.0,0.0006252777777777779,0.0011915384615384615,0.0012539999999999997,0.000957204301075269,0.00045953703703703705,0.003835405405405405,0.00021888888888888888,0.0012016666666666666,0.0019666666666666665,0.00044166666666666665,0.00011285714285714286,0.0004942857142857144,0.0024085714285714288,0.002336612903225806,5.75e-05,0.0006783193277310924,0.000941
8300,0.0013005333333333334,0.0009603703703703703,0.003559999999999999,0.0026306153846153845,0.003468987341772152,0.0024257142857142854,0.004439354838709677,0.0019457894736842104,0.0016634177215189873,0.0026725,0.004303703703703704,0.0013040816326530611,0.006030303030303031,0.002058636363636364,0.0015912941176470588,0.00035166666666666663,0.0030246428571428573,0.005699493670886077,0.005066071428571429,0.002006,0.002998,0.0011591071428571427,0.0051472,0.0016596666666666663,0.005407777777777779,0.00058,0.003760967741935484,0.0031002083333333333,0.009908823529411767,0.0023567741935483872,0.0014368,0.005826923076923077,0.052549038461538466,0.0033286585365853664,0.0030955555555555554,0.0021867857142857145,0.00025171052631578944,0.0007727272727272728,9.373493975903615e-05,0.00021937500000000003,0.0003257142857142857,0.0023692553191489362,0.00133625,7.3e-05,0.005227894736842105,0.0007582105263157896,0.0011712857142857146,0.001394122807017544,0.00034156249999999996,0.0016593965517241378,0.00071,0.00013363636363636363,0.0016806923076923077,0.00105,0.000517,0.0013481632653061222,0.000655,0.0023313793103448273,0.0004418181818181818,0.0002525,0.0012089247311827958,0.00144625,0.00024,0.00013,0.0008694444444444443,0.001031230769230769,0.0008666666666666667,0.0008255913978494623,0.0006251851851851851,0.0033081081081081077,0.00021777777777777778,0.0009016666666666666,0.00216,0.00026333333333333336,0.00014142857142857143,0.0004010389610389611,0.0017250000000000002,0.002437258064516129,0.0,0.0005009243697478991,0.000717
8400,0.0010841333333333335,0.0009311111111111111,0.0032550000000000005,0.0022004615384615387,0.00233,0.002194285714285714,0.003004354838709677,0.0018559210526315794,0.00138873417721519,0.00218125,0.0035407407407407406,0.0008693877551020408,0.004396363636363636,0.0013645454545454547,0.0012188235294117646,0.00028458333333333336,0.0021257142857142855,0.005089367088607594,0.004318571428571429,0.0015934666666666667,0.0023363076923076922,0.0009966071428571428,0.0033078666666666668,0.001088,0.004162698412698412,0.000722,0.0030716129032258063,0.002156041666666667,0.007681882352941176,0.0015408064516129034,0.0010624000000000002,0.005801538461538461,0.042052884615384624,0.0029910975609756096,0.001903888888888889,0.0017532142857142855,0.00037565789473684207,0.0009127272727272726,7.084337349397591e-05,0.00025,0.00016571428571428572,0.0021928723404255326,0.00189,0.00011199999999999998,0.0033405263157894735,0.0007515789473684213,0.0011504285714285713,0.001282017543859649,0.00028281249999999997,0.001602155172413793,0.0007779999999999998,0.0002018181818181818,0.0014321538461538462,0.0009475000000000001,0.000584,0.0013110204081632653,0.000755,0.0024786206896551728,0.00034090909090909094,0.0001375,0.001372258064516129,0.0013462500000000002,0.0003716666666666667,0.00018428571428571428,0.0005405555555555556,0.0009998461538461537,0.0010986666666666666,0.0008236559139784946,0.0005099074074074074,0.0032674774774774777,0.0005233333333333333,0.0009283333333333334,0.00176,0.0003733333333333334,0.00011714285714285714,0.0006418181818181817,0.002390714285714285,0.002118870967741936,3.375e-05,0.000676638655462185,0.000819
8500,0.0010994666666666666,0.0009659259259259261,0.0014149999999999998,0.002532461538461538,0.002069873417721519,0.0013042857142857142,0.003391451612903226,0.0012728947368421055,0.001410126582278481,0.0018925,0.0031641975308641973,0.0006448979591836735,0.0031499999999999996,0.001326818181818182,0.0010652941176470588,9.916666666666667e-05,0.0015578571428571425,0.005633924050632911,0.003274285714285715,0.0013250666666666667,0.001948,0.0007744642857142856,0.002500933333333333,0.0007866666666666665,0.003116507936507937,0.000506,0.002555806451612903,0.0022475,0.009784941176470588,0.0013359677419354842,0.0008715999999999999,0.003134615384615384,0.039504038461538465,0.0029273170731707317,0.0015044444444444443,0.0010176785714285715,0.00014855263157894735,0.0004954545454545455,3.2771084337349396e-05,0.00015,0.00018285714285714284,0.0014669148936170215,0.00091,3.7e-05,0.00240578947368421,0.00037473684210526315,0.0006407142857142857,0.0009094736842105263,0.00010125,0.0011116379310344828,0.00037799999999999997,8.272727272727273e-05,0.0012393846153846153,0.0006324999999999999,0.00032199999999999997,0.0010720408163265307,0.000265,0.001558620689655172,0.00014545454545454546,0.000175,0.0008259139784946235,0.001065,0.000195,0.0,0.00024972222222222214,0.0007099999999999999,0.0007146666666666667,0.0004086021505376343,0.00024296296296296295,0.0024599099099099097,4.222222222222222e-05,0.000355,0.0011200000000000001,0.00012833333333333335,0.00010571428571428571,0.000202987012987013,0.0014321428571428573,0.0018954838709677418,0.0,0.0004533613445378151,0.000599
8600,0.0012142666666666668,0.0011537037037037037,0.0026875000000000002,0.002472769230769231,0.0027178481012658227,0.002184285714285714,0.0036037096774193555,0.0021780263157894736,0.0019529113924050634,0.0027143749999999998,0.004141728395061728,0.0012377551020408164,0.004320606060606061,0.001884848484848485,0.0012843529411764706,0.0003904166666666667,0.002143095238095238,0.006187341772151899,0.004477500000000001,0.001838266666666667,0.0027052307692307692,0.0008794642857142857,0.004386533333333334,0.0015226666666666672,0.004987936507936508,0.000838,0.0032127419354838712,0.002851666666666667,0.011457058823529412,0.0024529032258064514,0.0013552,0.006039615384615385,0.036268461538461534,0.0037420731707317073,0.002425,0.0019939285714285714,0.00043513157894736846,0.0006745454545454545,0.00012036144578313254,0.00038062500000000005,0.00041999999999999996,0.0019835106382978724,0.001405,8.2e-05,0.003395789473684211,0.0006705263157894737,0.0012137142857142856,0.0016139473684210525,0.0002715625,0.001874051724137931,0.000768,0.00015,0.0015506153846153844,0.0008633333333333335,0.0005780000000000001,0.001363265306122449,0.0009249999999999999,0.0026837931034482763,0.00027272727272727274,0.0001825,0.0012306451612903225,0.00157625,0.00033,0.00015428571428571428,0.0008983333333333333,0.0011489230769230767,0.0010526666666666668,0.0008665591397849463,0.0005641666666666667,0.0046454054054054054,0.0003444444444444444,0.0014033333333333335,0.0023933333333333333,0.0003916666666666667,0.00018285714285714286,0.0005394805194805195,0.0020057142857142856,0.0027752419354838713,4.125e-05,0.0006969747899159663,0.0007859999999999999
8700,0.0009801333333333334,0.001097037037037037,0.0026949999999999995,0.001998461538461539,0.0026963291139240502,0.0014757142857142855,0.0030409677419354843,0.0019773684210526317,0.0015627848101265824,0.0019725,0.003270246913580247,0.0009897959183673471,0.0035530303030303027,0.0019377272727272728,0.001272,0.0002958333333333333,0.0021016666666666666,0.006093544303797469,0.004351428571428571,0.0017567999999999998,0.002171846153846154,0.0011189285714285715,0.0033404000000000003,0.0015673333333333336,0.003679206349206349,0.001016,0.0030499999999999998,0.0030539583333333334,0.009242117647058826,0.0017827419354838712,0.0012277333333333335,0.003353076923076923,0.04598211538461538,0.0028604878048780493,0.002047777777777778,0.0011975,0.00016855263157894735,0.00045000000000000004,2.63855421686747e-05,0.000174375,0.00022857142857142854,0.00164436170212766,0.00100625,7.7e-05,0.002765263157894737,0.0005075789473684211,0.0004921428571428571,0.0011600877192982455,0.0001184375,0.0014941379310344828,0.00081,0.00013545454545454546,0.0014754615384615383,0.0005583333333333333,0.000231,0.0010302040816326532,0.001055,0.002106551724137931,0.00013727272727272728,0.0,0.0010248387096774192,0.0012075,5.666666666666667e-05,0.0,0.00027722222222222227,0.0007578461538461539,0.0007266666666666667,0.0007315053763440861,0.0002719444444444444,0.003451171171171172,0.00016333333333333334,0.00065,0.0018233333333333333,0.00018833333333333332,0.0001,0.0003550649350649351,0.001575,0.002396935483870968,0.0,0.0004881512605042017,0.000661
8800,0.0013445333333333333,0.0012214814814814814,0.0034625,0.0030404615384615383,0.0027644303797468356,0.0018314285714285717,0.0037456451612903224,0.0018982894736842102,0.0018137974683544308,0.00273625,0.0031292592592592596,0.0009095918367346939,0.005144848484848485,0.0018503030303030305,0.001382235294117647,0.00028874999999999994,0.0023099999999999996,0.007100759493670886,0.005082142857142859,0.0016989333333333335,0.002782307692307692,0.0009987499999999999,0.0033990666666666672,0.001314,0.004886190476190476,0.0008179999999999999,0.0030577419354838715,0.0031185416666666666,0.010606117647058825,0.002096451612903226,0.001334,0.004527692307692308,0.07740865384615386,0.0034706097560975604,0.002675555555555555,0.0017221428571428572,0.00047184210526315793,0.0007009090909090909,7.277108433734939e-05,0.000144375,0.0002585714285714286,0.0021943617021276595,0.00211875,4.1e-05,0.0031410526315789476,0.0008957894736842105,0.0010021428571428573,0.0013009649122807017,0.0001471875,0.002015689655172414,0.000882,0.00012545454545454546,0.0018254615384615384,0.0007316666666666668,0.000648,0.0016946938775510205,0.00064,0.0028472413793103448,0.000510909090909091,0.0006299999999999999,0.0014061290322580646,0.00132375,0.0003416666666666666,0.0,0.0007127777777777779,0.0011395384615384616,0.0009906666666666666,0.0007638709677419356,0.000548425925925926,0.004789189189189189,0.0003222222222222222,0.000955,0.00228,0.00030833333333333337,0.00016285714285714284,0.00046038961038961034,0.002112857142857143,0.003101290322580645,0.0,0.0005847899159663866,0.000894
8900,0.0011298666666666665,0.0011474074074074075,0.0022625,0.0024081538461538463,0.002111012658227848,0.0014842857142857142,0.003209032258064516,0.0019081578947368423,0.001568607594936709,0.002169375,0.004228518518518519,0.0009455102040816328,0.004302727272727273,0.0015887878787878788,0.0011371764705882354,0.0002679166666666667,0.0017241666666666666,0.0051777215189873415,0.0035635714285714285,0.0015483999999999997,0.0026873846153846154,0.0008010714285714286,0.0033321333333333333,0.001240666666666667,0.0051317460317460315,0.0004999999999999999,0.0034645161290322584,0.002087083333333333,0.00802635294117647,0.0025438709677419354,0.0012743999999999998,0.005965384615384616,0.05531173076923076,0.0027135365853658533,0.002107222222222222,0.0015669642857142857,0.00031842105263157894,0.00048636363636363634,6.240963855421686e-05,0.000239375,0.0002928571428571429,0.0016371276595744681,0.0013162500000000001,5.599999999999999e-05,0.0036799999999999997,0.000668421052631579,0.0010018571428571429,0.0009999122807017543,0.0002309375,0.0015818965517241381,0.0006919999999999999,0.00016636363636363637,0.0014007692307692306,0.000755,0.00030399999999999996,0.0010069387755102042,0.00126,0.0022172413793103453,0.00023636363636363636,0.00055,0.0008667741935483872,0.00130875,0.00013,0.0,0.0003752777777777778,0.0007309230769230769,0.0005686666666666666,0.0008758064516129031,0.0002597222222222222,0.0036299999999999995,6.444444444444444e-05,0.0007783333333333332,0.0028766666666666663,0.00018166666666666667,0.00013285714285714284,0.0002572727272727273,0.0014157142857142856,0.002336774193548387,0.0,0.0003892436974789916,0.0007680000000000001
9000,0.0016017333333333333,0.0013796296296296297,0.0027691666666666663,0.002955692307692308,0.0038682278481012656,0.0025200000000000005,0.004793387096774193,0.0019751315789473685,0.0020259493670886078,0.0022743750000000004,0.0035244444444444446,0.0009955102040816325,0.004128484848484848,0.00221030303030303,0.0015169411764705883,0.0003983333333333334,0.002186904761904762,0.007292151898734175,0.0035978571428571427,0.0019713333333333336,0.0028615384615384614,0.0011291071428571429,0.003965466666666667,0.0017356666666666666,0.0058593650793650805,0.000734,0.003008870967741935,0.00331,0.01272811764705882,0.002370645161290323,0.0014648,0.004888846153846154,0.05417480769230769,0.0031085365853658533,0.002934444444444445,0.0017375,0.0003621052631578947,0.0007736363636363636,0.00012000000000000002,0.00031749999999999997,0.0004057142857142857,0.0018756382978723403,0.00196375,0.000104,0.003472631578947369,0.0006502105263157896,0.0012951428571428571,0.0013959649122807017,0.00043375,0.0018306034482758618,0.0009440000000000001,0.0001509090909090909,0.002065692307692308,0.0006116666666666666,0.000686,0.0012146938775510205,0.00058,0.002219655172413793,0.0003790909090909091,0.0002,0.0011144086021505374,0.0016137500000000002,0.00035166666666666663,0.0,0.0008449999999999999,0.0011047692307692306,0.0011526666666666666,0.0009765591397849462,0.0005074074074074074,0.0036221621621621626,0.00033666666666666665,0.0010883333333333333,0.00271,0.000395,0.00016428571428571428,0.0005772727272727273,0.0021957142857142856,0.0023729838709677415,4.25e-05,0.0007204201680672268,0.000975
9100,0.0010644,0.0008674074074074074,0.0016391666666666666,0.0019267692307692306,0.00196379746835443,0.0011642857142857143,0.002732419354838709,0.0014538157894736844,0.0012345569620253165,0.00162375,0.0030828395061728393,0.0010230612244897957,0.0037412121212121213,0.0014790909090909093,0.0009503529411764706,0.00016375000000000002,0.0015595238095238093,0.004682151898734177,0.0031607142857142854,0.0012952,0.002003076923076923,0.0008853571428571428,0.0024943999999999995,0.0011606666666666666,0.0037284126984126987,0.000658,0.002632741935483871,0.0025791666666666667,0.007987647058823528,0.0017301612903225807,0.0008982666666666666,0.005032307692307693,0.03136019230769232,0.00220390243902439,0.0016938888888888887,0.0011141071428571428,0.00023197368421052627,0.0004090909090909091,1.9879518072289157e-05,0.00013874999999999998,0.00018714285714285713,0.0012215957446808509,0.0013762499999999999,0.0,0.002371052631578948,0.00047947368421052624,0.0006645714285714286,0.000996842105263158,0.0002490625,0.001275948275862069,0.00041799999999999997,0.00010636363636363637,0.0012226153846153847,0.0004483333333333333,0.000334,0.0007138775510204081,0.00073,0.0018782758620689657,0.00018090909090909092,0.00018,0.0006466666666666667,0.000785,0.00011666666666666668,0.0,0.0002880555555555556,0.0008692307692307693,0.0005920000000000001,0.0006251612903225807,0.00024194444444444445,0.002411171171171171,4.777777777777778e-05,0.0003966666666666667,0.0017766666666666668,0.00019833333333333335,0.00011285714285714286,0.00021454545454545454,0.0014914285714285717,0.001856048387096774,0.0,0.000421764705882353,0.000724
9200,0.0013369333333333332,0.0012029629629629628,0.002575,0.002721846153846154,0.0028789873417721518,0.0016242857142857146,0.003578709677419355,0.0021238157894736837,0.0016058227848101266,0.002443125,0.004944074074074075,0.0010277551020408163,0.005251515151515152,0.0020904545454545455,0.0012394117647058823,0.00041125,0.002189047619047619,0.005454810126582278,0.004391428571428571,0.0018136,0.0027084615384615385,0.0010301785714285714,0.003952933333333334,0.0016539999999999999,0.005164285714285715,0.0009119999999999999,0.0038211290322580646,0.0027547916666666662,0.009299176470588236,0.0023416129032258065,0.0014516000000000002,0.007569230769230769,0.03622692307692307,0.0026248780487804877,0.0031555555555555555,0.0019396428571428572,0.0005476315789473684,0.000901818181818182,0.00013216867469879518,0.00046,0.0004114285714285714,0.0019086170212765953,0.00231375,0.000109,0.004023157894736842,0.0007091578947368421,0.001109,0.001383771929824561,0.0004834375,0.001987758620689655,0.0009639999999999999,0.0001981818181818182,0.002020076923076923,0.00078,0.0005870000000000001,0.0010573469387755103,0.0008550000000000001,0.002796896551724138,0.0004418181818181819,0.0002525,0.0010623655913978493,0.00122375,0.00047333333333333326,6.571428571428571e-05,0.000933888888888889,0.001428,0.0009666666666666668,0.0011551612903225807,0.0006773148148148148,0.0033733333333333332,0.00034666666666666667,0.0012083333333333334,0.0027166666666666663,0.0004916666666666666,0.00031571428571428576,0.0005257142857142857,0.002145714285714286,0.0026562903225806453,3.5e-05,0.0008206722689075629,0.0009670000000000002
9300,0.001649733333333333,0.0015740740740740739,0.0025458333333333335,0.003714153846153846,0.003346708860759494,0.002278571428571429,0.004768225806451614,0.0023613157894736845,0.0020734177215189875,0.0024275,0.006015308641975309,0.001173265306122449,0.005664545454545454,0.0024283333333333327,0.0016092941176470588,0.0003070833333333333,0.0028613095238095238,0.008604430379746834,0.006307857142857143,0.0023680000000000003,0.0032736923076923078,0.0015173214285714286,0.0041770666666666656,0.0016723333333333332,0.005958730158730158,0.000768,0.004264677419354838,0.004451666666666667,0.012661764705882355,0.002732741935483871,0.0014054666666666665,0.008241153846153846,0.041688269230769244,0.0036593902439024384,0.0025166666666666666,0.002329464285714286,0.00032250000000000003,0.0007300000000000001,6.674698795180722e-05,0.000174375,0.0003928571428571428,0.001914042553191489,0.0015787499999999999,0.000201,0.004016315789473685,0.0005598947368421053,0.0007117142857142858,0.0014305263157894735,0.0004971875,0.002285344827586207,0.0008359999999999999,0.00013272727272727272,0.002055615384615385,0.0008025000000000002,0.000642,0.001513469387755102,0.00097,0.0027558620689655177,0.00032090909090909094,0.000285,0.0013450537634408606,0.00125125,0.00038333333333333334,5.714285714285715e-05,0.0005063888888888889,0.0014653846153846154,0.0009066666666666667,0.0009166666666666668,0.0004676851851851852,0.004161801801801802,0.00025,0.001145,0.0017366666666666667,0.00023166666666666667,0.00015999999999999999,0.0003785714285714286,0.002027857142857143,0.002940241935483871,0.0,0.0009226050420168068,0.000928
9400,0.0012421333333333335,0.001232962962962963,0.0026383333333333332,0.0024861538461538463,0.003034177215189873,0.0020785714285714283,0.0034620967741935487,0.0017248684210526314,0.0017693670886075948,0.00220125,0.0037529629629629627,0.0009275510204081633,0.0037715151515151516,0.0020103030303030302,0.0013471764705882355,0.00033916666666666665,0.002084047619047619,0.007316075949367087,0.004444285714285714,0.0017568000000000002,0.0028658461538461537,0.001203392857142857,0.0030129333333333333,0.0014450000000000003,0.0044980952380952385,0.0005239999999999999,0.0028051612903225807,0.0031656249999999996,0.010570470588235296,0.002025,0.0014282666666666668,0.004683076923076923,0.04529596153846154,0.0030610975609756093,0.0025522222222222222,0.0014069642857142857,0.0004094736842105263,0.0005945454545454546,7.08433734939759e-05,0.000216875,0.0003557142857142857,0.0018698936170212772,0.0018574999999999998,7.4e-05,0.0030115789473684207,0.0007124210526315791,0.0007061428571428571,0.0011166666666666668,0.000291875,0.0015618103448275865,0.000936,0.00019090909090909095,0.0018904615384615383,0.0010083333333333333,0.000492,0.0009142857142857144,0.00105,0.0021434482758620694,0.00029,0.000255,0.0009686021505376345,0.0012587499999999999,0.00040666666666666667,0.0003142857142857143,0.0004594444444444444,0.0010643076923076923,0.0007319999999999999,0.0009577419354838709,0.0004873148148148148,0.003072072072072072,0.00010666666666666667,0.0008683333333333334,0.0017433333333333335,0.0003,0.00015714285714285713,0.0004375324675324675,0.0016614285714285713,0.0020767741935483874,3.375e-05,0.0006230252100840338,0.000856
9500,0.0013886666666666667,0.0013225925925925924,0.003291666666666667,0.002437538461538462,0.0028060759493670883,0.001657142857142857,0.0035508064516129034,0.001613289473684211,0.001943544303797468,0.002385,0.003949506172839506,0.0008520408163265306,0.0036806060606060604,0.0017342424242424244,0.0015227058823529414,0.0004187499999999999,0.002287857142857143,0.006003417721518987,0.004339285714285714,0.0019805333333333336,0.002641384615384615,0.0011189285714285713,0.0037413333333333335,0.0013426666666666667,0.004948253968253968,0.000614,0.0027801612903225804,0.0027745833333333333,0.00881223529411765,0.0017595161290322582,0.0015752,0.005985769230769231,0.05027653846153846,0.002638536585365854,0.0028305555555555553,0.0013264285714285715,0.00022513157894736842,0.0006627272727272727,2.975903614457831e-05,0.00030000000000000003,0.00028,0.0017627659574468086,0.0020700000000000002,5.1000000000000006e-05,0.0035642105263157895,0.0005647368421052632,0.000991142857142857,0.0013207017543859648,0.0001903125,0.001724396551724138,0.000754,0.00012818181818181817,0.0016115384615384616,0.0007866666666666667,0.00045599999999999997,0.0010655102040816327,0.00113,0.0026848275862068967,0.0004936363636363635,0.000365,0.0010493548387096776,0.0008825,0.0003783333333333334,0.0,0.0006977777777777777,0.000969076923076923,0.0008533333333333333,0.0009521505376344087,0.00044842592592592596,0.003767657657657657,0.00019999999999999998,0.00101,0.003133333333333333,0.00027666666666666665,0.00021571428571428571,0.0004361038961038961,0.0017707142857142856,0.0025386290322580644,0.0,0.0008028571428571427,0.000839
9600,0.0014718666666666666,0.001363703703703704,0.002889166666666667,0.002527692307692308,0.0035291139240506315,0.0018171428571428572,0.0037472580645161293,0.0017984210526315794,0.0019149367088607595,0.00215125,0.004145308641975308,0.0009289795918367348,0.005727878787878788,0.0018537878787878788,0.0015757647058823527,0.00021958333333333335,0.0023725000000000005,0.00672620253164557,0.005971785714285713,0.0017630666666666665,0.0027661538461538466,0.0012557142857142858,0.003815466666666667,0.0016246666666666668,0.004148571428571429,0.000704,0.004125483870967743,0.0025022916666666666,0.010162588235294118,0.0019606451612903227,0.0008594666666666666,0.005479230769230769,0.04524923076923077,0.003019268292682927,0.002635555555555556,0.001863392857142857,0.0001625,0.00044090909090909093,3.27710843373494e-05,6.8125e-05,0.00023142857142857142,0.0015168085106382974,0.0009874999999999999,6.4e-05,0.0034205263157894733,0.0003873684210526316,0.0006348571428571427,0.0009482456140350878,0.00011875000000000001,0.001718965517241379,0.0005859999999999999,5.8181818181818185e-05,0.0013473076923076924,0.0005783333333333334,0.0003940000000000001,0.0006257142857142858,0.0007149999999999999,0.002209310344827586,8e-05,0.0,0.0008630107526881719,0.00085625,0.0,0.0,0.0003038888888888889,0.0008104615384615384,0.0004633333333333333,0.0005913978494623656,0.00015824074074074075,0.0033081081081081077,7.000000000000001e-05,0.0004566666666666667,0.0013966666666666667,0.00010833333333333333,0.00011,0.0002631168831168831,0.00204,0.0025523387096774196,0.0,0.0003581512605042017,0.000541
9700,0.0011152,0.001012222222222222,0.0018224999999999997,0.0021361538461538462,0.0027281012658227845,0.0015242857142857141,0.003112258064516129,0.0016627631578947366,0.0017388607594936711,0.00182875,0.0030424691358024694,0.0006912244897959183,0.003578181818181818,0.0018190909090909093,0.0012228235294117647,0.00014541666666666666,0.0019013095238095236,0.005831265822784809,0.004858928571428571,0.001615333333333333,0.0022055384615384615,0.0010201785714285714,0.0027207999999999998,0.0013283333333333333,0.0044961904761904765,0.000462,0.002532903225806452,0.0022485416666666665,0.00865435294117647,0.0017430645161290322,0.0010034666666666665,0.0057423076923076915,0.034940384615384616,0.0026256097560975614,0.0016116666666666666,0.0013575,0.00029671052631578945,0.0005281818181818182,5.168674698795181e-05,0.00013,0.00018,0.0016182978723404257,0.0012725,4.1e-05,0.002884210526315789,0.00047021052631578955,0.0006335714285714285,0.0011609649122807017,8.4375e-05,0.0014842241379310346,0.000476,4.909090909090909e-05,0.0013077692307692306,0.00061,0.000625,0.000996326530612245,0.0007,0.0020468965517241376,0.00014363636363636363,8e-05,0.0007641935483870968,0.00099875,0.00020333333333333333,0.0,0.00034777777777777774,0.0009216923076923076,0.0005566666666666667,0.0005725806451612903,0.0002729629629629629,0.002947387387387388,0.0001411111111111111,0.0004516666666666667,0.0021166666666666664,0.00010666666666666665,0.00013571428571428572,0.000382987012987013,0.0016085714285714286,0.0024174193548387097,0.0,0.0005319327731092438,0.000775
9800,0.0011006666666666667,0.001221851851851852,0.002245833333333333,0.0019263076923076922,0.0024164556962025315,0.0017885714285714289,0.002993225806451613,0.0016680263157894735,0.001419620253164557,0.0015093749999999999,0.0026276543209876545,0.0008148979591836734,0.0027918181818181813,0.0015983333333333336,0.0013245882352941178,0.00032583333333333336,0.0018642857142857146,0.004753291139240506,0.004056071428571428,0.0017838666666666666,0.0020898461538461535,0.001092142857142857,0.002810533333333333,0.0015066666666666666,0.004152380952380953,0.0005480000000000001,0.002239193548387096,0.0019352083333333333,0.007359058823529413,0.001605806451612903,0.0012766666666666666,0.0034853846153846155,0.04247769230769231,0.002658658536585366,0.0019883333333333333,0.001703392857142857,0.00017592105263157894,0.00046090909090909087,4.180722891566265e-05,0.000135625,0.00020857142857142857,0.001623404255319149,0.00115125,3.6e-05,0.003104736842105263,0.0003828421052631579,0.0006001428571428571,0.0010401754385964911,0.000186875,0.0014992241379310344,0.0008179999999999999,7e-05,0.001225,0.0005616666666666667,0.00044600000000000005,0.0009214285714285713,0.000795,0.001980344827586207,0.00014818181818181816,0.0001425,0.0007821505376344086,0.0008425,0.0001733333333333333,0.0002471428571428571,0.0003825,0.0008718461538461539,0.0006213333333333332,0.0006297849462365591,0.0003409259259259259,0.0032737837837837837,9.444444444444446e-05,0.0007799999999999999,0.00226,0.00027166666666666664,0.00016428571428571428,0.0003658441558441559,0.0018828571428571427,0.002650322580645162,0.0,0.0005158823529411765,0.0006720000000000001
9900,0.0020621333333333334,0.0018092592592592592,0.004400833333333334,0.004272153846153846,0.0035594936708860775,0.0020028571428571426,0.005075161290322581,0.002637631578947368,0.0026005063291139243,0.002755,0.005753827160493827,0.0013122448979591835,0.00575,0.0024051515151515155,0.001942941176470588,0.0003879166666666666,0.002992738095238095,0.008908607594936708,0.0058764285714285715,0.002440133333333333,0.0033650769230769233,0.0016555357142857146,0.0043956,0.0020216666666666664,0.004901746031746032,0.0008179999999999999,0.004436612903225808,0.003689166666666667,0.014123647058823529,0.0022770967741935484,0.0012346666666666667,0.007663461538461539,0.046704038461538464,0.004837439024390244,0.003083888888888889,0.0024848214285714287,0.0005621052631578947,0.001229090909090909,0.00013506024096385542,0.00043000000000000004,0.00030285714285714285,0.0032722340425531916,0.0031312500000000004,0.000344,0.005317894736842106,0.0011600000000000002,0.0013925714285714283,0.0019285964912280705,0.00055375,0.0026638793103448276,0.001382,0.0002881818181818182,0.001998153846153846,0.0007425000000000001,0.0007390000000000001,0.0011477551020408162,0.00141,0.0032755172413793097,0.0003881818181818182,0.00017,0.0016261290322580645,0.0018462499999999998,0.00061,0.0004342857142857143,0.0007541666666666667,0.001792153846153846,0.0011740000000000003,0.001314193548387097,0.0005480555555555555,0.006114054054054053,0.00035888888888888884,0.0014700000000000002,0.003023333333333333,0.0004133333333333334,0.0002185714285714286,0.0008396103896103894,0.003994999999999999,0.0034004032258064514,0.0,0.0008568067226890756,0.0011359999999999999
10000,0.0012258666666666667,0.0011274074074074073,0.0017658333333333334,0.0029756923076923077,0.002971012658227848,0.0016299999999999997,0.0036330645161290315,0.0014931578947368419,0.0015129113924050636,0.00191375,0.00346716049382716,0.0007551020408163267,0.0034848484848484847,0.001361818181818182,0.0014995294117647058,0.0003916666666666667,0.0018840476190476192,0.0055208860759493675,0.003467500000000001,0.0015597333333333332,0.0021504615384615386,0.0009416071428571428,0.0030718666666666662,0.0014703333333333333,0.003741269841269841,0.00066,0.0025370967741935486,0.0018883333333333332,0.007783882352941176,0.0015222580645161293,0.0012201333333333334,0.00478,0.0384751923076923,0.002793780487804878,0.0022138888888888885,0.0016558928571428573,0.0006186842105263159,0.0008700000000000002,8.867469879518071e-05,0.00036562499999999996,0.00022142857142857142,0.002068617021276596,0.00200875,0.000113,0.004369473684210526,0.0009376842105263156,0.0011949999999999999,0.0013151754385964914,0.00021875000000000003,0.0018156896551724138,0.0007900000000000001,0.00020818181818181819,0.0016695384615384617,0.0008066666666666666,0.000893,0.0010808163265306123,0.00109,0.002347931034482759,0.0002618181818181818,0.0002375,0.0008731182795698924,0.001425,0.0005033333333333334,0.0005357142857142857,0.0009738888888888892,0.001220153846153846,0.000858,0.0009940860215053764,0.00041444444444444444,0.0034683783783783784,0.00026000000000000003,0.0008749999999999999,0.00307,0.0004933333333333334,0.0002471428571428572,0.00038883116883116884,0.00225,0.0025816129032258067,0.0,0.0005628571428571428,0.001098
10100,0.0014462666666666664,0.0014944444444444443,0.002483333333333333,0.003345846153846154,0.0027269620253164563,0.0021285714285714285,0.004302096774193548,0.001803947368421053,0.0016146835443037976,0.0017368750000000001,0.003361481481481482,0.0010312244897959183,0.004017575757575758,0.0019084848484848488,0.0015092941176470588,0.0003529166666666667,0.0018879761904761904,0.008440506329113924,0.004047500000000001,0.0018102666666666668,0.0023806153846153842,0.001299642857142857,0.0032642666666666672,0.0013163333333333336,0.0035538095238095238,0.000852,0.002540806451612903,0.0029575,0.011525882352941177,0.0014670967741935484,0.0013329333333333333,0.004593076923076923,0.05623615384615385,0.004274512195121952,0.0021116666666666666,0.0020728571428571428,0.0004697368421052632,0.00079,8.55421686746988e-05,0.00036875,0.0003185714285714286,0.0025794680851063826,0.0024825,7.3e-05,0.0053894736842105264,0.0008331578947368421,0.0013244285714285715,0.0016054385964912278,0.00028281249999999997,0.002301810344827586,0.0006699999999999999,0.00017,0.0024436923076923073,0.0007574999999999999,0.000835,0.0010404081632653063,0.00105,0.003667586206896552,0.00044272727272727275,0.000285,0.0012835483870967741,0.00114875,0.00041,0.00027428571428571427,0.0008191666666666667,0.0013755384615384615,0.0010713333333333332,0.0009436559139784945,0.0004538888888888888,0.004278378378378378,0.0002844444444444444,0.0009583333333333333,0.0033133333333333335,0.00033,0.00035,0.00046038961038961034,0.0020028571428571426,0.0035861290322580647,3.125e-05,0.0007432773109243699,0.0010940000000000001
10200,0.0015318666666666665,0.001533703703703704,0.00244,0.0030135384615384616,0.0036741772151898736,0.0023042857142857144,0.0042696774193548385,0.0016215789473684212,0.0016882278481012657,0.002444375,0.0033419753086419745,0.0007869387755102041,0.004067575757575758,0.0018016666666666665,0.001815764705882353,0.00027958333333333334,0.0019749999999999998,0.006741772151898737,0.0036957142857142857,0.0016794666666666664,0.002434307692307692,0.0015060714285714284,0.0036796000000000008,0.001609666666666667,0.0040860317460317454,0.0010760000000000001,0.0024275806451612906,0.0026416666666666667,0.009535058823529412,0.0016877419354838707,0.0012048000000000002,0.004315384615384615,0.04440557692307693,0.0033336585365853666,0.0024100000000000007,0.00130125,0.00027407894736842104,0.00024636363636363636,4.144578313253012e-05,0.000280625,0.00010571428571428571,0.0018436170212765962,0.0009725000000000001,2.9999999999999997e-05,0.003214736842105263,0.000648842105263158,0.0010728571428571428,0.0012473684210526316,0.0001603125,0.0009899999999999998,0.00059,9.454545454545454e-05,0.0013308461538461538,0.0005283333333333333,0.0005650000000000001,0.0007159183673469387,0.001245,0.0021755172413793103,0.00015,0.000155,0.0008363440860215055,0.00104875,0.0002483333333333333,0.00024,0.00033694444444444445,0.0007639999999999999,0.0005666666666666667,0.0005859139784946237,0.0001840740740740741,0.00273144144144144,4.111111111111111e-05,0.000285,0.0016499999999999998,0.00027166666666666664,0.00011714285714285714,0.0002488311688311688,0.0013378571428571426,0.0020561290322580646,0.0,0.0003956302521008403,0.0008159999999999999
10300,0.0011894666666666667,0.0010014814814814817,0.00244,0.003053846153846154,0.0024996202531645576,0.0020371428571428576,0.002770645161290322,0.0018036842105263156,0.0013340506329113926,0.001999375,0.003131481481481481,0.0009891836734693877,0.0038906060606060605,0.0016640909090909091,0.001187529411764706,0.00015041666666666667,0.0017859523809523807,0.0057211392405063285,0.004403928571428571,0.001336266666666667,0.002152307692307692,0.0009944642857142856,0.003004933333333333,0.001258333333333333,0.003927936507936508,0.000724,0.0023453225806451612,0.0023427083333333334,0.007684470588235295,0.0016206451612903227,0.0012850666666666666,0.004778461538461539,0.04908115384615383,0.003724512195121952,0.00254,0.001842142857142857,0.000579078947368421,0.0005700000000000001,0.00010662650602409638,0.000258125,0.00034,0.0030134042553191503,0.00250875,6.3e-05,0.003907368421052632,0.0008250526315789473,0.001779714285714286,0.0014032456140350878,0.000245,0.0016100862068965515,0.0007939999999999999,0.0002181818181818182,0.0020623846153846157,0.0007941666666666667,0.000825,0.0013665306122448977,0.00109,0.0029303448275862067,0.00036,0.0004525,0.0016135483870967741,0.00173375,0.00044000000000000007,0.0008042857142857142,0.0009641666666666664,0.001580923076923077,0.0008573333333333334,0.001073225806451613,0.0005899074074074075,0.00384945945945946,0.0001622222222222222,0.0011099999999999999,0.0020000000000000005,0.00037000000000000005,0.00022571428571428571,0.0005122077922077923,0.00171,0.0026601612903225805,0.0,0.0008634453781512604,0.000926
10400,0.0013082666666666667,0.0011677777777777778,0.0030125,0.0032052307692307692,0.002692278481012658,0.0021042857142857144,0.0029532258064516132,0.0018652631578947372,0.0018110126582278482,0.001825625,0.0036381481481481477,0.0010016326530612244,0.003991212121212121,0.0020634848484848488,0.0014572941176470586,0.00041499999999999995,0.002244404761904762,0.005705316455696202,0.004240714285714286,0.002025733333333333,0.002814307692307692,0.0011350000000000002,0.0033339999999999997,0.0016560000000000004,0.004333968253968253,0.000834,0.002243709677419355,0.0026187499999999996,0.011541647058823528,0.002149838709677419,0.001792133333333333,0.005048461538461538,0.05244192307692308,0.0034821951219512195,0.002560555555555555,0.0018717857142857143,0.00034421052631578947,0.0007127272727272728,5.891566265060242e-05,0.000234375,0.00021142857142857142,0.0026401063829787235,0.00201,6.400000000000001e-05,0.004649473684210527,0.0007275789473684209,0.0014299999999999996,0.001554736842105263,0.00039,0.002049051724137931,0.000876,0.00013636363636363637,0.002445846153846154,0.0007816666666666666,0.0009289999999999999,0.0014751020408163265,0.0011,0.0031144827586206893,0.00035545454545454547,0.000425,0.0011601075268817202,0.00182875,0.000715,0.0,0.0008011111111111112,0.0014238461538461538,0.0009046666666666667,0.0009731182795698924,0.00045648148148148143,0.004387207207207208,0.00020555555555555553,0.0007816666666666666,0.0022366666666666663,0.00034,0.0002471428571428572,0.0005045454545454546,0.002041428571428571,0.003553790322580645,0.0,0.0007233613445378151,0.000933
10500,0.0013792,0.0010229629629629631,0.0018599999999999999,0.0032724615384615388,0.0036967088607594927,0.0024242857142857143,0.0031164516129032253,0.0017853947368421054,0.0018474683544303801,0.00165875,0.0022735802469135797,0.0007367346938775511,0.003731818181818182,0.0019825757575757576,0.0014869411764705882,0.00016125000000000002,0.0021097619047619046,0.006151139240506329,0.00405,0.0017896000000000001,0.002469230769230769,0.00108,0.0036168,0.0014293333333333337,0.00365920634920635,0.000722,0.002028870967741935,0.0027004166666666665,0.010381176470588236,0.0013879032258064515,0.0012142666666666666,0.003945384615384615,0.059431346153846154,0.0035298780487804876,0.0031811111111111116,0.0015046428571428572,0.00029144736842105263,0.00038727272727272726,2.9036144578313258e-05,0.000210625,0.00017285714285714287,0.0018941489361702123,0.00151625,6.7e-05,0.003187368421052632,0.0005612631578947369,0.0007118571428571429,0.0010742982456140352,0.000115,0.0016573275862068963,0.00045,4.545454545454546e-05,0.0013912307692307694,0.00047833333333333327,0.0006309999999999999,0.001070204081632653,0.00088,0.0023958620689655172,0.00016272727272727272,9.75e-05,0.0008175268817204301,0.000875,0.0002566666666666667,0.00026285714285714286,0.0006252777777777778,0.0010024615384615387,0.000666,0.0007073118279569892,0.0003084259259259259,0.0034702702702702703,4.888888888888889e-05,0.0005816666666666666,0.0017833333333333332,4.6666666666666665e-05,0.00013428571428571428,0.0002320779220779221,0.001639285714285714,0.0029800806451612907,0.0,0.00048714285714285716,0.0005580000000000001
10600,0.0013618666666666665,0.0010977777777777778,0.0024358333333333333,0.003158153846153846,0.0027039240506329114,0.00225,0.0036187096774193553,0.0020465789473684214,0.0017260759493670883,0.0022275000000000003,0.0031434567901234577,0.0010573469387755103,0.004125454545454545,0.0017686363636363635,0.0013998823529411764,0.00027666666666666665,0.002165,0.005627215189873417,0.004587857142857143,0.0017918666666666663,0.002250923076923077,0.0011557142857142857,0.0035098666666666663,0.0017603333333333336,0.003491904761904762,0.000642,0.002566612903225807,0.00244,0.011842,0.0018791935483870967,0.0013302666666666666,0.004521153846153846,0.0471876923076923,0.003398414634146342,0.002872222222222222,0.002509642857142857,0.00041618421052631583,0.0007390909090909091,5.7710843373493975e-05,0.000226875,0.00028571428571428574,0.0022709574468085104,0.00169,4.8e-05,0.003909999999999999,0.0009685263157894738,0.001129857142857143,0.0015593859649122807,0.0001846875,0.0022941379310344825,0.000634,0.00017,0.0017057692307692308,0.0007216666666666668,0.0005970000000000001,0.0011126530612244898,0.0006900000000000001,0.0038917241379310347,0.00021545454545454542,0.0,0.0012565591397849464,0.00103125,0.0003416666666666667,0.00043571428571428575,0.0006022222222222223,0.001362153846153846,0.0006926666666666666,0.0007506451612903225,0.0005009259259259259,0.0055238738738738755,0.0003244444444444444,0.0002783333333333333,0.00159,0.00022500000000000002,0.00015571428571428572,0.00043922077922077925,0.0023850000000000004,0.003780483870967742,0.0,0.0005727731092436975,0.0009550000000000001
10700,0.0016289333333333333,0.0014185185185185186,0.0029683333333333332,0.003790307692307692,0.0033782278481012664,0.003077142857142857,0.003914193548387098,0.002080131578947368,0.002049113924050633,0.0026650000000000003,0.004541481481481481,0.0014040816326530616,0.005563333333333333,0.002421515151515152,0.001525411764705882,0.0003333333333333333,0.0025353571428571426,0.006712531645569619,0.004796428571428571,0.0018626666666666666,0.0038203076923076923,0.0012183928571428573,0.0037418666666666676,0.0019749999999999993,0.004289206349206351,0.000516,0.003815322580645161,0.0031835416666666666,0.011415764705882353,0.002081451612903226,0.0015143999999999997,0.005343846153846154,0.043949615384615386,0.003683658536585366,0.003578333333333334,0.0021314285714285714,0.00044565789473684214,0.0006054545454545454,6.3855421686747e-05,0.00045,0.00038142857142857146,0.002719787234042553,0.0023575000000000002,5.599999999999999e-05,0.00506,0.0009564210526315787,0.0015240000000000002,0.0017232456140350875,0.0005809375,0.00220551724137931,0.000728,0.00023545454545454545,0.002193538461538461,0.0009291666666666667,0.0008660000000000001,0.0015561224489795918,0.001585,0.0031655172413793107,0.00023090909090909092,0.00054,0.0012168817204301074,0.00119875,0.0006733333333333334,0.0005014285714285714,0.0006172222222222222,0.0012829230769230771,0.0009040000000000002,0.0008383870967741935,0.0004693518518518518,0.004913063063063063,0.00035,0.0007033333333333333,0.003683333333333333,0.00036166666666666666,0.0002614285714285714,0.0004844155844155844,0.002332857142857143,0.0036764516129032254,0.0,0.0007712605042016807,0.001137
10800,0.0011170666666666669,0.001092962962962963,0.0024249999999999996,0.002789076923076923,0.0022400000000000002,0.0021785714285714286,0.002792741935483871,0.0018169736842105265,0.001620126582278481,0.002230625,0.003318518518518519,0.0008734693877551021,0.004706363636363636,0.00144,0.001105294117647059,0.00016166666666666668,0.0019586904761904763,0.005369493670886075,0.0043825,0.0013490666666666666,0.002289846153846154,0.0009135714285714285,0.0031269333333333333,0.0014106666666666666,0.004929047619047619,0.00043400000000000003,0.0028151612903225807,0.0023802083333333336,0.009570470588235297,0.0019088709677419359,0.0012,0.005023076923076923,0.031457692307692305,0.003132682926829268,0.0030161111111111113,0.0015612500000000001,0.0004646052631578948,0.0005545454545454545,0.00010156626506024096,0.0003825,0.0003585714285714286,0.0021785106382978727,0.0017312500000000001,0.00010500000000000002,0.0032184210526315787,0.0008449473684210525,0.0011224285714285717,0.0014536842105263158,0.0005003125,0.0016007758620689657,0.0008660000000000001,0.00011727272727272727,0.0016480769230769231,0.0006341666666666667,0.0008410000000000001,0.0009873469387755103,0.001475,0.002389310344827586,0.00025818181818181815,9.5e-05,0.0008588172043010752,0.00108375,0.0004983333333333334,0.0003885714285714286,0.0007280555555555555,0.0012746153846153847,0.0009019999999999999,0.0009390322580645162,0.0003665740740740741,0.003472342342342342,0.00047555555555555556,0.0008666666666666666,0.00215,0.000325,0.0002142857142857143,0.0005197402597402598,0.002369285714285714,0.002422741935483871,3.25e-05,0.0005518487394957983,0.000799
10900,0.0014441333333333334,0.0013555555555555556,0.0025341666666666668,0.0034033846153846154,0.0034291139240506326,0.0018571428571428571,0.003275967741935484,0.0018015789473684212,0.001989113924050633,0.0022024999999999996,0.002966543209876543,0.0009993877551020408,0.004803939393939394,0.0016928787878787881,0.0014317647058823529,0.00015333333333333334,0.002263571428571428,0.005119367088607596,0.004391428571428571,0.0015726666666666667,0.0021353846153846154,0.0010441071428571428,0.003202533333333333,0.001660333333333333,0.0038711111111111108,0.000656,0.003079193548387096,0.0025341666666666668,0.009062823529411767,0.0018293548387096775,0.0012218666666666664,0.005002692307692309,0.04089423076923077,0.003587317073170731,0.003012222222222222,0.0015441071428571426,0.0004457894736842106,0.00040727272727272726,6.795180722891567e-05,0.000261875,0.0001942857142857143,0.001953617021276596,0.00147875,8.8e-05,0.004183684210526315,0.0006986315789473682,0.0007687142857142857,0.0014125438596491228,0.000224375,0.0014781034482758623,0.0007719999999999999,8.09090909090909e-05,0.0014469230769230768,0.00057,0.000388,0.0008291836734693877,0.000605,0.00262,9e-05,0.0,0.0008661290322580646,0.0011737499999999999,0.0004583333333333333,0.00019285714285714286,0.0006908333333333333,0.000972923076923077,0.0006839999999999999,0.0008144086021505378,0.0002496296296296296,0.0036342342342342345,0.00012333333333333334,0.00029000000000000006,0.0024,0.00021500000000000002,0.00018857142857142857,0.0003118181818181818,0.0016957142857142854,0.003058467741935483,0.0,0.000352436974789916,0.0007289999999999999
11000,0.0012650666666666668,0.0011866666666666666,0.0030991666666666667,0.002771538461538462,0.0028501265822784808,0.0017514285714285717,0.0027935483870967746,0.0019530263157894738,0.001677215189873418,0.0020543749999999998,0.0033917283950617282,0.0011624489795918366,0.004181515151515151,0.0016489393939393938,0.0011024705882352942,0.00015208333333333336,0.0021007142857142856,0.006724303797468352,0.004468928571428571,0.0015052,0.0021335384615384615,0.0013101785714285715,0.0025388,0.0014416666666666668,0.0038450793650793643,0.001064,0.0028619354838709675,0.0036295833333333336,0.010914823529411763,0.0017743548387096774,0.0009422666666666666,0.005342692307692308,0.0404923076923077,0.0032863414634146343,0.0026644444444444445,0.0022610714285714287,0.00039894736842105265,0.0005663636363636364,0.00012072289156626506,0.000348125,0.0002642857142857143,0.002761808510638298,0.0019075,0.000126,0.0038473684210526314,0.0008390526315789473,0.0011154285714285715,0.0014337719298245612,0.0003759375,0.0017549137931034482,0.000806,0.0001690909090909091,0.0018438461538461536,0.0008291666666666667,0.0007580000000000001,0.0011606122448979592,0.0014449999999999999,0.002479310344827586,0.0003172727272727273,0.0004425,0.0008776344086021506,0.00110375,0.0006383333333333333,0.00047571428571428575,0.0009613888888888889,0.001222923076923077,0.0008726666666666668,0.000835698924731183,0.0005293518518518518,0.00452027027027027,0.0003433333333333333,0.0008233333333333334,0.0027566666666666664,0.0006266666666666666,0.00014428571428571428,0.0006502597402597403,0.002052857142857143,0.003141774193548387,0.0,0.0004904201680672269,0.00075
11100,0.0009674666666666668,0.0008862962962962963,0.002245833333333333,0.002336769230769231,0.0018644303797468351,0.0012985714285714287,0.002463709677419355,0.0016548684210526319,0.0015560759493670887,0.001539375,0.0025641975308641975,0.0008616326530612247,0.003601212121212121,0.001281969696969697,0.0009827058823529413,0.00019458333333333336,0.001794642857142857,0.004458734177215189,0.0036832142857142858,0.0013002666666666668,0.002147692307692308,0.0008491071428571428,0.0021689333333333337,0.001251666666666667,0.003088412698412699,0.0007220000000000001,0.002661290322580645,0.002473125,0.008813999999999999,0.001482741935483871,0.0009788,0.003798846153846153,0.04897096153846155,0.0027229268292682926,0.0025,0.001765357142857143,0.000634078947368421,0.0006654545454545456,6.566265060240964e-05,0.00039625,0.00031571428571428576,0.002283404255319149,0.0018787499999999998,0.000199,0.003699473684210526,0.0008474736842105263,0.0011405714285714287,0.0014710526315789472,0.0004075,0.0018507758620689657,0.000732,0.00019636363636363636,0.0015475384615384615,0.0005833333333333334,0.0008969999999999999,0.0012355102040816324,0.0011200000000000001,0.0026817241379310346,0.0003363636363636364,0.0001625,0.0008055913978494624,0.0014975,0.00046833333333333335,0.0006171428571428571,0.0008441666666666666,0.001150923076923077,0.0009839999999999998,0.0010555913978494624,0.0006271296296296296,0.0035571171171171175,0.00035777777777777777,0.00071,0.0032233333333333337,0.0005666666666666667,0.00017857142857142857,0.000556103896103896,0.0021428571428571434,0.002794435483870968,0.0,0.0006561344537815125,0.001059
11200,0.0012130666666666666,0.0009248148148148148,0.0021975000000000002,0.002933846153846154,0.0022113924050632915,0.0015271428571428573,0.0026687096774193546,0.0016139473684210525,0.0015449367088607598,0.00184375,0.0028509876543209877,0.000946938775510204,0.003785151515151515,0.0012007575757575757,0.001223058823529412,0.00019625000000000003,0.0018520238095238097,0.004851772151898735,0.004135714285714286,0.0014858666666666667,0.001847846153846154,0.0010280357142857142,0.002832533333333333,0.0013173333333333336,0.0031065079365079364,0.000462,0.0027293548387096766,0.0019983333333333333,0.007348941176470587,0.0011762903225806453,0.0011470666666666665,0.004130384615384616,0.0400125,0.00366609756097561,0.002702777777777778,0.0019008928571428569,0.0005261842105263157,0.0005845454545454546,0.00011855421686746988,0.00024,0.00028571428571428574,0.0031125531914893622,0.00184625,7.9e-05,0.0037542105263157896,0.0008543157894736844,0.0006342857142857143,0.0013317543859649125,0.0002496875,0.001810948275862069,0.00071,0.0001318181818181818,0.0014114615384615383,0.0008441666666666667,0.000519,0.0012220408163265304,0.0013349999999999998,0.002913103448275862,0.00022818181818181816,9.5e-05,0.0010691397849462365,0.0014762500000000001,0.0006050000000000001,0.0005757142857142856,0.0009630555555555555,0.0011764615384615383,0.0010513333333333334,0.0006608602150537634,0.0004233333333333335,0.0046250450450450445,0.00019999999999999998,0.0006466666666666666,0.0026633333333333335,0.00025666666666666665,0.00019,0.0005251948051948051,0.0022035714285714284,0.003054435483870968,0.0,0.0004157142857142857,0.000746
11300,0.0010841333333333335,0.0010203703703703703,0.0019266666666666668,0.002843692307692308,0.002725443037974684,0.002335714285714285,0.0035375806451612914,0.0014774999999999999,0.0015956962025316457,0.00218875,0.003590987654320988,0.000966734693877551,0.003618181818181818,0.001565909090909091,0.0013520000000000001,0.00032541666666666667,0.0019788095238095237,0.005382658227848101,0.0040521428571428575,0.0015485333333333335,0.0023732307692307694,0.001034642857142857,0.0029738666666666667,0.0017786666666666667,0.0036760317460317457,0.0007779999999999999,0.0028451612903225808,0.002667708333333333,0.008452000000000001,0.0020096774193548387,0.0013509333333333333,0.0049642307692307685,0.034410384615384614,0.002977926829268292,0.0030294444444444444,0.0013298214285714285,0.0007463157894736842,0.0005381818181818182,0.00020650602409638558,0.000199375,0.00039000000000000005,0.0022643617021276597,0.00183375,7.7e-05,0.002678947368421053,0.0008338947368421051,0.0010375714285714287,0.000982719298245614,0.0001715625,0.0011990517241379313,0.000632,8.545454545454546e-05,0.0013720000000000002,0.0007866666666666667,0.000799,0.0010936734693877549,0.00083,0.002126551724137931,0.00015,0.0001075,0.0007910752688172044,0.00117125,0.0005200000000000001,0.0005742857142857144,0.0010133333333333333,0.0009607692307692308,0.0009460000000000001,0.0006054838709677418,0.0002986111111111111,0.002897297297297297,0.0002788888888888889,0.00029,0.0029066666666666668,0.0002883333333333333,0.00021999999999999998,0.0003610389610389611,0.0017842857142857142,0.0022774193548387093,0.0,0.0003745378151260504,0.0006240000000000001
11400,0.0013471999999999998,0.0011985185185185185,0.0021283333333333336,0.0033289230769230765,0.0028070886075949363,0.0019771428571428574,0.0035516129032258066,0.0016792105263157896,0.0016451898734177216,0.00273625,0.00311320987654321,0.0008430612244897959,0.004476060606060607,0.0016428787878787878,0.0015616470588235298,0.00024375000000000002,0.0022997619047619043,0.006404556962025316,0.005290357142857143,0.001783466666666667,0.002503076923076923,0.0013714285714285716,0.003204666666666667,0.0015763333333333334,0.0039382539682539675,0.0006219999999999999,0.002999999999999999,0.0029727083333333337,0.008421882352941177,0.0016711290322580644,0.0009653333333333335,0.004164615384615385,0.03891211538461538,0.0028348780487804878,0.0025761111111111106,0.00134875,0.0003997368421052631,0.0004954545454545455,6.216867469879517e-05,0.00027875,0.00020857142857142857,0.002353936170212766,0.0013137500000000002,3.3e-05,0.003084210526315789,0.0006745263157894736,0.001116714285714286,0.0010255263157894737,0.00022124999999999998,0.001214396551724138,0.000522,6.181818181818182e-05,0.0012736153846153845,0.0006450000000000001,0.000542,0.0008012244897959182,0.00102,0.0021437931034482753,0.0001381818181818182,7.5e-05,0.0009580645161290321,0.00101,0.00056,0.0,0.0005577777777777778,0.0008783076923076922,0.00054,0.0008126881720430107,0.0002201851851851852,0.0033235135135135127,6.333333333333333e-05,0.0002133333333333333,0.0038933333333333333,0.00020666666666666666,0.00017285714285714284,0.0004206493506493507,0.0013178571428571428,0.0023764516129032263,0.0,0.00036655462184873955,0.0007030000000000001
11500,0.0014014666666666666,0.0011588888888888888,0.002554166666666667,0.004080461538461539,0.0025492405063291135,0.0018985714285714287,0.003816129032258064,0.0023736842105263156,0.002390379746835444,0.0023487499999999997,0.003971111111111111,0.0013012244897959184,0.005702727272727272,0.0021572727272727273,0.0015474117647058824,0.000245,0.002516666666666666,0.006697721518987341,0.0061542857142857154,0.0018658666666666668,0.0030012307692307695,0.0011103571428571427,0.0035637333333333326,0.0016573333333333334,0.00400968253968254,0.0006479999999999999,0.004438709677419357,0.003061875,0.009814588235294118,0.002246935483870968,0.0012001333333333335,0.004531538461538462,0.05758884615384616,0.003964878048780488,0.0030927777777777776,0.00265125,0.00041934210526315785,0.0007663636363636363,0.00011373493975903615,0.000424375,0.0003328571428571429,0.0030836170212765954,0.00221875,0.00011,0.005808421052631579,0.0009030526315789475,0.0016668571428571429,0.001988157894736842,0.0007396875,0.0021517241379310345,0.0007740000000000001,0.00016545454545454545,0.002073,0.0008058333333333333,0.0009260000000000001,0.001303265306122449,0.0012000000000000001,0.0031510344827586213,0.0004318181818181818,0.0003625,0.0014298924731182795,0.00179875,0.0006766666666666667,0.00108,0.0008725,0.0014853846153846152,0.001388666666666667,0.0011080645161290323,0.000483425925925926,0.004638468468468469,0.0004055555555555555,0.0006733333333333334,0.0031633333333333335,0.0007683333333333332,0.00020285714285714286,0.0007550649350649352,0.003157857142857143,0.0035837903225806452,4.375e-05,0.0009443697478991597,0.0010630000000000001
11600,0.0015112,0.0011596296296296298,0.002721666666666666,0.0035398461538461534,0.003197594936708861,0.0022214285714285712,0.004072903225806452,0.002251184210526316,0.0023541772151898736,0.0025543750000000002,0.004340617283950617,0.0010957142857142858,0.005065454545454546,0.0019324242424242427,0.0016089411764705884,0.00029833333333333334,0.0025935714285714286,0.007246075949367088,0.006333928571428573,0.0016833333333333333,0.002781692307692308,0.0013525,0.0037177333333333336,0.0019996666666666665,0.004357777777777778,0.00086,0.004407741935483871,0.0032477083333333333,0.010641882352941176,0.002153870967741935,0.0008441333333333334,0.004657692307692308,0.04213269230769231,0.004128536585365853,0.002841666666666667,0.0018117857142857141,0.00042315789473684214,0.0006018181818181818,9.867469879518072e-05,0.00019625,0.0005571428571428571,0.0032354255319148933,0.00124125,3.3e-05,0.003876315789473684,0.0011853684210526316,0.0013405714285714284,0.0019066666666666668,0.000305625,0.002072155172413793,0.00101,9.272727272727274e-05,0.0013656153846153848,0.0009716666666666667,0.0012689999999999997,0.0011116326530612244,0.00182,0.003463448275862069,0.00025272727272727274,0.00047,0.0015889247311827958,0.0015912500000000002,0.00044666666666666666,0.0005128571428571429,0.0004275000000000001,0.0010941538461538463,0.0012026666666666668,0.0008150537634408602,0.0003523148148148148,0.00598927927927928,0.0003177777777777778,0.00026,0.0039366666666666664,0.00027,0.00023857142857142857,0.0006516883116883118,0.0024249999999999996,0.0038389516129032257,0.0,0.00045403361344537816,0.0010370000000000002
11700,0.0010459999999999998,0.0007596296296296296,0.0017625000000000002,0.0024224615384615383,0.001901139240506329,0.00166,0.002445161290322581,0.001445263157894737,0.0014788607594936709,0.0019343750000000001,0.003402716049382716,0.0007865306122448979,0.0038927272727272725,0.0013322727272727275,0.001106941176470588,9.583333333333334e-05,0.0015166666666666668,0.00567379746835443,0.004443928571428572,0.0012313333333333332,0.002409692307692308,0.0008608928571428572,0.0021098666666666665,0.0012466666666666665,0.003402222222222222,0.00046,0.0028909677419354843,0.002633958333333333,0.007388823529411766,0.0017238709677419354,0.0007386666666666667,0.0032038461538461543,0.028625961538461538,0.002735243902439024,0.0016566666666666665,0.0012150000000000002,0.0003153947368421052,0.00040545454545454543,3.9277108433734936e-05,0.00017875,0.00015428571428571428,0.0021698936170212765,0.00070375,3.5e-05,0.0033494736842105263,0.000666421052631579,0.0010910000000000002,0.0012342105263157895,0.0002046875,0.001293362068965517,0.000386,8.363636363636364e-05,0.0011067692307692308,0.00047333333333333326,0.000718,0.0006275510204081633,0.00119,0.0021458620689655174,0.00014,0.00012,0.0008067741935483871,0.0011025000000000002,0.00028166666666666666,0.00040285714285714285,0.000335,0.0006575384615384617,0.0007053333333333334,0.0005832258064516129,0.00014768518518518519,0.0034346846846846843,0.00019999999999999998,0.00024333333333333333,0.0018666666666666669,0.00020333333333333333,0.00013285714285714287,0.0003784415584415584,0.0012971428571428572,0.002435483870967742,0.0,0.00031210084033613444,0.0009519999999999999
11800,0.0018653333333333332,0.002195185185185185,0.002911666666666667,0.0025810769230769233,0.002303544303797468,0.0032228571428571423,0.003998548387096774,0.002283947368421053,0.003120126582278481,0.003324375,0.008231851851851853,0.0016193877551020407,0.006423939393939394,0.0027965151515151523,0.0021714117647058826,0.0015395833333333336,0.0027582142857142853,0.009335189873417723,0.0064171428571428565,0.0023994666666666666,0.002728461538461538,0.0017332142857142858,0.0041896,0.002112,0.0056798412698412706,0.001472,0.006646451612903225,0.004360625000000001,0.010408352941176471,0.00373983870967742,0.0012988000000000001,0.004385384615384615,0.03482038461538462,0.0035290243902439023,0.0022544444444444448,0.0021869642857142856,0.000591578947368421,0.0006872727272727272,0.0005534939759036143,0.00101375,0.0006499999999999999,0.002498404255319149,0.00147875,0.000291,0.0023157894736842103,0.0012206315789473684,0.002209571428571429,0.0018873684210526315,0.00111,0.002748362068965517,0.001024,0.0005136363636363637,0.0020776923076923077,0.0011708333333333332,0.000826,0.0012887755102040815,0.003765,0.0034982758620689656,0.00048818181818181816,0.0005924999999999999,0.001380967741935484,0.00287125,0.0010016666666666668,0.00075,0.0009388888888888888,0.0015964615384615388,0.001764666666666667,0.0014770967741935487,0.0011649999999999998,0.004601441441441441,0.0011066666666666666,0.0012633333333333333,0.00174,0.0008749999999999999,0.00030285714285714285,0.0012815584415584414,0.00201,0.0038829032258064517,0.00028625,0.0011115126050420165,0.0027249999999999996
11900,0.0012514666666666669,0.0011955555555555556,0.0025658333333333336,0.003028615384615385,0.0022099999999999997,0.0019371428571428571,0.0037711290322580645,0.001981052631578947,0.002021139240506329,0.002286875,0.0041244444444444445,0.0011214285714285714,0.005086666666666667,0.0016833333333333333,0.0013397647058823528,0.0002495833333333333,0.002115,0.007919367088607594,0.005278214285714286,0.0016904,0.0035476923076923077,0.0010030357142857143,0.0032459999999999998,0.001740666666666667,0.004172698412698413,0.000488,0.0038106451612903223,0.0029960416666666664,0.013319882352941176,0.0019720967741935483,0.0008934666666666666,0.0054446153846153846,0.056441730769230765,0.004034878048780487,0.0038922222222222227,0.002001785714285714,0.0005255263157894737,0.0007381818181818183,0.0001091566265060241,0.00025875,0.0003642857142857143,0.0027819148936170227,0.0012649999999999998,8.7e-05,0.004426315789473684,0.0009255789473684208,0.0011455714285714285,0.0018177192982456142,0.00023406249999999998,0.0019213793103448277,0.0008160000000000001,0.00015727272727272728,0.0015718461538461537,0.0009050000000000001,0.000915,0.0010591836734693877,0.0013800000000000002,0.0032355172413793096,0.0003509090909090909,0.0,0.0013477419354838707,0.00138125,0.00043000000000000004,0.0004657142857142857,0.0006902777777777779,0.001079076923076923,0.0011033333333333333,0.0009583870967741936,0.0003496296296296296,0.004375045045045044,0.00020777777777777776,0.00046166666666666665,0.00272,0.0003316666666666667,0.0007385714285714285,0.0005192207792207792,0.002252857142857143,0.003348951612903226,3.625e-05,0.0005680672268907563,0.0010320000000000001
12000,0.0014484,0.0013222222222222222,0.002820833333333333,0.0033578461538461535,0.0026237974683544305,0.0025771428571428573,0.002934354838709677,0.0019292105263157896,0.0019136708860759495,0.00258625,0.0039002469135802466,0.0010516326530612245,0.004732121212121212,0.0018419696969696967,0.0016661176470588231,0.0004229166666666667,0.002215952380952381,0.0069018987341772165,0.005132142857142857,0.0021706666666666667,0.0028409230769230773,0.0010960714285714287,0.003300933333333333,0.0023046666666666662,0.0045595238095238085,0.00040999999999999994,0.0034648387096774197,0.0028918750000000003,0.010444705882352941,0.0020238709677419353,0.0009122666666666668,0.006678461538461539,0.04749307692307693,0.003731951219512196,0.0028961111111111115,0.0020835714285714286,0.0005032894736842105,0.0007581818181818182,7.759036144578314e-05,0.0002575,0.0002471428571428572,0.002982340425531914,0.00136125,4.7e-05,0.003925263157894737,0.0008856842105263158,0.0008317142857142858,0.001388157894736842,0.000250625,0.0019242241379310344,0.00074,0.00011454545454545455,0.00148,0.0007558333333333333,0.000815,0.0009312244897959183,0.00061,0.00320448275862069,0.00040909090909090913,9.75e-05,0.0013234408602150536,0.0014287500000000001,0.00031999999999999997,0.0004957142857142857,0.0005369444444444445,0.0009904615384615384,0.0008293333333333333,0.0007693548387096774,0.00027249999999999996,0.004132432432432432,0.00022666666666666668,0.00027,0.002333333333333333,0.00020333333333333333,0.00047714285714285713,0.0004624675324675325,0.0018757142857142861,0.0032868548387096773,0.0,0.00047033613445378146,0.000954
12100,0.0014132,0.0012255555555555553,0.002209166666666667,0.0034364615384615384,0.0033663291139240507,0.0020357142857142857,0.0034324193548387096,0.0019222368421052635,0.002250632911392405,0.002585625,0.005568641975308641,0.0010753061224489796,0.0036121212121212123,0.0021500000000000004,0.0017703529411764705,0.00021541666666666668,0.002275,0.007572784810126583,0.004780357142857143,0.002018666666666667,0.002585538461538461,0.0013042857142857142,0.0033772000000000003,0.0022360000000000006,0.004506666666666666,0.000544,0.004053064516129031,0.002835625,0.00980705882352941,0.002289677419354839,0.0013804,0.006690384615384616,0.06419673076923077,0.003623170731707317,0.003998333333333334,0.0023175,0.0006585526315789473,0.0008199999999999999,0.00011662650602409638,0.00033375,0.00045142857142857143,0.00309,0.0017487499999999999,0.000101,0.004296315789473683,0.0008045263157894736,0.001231,0.0017274561403508772,0.0004190625,0.002043534482758621,0.000904,0.0001863636363636364,0.0013059999999999999,0.0010541666666666666,0.001259,0.0009279591836734693,0.000995,0.003213793103448276,0.0003027272727272727,0.00011,0.0013107526881720429,0.001555,0.0005833333333333334,0.0005757142857142858,0.0009219444444444445,0.0010749230769230773,0.0012066666666666669,0.0009154838709677419,0.0003081481481481481,0.004309459459459459,0.00024555555555555556,0.0006716666666666667,0.0022866666666666664,0.00036666666666666667,0.00031142857142857144,0.0006027272727272727,0.0019257142857142858,0.00341508064516129,3.25e-05,0.0004292436974789916,0.0009380000000000001
12200,0.0011298666666666665,0.001238888888888889,0.002835833333333334,0.002772,0.002924430379746836,0.0014985714285714285,0.004299516129032259,0.0023503947368421056,0.002556835443037974,0.0024324999999999998,0.004702098765432099,0.0008324489795918367,0.004878484848484849,0.0024966666666666674,0.001733882352941176,0.00016708333333333332,0.002320952380952381,0.008424177215189874,0.005663214285714285,0.002003333333333333,0.004026769230769231,0.0011639285714285714,0.004001333333333333,0.0021060000000000007,0.004435873015873016,0.00066,0.004701774193548387,0.0035045833333333335,0.015763647058823528,0.002511612903225807,0.0011462666666666667,0.0069461538461538476,0.06090115384615384,0.003865487804878048,0.0032866666666666665,0.002394821428571429,0.00045960526315789476,0.0005736363636363637,5.879518072289156e-05,0.00011937499999999999,0.00022714285714285713,0.0031574468085106386,0.001955,3.8e-05,0.004452631578947368,0.000867894736842105,0.0010522857142857146,0.0015976315789473683,0.00017375,0.002459913793103448,0.0008920000000000001,0.0001081818181818182,0.0017487692307692308,0.0005825,0.000787,0.0008542857142857143,0.0007800000000000001,0.003011034482758621,0.00028,0.0,0.0014515053763440864,0.0014525,0.0003,0.0005014285714285714,0.0006030555555555556,0.0015512307692307692,0.0010019999999999999,0.0009403225806451612,0.0002061111111111111,0.005761441441441439,0.00014444444444444444,0.00028166666666666666,0.0022333333333333333,0.00020333333333333333,0.00023285714285714286,0.0004903896103896104,0.002138571428571428,0.0035618548387096774,0.0,0.0004274789915966387,0.000963
12300,0.0011976,0.0012592592592592594,0.002203333333333333,0.0023838461538461535,0.0022184810126582278,0.0013457142857142858,0.0032477419354838715,0.0014514473684210528,0.001615949367088608,0.0018262500000000002,0.0033551851851851854,0.0005034693877551021,0.004588181818181818,0.0016284848484848485,0.0012456470588235295,0.00011041666666666665,0.0020586904761904765,0.006680379746835445,0.004615714285714285,0.0017106666666666665,0.002325230769230769,0.0009441071428571429,0.0028682666666666663,0.0015110000000000004,0.0030639682539682542,0.000576,0.0033545161290322576,0.003207291666666667,0.010816470588235295,0.0015061290322580644,0.0009110666666666667,0.004713076923076923,0.052720384615384606,0.003110487804878049,0.002670555555555556,0.0018401785714285714,0.0005305263157894736,0.0006136363636363636,5.927710843373495e-05,0.000239375,0.0002814285714285714,0.0022727659574468084,0.0012212500000000001,3.6e-05,0.003996842105263158,0.0006961052631578947,0.0008139999999999999,0.00129140350877193,0.00015375,0.0017543965517241378,0.000682,7.545454545454545e-05,0.0015026153846153848,0.0005833333333333334,0.0007719999999999999,0.0006153061224489797,0.000755,0.0028379310344827592,0.0001863636363636364,0.0,0.0011648387096774193,0.0008699999999999999,0.00018499999999999997,0.00021714285714285713,0.0004358333333333333,0.0011286153846153848,0.0006733333333333333,0.0006366666666666667,0.0001840740740740741,0.004333963963963964,6e-05,0.00029000000000000006,0.0014999999999999998,0.00018833333333333332,0.00024142857142857145,0.00026844155844155847,0.0014114285714285715,0.0035965322580645163,0.0,0.0003902521008403361,0.000668
12400,0.0009577333333333333,0.0008922222222222222,0.0020366666666666662,0.0024047692307692303,0.0020218987341772145,0.0008657142857142857,0.002435,0.0012851315789473685,0.0013206329113924049,0.0013831249999999998,0.0023881481481481484,0.00047612244897959183,0.00273030303030303,0.0015077272727272728,0.0010295294117647058,0.00012749999999999998,0.0016608333333333332,0.005277594936708861,0.0031678571428571433,0.0011854666666666666,0.0016926153846153844,0.0008117857142857143,0.0020945333333333336,0.0012446666666666667,0.0025696825396825398,0.00033600000000000004,0.0018975806451612903,0.0022391666666666666,0.007884352941176469,0.0012664516129032258,0.0009777333333333333,0.003606923076923077,0.03035384615384615,0.0023007317073170733,0.002456111111111111,0.00118875,0.00025328947368421053,0.0004281818181818182,1.9397590361445782e-05,0.00016625,0.00019142857142857142,0.001961170212765957,0.00134,2.4e-05,0.0029215789473684213,0.0005636842105263158,0.000732,0.0009442105263157895,6.625e-05,0.0012167241379310346,0.0005459999999999999,5.363636363636364e-05,0.0009643846153846152,0.0002775,0.000643,0.0005161224489795919,0.000515,0.002075172413793103,0.00016909090909090907,0.0,0.000945483870967742,0.00095875,0.00023166666666666667,0.00018857142857142857,0.0004011111111111111,0.0008258461538461537,0.00043066666666666665,0.0005443010752688172,0.00013083333333333336,0.0035153153153153153,0.00013111111111111111,0.00011666666666666667,0.0023933333333333333,0.00034333333333333335,0.00020857142857142857,0.0002255844155844156,0.0013514285714285713,0.0025037903225806455,0.0,0.0002690756302521008,0.0005129999999999999
12500,0.0014004000000000002,0.001441481481481482,0.0037408333333333326,0.002599384615384616,0.0032225316455696197,0.0019757142857142855,0.002993387096774194,0.0020748684210526317,0.002429113924050633,0.002770625,0.004469753086419752,0.001003265306122449,0.004844848484848485,0.0023381818181818182,0.0016245882352941175,0.00039916666666666665,0.0025557142857142857,0.00662,0.0053725000000000005,0.001940933333333333,0.002692769230769231,0.00132125,0.0035082666666666654,0.002218666666666667,0.004304761904761904,0.000754,0.0038512903225806456,0.0036452083333333336,0.010291529411764706,0.0021501612903225813,0.0011222666666666666,0.007121923076923077,0.03432942307692308,0.002846463414634146,0.0023861111111111114,0.0023623214285714285,0.0003055263157894737,0.0010263636363636365,3.9638554216867476e-05,0.000451875,0.0003928571428571428,0.001937127659574468,0.0016625,9.9e-05,0.003686842105263158,0.0006132631578947367,0.0011065714285714288,0.001734122807017544,0.000171875,0.0018579310344827588,0.0007180000000000001,0.00013545454545454546,0.0019270000000000001,0.00044833333333333335,0.0006459999999999999,0.0008816326530612244,0.00067,0.002817586206896552,0.00023545454545454545,0.0001425,0.0012353763440860214,0.00114375,0.0003733333333333334,0.00032857142857142856,0.0006811111111111111,0.0011816923076923076,0.0009299999999999999,0.0012294623655913976,0.00041777777777777777,0.003616396396396397,6.666666666666666e-05,0.0006549999999999999,0.00166,0.00036333333333333335,0.0003728571428571428,0.0004505194805194805,0.0017614285714285711,0.0035154838709677417,4.125e-05,0.0006199159663865545,0.0009379999999999999
12600,0.0013714666666666665,0.0012429629629629629,0.00267,0.0030546153846153852,0.0027427848101265824,0.0017142857142857144,0.003035806451612903,0.0019419736842105264,0.002093164556962025,0.001953125,0.0032520987654320994,0.0008589795918367347,0.004212121212121212,0.002010909090909091,0.001271529411764706,0.00031291666666666664,0.002243095238095238,0.004937848101265823,0.004998928571428572,0.0017373333333333338,0.0026855384615384614,0.0009341071428571428,0.0029913333333333333,0.0017833333333333334,0.0033622222222222226,0.000608,0.003416935483870968,0.0021025,0.008881882352941177,0.002020645161290322,0.0007998666666666667,0.004350384615384615,0.04248480769230768,0.0032257317073170733,0.003111111111111111,0.0023219642857142857,0.0003561842105263158,0.0008836363636363636,6.301204819277109e-05,0.00037687500000000004,0.0003785714285714286,0.002693404255319149,0.00133125,0.000107,0.003887368421052631,0.000893578947368421,0.0012408571428571427,0.0016374561403508774,0.00022656249999999998,0.0017255172413793106,0.0010719999999999998,0.0001390909090909091,0.0019018461538461537,0.0008508333333333333,0.000651,0.0010304081632653062,0.001095,0.0027213793103448274,0.00029636363636363633,0.0001925,0.0014993548387096773,0.00123625,0.0004083333333333333,0.0003257142857142857,0.00051,0.0011769230769230767,0.0008946666666666667,0.00106752688172043,0.0003372222222222223,0.003806126126126126,0.0001411111111111111,0.0006433333333333333,0.00218,0.00051,0.00029857142857142853,0.00044025974025974025,0.0017707142857142858,0.0034506451612903227,5e-05,0.0006305882352941177,0.000792
12700,0.0015016,0.0015807407407407408,0.0028199999999999996,0.0029541538461538455,0.0029765822784810127,0.0017399999999999998,0.003715161290322581,0.002165131578947368,0.002392405063291139,0.00276375,0.006022716049382715,0.0011467346938775509,0.004736969696969698,0.0022615151515151515,0.0016612941176470586,0.0005533333333333333,0.002893214285714286,0.00621,0.0055000000000000005,0.0021929333333333334,0.0026869230769230768,0.0014042857142857143,0.0035829333333333335,0.0022066666666666662,0.004145079365079365,0.00067,0.004776290322580644,0.0032135416666666666,0.011692823529411766,0.0024500000000000004,0.001252933333333333,0.006313076923076923,0.04074788461538462,0.003300975609756098,0.004160555555555555,0.0019350000000000003,0.00046052631578947373,0.00072,0.00012228915662650604,0.0003025,0.00034,0.002472021276595745,0.0013425,3.4e-05,0.0039036842105263157,0.0007450526315789472,0.0009971428571428572,0.0019532456140350877,0.0002546875,0.0016488793103448275,0.0008320000000000001,0.00011000000000000002,0.0013893076923076923,0.0007025,0.0006010000000000001,0.0007751020408163266,0.001005,0.002883448275862069,0.00021000000000000004,0.0002575,0.0013892473118279568,0.0011562500000000002,0.000405,0.0003971428571428572,0.0005597222222222223,0.0010289230769230768,0.0007953333333333332,0.0008005376344086025,0.00020064814814814812,0.004200450450450449,7.000000000000001e-05,0.0002466666666666667,0.001983333333333333,0.00041,0.0003014285714285714,0.0005341558441558441,0.001625,0.003378306451612903,0.0,0.0005068067226890756,0.000856
12800,0.0012042666666666664,0.001105185185185185,0.0021033333333333334,0.0028344615384615383,0.002470126582278481,0.0018214285714285715,0.0029400000000000003,0.0016605263157894738,0.0017862025316455693,0.001585625,0.0027943209876543206,0.0008146938775510205,0.0033360606060606063,0.0015819696969696967,0.0014201176470588234,0.0005308333333333334,0.002236785714285714,0.006157974683544304,0.0047489285714285715,0.0018616,0.0021072307692307692,0.0011478571428571427,0.0025176,0.0018336666666666668,0.0025438095238095237,0.000532,0.0034001612903225807,0.002191875,0.010508588235294119,0.001246290322580645,0.0009606666666666667,0.0038273076923076924,0.03824346153846154,0.0037712195121951215,0.003057222222222222,0.0016414285714285715,0.0002811842105263158,0.0006827272727272727,8.216867469879518e-05,0.00023125,0.00026,0.003515106382978724,0.002175,6.7e-05,0.004613684210526315,0.0007028421052631577,0.0010392857142857142,0.0019640350877192982,0.00016062500000000001,0.001992155172413793,0.000734,0.00010181818181818181,0.0015551538461538459,0.00046999999999999993,0.0005949999999999999,0.0009567346938775511,0.001255,0.0031165517241379314,0.0002918181818181818,0.0,0.0011574193548387097,0.0012299999999999998,0.00027333333333333333,0.0004871428571428571,0.000601111111111111,0.0010753846153846154,0.0007073333333333334,0.0006936559139784947,0.00022435185185185186,0.005661531531531532,0.00018777777777777776,0.000245,0.0025933333333333333,0.00027,0.00016714285714285716,0.00041428571428571426,0.00204,0.003944596774193548,0.0,0.00041,0.000699
12900,0.0010489333333333333,0.0011214814814814815,0.0020933333333333338,0.002514,0.002403670886075949,0.0019914285714285715,0.002786612903225806,0.00153,0.0016489873417721522,0.00192875,0.0030088888888888886,0.0007893877551020407,0.002972424242424243,0.0017575757575757577,0.0011665882352941176,0.00021375,0.0018175000000000003,0.004539746835443038,0.003805,0.0016129333333333334,0.002332153846153846,0.0008601785714285714,0.002916933333333333,0.001763,0.003728571428571429,0.000602,0.002446290322580645,0.002527291666666667,0.00814894117647059,0.0019156451612903226,0.0011934666666666668,0.0045626923076923075,0.03693076923076923,0.0026223170731707315,0.002786111111111111,0.0013223214285714286,0.00033539473684210527,0.0005854545454545455,9.012048192771084e-05,0.000286875,0.0002585714285714286,0.0024022340425531915,0.0012850000000000001,6.2e-05,0.0036021052631578948,0.0005741052631578948,0.0009858571428571427,0.001270438596491228,0.000295625,0.001370431034482759,0.000454,5.363636363636364e-05,0.001354076923076923,0.00040083333333333334,0.0006280000000000001,0.000656530612244898,0.001415,0.002087241379310345,0.00017272727272727272,8.75e-05,0.0008469892473118278,0.00107375,0.000345,0.00034142857142857146,0.0006688888888888889,0.0008449230769230769,0.0009706666666666667,0.0007888172043010752,0.00015444444444444444,0.0033414414414414417,4.4444444444444447e-05,0.00022166666666666667,0.0017266666666666665,0.00032333333333333335,0.00012857142857142858,0.0004259740259740259,0.0013285714285714287,0.0027099193548387095,5.25e-05,0.0004023529411764705,0.000839
13000,0.0009816,0.0010896296296296296,0.0019608333333333335,0.0020764615384615387,0.002107088607594937,0.001977142857142857,0.0028283870967741936,0.0016035526315789472,0.0017330379746835448,0.0016950000000000001,0.0029254320987654324,0.0009816326530612245,0.003258787878787879,0.0017034848484848485,0.0013252941176470586,0.0002904166666666667,0.0019308333333333334,0.005011392405063292,0.00472,0.001374,0.002142,0.0010308928571428572,0.002763333333333333,0.0014763333333333334,0.0026834920634920636,0.000528,0.0027120967741935485,0.0022691666666666663,0.00825435294117647,0.0016161290322580647,0.001046,0.0036303846153846156,0.028409038461538465,0.002677560975609756,0.002668888888888889,0.001285892857142857,0.00022144736842105264,0.0006890909090909091,6.759036144578313e-05,0.00015624999999999998,0.00023142857142857142,0.001729148936170213,0.001445,3.9e-05,0.00276,0.0004909473684210527,0.0006875714285714287,0.0012260526315789474,0.00028625000000000005,0.0012366379310344826,0.000366,4.636363636363637e-05,0.0011515384615384614,0.0002716666666666667,0.000442,0.0004030612244897959,0.00086,0.0020555172413793104,0.00015636363636363637,0.0,0.0007512903225806452,0.0011025000000000002,0.00012666666666666666,0.00033714285714285714,0.00039250000000000005,0.0006216923076923077,0.0005413333333333333,0.0004931182795698924,0.00012527777777777778,0.0026893693693693693,6e-05,0.00011333333333333334,0.00211,0.00028000000000000003,0.00014,0.00034623376623376626,0.0010957142857142856,0.0023965322580645158,4.25e-05,0.00030554621848739497,0.000589
13100,0.0013016,0.0013814814814814818,0.002341666666666667,0.002460461538461538,0.00262379746835443,0.0016,0.002565483870967742,0.001649078947368421,0.0018027848101265821,0.0016593749999999998,0.003249135802469136,0.0006167346938775511,0.003056363636363636,0.001658939393939394,0.0013883529411764706,0.00047625000000000006,0.002237619047619048,0.0068924050632911404,0.0035275000000000003,0.0017173333333333337,0.0021804615384615382,0.0012180357142857145,0.0026989333333333333,0.0017983333333333334,0.003287619047619047,0.00072,0.0022933870967741937,0.0026820833333333336,0.00972529411764706,0.0014906451612903228,0.0012381333333333331,0.0034292307692307695,0.026330192307692308,0.0024121951219512197,0.0025611111111111112,0.0013625000000000002,0.00028368421052631576,0.0006272727272727273,7.457831325301205e-05,0.0002,0.0002671428571428572,0.0017927659574468082,0.00176625,6.8e-05,0.003063157894736842,0.0006943157894736843,0.0007767142857142857,0.0014681578947368422,0.000263125,0.001653706896551724,0.00045000000000000004,9.090909090909092e-05,0.0015956153846153846,0.0004475,0.0007190000000000001,0.0007242857142857143,0.0008550000000000001,0.00257551724137931,0.00019727272727272728,0.00013,0.0009436559139784948,0.0011112499999999998,0.00021833333333333332,0.00038142857142857146,0.0007791666666666667,0.0010370769230769233,0.0006999999999999999,0.0007708602150537636,0.0003119444444444445,0.0034063063063063063,0.00019444444444444443,0.0003266666666666667,0.0026933333333333336,0.00044333333333333334,0.00020285714285714286,0.0003645454545454546,0.0016114285714285714,0.002964274193548387,5.75e-05,0.0005069747899159664,0.000884
13200,0.0014702666666666668,0.0015851851851851851,0.0028416666666666664,0.003103230769230769,0.0031637974683544298,0.0018257142857142858,0.003913225806451613,0.0018405263157894737,0.0018722784810126583,0.0024,0.004012345679012346,0.0009857142857142857,0.003773333333333333,0.0019319696969696968,0.0018091764705882357,0.00033916666666666665,0.0024544047619047622,0.006035189873417722,0.0054175,0.0018438666666666663,0.002167846153846154,0.001270357142857143,0.0030733333333333337,0.0019893333333333334,0.004258571428571428,0.000704,0.0029912903225806447,0.0023797916666666668,0.009070470588235294,0.0016827419354838709,0.0010304000000000001,0.005197692307692308,0.03575403846153846,0.0036769512195121952,0.0038111111111111106,0.0018489285714285715,0.0003560526315789474,0.0008690909090909092,0.00011855421686746985,0.0002375,0.00023428571428571427,0.002734787234042552,0.0017212500000000001,0.000128,0.0033926315789473685,0.0008328421052631579,0.001366,0.001967982456140351,0.00036875000000000005,0.0018682758620689657,0.0009379999999999999,0.0001863636363636364,0.001777076923076923,0.0005575000000000002,0.001016,0.0009677551020408166,0.0015099999999999998,0.0031475862068965506,0.000510909090909091,0.0001625,0.0016241935483870967,0.00162375,0.0004983333333333334,0.0008814285714285714,0.0007780555555555557,0.0012876923076923074,0.000916,0.0009345161290322581,0.00042259259259259257,0.004299009009009008,0.0003033333333333333,0.00044,0.00243,0.0004983333333333334,0.00026571428571428574,0.0005257142857142857,0.0022214285714285712,0.003418145161290323,6.25e-05,0.0005535294117647059,0.0009130000000000001
13300,0.0008309333333333332,0.0009162962962962965,0.002958333333333333,0.0021044615384615386,0.002177848101265823,0.0012042857142857144,0.0021875806451612904,0.0017164473684210528,0.0016667088607594939,0.00169875,0.0038425925925925923,0.0006732653061224489,0.004051515151515152,0.0014677272727272727,0.0012668235294117645,0.00012874999999999999,0.001928690476190476,0.0044599999999999996,0.004840714285714287,0.0011822666666666667,0.0019252307692307694,0.000839107142857143,0.0027224,0.0011049999999999999,0.0033338095238095236,0.000586,0.0031680645161290314,0.001965,0.006391176470588234,0.0017096774193548392,0.0005591999999999999,0.004649615384615383,0.0324,0.0023932926829268292,0.0022783333333333336,0.0018030357142857143,0.000245,0.0006427272727272728,5.012048192771085e-05,8.6875e-05,0.0001814285714285714,0.0017890425531914896,0.001225,3.8e-05,0.00305421052631579,0.0004912631578947368,0.0007141428571428571,0.0009503508771929825,0.000228125,0.0013304310344827586,0.00053,4.727272727272727e-05,0.0011444615384615384,0.00044249999999999997,0.000722,0.000513061224489796,0.00088,0.0021103448275862067,7.363636363636363e-05,0.00013,0.0008829032258064518,0.00123875,0.0002,0.00028857142857142856,0.0004025,0.0008055384615384616,0.0006526666666666666,0.0005253763440860215,0.0001466666666666667,0.002528558558558559,9.11111111111111e-05,0.00018333333333333334,0.0021133333333333334,0.00031,0.00018571428571428572,0.00028987012987012986,0.0017357142857142855,0.0025351612903225813,4.5e-05,0.00032823529411764703,0.0005859999999999999
13400,0.0011639999999999999,0.0010825925925925925,0.0019391666666666665,0.0027181538461538463,0.001938481012658228,0.0011671428571428573,0.0032380645161290324,0.0017869736842105262,0.0016584810126582283,0.00142625,0.0025611111111111112,0.0006957142857142856,0.0030996969696969693,0.0016106060606060606,0.0013623529411764706,0.00015833333333333332,0.0017029761904761903,0.004202025316455695,0.003295357142857143,0.0014621333333333332,0.0015866153846153845,0.0007526785714285715,0.002242666666666667,0.0015006666666666669,0.002774126984126984,0.00035200000000000005,0.0028766129032258064,0.0017639583333333333,0.005767647058823529,0.0014758064516129032,0.0008096,0.003601538461538461,0.025209038461538467,0.0027531707317073172,0.0036522222222222225,0.0017592857142857143,0.0002963157894736842,0.0006272727272727273,5.0481927710843374e-05,0.00019749999999999998,0.00037,0.0022228723404255314,0.0012087499999999998,7.1e-05,0.0032600000000000003,0.0005523157894736842,0.0008172857142857143,0.0017257894736842105,0.0002103125,0.001538706896551724,0.000522,7.181818181818182e-05,0.0013993846153846155,0.0008633333333333331,0.000671,0.0008493877551020408,0.000855,0.0028220689655172413,0.0002136363636363636,0.0,0.0010522580645161291,0.001435,0.00034,0.0,0.0005636111111111111,0.001008923076923077,0.0009033333333333334,0.0006534408602150538,0.0003224999999999999,0.003815225225225225,0.00021444444444444443,0.00016166666666666668,0.00114,0.0003266666666666667,0.00019714285714285716,0.0005067532467532467,0.0019542857142857144,0.0030350000000000004,6.125e-05,0.0004108403361344538,0.000835
13500,0.001010933333333333,0.0011833333333333333,0.002001666666666667,0.0029630769230769233,0.0026216455696202534,0.001097142857142857,0.0028319354838709683,0.0017894736842105268,0.0017150632911392405,0.001749375,0.003180864197530864,0.001019795918367347,0.003507272727272727,0.0020843939393939397,0.0014341176470588236,0.00032375000000000004,0.0019457142857142854,0.005402784810126581,0.004107142857142857,0.001784,0.002251384615384615,0.0009583928571428571,0.0027229333333333335,0.0014096666666666667,0.0029814285714285715,0.000462,0.0032167741935483878,0.002507708333333333,0.007827411764705881,0.0017137096774193549,0.0012343999999999999,0.005003461538461539,0.04218673076923077,0.0030234146341463417,0.002665,0.0015099999999999998,0.00045855263157894744,0.0006627272727272727,0.0001108433734939759,0.00035875,0.0005071428571428572,0.0022425531914893617,0.00159875,0.000134,0.0028657894736842104,0.0007166315789473686,0.001143285714285714,0.001546140350877193,0.00027062500000000003,0.0015788793103448276,0.0004540000000000001,0.00018454545454545457,0.0015023076923076923,0.0005541666666666667,0.0008020000000000001,0.0007555102040816327,0.0007599999999999999,0.002687241379310345,0.00015545454545454546,0.0001075,0.0010426881720430106,0.00137,0.00035,0.00040285714285714285,0.0007677777777777778,0.0010926153846153846,0.0007779999999999999,0.0007838709677419354,0.00030055555555555554,0.003275405405405405,0.00019555555555555553,0.000255,0.0030399999999999997,0.0003383333333333333,0.00033142857142857144,0.0004589610389610389,0.0016742857142857143,0.0029264516129032256,3.75e-05,0.0005413445378151261,0.0009340000000000002
13600,0.0013678666666666667,0.0014518518518518517,0.0035066666666666666,0.002951692307692308,0.003098481012658228,0.0014185714285714285,0.00356758064516129,0.0022744736842105263,0.0018934177215189877,0.00231875,0.0033314814814814813,0.0009085714285714286,0.004575151515151516,0.0018837878787878787,0.0016585882352941176,0.0004887499999999999,0.0023508333333333332,0.0053291139240506345,0.004651785714285714,0.0019705333333333336,0.0023896923076923075,0.00114875,0.0030767999999999998,0.0019380000000000003,0.003301428571428572,0.000442,0.003835483870967742,0.0024360416666666667,0.0072208235294117665,0.0017306451612903223,0.0008780000000000001,0.004356923076923077,0.03990980769230769,0.003499268292682927,0.0035477777777777777,0.002085,0.0004909210526315788,0.0008981818181818182,0.0001574698795180723,0.000471875,0.00047285714285714287,0.0028150000000000007,0.0023699999999999997,0.00018700000000000002,0.00451157894736842,0.0008890526315789474,0.0013521428571428569,0.0020806140350877193,0.0005390625,0.001976293103448276,0.000704,0.00017636363636363637,0.0022566923076923076,0.0012008333333333333,0.001227,0.0011477551020408162,0.001005,0.003427241379310344,0.0005418181818181818,0.0001225,0.001300537634408602,0.00155375,0.000985,0.00047,0.0015349999999999997,0.0014336923076923077,0.0010606666666666668,0.0012298924731182796,0.0006541666666666667,0.004277567567567568,0.00040444444444444447,0.000605,0.002483333333333333,0.0009166666666666666,0.0003142857142857143,0.000695064935064935,0.0019635714285714287,0.0037451612903225805,0.0001275,0.0008963025210084033,0.001179
13700,0.0015436,0.00184,0.002905833333333333,0.0042404615384615384,0.0033101265822784802,0.0021214285714285714,0.0043256451612903235,0.003020394736842105,0.0021308860759493677,0.00228625,0.0053825925925925925,0.0015614285714285712,0.005757878787878788,0.0025125757575757577,0.0020585882352941176,0.0005791666666666667,0.002852857142857143,0.007921139240506329,0.006358214285714286,0.0027236000000000005,0.003570307692307692,0.0011532142857142856,0.004069866666666666,0.0023659999999999996,0.004056190476190477,0.000396,0.0049456451612903225,0.0036066666666666664,0.011187411764705881,0.0021251612903225806,0.0018289333333333332,0.006766153846153847,0.04132865384615385,0.004786341463414635,0.0042944444444444445,0.0018439285714285712,0.000658421052631579,0.0013818181818181818,0.00022530120481927712,0.0006575000000000001,0.00069,0.003692127659574468,0.0038475000000000002,0.000271,0.005371578947368422,0.0014178947368421052,0.0026261428571428573,0.0025276315789473686,0.0006887500000000001,0.0028372413793103447,0.000932,0.0003036363636363636,0.0020800769230769228,0.0010325,0.001514,0.001033265306122449,0.001185,0.004190689655172414,0.0007881818181818181,0.0002275,0.0015631182795698923,0.00211375,0.0007650000000000001,0.0008414285714285713,0.001496388888888889,0.0014056923076923079,0.0016333333333333334,0.0014049462365591401,0.000587962962962963,0.006387387387387388,0.0004922222222222222,0.000725,0.006666666666666667,0.0008683333333333334,0.0004914285714285715,0.0010988311688311686,0.0029000000000000002,0.004324758064516129,9.875e-05,0.0009815966386554622,0.001362
13800,0.001720666666666667,0.0017051851851851854,0.0024899999999999996,0.0038007692307692313,0.0034178481012658224,0.0022271428571428572,0.0037243548387096777,0.0019651315789473685,0.0019910126582278484,0.001913125,0.003372098765432099,0.0008304081632653061,0.00434,0.0020984848484848478,0.0019490588235294116,0.0004658333333333333,0.002522619047619048,0.005652151898734177,0.005175,0.0024066666666666668,0.002676,0.0011805357142857143,0.0042312,0.002288,0.004537142857142857,0.000316,0.0032906451612903227,0.0023029166666666667,0.009014117647058823,0.00150241935483871,0.0012314666666666664,0.005091153846153846,0.046130384615384615,0.0035926829268292685,0.003937222222222222,0.001995535714285714,0.00029039473684210526,0.0008709090909090909,7.493975903614457e-05,0.00021,0.0002457142857142857,0.0026323404255319148,0.0013,9.3e-05,0.004263684210526315,0.0006977894736842105,0.0011025714285714285,0.0019523684210526315,0.00029906249999999996,0.002020086206896552,0.000264,9.636363636363639e-05,0.001607923076923077,0.0006316666666666667,0.000784,0.0008910204081632654,0.0006349999999999999,0.004061034482758621,0.0002172727272727273,0.00011,0.0013834408602150538,0.00113875,7.833333333333333e-05,0.00035142857142857144,0.00044527777777777773,0.0009736923076923077,0.0006453333333333334,0.0006297849462365591,0.00020722222222222222,0.00480963963963964,0.00011333333333333334,0.00027,0.003703333333333333,0.00029666666666666665,0.00022285714285714286,0.00035792207792207796,0.0016307142857142855,0.004525403225806452,4.125e-05,0.0005428571428571429,0.00093
13900,0.0009737333333333334,0.0010696296296296296,0.0021449999999999998,0.0023064615384615385,0.00208240506329114,0.0015814285714285717,0.002804032258064516,0.001460657894736842,0.0016293670886075953,0.00188625,0.0037897530864197527,0.0007981632653061224,0.0030160606060606063,0.0016827272727272726,0.0013558823529411766,0.00020500000000000002,0.0016704761904761905,0.005319367088607595,0.0043439285714285715,0.0015677333333333331,0.002291230769230769,0.0007903571428571429,0.0028244000000000003,0.001848,0.003993650793650793,0.000308,0.0029698387096774195,0.002248125,0.008420705882352941,0.0015975806451612904,0.0010646666666666665,0.004098076923076923,0.04288826923076923,0.002825365853658537,0.0033466666666666666,0.001221785714285714,0.00034592105263157896,0.0007563636363636365,8.542168674698795e-05,0.00019999999999999998,0.0002471428571428571,0.0020301063829787237,0.00124,3.3e-05,0.00396,0.0006470526315789473,0.0010100000000000003,0.0013630701754385965,0.0003228125,0.0014256896551724134,0.000346,9.454545454545456e-05,0.0013544615384615383,0.0005483333333333333,0.0005740000000000001,0.0007302040816326531,0.000555,0.003375172413793103,0.00010272727272727273,0.000125,0.0010727956989247311,0.0010612500000000001,0.00028000000000000003,4.5714285714285716e-05,0.0008408333333333332,0.0008546153846153845,0.0006659999999999999,0.0006355913978494624,0.00019638888888888893,0.0039818918918918915,5.4444444444444446e-05,0.00026,0.0020366666666666662,0.0001833333333333333,0.0002442857142857143,0.0003385714285714286,0.001477857142857143,0.003234435483870968,3.75e-05,0.0003647899159663866,0.0007970000000000002
14000,0.0014848,0.001477777777777778,0.002203333333333333,0.0028613846153846155,0.002349493670886076,0.0018700000000000001,0.003006451612903226,0.001999078947368421,0.0018645569620253162,0.0020375000000000002,0.0030617283950617282,0.0009063265306122448,0.004178484848484849,0.001736818181818182,0.0014245882352941176,0.00022208333333333333,0.0021026190476190476,0.00655620253164557,0.0055557142857142845,0.0016452,0.002158307692307693,0.0011058928571428572,0.0029772,0.0016413333333333334,0.002857301587301587,0.000564,0.003391451612903226,0.0027831249999999996,0.008562941176470591,0.0013296774193548384,0.0009702666666666665,0.005755384615384615,0.039994615384615385,0.0040152439024390245,0.0026894444444444444,0.002221785714285714,0.0002618421052631579,0.0010827272727272725,8.74698795180723e-05,0.00024812500000000003,0.00036714285714285717,0.003227234042553192,0.00176875,8.3e-05,0.004707894736842105,0.000907894736842105,0.0012384285714285713,0.0020632456140350875,0.0003265625,0.002376724137931034,0.000528,0.00012363636363636364,0.0017825384615384615,0.0007133333333333335,0.0009680000000000001,0.0008334693877551021,0.0008700000000000001,0.004150689655172414,0.00021181818181818183,0.000255,0.001276021505376344,0.0017775,0.0004,0.00039000000000000005,0.0009994444444444445,0.0012903076923076926,0.0009373333333333333,0.0007283870967741935,0.00025935185185185187,0.0060607207207207196,0.00010333333333333334,0.00059,0.0023033333333333334,0.00027833333333333334,0.00029857142857142853,0.0006655844155844156,0.0019835714285714283,0.0050855645161290335,3.375e-05,0.0006200000000000001,0.0012040000000000002
14100,0.0013614666666666667,0.0013644444444444444,0.0019116666666666665,0.0030447692307692307,0.002291645569620253,0.0015785714285714287,0.0038987096774193548,0.0017540789473684212,0.0020439240506329114,0.0018118750000000001,0.003562962962962963,0.0008651020408163264,0.0037027272727272725,0.0017383333333333335,0.0015172941176470587,0.0001804166666666667,0.002038452380952381,0.005627088607594937,0.004187500000000001,0.0016234666666666666,0.0021139999999999996,0.0009573214285714287,0.0031498666666666666,0.0019653333333333337,0.0034,0.000404,0.003092096774193548,0.0021095833333333335,0.008807764705882353,0.0015479032258064514,0.0013466666666666666,0.00574076923076923,0.050926923076923085,0.004254268292682927,0.003115555555555555,0.0023723214285714285,0.00046394736842105265,0.0007645454545454545,0.00010096385542168675,0.00021125,0.00038857142857142855,0.003820106382978723,0.0014725,6.900000000000001e-05,0.007185263157894737,0.0008845263157894737,0.0014534285714285717,0.002098157894736842,0.00033093749999999996,0.002183448275862069,0.000496,0.00012090909090909091,0.0018109230769230772,0.0006625,0.000734,0.0010444897959183672,0.000655,0.00345551724137931,0.0004163636363636364,0.000115,0.0012519354838709678,0.001715,0.00035666666666666664,0.0006585714285714286,0.0006552777777777776,0.0009555384615384616,0.000874,0.0008227956989247314,0.0003088888888888889,0.006678288288288288,0.0001388888888888889,0.00036,0.003909999999999999,0.000405,0.0002057142857142857,0.000651948051948052,0.0019471428571428571,0.004257419354838709,5.375e-05,0.0004653781512605042,0.001193
14200,0.0015738666666666667,0.0018974074074074071,0.0024916666666666668,0.0032973846153846157,0.003470379746835442,0.0020971428571428573,0.004398709677419355,0.001973289473684211,0.002552405063291139,0.0019649999999999997,0.004537160493827161,0.0010693877551020408,0.0032715151515151516,0.002543787878787879,0.002276941176470589,0.000485,0.0026955952380952383,0.008191518987341773,0.004255357142857143,0.0025756,0.0026292307692307687,0.0016437499999999998,0.0038207999999999996,0.0024270000000000003,0.0033663492063492066,0.000554,0.0027714516129032254,0.003806041666666667,0.013076588235294121,0.001990967741935484,0.0017624,0.005969230769230769,0.04709884615384615,0.0034769512195121947,0.0032816666666666667,0.0020953571428571427,0.0004088157894736842,0.0006427272727272728,9.144578313253013e-05,0.00021125,0.00028285714285714286,0.0033579787234042546,0.0011212499999999999,8.6e-05,0.004162631578947369,0.0007402105263157896,0.0011095714285714285,0.001513684210526316,0.00034500000000000004,0.0018560344827586205,0.000476,9e-05,0.0012378461538461536,0.0005733333333333334,0.000894,0.0008181632653061225,0.00044,0.003170689655172414,9.272727272727274e-05,0.000115,0.001210752688172043,0.0014962499999999998,0.0003283333333333333,0.0003557142857142857,0.0006905555555555556,0.0008860000000000001,0.00092,0.0006573118279569893,0.00018166666666666667,0.00587981981981982,0.00011333333333333334,0.00024333333333333333,0.0032466666666666664,0.00021,0.00022428571428571427,0.0005525974025974025,0.001509285714285714,0.0037091129032258063,3.375e-05,0.000443109243697479,0.000969
14300,0.0011713333333333335,0.0010248148148148148,0.0018491666666666663,0.0032235384615384613,0.0019168354430379748,0.00165,0.003915967741935485,0.001565263157894737,0.0016745569620253164,0.001216875,0.002626172839506173,0.0007312244897959184,0.00331030303030303,0.0015174242424242424,0.0016203529411764706,0.00012958333333333333,0.0017773809523809522,0.005725316455696202,0.003291071428571428,0.0014366666666666666,0.0019158461538461538,0.0007507142857142858,0.0027136,0.001652333333333333,0.0030687301587301588,0.000362,0.003038548387096774,0.0021666666666666666,0.009289411764705883,0.001204032258064516,0.0009365333333333333,0.0036349999999999998,0.04068711538461538,0.003356463414634146,0.003587777777777778,0.0014485714285714286,0.0005032894736842106,0.0005454545454545455,7.25301204819277e-05,0.00018312500000000002,0.00023714285714285715,0.003104787234042553,0.00142875,4.2000000000000004e-05,0.003918421052631579,0.000993157894736842,0.0007902857142857143,0.0017197368421052628,0.000175625,0.0015520689655172417,0.000538,8.90909090909091e-05,0.001294692307692308,0.000415,0.0008389999999999998,0.0006893877551020409,0.000635,0.0032813793103448276,0.00033272727272727273,0.0,0.0013116129032258064,0.0013625,0.00044500000000000003,0.0,0.0006855555555555557,0.0009687692307692307,0.0008426666666666668,0.0006046236559139785,0.00010083333333333334,0.004867027027027028,5.1111111111111115e-05,0.00026,0.0023333333333333335,0.00024,0.00020714285714285713,0.0004302597402597403,0.0019192857142857147,0.0035808870967741937,0.0,0.0003564705882352942,0.00101
14400,0.0011886666666666666,0.0011118518518518517,0.002009166666666667,0.0029983076923076925,0.002571392405063291,0.0018085714285714287,0.0029201612903225808,0.0019172368421052637,0.0019597468354430377,0.001676875,0.004990123456790124,0.0009085714285714285,0.003071818181818182,0.0015484848484848485,0.0013387058823529413,0.00021541666666666668,0.0020635714285714285,0.005884430379746836,0.0035828571428571437,0.0014930666666666667,0.0020503076923076924,0.0012273214285714285,0.0030192,0.0015349999999999997,0.003615079365079366,0.000682,0.0027004838709677416,0.0024570833333333333,0.008395058823529413,0.0013908064516129032,0.0008160000000000001,0.005202692307692309,0.0399726923076923,0.0036331707317073174,0.003301666666666667,0.0020726785714285717,0.0004538157894736842,0.0005981818181818182,5.253012048192771e-05,0.000176875,0.0002257142857142857,0.0030912765957446815,0.00169,7.500000000000001e-05,0.004810526315789475,0.00046978947368421053,0.0010101428571428572,0.0016160526315789473,0.0001890625,0.0015886206896551726,0.000272,8.09090909090909e-05,0.001374,0.0006408333333333334,0.0007740000000000001,0.0006467346938775511,0.000635,0.0036182758620689655,0.00020090909090909092,7.5e-05,0.0008803225806451613,0.001405,0.0005116666666666667,0.0004742857142857143,0.00044694444444444436,0.0010195384615384615,0.0007926666666666668,0.0007078494623655914,0.00017194444444444443,0.005501801801801802,5.4444444444444446e-05,0.00017833333333333332,0.002343333333333333,0.0002133333333333333,0.00018142857142857145,0.0004625974025974026,0.001959285714285714,0.003915806451612903,0.0,0.00046336134453781513,0.000963
14500,0.0011524,0.00123,0.0020483333333333334,0.002870153846153846,0.003019240506329114,0.002165714285714286,0.003759516129032258,0.0020409210526315794,0.0021446835443037974,0.0017775,0.0034772839506172835,0.000929795918367347,0.003278787878787879,0.0017154545454545454,0.0016960000000000005,0.00019875,0.0020201190476190475,0.007395822784810123,0.004056428571428571,0.002022533333333333,0.0028506153846153846,0.0012776785714285715,0.0028505333333333333,0.00152,0.0033528571428571422,0.00032399999999999996,0.00239258064516129,0.0033158333333333325,0.012956000000000002,0.0015908064516129033,0.0009621333333333336,0.003966923076923077,0.0472873076923077,0.0036032926829268294,0.004435,0.00186,0.0004636842105263157,0.0006163636363636364,0.00012554216867469877,0.000185625,0.00036428571428571423,0.002186808510638298,0.0018325000000000004,8.699999999999999e-05,0.005103684210526317,0.0007551578947368419,0.0010411428571428572,0.0021391228070175437,0.0004290625,0.0018018965517241378,0.000572,9.090909090909092e-05,0.001603230769230769,0.0004541666666666667,0.001046,0.0008406122448979592,0.00078,0.003937241379310345,0.0001281818181818182,0.0001025,0.0011996774193548385,0.0016637499999999999,0.0005983333333333333,9.857142857142856e-05,0.0007791666666666667,0.0011053846153846153,0.0008446666666666667,0.0010355913978494623,0.0003073148148148148,0.0039000000000000003,0.00013111111111111111,0.00029500000000000007,0.0025800000000000003,0.00036166666666666666,0.00019285714285714286,0.0006079220779220779,0.0017985714285714285,0.003647258064516129,0.0,0.0007702521008403362,0.001197
14600,0.0013165333333333333,0.0013759259259259258,0.002996666666666667,0.0023707692307692305,0.0028310126582278485,0.0016042857142857141,0.0025983870967741934,0.0019131578947368417,0.0017758227848101266,0.00256625,0.004303703703703704,0.0011259183673469387,0.003031818181818182,0.0021619696969696965,0.0014903529411764709,0.0002375,0.0021158333333333333,0.006386455696202532,0.003981785714285714,0.0016684000000000002,0.0027226153846153845,0.00131875,0.0031031999999999995,0.001759,0.004850158730158731,0.00068,0.0028098387096774195,0.0027627083333333336,0.009037764705882353,0.0016575806451612904,0.0012824000000000002,0.0066596153846153845,0.03449442307692308,0.0028068292682926835,0.0036922222222222217,0.0013162500000000001,0.00037710526315789476,0.0004127272727272727,4.783132530120483e-05,0.000161875,0.00030571428571428573,0.002133191489361702,0.0011099999999999999,3.1e-05,0.00455263157894737,0.0006038947368421053,0.0009091428571428572,0.0015492982456140351,0.00029312500000000004,0.0013706896551724137,0.000426,9.636363636363636e-05,0.001507846153846154,0.0005491666666666667,0.000682,0.0005983673469387755,0.000645,0.00280551724137931,8e-05,8.75e-05,0.0007388172043010752,0.0011637499999999999,0.0003066666666666667,0.00038142857142857146,0.0004552777777777778,0.0007087692307692308,0.0005513333333333333,0.0007665591397849462,0.00018601851851851855,0.003086936936936937,7.555555555555556e-05,0.0002316666666666667,0.00185,0.0002466666666666667,0.00018571428571428572,0.0003122077922077922,0.0012171428571428572,0.0031964516129032263,0.0,0.0003800840336134453,0.0008529999999999999
14700,0.0011476000000000001,0.0012181481481481479,0.002620833333333333,0.002253076923076923,0.0022413924050632907,0.0016771428571428573,0.002451612903225806,0.002054473684210526,0.0021350632911392403,0.0022187500000000002,0.0043391358024691355,0.0010646938775510204,0.003176060606060606,0.0018225757575757577,0.0014421176470588235,0.00028000000000000003,0.0020063095238095244,0.005257974683544304,0.003618571428571429,0.0018646666666666664,0.0019527692307692306,0.0009342857142857142,0.0033510666666666665,0.0016403333333333335,0.004266349206349206,0.00048399999999999995,0.0030051612903225808,0.002283125,0.008528470588235294,0.002030967741935484,0.0019592,0.006335384615384616,0.039389615384615384,0.0027471951219512195,0.0025644444444444447,0.0017512499999999998,0.0005347368421052631,0.0005918181818181819,0.00010831325301204821,0.000259375,0.00023714285714285715,0.002960212765957446,0.00132625,5.8e-05,0.00367,0.001075684210526316,0.0011524285714285714,0.0013928070175438596,0.000320625,0.0015212068965517241,0.000352,8.727272727272727e-05,0.001333,0.0007058333333333334,0.000956,0.0006851020408163266,0.00081,0.003347241379310345,0.0002854545454545455,5.75e-05,0.0009698924731182798,0.00148125,0.00036333333333333335,0.0003957142857142857,0.000735,0.000979230769230769,0.0005373333333333333,0.0007253763440860214,0.00017296296296296295,0.0041921621621621614,0.00013222222222222224,0.00022833333333333332,0.00409,0.0002933333333333333,0.00021142857142857142,0.0005148051948051948,0.0015964285714285713,0.003503709677419355,3.875e-05,0.0004074789915966386,0.000956
14800,0.0010722666666666666,0.001302962962962963,0.0033499999999999992,0.0030750769230769226,0.002777088607594937,0.0018514285714285716,0.003762741935483871,0.002669210526315789,0.0023812658227848095,0.0033887500000000003,0.004574074074074075,0.0008287755102040816,0.004615151515151515,0.0023124242424242426,0.0016841176470588236,0.00026583333333333336,0.0027216666666666665,0.007755696202531646,0.005199642857142858,0.0020265333333333337,0.0031706153846153846,0.0012830357142857142,0.0035812000000000005,0.0018536666666666664,0.005986666666666665,0.00041999999999999996,0.003659193548387097,0.0031662500000000002,0.011348,0.002419354838709677,0.0024852,0.007738076923076923,0.0556251923076923,0.0033930487804878047,0.004215,0.0020391071428571433,0.0005082894736842105,0.0006436363636363637,0.00010433734939759037,0.000151875,0.0002257142857142857,0.003372340425531915,0.00131375,0.000125,0.006115263157894737,0.0008362105263157894,0.0010492857142857144,0.0023076315789473684,0.0004040625,0.001914396551724138,0.000432,8.454545454545455e-05,0.0017191538461538464,0.0006558333333333332,0.001043,0.0009395918367346938,0.00116,0.003977241379310345,0.0001481818181818182,0.0001725,0.0013262365591397848,0.0013700000000000001,0.0003466666666666667,0.0005757142857142856,0.0007816666666666666,0.0010444615384615384,0.0006079999999999999,0.0013858064516129032,0.0003856481481481481,0.0048008108108108126,0.0001433333333333333,0.0004966666666666666,0.004776666666666667,0.0004933333333333334,0.0005771428571428571,0.000407012987012987,0.001405,0.004326693548387097,6e-05,0.0006584033613445378,0.001035
14900,0.001576,0.001695925925925926,0.0034100000000000003,0.003107230769230769,0.003955189873417721,0.002437142857142857,0.005153709677419355,0.0026914473684210524,0.002907848101265823,0.0036812500000000005,0.005234444444444444,0.001270612244897959,0.00534939393939394,0.0028804545454545454,0.002444941176470588,0.0004591666666666667,0.0035396428571428575,0.008899493670886075,0.006737142857142857,0.0027416,0.0027972307692307693,0.0017269642857142859,0.0043528,0.0025296666666666666,0.0067660317460317455,0.00073,0.00394725806451613,0.004262291666666667,0.012232470588235293,0.0019408064516129029,0.0020136000000000004,0.007718846153846153,0.0433351923076923,0.003843414634146341,0.003307222222222222,0.0022853571428571432,0.000575,0.0006263636363636363,0.00016542168674698793,0.000338125,0.00029857142857142853,0.0031918085106382977,0.00159625,8.9e-05,0.0062426315789473686,0.0008917894736842104,0.0009085714285714284,0.0020648245614035086,0.000380625,0.00229801724137931,0.0005220000000000001,6e-05,0.0017776153846153844,0.0007141666666666668,0.001106,0.0009022448979591838,0.00074,0.003985517241379311,0.0003018181818181818,0.0,0.0014460215053763443,0.001365,0.000555,0.00044714285714285716,0.0005200000000000001,0.0012092307692307693,0.0009333333333333333,0.0008255913978494622,0.0002730555555555555,0.005270270270270269,0.00011666666666666668,0.00038833333333333336,0.004339999999999999,0.0003266666666666667,0.0003785714285714286,0.0005002597402597402,0.0021028571428571424,0.004587661290322581,4.125e-05,0.0005353781512605042,0.00099
15000,0.0012058666666666668,0.0011625925925925925,0.0021325,0.002958923076923077,0.0027822784810126585,0.0016857142857142856,0.003168548387096774,0.0023659210526315788,0.001781772151898734,0.0027725,0.004522962962962963,0.0009704081632653062,0.0043296969696969695,0.002161212121212121,0.0014714117647058825,0.00014875,0.002314285714285714,0.0064167088607594925,0.0049635714285714274,0.0017029333333333334,0.002330923076923077,0.0010817857142857144,0.003478133333333333,0.002116333333333333,0.003790952380952382,0.0005139999999999999,0.003918387096774193,0.0027158333333333327,0.008158117647058823,0.0016454838709677418,0.0014009333333333334,0.005385769230769231,0.036395000000000004,0.003368048780487805,0.0031488888888888886,0.0020005357142857142,0.00039986842105263156,0.0005909090909090909,9.072289156626506e-05,0.00019375000000000002,0.00028285714285714286,0.0025845744680851063,0.0009475,8.2e-05,0.00482578947368421,0.0008082105263157895,0.0009687142857142854,0.001789122807017544,0.000151875,0.0015807758620689652,0.00048800000000000004,5.363636363636364e-05,0.001095,0.0007775,0.000865,0.0007026530612244897,0.000905,0.00373551724137931,6.545454545454546e-05,0.0,0.0014831182795698927,0.001815,0.00048499999999999997,0.0006542857142857142,0.00048555555555555553,0.001082153846153846,0.0007393333333333333,0.0005111827956989247,0.0001832407407407407,0.004476936936936938,7.777777777777778e-05,0.00019166666666666667,0.0020199999999999997,0.00032166666666666666,0.0003071428571428571,0.0004305194805194805,0.001816428571428572,0.0032976612903225806,4.625e-05,0.00048588235294117643,0.0009550000000000001
15100,0.0010390666666666667,0.0012466666666666665,0.0019883333333333333,0.0028309230769230772,0.002360759493670886,0.0013742857142857144,0.003856451612903226,0.002054078947368421,0.001981139240506329,0.0021325,0.0036901234567901235,0.0008495918367346937,0.002770909090909091,0.002009848484848485,0.001374470588235294,0.00014250000000000002,0.0018257142857142858,0.007333797468354429,0.0036942857142857146,0.0017219999999999998,0.002349846153846154,0.0007857142857142856,0.003564133333333334,0.0016816666666666666,0.0038426984126984126,0.00031999999999999997,0.0025158064516129035,0.002960625,0.010942117647058824,0.0017204838709677422,0.0012946666666666668,0.0058980769230769226,0.04607365384615385,0.003331097560975609,0.003976111111111111,0.001707142857142857,0.0004013157894736842,0.0004345454545454545,6.397590361445783e-05,5.875e-05,0.00015857142857142855,0.002958297872340425,0.00140625,2.5e-05,0.005055263157894737,0.0006949473684210526,0.0010544285714285716,0.0016019298245614035,0.0002959375,0.0022503448275862066,0.000212,2.9090909090909093e-05,0.0014875384615384616,0.000545,0.00099,0.0005110204081632653,0.00062,0.003913448275862068,6.454545454545455e-05,8.75e-05,0.001075161290322581,0.00159375,0.00019666666666666669,0.0004371428571428572,0.0005625000000000001,0.0009164615384615385,0.000798,0.0005418279569892474,0.00011666666666666665,0.005729099099099098,4.4444444444444447e-05,0.00022166666666666667,0.0034266666666666664,6e-05,0.00037571428571428575,0.0004432467532467533,0.0016400000000000002,0.004066048387096775,0.0,0.0002589915966386555,0.000735
15200,0.001127333333333333,0.0011188888888888889,0.0020341666666666663,0.0024306153846153844,0.0018512658227848096,0.0015414285714285714,0.003096451612903226,0.0020073684210526314,0.001798481012658228,0.001844375,0.0033028395061728394,0.000913061224489796,0.003295757575757576,0.0019642424242424243,0.001218,0.00016874999999999998,0.001969761904761905,0.005999746835443038,0.003936785714285714,0.0014465333333333337,0.002182615384615384,0.0010085714285714286,0.0033522666666666663,0.0013233333333333333,0.0038473015873015876,0.00047200000000000003,0.0026199999999999995,0.0027210416666666667,0.00862270588235294,0.0017851612903225806,0.0011034666666666667,0.00427,0.027197500000000003,0.002815731707317073,0.0026466666666666665,0.0020742857142857143,0.00032131578947368415,0.0004190909090909091,3.783132530120482e-05,0.00011687500000000001,0.00025000000000000006,0.002045531914893617,0.0012525,7.4e-05,0.004621578947368421,0.0005407368421052631,0.0008325714285714285,0.0012471929824561404,0.000301875,0.0015532758620689655,0.00026199999999999997,4.090909090909091e-05,0.0014946923076923076,0.0005175000000000001,0.0007450000000000001,0.000810204081632653,0.000575,0.0027268965517241385,9.636363636363636e-05,0.0,0.0010033333333333335,0.0015175000000000002,0.0004083333333333333,0.0,0.000826388888888889,0.0009350769230769231,0.0006113333333333333,0.000717956989247312,0.00018259259259259257,0.0031947747747747748,8e-05,0.0002866666666666667,0.0029533333333333334,0.00020666666666666666,0.00018857142857142857,0.00033545454545454547,0.00123,0.003036612903225807,0.0,0.000499327731092437,0.000618
15300,0.0015836000000000001,0.0015955555555555558,0.003104166666666666,0.0036879999999999994,0.003359620253164557,0.0022600000000000003,0.0037598387096774185,0.002672368421052631,0.0030294936708860757,0.002635,0.0053308641975308635,0.0015308163265306124,0.004491212121212122,0.0025730303030303027,0.0020076470588235294,0.00044875,0.0027066666666666662,0.00900139240506329,0.005750000000000001,0.002415333333333333,0.003446923076923077,0.0013312500000000002,0.004289733333333333,0.0019846666666666667,0.005173333333333334,0.0005139999999999999,0.003503709677419355,0.004532916666666667,0.012694117647058826,0.0029185483870967743,0.0018998666666666668,0.009218846153846154,0.05022269230769231,0.0039721951219512195,0.0035788888888888893,0.0023246428571428576,0.0005302631578947369,0.0006454545454545455,9.409638554216868e-05,0.000219375,0.00025285714285714283,0.0031948936170212764,0.00183,0.000115,0.007301578947368422,0.0008701052631578947,0.0010467142857142854,0.001911315789473684,0.0003853125,0.0019980172413793106,0.0005020000000000001,3.727272727272727e-05,0.001898923076923077,0.00063,0.000958,0.0010889795918367347,0.000575,0.003596896551724138,0.00012,8.75e-05,0.0012648387096774196,0.00196,0.00045666666666666664,0.0007328571428571428,0.0005791666666666666,0.001154923076923077,0.001126,0.0009765591397849462,0.0003687037037037037,0.004930180180180182,5.555555555555556e-05,0.00027833333333333334,0.0046633333333333336,0.00028500000000000004,0.0002442857142857143,0.0006741558441558441,0.0019878571428571428,0.003847741935483871,3.5e-05,0.0006834453781512605,0.000902
15400,0.0015963999999999998,0.0015944444444444443,0.002428333333333333,0.003383230769230769,0.002967974683544304,0.002158571428571429,0.003602741935483872,0.002346184210526316,0.002565696202531646,0.0022581249999999997,0.004649382716049383,0.001336938775510204,0.003482424242424242,0.0022443939393939393,0.0019027058823529413,0.00029499999999999996,0.002211904761904762,0.0089779746835443,0.0045575,0.0020024,0.0025898461538461535,0.00152,0.003654400000000001,0.002047,0.0040109523809523815,0.0005560000000000001,0.003005806451612903,0.004119375000000001,0.01406976470588235,0.0018051612903225809,0.0018085333333333331,0.008227692307692307,0.0428375,0.004209268292682926,0.0033488888888888887,0.0022817857142857145,0.0006255263157894737,0.0009872727272727273,0.00012,0.000461875,0.0003957142857142857,0.003884148936170212,0.00265375,0.00018799999999999996,0.006001578947368422,0.0013654736842105264,0.0015188571428571428,0.002876228070175438,0.0005875,0.0024362068965517246,0.0008359999999999999,0.00013727272727272728,0.002116923076923077,0.0008366666666666667,0.0011279999999999999,0.0012295918367346938,0.0013449999999999998,0.0044903448275862064,0.00059,0.000235,0.0018949462365591401,0.00215,0.0006533333333333333,0.0008071428571428572,0.0006677777777777779,0.0014912307692307692,0.0012699999999999999,0.0011695698924731183,0.00048148148148148144,0.005984594594594595,0.00011111111111111112,0.00045333333333333337,0.00462,0.0006733333333333334,0.0002814285714285714,0.0007916883116883117,0.002964285714285715,0.004470241935483871,4.875e-05,0.000881344537815126,0.001305
15500,0.0018011999999999995,0.0016233333333333336,0.002513333333333333,0.003576923076923077,0.0035360759493670894,0.0022071428571428576,0.005232741935483871,0.002786447368421053,0.0028536708860759496,0.0022925,0.004948148148148148,0.0012612244897959185,0.0041551515151515145,0.0025207575757575755,0.0024432941176470583,0.0005383333333333334,0.002919285714285714,0.008484683544303795,0.0053185714285714294,0.0027350666666666667,0.003256923076923077,0.0018353571428571427,0.0043274666666666675,0.0026580000000000006,0.004371587301587302,0.000736,0.002618387096774194,0.004006874999999999,0.013459529411764702,0.001971774193548387,0.002194,0.007417307692307692,0.062247884615384615,0.004143780487804878,0.004616666666666667,0.001733392857142857,0.00031131578947368423,0.000790909090909091,0.00010662650602409638,0.000149375,0.00033714285714285714,0.0031957446808510625,0.0016375,0.000116,0.00624,0.000873684210526316,0.0009494285714285713,0.0020142105263157893,0.00042,0.0021719827586206895,0.000594,3.6363636363636364e-05,0.0015993076923076922,0.0006183333333333333,0.0010240000000000002,0.0008379591836734693,0.0007099999999999999,0.0037365517241379313,0.00031363636363636365,7.75e-05,0.0015380645161290319,0.0015887499999999999,0.0004033333333333333,0.0008714285714285714,0.0005308333333333334,0.0012849230769230772,0.0009926666666666667,0.0008240860215053764,0.00017472222222222224,0.004755585585585585,8.777777777777778e-05,0.00018,0.0034599999999999995,0.00023000000000000003,0.00021285714285714286,0.0005737662337662338,0.002072142857142857,0.004237983870967741,0.0,0.00044277310924369746,0.001011
15600,0.0015803999999999998,0.0017955555555555552,0.0022025,0.0030933846153846155,0.002611392405063291,0.001667142857142857,0.0052148387096774195,0.00232,0.0026839240506329114,0.002354375,0.0036787654320987657,0.0010963265306122448,0.004382121212121212,0.0022209090909090907,0.0021545882352941178,0.0005570833333333332,0.00263202380952381,0.008095569620253163,0.005231428571428572,0.0022711999999999997,0.0022866153846153843,0.0016582142857142856,0.0032852,0.0021223333333333333,0.003409841269841269,0.000668,0.0030798387096774194,0.003394791666666666,0.012158588235294117,0.0014443548387096774,0.0014604,0.0060503846153846155,0.04925769230769231,0.003544878048780488,0.002877222222222222,0.0019457142857142856,0.0003014473684210526,0.0005954545454545456,4.6024096385542165e-05,0.000161875,0.0002442857142857143,0.002222127659574468,0.0012374999999999999,4.8e-05,0.004295263157894737,0.0007732631578947368,0.0006735714285714285,0.0015307894736842104,0.00019718750000000002,0.0015508620689655172,0.00034,4.454545454545455e-05,0.0014213076923076924,0.0003975,0.000491,0.000623061224489796,0.000635,0.0026931034482758623,0.00011818181818181818,0.0,0.0007759139784946237,0.00103375,0.00037999999999999997,0.00025142857142857145,0.0003466666666666667,0.0007606153846153846,0.00044600000000000005,0.0005061290322580644,0.0001374074074074074,0.0032805405405405396,4.555555555555555e-05,0.00014000000000000001,0.00325,0.00017166666666666665,0.00014142857142857143,0.00029597402597402594,0.0016728571428571428,0.003934758064516129,3.875e-05,0.00031478991596638656,0.0007559999999999999
15700,0.0013586666666666667,0.0015585185185185188,0.0021774999999999997,0.0024384615384615382,0.003087848101265823,0.0019371428571428573,0.005087419354838709,0.0022092105263157896,0.0026536708860759495,0.0022756250000000003,0.004061234567901235,0.0013028571428571427,0.003709090909090909,0.0025677272727272723,0.0019274117647058821,0.0004641666666666667,0.0021329761904761903,0.00630620253164557,0.004615714285714286,0.001897066666666667,0.0021578461538461543,0.00157,0.0031932,0.0020340000000000002,0.003806507936507937,0.0005039999999999999,0.003388225806451612,0.0030362499999999995,0.010340823529411762,0.0015430645161290321,0.0015478666666666665,0.006994615384615385,0.04550096153846154,0.0030441463414634146,0.0027377777777777778,0.001910714285714286,0.0005938157894736842,0.001120909090909091,8.253012048192771e-05,0.000325,0.0003071428571428571,0.0026419148936170215,0.0015249999999999999,0.000199,0.004515789473684211,0.0008303157894736843,0.0008092857142857143,0.002028421052631579,0.0003534375,0.0019398275862068967,0.000464,0.0001390909090909091,0.0016129230769230767,0.0005933333333333333,0.0008159999999999999,0.0008620408163265306,0.00125,0.003472413793103448,0.00037636363636363643,0.0,0.0012708602150537634,0.00129625,0.0006616666666666667,0.0005099999999999999,0.0009227777777777778,0.0010843076923076924,0.0006866666666666667,0.0009623655913978494,0.0002876851851851852,0.004768918918918919,0.0001622222222222222,0.00025333333333333333,0.0027366666666666668,0.0003066666666666667,0.00026285714285714286,0.0005674025974025974,0.0021185714285714284,0.0040371774193548385,5.125e-05,0.0007242016806722688,0.001145
15800,0.0014169333333333332,0.001682962962962963,0.0022608333333333334,0.0024226153846153846,0.0027054430379746834,0.0015314285714285714,0.004921774193548388,0.0019601315789473687,0.002897341772151899,0.002986875,0.004021481481481481,0.0013085714285714285,0.00538,0.002729090909090909,0.001953764705882353,0.0004120833333333333,0.0022447619047619044,0.00813607594936709,0.005615357142857143,0.0021910666666666665,0.002637846153846154,0.0015435714285714287,0.003259066666666667,0.00173,0.0035631746031746033,0.000618,0.0041530645161290325,0.003804375,0.01069364705882353,0.0017841935483870967,0.001979733333333333,0.007490384615384616,0.04619615384615384,0.0035226829268292684,0.0032733333333333334,0.00159875,0.0003728947368421052,0.000580909090909091,5.72289156626506e-05,0.00015375,0.00023428571428571427,0.0022529787234042554,0.0016762500000000002,7.8e-05,0.004057894736842105,0.0006126315789473684,0.0007268571428571428,0.001662456140350877,0.00033343749999999997,0.0017551724137931035,0.0006000000000000001,8.727272727272727e-05,0.0012463846153846153,0.00033416666666666664,0.000555,0.0006848979591836734,0.000915,0.002711379310344828,0.00024272727272727274,0.0,0.001083978494623656,0.00114875,0.0004883333333333333,0.0002842857142857143,0.0004325,0.0009396923076923077,0.000672,0.0007008602150537634,0.00015111111111111109,0.0035527927927927927,0.00013555555555555554,0.00032166666666666666,0.0018033333333333332,0.00019833333333333335,0.00013,0.00045922077922077925,0.002799285714285714,0.0033786290322580645,3.625e-05,0.0005128571428571428,0.0008810000000000002
15900,0.0015690666666666666,0.0018422222222222225,0.0028591666666666665,0.0033261538461538463,0.0037105063291139246,0.0015057142857142856,0.005281612903225808,0.0027009210526315786,0.0027649367088607604,0.0029056250000000002,0.0043759259259259255,0.0011959183673469387,0.0050339393939393936,0.002674242424242424,0.0023289411764705883,0.0004495833333333333,0.0028808333333333333,0.007815822784810127,0.006177142857142858,0.00263,0.003301230769230769,0.0016025,0.004607466666666667,0.002023333333333333,0.004995873015873015,0.0006399999999999999,0.003586774193548387,0.0034922916666666665,0.010697647058823529,0.002315645161290322,0.0019141333333333335,0.008555,0.047995,0.0036732926829268295,0.004232222222222222,0.0025903571428571434,0.0005939473684210526,0.0011854545454545453,0.0001055421686746988,0.00027375,0.0004871428571428571,0.003679148936170213,0.00224625,0.00010700000000000003,0.006208421052631579,0.0010228421052631577,0.0010615714285714286,0.0020087719298245614,0.00039031250000000003,0.002937844827586207,0.0006219999999999999,0.00017272727272727272,0.002262769230769231,0.0005725,0.001315,0.0010328571428571429,0.00092,0.0042010344827586215,0.00045909090909090905,0.00011,0.0014367741935483876,0.0014175,0.0007833333333333334,0.00011714285714285714,0.0008302777777777778,0.0015435384615384614,0.0009953333333333333,0.0012855913978494621,0.0003260185185185185,0.005276036036036037,0.00015000000000000001,0.00044333333333333334,0.00327,0.0006433333333333333,0.00018857142857142857,0.0004746753246753247,0.0021728571428571426,0.0049732258064516125,7e-05,0.0008215126050420168,0.001337
16000,0.0014342666666666668,0.0014088888888888892,0.0014650000000000002,0.002185384615384616,0.002925316455696202,0.0018357142857142858,0.0037288709677419356,0.0017263157894736843,0.0020794936708860754,0.002143125,0.0032135802469135805,0.001009591836734694,0.0031678787878787877,0.002177272727272727,0.001701058823529412,0.00018791666666666666,0.0021983333333333334,0.0067170886075949374,0.0045396428571428575,0.0018900000000000002,0.0030513846153846147,0.0014519642857142856,0.0029921333333333333,0.0016033333333333336,0.002992857142857142,0.000686,0.002516612903225806,0.002865625,0.01028270588235294,0.0016549999999999998,0.0014221333333333335,0.004748461538461539,0.049537115384615395,0.002633170731707317,0.0035744444444444443,0.0014360714285714285,0.0004376315789473684,0.0006454545454545455,0.00010975903614457831,0.00022375,0.0002728571428571429,0.002130000000000001,0.0013425,3.3e-05,0.0033847368421052633,0.0005812631578947369,0.0007742857142857143,0.0013278070175438597,0.000165625,0.0014109482758620688,0.000324,5e-05,0.0010892307692307692,0.0005475,0.0008619999999999999,0.0007,0.001355,0.002374137931034483,0.0002718181818181818,0.0001075,0.0008380645161290322,0.00108375,0.0003733333333333333,5.142857142857143e-05,0.0006463888888888887,0.0007830769230769231,0.00067,0.0005735483870967741,0.0001389814814814815,0.0026868468468468475,6.777777777777777e-05,0.00026166666666666667,0.0033799999999999998,0.00023999999999999998,0.00017285714285714284,0.0002948051948051948,0.001630714285714286,0.0028003225806451613,3.5e-05,0.0003467226890756303,0.0007520000000000001
16100,0.0013238666666666665,0.0014648148148148148,0.0023525,0.0030935384615384614,0.0028082278481012662,0.002147142857142857,0.004527903225806451,0.0022059210526315792,0.0024341772151898738,0.00286875,0.003797407407407407,0.0011912244897959185,0.004537575757575758,0.0021650000000000003,0.0020554117647058824,0.00030333333333333335,0.002717857142857143,0.0069017721518987345,0.005722142857142857,0.0020772,0.002404461538461538,0.0014683928571428571,0.0036721333333333333,0.0020983333333333336,0.004537301587301587,0.00068,0.002617741935483871,0.00341375,0.009238117647058822,0.0017822580645161293,0.0016204,0.005675384615384615,0.04033423076923077,0.0037189024390243903,0.0037344444444444447,0.0020092857142857143,0.00026539473684210525,0.0005627272727272728,4.253012048192771e-05,0.00027625,0.0002442857142857143,0.0027891489361702125,0.00098875,6.8e-05,0.003984736842105262,0.0004834736842105263,0.0005835714285714285,0.0015375438596491227,0.0001990625,0.0018475862068965516,0.00038199999999999996,4.727272727272727e-05,0.0017966153846153846,0.0006491666666666667,0.000893,0.000936938775510204,0.0016150000000000001,0.003331724137931034,0.00019727272727272728,0.0,0.0009190322580645162,0.0011949999999999999,0.00022166666666666667,7.857142857142858e-05,0.0005802777777777779,0.000866,0.0007986666666666666,0.0007108602150537636,0.0002512962962962963,0.004025405405405405,5.333333333333333e-05,8e-05,0.0021899999999999997,0.00026166666666666667,0.00052,0.0003435064935064935,0.0019707142857142857,0.003068548387096774,2.875e-05,0.000553109243697479,0.0007779999999999999
16200,0.0011622666666666667,0.0011685185185185186,0.0020383333333333334,0.002156923076923077,0.0024916455696202535,0.0012814285714285716,0.0032614516129032254,0.002054473684210526,0.0020378481012658226,0.00189125,0.002879259259259259,0.0009426530612244898,0.003023939393939394,0.0020756060606060608,0.0014215294117647058,0.0001325,0.0018369047619047623,0.006059620253164558,0.0045535714285714285,0.0017442666666666674,0.0025918461538461533,0.0011058928571428572,0.003033733333333333,0.0013183333333333337,0.002608888888888889,0.0006659999999999999,0.0020253225806451617,0.0027879166666666673,0.009470117647058823,0.0012519354838709676,0.0019969333333333334,0.004396153846153846,0.044674615384615375,0.003210609756097561,0.002682777777777778,0.001978392857142857,0.00025,0.0008827272727272729,5.180722891566265e-05,0.00039,0.00030285714285714285,0.0024373404255319145,0.0015775,0.000108,0.004374736842105262,0.0008232631578947365,0.0012062857142857142,0.0021507894736842105,0.000378125,0.0016780172413793102,0.0005020000000000001,0.00017636363636363637,0.0015276923076923076,0.00047999999999999996,0.0005879999999999999,0.0008718367346938774,0.00112,0.0032724137931034476,0.00030454545454545453,0.0,0.0010078494623655912,0.0015674999999999999,0.0004950000000000001,0.00014714285714285716,0.0005852777777777778,0.0010084615384615384,0.0010213333333333333,0.0010105376344086022,0.00026638888888888887,0.003810900900900901,8.888888888888889e-05,0.00071,0.0031333333333333335,0.0006783333333333333,0.0002585714285714286,0.0005283116883116882,0.0017442857142857143,0.0035153225806451613,5.125e-05,0.0006827731092436974,0.001277
16300,0.0012259999999999999,0.0011374074074074073,0.0018400000000000005,0.0024372307692307692,0.0019092405063291138,0.0012428571428571428,0.0026343548387096774,0.0017169736842105262,0.002124936708860759,0.0016756249999999998,0.0029116049382716057,0.000959795918367347,0.0035996969696969693,0.0017678787878787877,0.0013077647058823531,0.00013625,0.0017326190476190473,0.005637974683544302,0.003788928571428572,0.0015070666666666666,0.0022923076923076924,0.00116375,0.002695333333333334,0.0013816666666666665,0.003288412698412699,0.00048400000000000006,0.002403387096774193,0.002326041666666667,0.007717058823529412,0.001485483870967742,0.001166,0.00530923076923077,0.04929692307692308,0.0026384146341463417,0.00312,0.0015192857142857143,0.0002769736842105263,0.0005281818181818183,4.0240963855421686e-05,0.00016874999999999998,0.0002185714285714286,0.0018527659574468084,0.00135125,3.5e-05,0.004162631578947368,0.0003984210526315789,0.0006295714285714286,0.0010012280701754387,0.0003128125,0.001355603448275862,0.000398,0.00010272727272727273,0.0012083076923076923,0.00045749999999999995,0.000644,0.000646530612244898,0.00067,0.0022693103448275863,0.00019454545454545454,7.5e-05,0.0006636559139784946,0.00096375,7.333333333333333e-05,0.0001957142857142857,0.00042083333333333333,0.0008009230769230769,0.0005920000000000001,0.000531505376344086,0.00016638888888888888,0.002907567567567568,6e-05,0.00025333333333333333,0.0024,0.00019333333333333333,0.00015142857142857143,0.00033389610389610394,0.0014192857142857143,0.0025062096774193547,0.0,0.0003226890756302522,0.000642
16400,0.0018778666666666663,0.0018870370370370371,0.002655833333333333,0.0032980000000000006,0.0031521518987341775,0.0015242857142857141,0.00439741935483871,0.0024846052631578948,0.002693037974683544,0.002683125,0.003987530864197531,0.001223469387755102,0.005061212121212121,0.002168939393939394,0.0017665882352941174,0.00021166666666666667,0.0024840476190476192,0.010518481012658228,0.005788214285714285,0.002170133333333333,0.003221230769230769,0.0016726785714285713,0.0032756,0.002069333333333333,0.004594285714285713,0.000598,0.003714677419354838,0.004641666666666666,0.01289305882352941,0.0018812903225806452,0.001743066666666667,0.006295769230769231,0.057170000000000006,0.004048780487804877,0.003200555555555556,0.00204625,0.0008640789473684209,0.0008236363636363636,0.00016036144578313253,0.00032812499999999997,0.0004342857142857143,0.0030009574468085106,0.0018225000000000001,4.8e-05,0.006403684210526315,0.0011753684210526315,0.0015422857142857144,0.002316578947368421,0.00041187499999999997,0.0020733620689655174,0.000876,0.00030727272727272727,0.0018343076923076924,0.0007141666666666667,0.001,0.0009844897959183673,0.00113,0.004040689655172414,0.00025818181818181815,0.0002425,0.0013329032258064517,0.0017875,0.000385,0.000612857142857143,0.000948888888888889,0.0012147692307692309,0.0013733333333333332,0.0011806451612903226,0.0003087962962962963,0.005204594594594595,0.00026000000000000003,0.00044666666666666666,0.005636666666666667,0.0005833333333333334,0.0006014285714285714,0.0006641558441558442,0.0021285714285714285,0.004040967741935484,4.875e-05,0.0006190756302521008,0.0010450000000000001
16500,0.0015266666666666666,0.001365925925925926,0.0025233333333333336,0.0027196923076923075,0.0020108860759493674,0.0013157142857142857,0.0034053225806451614,0.0018935526315789475,0.00270746835443038,0.0024018750000000004,0.005419876543209877,0.0014399999999999999,0.005165757575757576,0.0021069696969696974,0.0015211764705882356,0.00028625000000000005,0.0020526190476190475,0.006669873417721519,0.0046978571428571425,0.0019366666666666666,0.0023079999999999997,0.0013230357142857143,0.003035066666666666,0.0014856666666666666,0.003649047619047619,0.000486,0.003664516129032258,0.0028397916666666662,0.008893529411764705,0.0020122580645161293,0.0013430666666666665,0.006826153846153846,0.043563269230769225,0.003259024390243903,0.003073888888888889,0.001652142857142857,0.0006053947368421053,0.0004781818181818182,0.00016313253012048196,0.00032625,0.00046285714285714284,0.00256968085106383,0.0015625,0.000123,0.0031063157894736845,0.0007890526315789474,0.0010321428571428571,0.0013658771929824561,0.00039125,0.0017306896551724138,0.000908,0.00013636363636363637,0.001358,0.0005124999999999999,0.001031,0.0008320408163265306,0.00115,0.002638965517241379,0.00017454545454545454,0.000125,0.0011011827956989247,0.00149875,0.0006216666666666666,0.00040999999999999994,0.0008241666666666666,0.0011052307692307692,0.0010993333333333335,0.0007493548387096776,0.00028148148148148146,0.003911891891891893,0.00024333333333333336,0.00028166666666666666,0.004196666666666667,0.00035,0.00023428571428571427,0.0005748051948051948,0.0018292857142857143,0.002831532258064516,4.25e-05,0.00046840336134453784,0.0008329999999999999
16600,0.0014301333333333333,0.0014248148148148145,0.0018916666666666665,0.002434769230769231,0.00230746835443038,0.0011514285714285713,0.0030343548387096776,0.0017126315789473684,0.0019417721518987343,0.00190375,0.0035948148148148146,0.0009608163265306122,0.0027569696969696965,0.0020440909090909086,0.0016176470588235296,0.00026291666666666667,0.0020253571428571425,0.006612784810126583,0.0043271428571428575,0.0018456000000000006,0.0021883076923076925,0.0014508928571428572,0.0025870666666666666,0.0016866666666666666,0.0033826984126984127,0.000466,0.0019359677419354838,0.004121041666666666,0.008515882352941177,0.0018566129032258065,0.0012507999999999998,0.005686153846153846,0.0412425,0.002615609756097561,0.0030066666666666666,0.0015075,0.00031092105263157897,0.0005845454545454546,7.445783132530121e-05,0.00025937500000000006,0.00025714285714285715,0.0026288297872340423,0.0009875,0.0,0.0035094736842105263,0.0006919999999999999,0.0010097142857142859,0.0017107894736842104,0.000154375,0.0017644827586206896,0.0005859999999999999,8.636363636363636e-05,0.0012888461538461537,0.0004391666666666667,0.0008680000000000001,0.0007434693877551021,0.00034,0.002711034482758621,9.636363636363636e-05,6.75e-05,0.0009181720430107528,0.00134375,0.00036666666666666667,0.00036142857142857146,0.00030944444444444444,0.0008972307692307693,0.0009166666666666666,0.0006134408602150538,0.0001412037037037037,0.004019279279279279,5.666666666666667e-05,0.00011500000000000002,0.00302,6.5e-05,0.00020285714285714286,0.0005211688311688312,0.0016521428571428572,0.0034194354838709678,0.0,0.00043176470588235296,0.0010450000000000001
16700,0.0017876000000000003,0.0017988888888888887,0.0027958333333333338,0.004094769230769232,0.0033975949367088614,0.0015685714285714285,0.0040982258064516126,0.0023896052631578947,0.0029067088607594937,0.002660625,0.004659506172839506,0.0012773469387755104,0.003970303030303031,0.0023601515151515156,0.0020180000000000003,0.00025333333333333333,0.002285,0.007669620253164558,0.0056175,0.002021733333333333,0.002833538461538461,0.0015123214285714286,0.004124666666666666,0.002176666666666667,0.005013015873015873,0.00052,0.0035314516129032253,0.003949166666666667,0.010650705882352942,0.002264838709677419,0.0014654666666666669,0.007380000000000001,0.05736326923076924,0.004315609756097561,0.003644444444444444,0.0026475,0.0004750000000000001,0.0006618181818181818,9.493975903614457e-05,0.000250625,0.0005385714285714285,0.0032954255319148935,0.00197375,7.3e-05,0.006012631578947369,0.000978,0.0013541428571428571,0.0031400000000000004,0.00033156250000000004,0.0031662931034482757,0.0005560000000000001,0.00020636363636363636,0.0017244615384615386,0.0007533333333333333,0.001003,0.0011524489795918368,0.0007999999999999999,0.004807931034482758,0.0002136363636363636,0.0,0.001649354838709678,0.00147875,0.00047666666666666663,0.0005142857142857143,0.0008919444444444444,0.0014332307692307693,0.0011306666666666665,0.000765268817204301,0.00021398148148148144,0.006788288288288288,0.0002666666666666667,0.00017,0.003413333333333333,0.00029833333333333334,0.0003585714285714286,0.0008046753246753246,0.0020628571428571428,0.005620080645161292,0.0,0.0006078151260504203,0.001323
16800,0.0017571999999999998,0.0016111111111111116,0.0028275000000000006,0.004277230769230769,0.002438227848101266,0.0019442857142857144,0.0032579032258064516,0.0023793421052631576,0.0021705063291139236,0.002901875,0.0036728395061728395,0.0011055102040816328,0.004201212121212121,0.0021487878787878785,0.0018997647058823525,0.00023333333333333333,0.002274047619047619,0.007576962025316454,0.0059667857142857135,0.0021746666666666668,0.0025780000000000004,0.00135125,0.003514,0.0021196666666666664,0.0047806349206349205,0.000556,0.0033622580645161293,0.003339166666666667,0.009779529411764706,0.0023474193548387095,0.0017102666666666665,0.007112692307692307,0.05816250000000001,0.003926341463414635,0.003533888888888889,0.002809107142857143,0.0007748684210526316,0.001090909090909091,0.00018433734939759036,0.00025375,0.0004885714285714286,0.004192340425531916,0.0014724999999999999,0.000155,0.005915263157894737,0.0012525263157894737,0.0012377142857142858,0.003009385964912281,0.00035781249999999995,0.003648275862068965,0.0006200000000000001,0.00013363636363636363,0.0022530769230769227,0.0009191666666666665,0.001794,0.001482857142857143,0.00162,0.004985862068965516,0.0004627272727272727,0.0001325,0.0020552688172043006,0.0022312499999999997,0.00086,0.00010857142857142858,0.0010461111111111112,0.0020201538461538464,0.0013206666666666668,0.0011645161290322582,0.0003500925925925926,0.009115405405405404,0.0003911111111111111,0.0002016666666666667,0.006283333333333333,0.00026000000000000003,0.0003985714285714286,0.0008580519480519481,0.0029935714285714283,0.006114596774193549,6.125e-05,0.0009956302521008404,0.001321
16900,0.0020469333333333335,0.001895925925925926,0.0026233333333333334,0.0032423076923076928,0.003408987341772152,0.0021985714285714286,0.004050161290322581,0.002424210526315789,0.002594683544303797,0.0031937499999999995,0.004798148148148148,0.0012483673469387755,0.004043939393939394,0.002732272727272727,0.0020738823529411767,0.0003629166666666666,0.002492023809523809,0.0071630379746835445,0.006205714285714285,0.0022825333333333334,0.003274923076923077,0.0016303571428571428,0.003956,0.0021416666666666667,0.004757460317460317,0.000698,0.003969193548387097,0.0038485416666666668,0.010347176470588236,0.0022956451612903225,0.0016681333333333334,0.007146153846153845,0.0348225,0.004061585365853658,0.004759444444444445,0.0024442857142857144,0.0007335526315789473,0.0008818181818181819,0.00020542168674698796,0.00035,0.0004957142857142857,0.0033554255319148928,0.0014625,0.000162,0.0053910526315789475,0.0016613684210526319,0.001093142857142857,0.0024742105263157893,0.0006087499999999999,0.002535948275862069,0.000648,0.0002763636363636364,0.0018956923076923079,0.00083,0.001163,0.001096122448979592,0.00112,0.003866206896551724,0.0006245454545454546,0.000385,0.001760537634408602,0.00238375,0.0006183333333333333,0.0006628571428571429,0.0008100000000000001,0.0015395384615384615,0.0014626666666666666,0.0010045161290322582,0.0003146296296296296,0.005323603603603603,0.0002722222222222222,0.0004116666666666667,0.003276666666666667,0.0005733333333333334,0.00023,0.0007901298701298702,0.0025614285714285713,0.0044839516129032255,7.125e-05,0.0008131092436974789,0.001088
17000,0.0019140000000000001,0.0019229629629629633,0.003396666666666667,0.003231538461538462,0.0033741772151898723,0.0020014285714285715,0.005024677419354838,0.002773552631578947,0.0029111392405063293,0.004191875,0.005801604938271605,0.0016624489795918369,0.006811212121212121,0.003071969696969697,0.0023916470588235296,0.00033083333333333337,0.002749047619047619,0.009555443037974683,0.006573214285714286,0.002304133333333333,0.0031658461538461536,0.0016598214285714287,0.004443733333333333,0.002558333333333333,0.0066007936507936505,0.0009799999999999998,0.004281935483870968,0.004388125,0.013089764705882351,0.0034062903225806455,0.0019546666666666666,0.010488846153846154,0.046507307692307695,0.004255609756097562,0.004418333333333333,0.0024701785714285715,0.0005648684210526315,0.0010009090909090907,8.674698795180722e-05,0.00013375,0.00032285714285714285,0.0036649999999999994,0.00101125,8.3e-05,0.005887368421052632,0.0012640000000000001,0.001042857142857143,0.0025357017543859647,0.0002915625,0.002421120689655173,0.000668,0.00012454545454545455,0.001670076923076923,0.0009308333333333334,0.0010220000000000001,0.001212857142857143,0.00125,0.004681034482758621,0.00034454545454545453,0.0,0.0017388172043010751,0.00141,0.00044,0.00010571428571428571,0.0005158333333333334,0.0015563076923076923,0.0014046666666666665,0.0009495698924731185,0.000294537037037037,0.005210000000000001,0.00023888888888888888,0.0002883333333333333,0.004183333333333333,0.00049,0.00039428571428571426,0.000625064935064935,0.002619285714285715,0.005914032258064516,0.0,0.0006361344537815126,0.0011639999999999999
17100,0.0021316,0.00212037037037037,0.0027900000000000004,0.004422615384615385,0.0032872151898734174,0.0013814285714285716,0.004267096774193548,0.0022198684210526314,0.0031127848101265825,0.004083750000000001,0.005983703703703704,0.0015746938775510202,0.005024545454545455,0.003149848484848485,0.0021948235294117647,0.00026125,0.0025602380952380955,0.008525822784810127,0.005793214285714286,0.0023432,0.003295076923076923,0.0018139285714285712,0.004720800000000001,0.002073666666666667,0.006081746031746033,0.0010940000000000001,0.004143064516129032,0.004488333333333333,0.01143670588235294,0.0037156451612903227,0.0021931999999999998,0.010624615384615387,0.04942461538461537,0.0036058536585365855,0.003948333333333333,0.0018242857142857143,0.00027710526315789476,0.0007799999999999999,8.686746987951807e-05,0.00019187500000000002,0.0004385714285714285,0.00284904255319149,0.0011725,8.999999999999999e-05,0.004606315789473684,0.0010355789473684208,0.0012617142857142857,0.002115175438596491,0.0005393749999999999,0.0019000000000000002,0.00048800000000000004,0.00010181818181818181,0.0015657692307692308,0.0007883333333333333,0.000702,0.0010165306122448979,0.000845,0.003456551724137931,0.0002709090909090909,0.0001275,0.0013394623655913981,0.0015787499999999999,0.00037000000000000005,0.0,0.0005394444444444444,0.0009361538461538462,0.0010473333333333333,0.0008572043010752686,0.0003158333333333334,0.004292162162162162,0.0002644444444444445,0.00030166666666666666,0.00229,0.00042333333333333334,0.00042999999999999994,0.0005223376623376623,0.0019242857142857145,0.004065000000000001,3.875e-05,0.0005705882352941177,0.0010739999999999999
17200,0.0014942666666666667,0.0014470370370370368,0.0021516666666666663,0.002879230769230769,0.0028103797468354424,0.0010128571428571428,0.003141935483870968,0.0016565789473684213,0.002153670886075949,0.002751875,0.0034143209876543205,0.000913061224489796,0.0035148484848484852,0.0021842424242424245,0.0017208235294117644,0.00011708333333333334,0.002258690476190476,0.006899367088607595,0.004750357142857144,0.0016812,0.002080307692307692,0.001197142857142857,0.0036062666666666666,0.0017376666666666662,0.0034074603174603173,0.000588,0.0023079032258064513,0.0035797916666666665,0.009534705882352942,0.0021958064516129036,0.0015054666666666665,0.005651538461538461,0.04914365384615385,0.0027780487804878046,0.0033855555555555557,0.0015348214285714286,0.00030302631578947364,0.0005809090909090909,0.0001,0.00024312500000000001,0.00036428571428571423,0.0022993617021276596,0.00114125,7.6e-05,0.0042426315789473685,0.0008188421052631579,0.0008504285714285714,0.0017535964912280702,0.00042249999999999997,0.001624655172413793,0.000426,9e-05,0.001336,0.0009125000000000001,0.0009570000000000001,0.0010455102040816326,0.00098,0.00312551724137931,0.00043818181818181814,0.0,0.001266774193548387,0.0014175,0.0005366666666666667,6.142857142857142e-05,0.0005797222222222222,0.0009598461538461538,0.0007246666666666668,0.0007391397849462367,0.0002532407407407407,0.003784864864864865,0.0001722222222222222,0.00023833333333333332,0.00348,0.0003366666666666667,0.0002957142857142857,0.0003258441558441559,0.0016135714285714282,0.0033871774193548394,3.75e-05,0.0005360504201680673,0.0009180000000000001
17300,0.0013198666666666666,0.0015907407407407409,0.002415,0.002327230769230769,0.00289493670886076,0.0014071428571428572,0.004719354838709676,0.0019939473684210526,0.0020846835443037973,0.002921875,0.004124814814814815,0.00109,0.004090303030303031,0.0022477272727272728,0.0021097647058823527,0.00038583333333333335,0.002464642857142857,0.007757974683544305,0.0039675000000000005,0.0020144000000000004,0.0028978461538461536,0.001085357142857143,0.0037258666666666663,0.0025219999999999995,0.004027936507936507,0.000432,0.002788709677419355,0.00352625,0.010049529411764704,0.002416935483870968,0.002306,0.00513423076923077,0.048417115384615385,0.0037265853658536587,0.0038833333333333337,0.0018974999999999999,0.00034118421052631575,0.0004909090909090909,8.614457831325302e-05,0.0002725,0.00028857142857142856,0.002859787234042553,0.0009074999999999999,7.4e-05,0.00419421052631579,0.0007676842105263159,0.0010618571428571433,0.0017658771929824563,0.00035625,0.0018223275862068965,0.00026,7.818181818181818e-05,0.0012197692307692307,0.0006416666666666667,0.0008410000000000001,0.0009202040816326532,0.000485,0.0031786206896551724,0.00024090909090909092,0.0,0.0012772043010752688,0.0011825,0.00032,0.0003214285714285714,0.0005147222222222224,0.0009435384615384616,0.0008606666666666668,0.0006146236559139785,0.00013333333333333334,0.0042454954954954955,0.00018444444444444443,0.00017500000000000003,0.002303333333333333,0.000245,0.00020857142857142857,0.0003772727272727273,0.001590714285714286,0.003394516129032258,0.0,0.000520420168067227,0.000775
17400,0.0016153333333333334,0.001619259259259259,0.0020975,0.0028341538461538465,0.0030130379746835445,0.0011985714285714286,0.0035366129032258064,0.0022340789473684216,0.002458987341772152,0.0031756249999999996,0.004728518518518518,0.0011271428571428572,0.00403030303030303,0.002557575757575758,0.0018641176470588236,0.00038833333333333336,0.0027879761904761905,0.007356455696202532,0.005059285714285713,0.0021738666666666667,0.0027766153846153848,0.0017278571428571427,0.0036189333333333327,0.0020546666666666664,0.00501888888888889,0.00052,0.002444838709677419,0.004386666666666666,0.010672470588235294,0.002267903225806451,0.0019676,0.005791153846153847,0.05089576923076922,0.0035208536585365855,0.003957777777777778,0.00257625,0.0006778947368421053,0.0007427272727272727,0.00024096385542168676,0.000415625,0.0007028571428571429,0.0031858510638297873,0.001395,6.7e-05,0.005012105263157894,0.0010688421052631575,0.001366857142857143,0.0018666666666666666,0.00046843750000000005,0.002263534482758621,0.000588,0.0001109090909090909,0.0015243846153846154,0.0008900000000000001,0.0013379999999999998,0.0008640816326530612,0.00058,0.0033634482758620695,0.0003818181818181819,0.0,0.001356021505376344,0.001585,0.0007083333333333334,0.0004371428571428572,0.0009150000000000001,0.001441230769230769,0.0013720000000000002,0.000728494623655914,0.00024629629629629627,0.004635855855855856,0.00019666666666666666,0.00036166666666666666,0.002943333333333333,0.0005716666666666667,0.0005657142857142857,0.0007918181818181817,0.0020485714285714287,0.004117016129032258,6.75e-05,0.0008926890756302522,0.0013000000000000002
17500,0.0015461333333333333,0.0013585185185185185,0.0027533333333333333,0.0028178461538461543,0.0026463291139240497,0.0012057142857142857,0.004136129032258065,0.0020635526315789477,0.002442151898734177,0.0026699999999999996,0.0035333333333333336,0.0008359183673469387,0.004143333333333333,0.002121515151515151,0.0018183529411764706,0.0002670833333333333,0.002561904761904762,0.00889620253164557,0.004474642857142857,0.0021350666666666664,0.002945846153846154,0.0011530357142857143,0.003160933333333333,0.0019219999999999997,0.0044520634920634915,0.00032,0.002703225806451613,0.003910833333333333,0.011938000000000004,0.0019648387096774193,0.0017023999999999997,0.006524615384615385,0.049206730769230766,0.00409,0.0036038888888888887,0.0022301785714285713,0.0007576315789473685,0.0008027272727272727,0.00019951807228915666,0.00042124999999999997,0.0004928571428571429,0.00288031914893617,0.0019649999999999997,4.4999999999999996e-05,0.004667368421052631,0.0012856842105263156,0.0018704285714285717,0.002168859649122807,0.0004209375,0.0023507758620689655,0.0009660000000000001,0.00013727272727272728,0.0017665384615384618,0.0009575,0.0013990000000000003,0.0010263265306122448,0.00094,0.0042889655172413796,0.0005836363636363636,9.75e-05,0.001579784946236559,0.0017824999999999998,0.0003483333333333333,0.0010185714285714286,0.0007436111111111111,0.0012384615384615385,0.0011133333333333334,0.0010404301075268815,0.00031509259259259256,0.005258918918918919,0.00022,0.0003066666666666667,0.004496666666666667,0.000805,0.0003414285714285714,0.000641038961038961,0.001490714285714286,0.004781935483870968,6.5e-05,0.0006963025210084034,0.001297
17600,0.0015230666666666665,0.001527037037037037,0.0021583333333333333,0.002551846153846154,0.002259620253164557,0.00152,0.0034551612903225806,0.0017463157894736844,0.00217367088607595,0.002865,0.003935185185185186,0.000969795918367347,0.0038575757575757576,0.0020415151515151514,0.0015762352941176465,0.00013083333333333333,0.002225833333333333,0.006420632911392406,0.0048392857142857135,0.0017642666666666661,0.00209,0.0016201785714285712,0.0029949333333333336,0.0016803333333333334,0.004192698412698413,0.00041200000000000004,0.002265161290322581,0.0030989583333333333,0.008133764705882354,0.001981451612903226,0.00124,0.005646923076923077,0.03733134615384615,0.0035008536585365855,0.0037066666666666667,0.0013132142857142856,0.00048657894736842106,0.0005681818181818182,0.0001233734939759036,0.000150625,0.0004957142857142857,0.0021206382978723403,0.00043375,5.6999999999999996e-05,0.003475263157894737,0.0007188421052631579,0.0008462857142857143,0.0013887719298245613,0.00022281250000000003,0.0013893103448275863,0.00044799999999999994,6.363636363636364e-05,0.0012850769230769235,0.00039,0.000661,0.0006067346938775511,0.00066,0.0024972413793103447,0.00029363636363636365,0.0,0.0010211827956989245,0.001115,0.00023000000000000003,0.0003857142857142857,0.00027638888888888884,0.0007095384615384615,0.0009639999999999998,0.0004873118279569893,0.00014055555555555555,0.0031966666666666667,0.00011666666666666667,0.00018,0.0018966666666666665,0.00043,0.00018857142857142857,0.0003796103896103896,0.0011135714285714284,0.0028089516129032265,3.875e-05,0.00040176470588235293,0.000817
17700,0.0015809333333333335,0.001437037037037037,0.0021625,0.002523846153846154,0.0024970886075949368,0.0013000000000000002,0.0028609677419354834,0.0017963157894736838,0.0019675949367088602,0.0021675,0.0036703703703703703,0.0010222448979591836,0.004211515151515151,0.0017795454545454544,0.0015454117647058822,0.00013291666666666665,0.0019764285714285717,0.005400759493670887,0.0051146428571428575,0.0016885333333333335,0.0018498461538461535,0.0011398214285714286,0.0027592,0.001324,0.003810952380952381,0.000362,0.0025695161290322584,0.0028845833333333327,0.007149764705882354,0.001928709677419355,0.0013765333333333335,0.003915000000000001,0.03402538461538462,0.003205975609756098,0.0030811111111111113,0.0014857142857142857,0.00035236842105263155,0.0007690909090909092,8.120481927710843e-05,0.000174375,0.00029857142857142853,0.0025520212765957452,0.0009699999999999999,0.00010400000000000001,0.0028194736842105266,0.0006731578947368422,0.0008098571428571429,0.0012635087719298245,0.0002503125,0.0014276724137931038,0.000544,6.545454545454546e-05,0.001451153846153846,0.0006833333333333332,0.0007509999999999999,0.0009618367346938776,0.00062,0.0025717241379310343,0.00015363636363636363,0.0,0.0009998924731182794,0.0014975000000000001,0.0002966666666666667,6.428571428571429e-05,0.0004224999999999999,0.0007010769230769231,0.0007806666666666667,0.0006059139784946237,0.00018981481481481478,0.003917297297297296,6.222222222222222e-05,0.000105,0.0031733333333333336,0.000505,0.00011571428571428571,0.0004235064935064935,0.0013685714285714286,0.0031091935483870967,3e-05,0.00044336134453781513,0.0007700000000000001
17800,0.0014896000000000002,0.0013707407407407405,0.0018174999999999999,0.0025143076923076924,0.0020773417721518988,0.0011042857142857143,0.0035666129032258065,0.001962368421052632,0.002113417721518987,0.00215875,0.0025533333333333332,0.0010351020408163266,0.004186969696969697,0.0019498484848484848,0.0014723529411764706,0.00022291666666666665,0.0020808333333333334,0.005552405063291138,0.0045707142857142865,0.0016918666666666667,0.0019066153846153844,0.0012483928571428572,0.0027191999999999997,0.0013073333333333333,0.003674761904761905,0.000398,0.002130483870967742,0.0030714583333333336,0.008696117647058823,0.0018498387096774194,0.0009946666666666667,0.0044480769230769235,0.03678923076923077,0.0030639024390243896,0.003546111111111111,0.0015435714285714289,0.00027828947368421054,0.00048090909090909087,8.27710843373494e-05,0.00020562500000000002,0.00034857142857142856,0.002199787234042553,0.0007575,8.099999999999999e-05,0.0023568421052631585,0.0006623157894736843,0.000758,0.0011707894736842108,0.000343125,0.001379655172413793,0.000332,8.545454545454546e-05,0.0013294615384615383,0.0007441666666666667,0.00067,0.0007487755102040816,0.00063,0.002143793103448276,0.00032090909090909094,7e-05,0.0008216129032258065,0.00111625,0.00018999999999999998,0.0004414285714285714,0.00023500000000000002,0.0005103076923076924,0.0006079999999999999,0.00044892473118279564,0.0001500925925925926,0.004227567567567567,7.000000000000001e-05,8.5e-05,0.002603333333333334,0.00037000000000000005,0.00016142857142857143,0.00042779220779220773,0.0011700000000000002,0.002968064516129032,0.0,0.0003899159663865546,0.000689
17900,0.0012738666666666668,0.0011707407407407406,0.002144166666666666,0.002065692307692308,0.002461392405063291,0.0010614285714285715,0.002726935483870968,0.0018427631578947366,0.0020586075949367093,0.002180625,0.004172098765432099,0.0011595918367346939,0.003519090909090909,0.0016699999999999998,0.0015555294117647063,0.0002233333333333333,0.002162857142857143,0.005028101265822786,0.004573214285714286,0.001663866666666667,0.0019521538461538463,0.0010132142857142857,0.003451866666666667,0.0015206666666666667,0.004276507936507934,0.000506,0.0025300000000000006,0.0026552083333333336,0.007051647058823529,0.001780483870967742,0.0014693333333333333,0.005194230769230769,0.03127846153846154,0.0028537804878048783,0.0033366666666666666,0.0018423214285714282,0.00024552631578947365,0.000560909090909091,8.650602409638555e-05,0.00010125,0.00020714285714285713,0.0025670212765957446,0.00097125,2.9e-05,0.002752631578947369,0.0006698947368421053,0.0008545714285714287,0.0013792105263157896,0.00029406250000000005,0.0016354310344827588,0.00047200000000000003,6.90909090909091e-05,0.0011281538461538462,0.0006491666666666666,0.000711,0.0007573469387755103,0.000795,0.0024600000000000004,0.0001681818181818182,0.0,0.0013086021505376343,0.00122875,4.6666666666666665e-05,0.0,0.00027472222222222226,0.0006972307692307692,0.0007886666666666667,0.0005251612903225805,0.00023435185185185185,0.003543783783783784,7.444444444444444e-05,4.6666666666666665e-05,0.0017566666666666668,0.0004833333333333333,0.00020999999999999998,0.0004806493506493507,0.0016150000000000001,0.003050322580645162,4.125e-05,0.00047042016806722684,0.0007
18000,0.0014345333333333334,0.001655185185185185,0.0016791666666666667,0.0023063076923076926,0.0030244303797468354,0.001525714285714286,0.003983548387096775,0.0018623684210526319,0.002989113924050633,0.002665,0.0042414814814814815,0.0012855102040816328,0.0032275757575757572,0.002742878787878788,0.0021951764705882356,0.00022166666666666667,0.002960833333333333,0.008058101265822785,0.005128928571428572,0.0024487999999999997,0.001998615384615385,0.0017771428571428571,0.0032012,0.001848,0.0039773015873015875,0.00047200000000000003,0.002413709677419355,0.00398375,0.01105435294117647,0.0021425806451612905,0.0015107999999999999,0.006369615384615384,0.04069903846153847,0.002938780487804878,0.0037605555555555556,0.0017583928571428572,0.0004398684210526316,0.0004718181818181818,0.00010289156626506023,0.00018625,0.00024857142857142857,0.002732340425531915,0.0010712500000000002,6.900000000000001e-05,0.002964736842105263,0.0007646315789473682,0.0008132857142857142,0.0014699122807017545,0.0001940625,0.0016524137931034485,0.00038,5.7272727272727274e-05,0.0013546923076923076,0.0007075000000000001,0.000865,0.0008381632653061225,0.0007999999999999999,0.002736206896551724,0.0002509090909090909,8.5e-05,0.0012317204301075268,0.001055,7.166666666666667e-05,0.00046285714285714284,0.0003072222222222222,0.0007952307692307692,0.000708,0.0004970967741935483,0.00017777777777777776,0.004525135135135135,8.777777777777778e-05,0.0,0.00203,0.00013833333333333333,0.00016571428571428572,0.00039805194805194805,0.0013349999999999998,0.0035112096774193554,0.0,0.00043109243697478996,0.0008880000000000001
18100,0.0017806666666666667,0.0017555555555555558,0.0016474999999999999,0.0029367692307692306,0.0032946835443037974,0.0015628571428571425,0.004150967741935484,0.0027148684210526316,0.0026883544303797466,0.0026275000000000005,0.0036697530864197533,0.0010728571428571428,0.003928181818181818,0.0021872727272727274,0.002083529411764706,0.00047083333333333336,0.0029867857142857144,0.008331265822784808,0.005662142857142857,0.0022342666666666667,0.002087846153846154,0.0017253571428571428,0.00387,0.002187,0.003915714285714285,0.0006479999999999999,0.0027906451612903227,0.0039700000000000004,0.00918305882352941,0.0022153225806451613,0.0017774666666666669,0.004786923076923077,0.03058173076923077,0.0036499999999999996,0.0038533333333333336,0.0029273214285714284,0.0004014473684210526,0.0008900000000000001,0.00011867469879518073,0.000245,0.00028,0.003792659574468086,0.00134125,0.00011100000000000001,0.0037015789473684203,0.0010852631578947367,0.001164,0.001679298245614035,0.00047625,0.002428017241379311,0.0010700000000000002,0.0001109090909090909,0.0017775384615384613,0.0012583333333333333,0.001369,0.0009883673469387754,0.00155,0.0035386206896551725,0.00041090909090909096,0.000185,0.0013481720430107526,0.0018549999999999999,0.00036666666666666667,0.0007871428571428571,0.0005127777777777777,0.0012766153846153845,0.0012546666666666667,0.000755268817204301,0.00030407407407407407,0.005237477477477478,0.00018777777777777779,0.00014666666666666666,0.002683333333333334,0.0005583333333333333,0.0003757142857142857,0.0008189610389610388,0.0022949999999999993,0.0045025,4.75e-05,0.0007915126050420168,0.0009480000000000001
18200,0.0013922666666666666,0.001435555555555556,0.0023350000000000003,0.002123692307692308,0.0030898734177215188,0.0012528571428571428,0.0026151612903225806,0.0020757894736842105,0.0022736708860759494,0.00194875,0.004214074074074075,0.0008895918367346939,0.00417030303030303,0.002038636363636363,0.0015910588235294118,0.0002016666666666667,0.0025133333333333336,0.005857848101265823,0.0046610714285714285,0.0018257333333333333,0.0020247692307692306,0.0012451785714285713,0.0038871999999999995,0.00142,0.0033536507936507936,0.000588,0.002496129032258065,0.0026370833333333333,0.009511058823529412,0.0017703225806451615,0.0013534666666666668,0.005030384615384615,0.04502096153846154,0.0031508536585365854,0.003586111111111111,0.0025951785714285716,0.00026881578947368423,0.0005381818181818182,6.132530120481928e-05,0.00014125,0.00017857142857142857,0.00281031914893617,0.00120375,0.000127,0.003224210526315789,0.0007863157894736842,0.0008285714285714284,0.001387280701754386,0.0003209375,0.0024243965517241383,0.0005740000000000001,0.00010181818181818181,0.0015556923076923078,0.0009216666666666667,0.0008709999999999999,0.0008775510204081632,0.00103,0.0032634482758620684,0.0001909090909090909,0.0,0.001345698924731183,0.0010725,0.00018166666666666667,6.428571428571429e-05,0.00029805555555555553,0.0011166153846153847,0.0008500000000000001,0.0005847311827956989,0.0003158333333333333,0.004879729729729731,8.222222222222222e-05,7.833333333333333e-05,0.00197,0.00051,0.0002614285714285714,0.0005644155844155844,0.0017607142857142858,0.0041842741935483865,3.375e-05,0.0005491596638655461,0.0008180000000000002
18300,0.0015774666666666666,0.001671111111111111,0.00226,0.0028712307692307696,0.0031564556962025317,0.0012671428571428575,0.0037172580645161287,0.002420921052631579,0.002409493670886076,0.00297625,0.004918395061728395,0.0012963265306122447,0.004239696969696969,0.002420909090909091,0.0018718823529411766,0.00044916666666666656,0.002442619047619048,0.00694860759493671,0.004815714285714285,0.0019805333333333336,0.002653230769230769,0.0015075000000000002,0.0042712,0.0018086666666666668,0.004199206349206349,0.0005639999999999999,0.003267096774193548,0.003154791666666667,0.010762352941176471,0.0024251612903225814,0.0018174666666666672,0.007816923076923077,0.05697326923076924,0.003567804878048781,0.004396666666666667,0.002306071428571429,0.0005248684210526316,0.0007636363636363638,0.00014493975903614455,0.000404375,0.0003357142857142857,0.004019148936170213,0.00141625,0.000135,0.0045715789473684204,0.001117157894736842,0.0011532857142857141,0.0021505263157894743,0.0003665625,0.0025883620689655168,0.000928,0.00011727272727272727,0.0019453846153846155,0.0012675,0.001227,0.0010830612244897959,0.0007000000000000001,0.0035606896551724147,0.00021909090909090907,0.0001625,0.0016203225806451615,0.0015574999999999999,0.00047,7.857142857142858e-05,0.000525,0.001396923076923077,0.0010133333333333333,0.0009183870967741934,0.0003622222222222222,0.005152342342342344,0.00021777777777777778,0.00035000000000000005,0.001993333333333333,0.0006266666666666666,0.00036857142857142855,0.0007083116883116883,0.0020728571428571428,0.004586935483870967,5.875e-05,0.0007947899159663865,0.0012579999999999998
18400,0.0011351999999999998,0.0010522222222222222,0.0012433333333333335,0.0016698461538461537,0.002640379746835443,0.0012428571428571428,0.0026438709677419356,0.0014034210526315787,0.0014934177215189873,0.001858125,0.0027187654320987653,0.000663265306122449,0.0021445454545454545,0.0014283333333333335,0.0014787058823529412,0.00015041666666666667,0.001640238095238095,0.005160126582278481,0.003358214285714286,0.0014986666666666666,0.001468923076923077,0.0011385714285714287,0.002679333333333333,0.001475333333333333,0.0025295238095238096,0.000308,0.0015851612903225807,0.0021839583333333333,0.0069028235294117625,0.0013325806451612902,0.0012489333333333334,0.004404230769230768,0.03856115384615385,0.0023721951219512196,0.0029111111111111104,0.0018383928571428574,0.0003132894736842105,0.00043818181818181814,6.831325301204818e-05,3.2500000000000004e-05,0.00018285714285714284,0.0022552127659574467,0.0011549999999999998,4.2000000000000004e-05,0.0033142105263157893,0.0004513684210526315,0.0005665714285714285,0.0012142982456140351,8.937499999999999e-05,0.0016893103448275863,0.00020400000000000003,3.818181818181818e-05,0.0012745384615384615,0.0005191666666666666,0.000874,0.0005122448979591836,0.00048,0.0025427586206896555,0.0,0.0,0.0008735483870967742,0.000915,0.00023166666666666667,0.0,0.0003780555555555555,0.0008132307692307692,0.0004953333333333333,0.00040408602150537637,7.277777777777778e-05,0.004452432432432432,4.888888888888889e-05,0.00020666666666666666,0.0025566666666666667,0.00010333333333333333,0.00019714285714285713,0.0002816883116883117,0.0009464285714285714,0.0036418548387096776,0.0,0.0003454621848739496,0.0005169999999999999
18500,0.0014822666666666666,0.001554074074074074,0.0014833333333333332,0.0024755384615384613,0.0022283544303797467,0.0016414285714285715,0.0031067741935483875,0.0017097368421052632,0.001911645569620253,0.0019975,0.0034528395061728394,0.0009097959183673469,0.0027724242424242425,0.0016019696969696968,0.0015565882352941175,0.00023208333333333335,0.0022586904761904758,0.0063656962025316465,0.0038450000000000003,0.002018933333333333,0.0021861538461538464,0.001389642857142857,0.0032663999999999996,0.0016786666666666666,0.003468571428571429,0.00034599999999999995,0.0023393548387096777,0.0033599999999999997,0.008649882352941177,0.0018688709677419355,0.0016494666666666666,0.0054,0.05084115384615385,0.0033548780487804874,0.004623888888888889,0.0023848214285714284,0.00032289473684210524,0.0004736363636363636,6.686746987951808e-05,6.125e-05,0.0002285714285714286,0.003126170212765957,0.0009237500000000001,7.799999999999999e-05,0.003927894736842105,0.000509578947368421,0.0006968571428571428,0.0013568421052631578,0.0002615625,0.0019762068965517242,0.000248,3.818181818181818e-05,0.0013321538461538462,0.0007783333333333332,0.001001,0.0005916326530612245,0.00083,0.003030689655172414,8.818181818181818e-05,0.0,0.0011051612903225806,0.0011325,0.0003416666666666667,7.142857142857143e-05,0.0005111111111111111,0.0008163076923076924,0.000798,0.0003889247311827958,0.00010277777777777779,0.004523963963963963,5.888888888888889e-05,0.000245,0.0032633333333333334,0.00019166666666666667,0.0002142857142857143,0.00037246753246753255,0.0015257142857142854,0.0037675806451612907,0.0,0.0003557983193277312,0.000701
18600,0.0014201333333333334,0.0015081481481481482,0.0020016666666666664,0.0018546153846153845,0.0028339240506329117,0.0012757142857142858,0.0031990322580645165,0.001780921052631579,0.0021682278481012663,0.002819375,0.003487654320987654,0.0011218367346938775,0.0034612121212121215,0.0019187878787878783,0.0015931764705882354,0.000195,0.0022070238095238098,0.00597620253164557,0.004226428571428571,0.0016438666666666667,0.002035230769230769,0.0013025,0.003400666666666667,0.0016673333333333336,0.004169523809523809,0.000442,0.002306129032258064,0.00303,0.008209882352941174,0.00211241935483871,0.0016069333333333334,0.006002307692307692,0.052642499999999995,0.003228048780487805,0.0037577777777777774,0.0019303571428571427,0.0004959210526315789,0.0005272727272727272,9.421686746987952e-05,0.00027625,0.00023714285714285715,0.0024970212765957444,0.00143875,0.0001,0.004813684210526316,0.0007501052631578948,0.0008701428571428571,0.0016735087719298243,0.0004828125,0.002116810344827586,0.000772,8.727272727272727e-05,0.0018360769230769231,0.0007766666666666665,0.001123,0.000652857142857143,0.00111,0.003357241379310345,0.00027454545454545456,9.5e-05,0.001178279569892473,0.0012025,0.0004033333333333334,0.0004414285714285714,0.0006769444444444443,0.0009221538461538463,0.0007826666666666666,0.0006288172043010752,0.00030925925925925934,0.0035301801801801798,8.888888888888889e-05,0.00019833333333333335,0.002466666666666667,0.00045333333333333337,0.00030285714285714285,0.00036727272727272726,0.0019457142857142856,0.0035658870967741926,4.25e-05,0.0005154621848739495,0.001015
18700,0.0011494666666666663,0.00122,0.002449166666666667,0.001698769230769231,0.0026381012658227847,0.0013414285714285715,0.0030187096774193546,0.0015828947368421054,0.0020059493670886077,0.0023625,0.0036856790123456786,0.0009071428571428572,0.003507878787878788,0.001727727272727273,0.001444705882352941,0.00015833333333333332,0.001901904761904762,0.006043291139240507,0.003321428571428571,0.0016879999999999998,0.0021863076923076923,0.001230892857142857,0.003419733333333334,0.0014483333333333332,0.0037920634920634924,0.000346,0.002487096774193549,0.0024972916666666668,0.008032000000000003,0.001580967741935484,0.001304,0.005682307692307691,0.035373653846153846,0.002979512195121951,0.00361,0.0020589285714285714,0.0004659210526315791,0.0006236363636363636,0.00013313253012048193,0.000300625,0.00021714285714285715,0.00245840425531915,0.00112,0.000117,0.003918947368421052,0.0008443157894736842,0.0010142857142857143,0.0015456140350877195,0.00038,0.0018023275862068967,0.0006720000000000001,0.00010272727272727273,0.0014941538461538462,0.0007441666666666667,0.001055,0.0007291836734693879,0.0013750000000000001,0.002951379310344828,0.0001581818181818182,0.0,0.0013772043010752686,0.00159125,0.0005916666666666667,8.428571428571429e-05,0.000543611111111111,0.000899076923076923,0.0007553333333333333,0.0006037634408602152,0.00019435185185185183,0.0034167567567567566,0.0001422222222222222,0.00031833333333333334,0.0021766666666666666,0.0005783333333333334,0.0002671428571428571,0.0005027272727272727,0.0016992857142857144,0.0032706451612903227,0.0,0.0007105882352941176,0.0007970000000000002
18800,0.0010999999999999998,0.00118,0.0017008333333333337,0.002157076923076923,0.0018040506329113928,0.00141,0.0030982258064516125,0.001730394736842105,0.0019391139240506328,0.00232,0.003883086419753086,0.0008704081632653061,0.0033721212121212117,0.0016157575757575757,0.0014092941176470585,0.00012333333333333334,0.0017713095238095242,0.005362784810126582,0.003268214285714286,0.0016076,0.001673692307692308,0.0008639285714285716,0.002837066666666667,0.0013473333333333332,0.0033966666666666663,0.000362,0.0019608064516129036,0.002661041666666667,0.007728235294117648,0.0017520967741935485,0.0011762666666666666,0.005341153846153847,0.03497403846153846,0.0033821951219512193,0.0023049999999999998,0.001764642857142857,0.00030828947368421056,0.0006236363636363636,6.927710843373494e-05,0.00017999999999999998,0.0003385714285714286,0.002402978723404256,0.00125,8.8e-05,0.0040084210526315795,0.0006292631578947369,0.0006687142857142858,0.0017693859649122808,0.0002715625,0.0022742241379310343,0.000854,6.636363636363636e-05,0.0017379999999999997,0.0006833333333333334,0.0009399999999999999,0.0007683673469387756,0.001595,0.002942068965517241,0.0002918181818181818,0.0,0.001518064516129033,0.001175,0.00031666666666666665,0.0,0.00037722222222222226,0.0013295384615384614,0.000932,0.0005838709677419354,0.00018907407407407404,0.004820990990990992,6.333333333333333e-05,0.00023333333333333333,0.002286666666666667,0.0005600000000000001,0.00023714285714285715,0.0004918181818181818,0.0018121428571428574,0.0037525,2.875e-05,0.0005947899159663866,0.000885
18900,0.0013002666666666668,0.0012277777777777777,0.0016508333333333331,0.0021972307692307695,0.002722405063291139,0.0016071428571428571,0.0028630645161290317,0.0015246052631578948,0.00151126582278481,0.002093125,0.0037264197530864195,0.000813673469387755,0.003082121212121212,0.0016906060606060608,0.0014698823529411765,0.00010625000000000001,0.001692142857142857,0.006237468354430381,0.003604285714285714,0.0013743999999999998,0.0017481538461538463,0.001285357142857143,0.0031592,0.001358,0.0035798412698412703,0.00044799999999999994,0.0018095161290322581,0.002905208333333334,0.007546352941176472,0.0018012903225806452,0.0009806666666666668,0.005710000000000001,0.03476865384615385,0.002942439024390244,0.0025816666666666666,0.0020930357142857144,0.00031657894736842105,0.0006072727272727272,8.493975903614459e-05,0.000306875,0.00031142857142857144,0.002361063829787234,0.001235,5.2000000000000004e-05,0.00421842105263158,0.0007686315789473684,0.0009844285714285714,0.0015576315789473684,0.0003640625,0.0015326724137931032,0.000518,0.00011181818181818181,0.0015936153846153843,0.0007149999999999999,0.000658,0.0007959183673469387,0.001325,0.0028444827586206894,0.0002209090909090909,0.0,0.0011294623655913978,0.0014375,0.00036500000000000004,0.0005657142857142857,0.00045499999999999995,0.0010156923076923077,0.0008353333333333333,0.0007405376344086021,0.00030703703703703703,0.002810180180180181,0.00015000000000000001,0.0003066666666666667,0.0022933333333333334,0.00044,0.0003185714285714286,0.0004964935064935065,0.0018142857142857142,0.0029689516129032265,3.75e-05,0.0006621848739495797,0.0008300000000000002
19000,0.0014789333333333334,0.0019407407407407405,0.002204166666666667,0.0025998461538461535,0.0030153164556962022,0.00206,0.004702258064516129,0.0021531578947368416,0.0022778481012658224,0.0026137499999999998,0.004768271604938272,0.0016048979591836738,0.004157272727272727,0.002526060606060606,0.001862,0.0002645833333333333,0.002296190476190476,0.006878987341772153,0.004134642857142857,0.0020636,0.0022867692307692307,0.0016644642857142858,0.004854666666666668,0.002191666666666667,0.005392857142857143,0.0004739999999999999,0.0025195161290322587,0.0033339583333333333,0.009632235294117648,0.0027424193548387103,0.0014634666666666666,0.006679615384615385,0.030209999999999997,0.0029970731707317073,0.004051111111111112,0.0022403571428571433,0.00039223684210526314,0.0005872727272727272,8.204819277108434e-05,0.00026000000000000003,0.0002285714285714286,0.0020226595744680846,0.0009062499999999999,8.099999999999999e-05,0.005055263157894736,0.000501157894736842,0.0005731428571428572,0.001597982456140351,0.00017250000000000002,0.001780344827586207,0.000468,9.181818181818183e-05,0.0013591538461538463,0.0006783333333333334,0.000722,0.0008422448979591837,0.0012000000000000001,0.0029537931034482753,0.0004,0.0,0.0010897849462365593,0.00104125,0.0003466666666666667,0.00031571428571428576,0.000555,0.0008644615384615386,0.000768,0.0005533333333333333,0.00025851851851851855,0.0032950450450450453,0.00016666666666666666,7.000000000000001e-05,0.0022600000000000003,0.00031166666666666663,0.0003628571428571428,0.00042194805194805193,0.0017207142857142857,0.003265645161290322,4.25e-05,0.0004433613445378151,0.0006969999999999999
19100,0.001253066666666667,0.0013103703703703704,0.0024100000000000002,0.0022526153846153846,0.002579620253164557,0.0016714285714285715,0.0035877419354838716,0.0015742105263157895,0.0017105063291139241,0.00207375,0.004710123456790124,0.000916326530612245,0.002435757575757575,0.00185,0.0016904705882352944,0.00019791666666666666,0.001960238095238095,0.006079367088607596,0.0027860714285714286,0.0017533333333333333,0.0019353846153846153,0.001128392857142857,0.0038758666666666676,0.001717,0.003910793650793651,0.000266,0.002148870967741936,0.0029810416666666666,0.008396117647058823,0.002351935483870968,0.0014283999999999998,0.0069961538461538455,0.028807884615384617,0.0027084146341463415,0.00302,0.0018617857142857145,0.0003106578947368421,0.00046818181818181816,5.915662650602409e-05,0.00031187500000000003,0.00020714285714285713,0.002065957446808511,0.00085625,6.5e-05,0.00464421052631579,0.0006229473684210526,0.0006827142857142858,0.0017862280701754383,0.000239375,0.001579051724137931,0.000598,0.00010363636363636364,0.001227,0.0005016666666666666,0.0007559999999999999,0.000587142857142857,0.00131,0.0026758620689655175,0.00020727272727272727,0.0,0.001081182795698925,0.00136875,0.0004933333333333334,8.428571428571429e-05,0.0005800000000000001,0.0007552307692307691,0.0009766666666666667,0.0006350537634408603,0.0001813888888888889,0.003226576576576576,0.00014444444444444444,0.00029000000000000006,0.0032300000000000002,0.000345,0.0002642857142857143,0.00046974025974025975,0.0015228571428571429,0.0033279032258064513,0.0,0.0005673949579831932,0.001098
19200,0.001322133333333333,0.0013685185185185187,0.0024791666666666664,0.0026320000000000002,0.0024224050632911396,0.0017057142857142857,0.0048722580645161285,0.0017815789473684214,0.002126835443037974,0.0024324999999999998,0.00449037037037037,0.0011971428571428571,0.0032836363636363636,0.0017627272727272728,0.001844235294117647,0.0002633333333333333,0.0021967857142857145,0.008213164556962025,0.003828214285714285,0.0016896,0.002580923076923077,0.0014966071428571428,0.004147866666666667,0.001748,0.004357777777777777,0.000432,0.002174354838709677,0.0033535416666666666,0.009959764705882354,0.0019435483870967744,0.0016508,0.007352692307692308,0.04155673076923077,0.003417317073170731,0.004666111111111111,0.001986964285714286,0.00042355263157894734,0.0005481818181818182,7.53012048192771e-05,0.00014875,0.00023142857142857145,0.002419148936170213,0.0010149999999999998,0.0,0.004370000000000001,0.0005888421052631579,0.0007284285714285714,0.0016093859649122806,0.0001425,0.0014623275862068966,0.00043,6.90909090909091e-05,0.0015049230769230773,0.0005316666666666666,0.0008190000000000001,0.0007759183673469388,0.0016250000000000001,0.0026599999999999996,0.00019545454545454545,0.0,0.0011561290322580648,0.00156,0.00045500000000000006,8.142857142857142e-05,0.000746111111111111,0.0007324615384615385,0.0007580000000000001,0.0006967741935483871,0.00020907407407407406,0.0034516216216216216,9.222222222222222e-05,0.0003066666666666666,0.0032666666666666664,0.0003966666666666667,0.0002442857142857143,0.0003011688311688312,0.0011728571428571426,0.0031981451612903226,0.0,0.0006002521008403361,0.001124
19300,0.0011986666666666665,0.0012140740740740742,0.0019033333333333333,0.0024401538461538462,0.0022056962025316456,0.0014242857142857143,0.0035587096774193547,0.0019057894736842105,0.0019624050632911392,0.0024937500000000003,0.003635432098765432,0.0010724489795918366,0.0029454545454545454,0.0021256060606060605,0.0013421176470588235,0.0002854166666666667,0.0021497619047619048,0.006457341772151897,0.003518214285714285,0.001724133333333333,0.0026215384615384616,0.00135125,0.0033213333333333337,0.0014060000000000001,0.0038538095238095237,0.00031,0.0018625806451612902,0.0036789583333333327,0.007767529411764706,0.0017383870967741938,0.0017901333333333331,0.006617307692307692,0.04347846153846154,0.0033643902439024387,0.004662777777777778,0.0020639285714285716,0.0004521052631578947,0.0005909090909090908,0.0001178313253012048,0.00023562500000000002,0.00028571428571428574,0.0029027659574468083,0.001235,0.0,0.0043405263157894735,0.0006770526315789474,0.0010397142857142857,0.0019302631578947368,0.0001409375,0.0015756034482758622,0.00047599999999999997,7.545454545454545e-05,0.001744769230769231,0.0005725,0.000972,0.000853061224489796,0.00106,0.002965862068965518,0.0003427272727272727,7.75e-05,0.0014418279569892475,0.0015025,0.000535,0.00010285714285714286,0.0004361111111111111,0.0009849230769230768,0.0009313333333333334,0.000690215053763441,0.00039222222222222225,0.0032536036036036027,7.222222222222222e-05,0.0002883333333333333,0.0027866666666666665,0.0005616666666666666,0.0002728571428571429,0.0004451948051948052,0.0016014285714285714,0.0032141129032258065,0.0,0.0007415126050420169,0.0011680000000000002
19400,0.001842666666666667,0.0017140740740740742,0.0020333333333333336,0.0032226153846153845,0.0034459493670886084,0.0026114285714285714,0.004791774193548386,0.0022732894736842107,0.002423417721518987,0.00345375,0.004344444444444443,0.0014620408163265304,0.003831515151515152,0.0025578787878787874,0.0019216470588235297,0.0003629166666666666,0.0026673809523809523,0.008389746835443034,0.0049360714285714286,0.0020841333333333333,0.0028184615384615383,0.0015185714285714286,0.003965733333333334,0.0017836666666666663,0.006569047619047619,0.00038,0.002836129032258064,0.0040525,0.009814588235294117,0.0024495161290322576,0.001941866666666667,0.009408846153846153,0.046097115384615396,0.0045164634146341465,0.005904444444444445,0.002364642857142857,0.0006185526315789474,0.0008272727272727272,0.00014421686746987953,0.00029624999999999996,0.0003985714285714286,0.004087234042553191,0.0009725,0.00014600000000000003,0.00421842105263158,0.0010357894736842106,0.001452714285714286,0.001963859649122807,0.0004015625,0.0021981896551724134,0.0007740000000000001,0.00010727272727272728,0.0017617692307692308,0.0006941666666666667,0.0013059999999999999,0.0010091836734693878,0.0015,0.0032810344827586212,0.00040636363636363635,0.000105,0.0012583870967741934,0.00222375,0.000415,0.0006471428571428572,0.00036777777777777774,0.0009669230769230768,0.0013486666666666666,0.000733225806451613,0.00029388888888888894,0.004812432432432432,0.00013000000000000002,0.00014833333333333332,0.004073333333333333,0.0007216666666666666,0.0002757142857142857,0.0005411688311688311,0.0019664285714285712,0.004078387096774193,4e-05,0.0005500840336134454,0.0011610000000000001
19500,0.0013298666666666668,0.0012314814814814812,0.0015483333333333332,0.0021143076923076922,0.002640379746835443,0.0014671428571428572,0.0024817741935483873,0.0017626315789473683,0.0020016455696202536,0.00294375,0.003139506172839506,0.001169795918367347,0.003687575757575758,0.002138939393939394,0.0014317647058823529,0.00016791666666666666,0.001996785714285714,0.005011265822784811,0.005144285714285714,0.001536,0.0028993846153846153,0.0010057142857142856,0.0035727999999999997,0.0011356666666666668,0.003545555555555555,0.00046,0.002514516129032258,0.0030308333333333333,0.007467058823529413,0.0018306451612903223,0.0011713333333333333,0.006094999999999999,0.0436301923076923,0.003482317073170732,0.004292777777777778,0.0019448214285714288,0.00044684210526315787,0.0006663636363636364,6.831325301204818e-05,0.0002075,0.0004371428571428572,0.0028207446808510644,0.00104875,0.00017099999999999998,0.004067368421052631,0.0006385263157894737,0.0009752857142857144,0.001461315789473684,0.00037375000000000006,0.001882672413793103,0.0005459999999999999,0.00010363636363636364,0.0015665384615384614,0.0008133333333333334,0.00104,0.0009708163265306122,0.0007,0.0025710344827586207,0.0002718181818181818,0.0,0.0010776344086021507,0.0012587499999999999,0.00032333333333333335,0.00038,0.0004213888888888889,0.0009086153846153847,0.0010446666666666666,0.0007186021505376344,0.00027444444444444445,0.0034663063063063064,0.00016333333333333334,0.000265,0.0032933333333333334,0.00036500000000000004,0.0002528571428571429,0.00040090909090909093,0.002037142857142857,0.0031224193548387096,0.0,0.0006168907563025211,0.001195
19600,0.0017185333333333327,0.0019707407407407412,0.002715833333333334,0.003376153846153847,0.003688860759493671,0.0026885714285714286,0.004865967741935484,0.0025099999999999996,0.0021734177215189878,0.00386125,0.0037937037037037036,0.001523061224489796,0.0034978787878787877,0.002855151515151515,0.0023534117647058825,0.0004054166666666666,0.0029695238095238095,0.007311645569620252,0.005773928571428571,0.002340933333333333,0.002650461538461538,0.0015610714285714286,0.004093333333333333,0.0022163333333333336,0.004693492063492064,0.000618,0.002646774193548387,0.0036222916666666665,0.008375529411764705,0.0024001612903225807,0.0022801333333333338,0.008326923076923077,0.03832,0.004298292682926828,0.005305000000000001,0.003046071428571429,0.0006459210526315789,0.0009272727272727272,0.00019710843373493977,0.00043375,0.0006642857142857144,0.004506382978723405,0.002105,0.000183,0.005856842105263158,0.001099157894736842,0.0016828571428571426,0.0026814912280701754,0.00043687500000000003,0.0026833620689655172,0.000784,0.0001618181818181818,0.0021654615384615384,0.0010674999999999999,0.001659,0.0012489795918367349,0.001245,0.0051389655172413805,0.00045909090909090916,0.0001775,0.0017849462365591396,0.0015587499999999998,0.0004766666666666667,0.0004828571428571429,0.0006372222222222223,0.0013609230769230768,0.0017166666666666663,0.0009713978494623655,0.00048453703703703707,0.006121171171171172,0.00024333333333333336,0.0004033333333333334,0.005016666666666667,0.0006183333333333333,0.00031857142857142853,0.0007298701298701298,0.002341428571428571,0.004866451612903226,6e-05,0.000835546218487395,0.001312
19700,0.0012824,0.0015229629629629634,0.0017433333333333335,0.002389230769230769,0.002763037974683544,0.0017014285714285714,0.003556774193548387,0.0018732894736842105,0.0017382278481012658,0.002509375,0.002595555555555556,0.0010118367346938775,0.0028427272727272724,0.0017766666666666668,0.0017703529411764703,0.00017791666666666664,0.0022113095238095242,0.006777215189873416,0.004468214285714285,0.0016208,0.002119692307692308,0.0013335714285714285,0.003187866666666667,0.0013713333333333333,0.0034746031746031745,0.0006439999999999999,0.00242983870967742,0.0031470833333333338,0.008072000000000001,0.001994516129032258,0.0013804,0.004929615384615384,0.04747519230769231,0.0035386585365853656,0.004616111111111111,0.0028012500000000004,0.0004982894736842105,0.0008972727272727273,0.000151566265060241,0.000444375,0.0004414285714285714,0.003009042553191489,0.00098,0.000199,0.004615263157894736,0.0009483157894736843,0.0013224285714285716,0.001974385964912281,0.00050875,0.0023016379310344835,0.000506,0.00023181818181818183,0.001715153846153846,0.0008808333333333333,0.001414,0.0008683673469387755,0.001355,0.003169310344827586,0.00043545454545454546,8.5e-05,0.0013740860215053765,0.00181375,0.00046833333333333324,0.0004585714285714286,0.000735,0.0010536923076923078,0.0011673333333333334,0.0007347311827956989,0.0003862037037037038,0.0045321621621621615,0.0002111111111111111,0.00038833333333333336,0.004136666666666666,0.0004933333333333334,0.0003014285714285714,0.0006774025974025974,0.0021235714285714287,0.003958951612903225,3.875e-05,0.000767142857142857,0.001199
19800,0.0010818666666666667,0.0011355555555555555,0.00164,0.0022476923076923077,0.002480506329113924,0.0012671428571428573,0.0026337096774193547,0.0017106578947368419,0.002188101265822785,0.001888125,0.00282716049382716,0.0010606122448979592,0.00314030303030303,0.0018531818181818183,0.00156,0.00014083333333333333,0.0022197619047619045,0.005626962025316456,0.004217857142857143,0.001626,0.001668923076923077,0.0010492857142857142,0.0029406666666666665,0.001208666666666667,0.00363984126984127,0.000494,0.002317580645161291,0.0031781250000000004,0.007108941176470587,0.0016458064516129032,0.0010877333333333334,0.005994615384615385,0.044404423076923064,0.0029303658536585365,0.003729444444444444,0.002125892857142857,0.0004994736842105262,0.0006445454545454546,0.00011867469879518073,0.000203125,0.0002814285714285714,0.0025184042553191488,0.0010574999999999998,3.2000000000000005e-05,0.0038463157894736847,0.0007833684210526315,0.0007405714285714284,0.0015660526315789474,0.0001146875,0.0018894827586206895,0.00028799999999999995,9.181818181818183e-05,0.0014825384615384616,0.0006058333333333333,0.00121,0.001069795918367347,0.000945,0.0032289655172413794,0.00022636363636363636,0.0,0.0011741935483870968,0.0014399999999999999,0.00038166666666666666,8.428571428571429e-05,0.00043305555555555556,0.0010910769230769231,0.0008426666666666667,0.0006146236559139786,0.00026250000000000004,0.003936756756756757,0.00011222222222222223,0.00013000000000000002,0.0037633333333333334,0.0002633333333333333,0.00032285714285714285,0.000391038961038961,0.001995,0.0038780645161290324,0.0,0.0005398319327731091,0.001129
19900,0.001068,0.0010522222222222222,0.0016408333333333333,0.0024873846153846153,0.0017044303797468354,0.0009985714285714285,0.0025111290322580647,0.0017732894736842105,0.0017711392405063285,0.002385625,0.002548641975308642,0.0009204081632653062,0.0032254545454545452,0.001400909090909091,0.0012491764705882353,0.00013,0.0019189285714285719,0.0055303797468354435,0.0032257142857142857,0.0015795999999999998,0.001585076923076923,0.001075,0.0028162666666666667,0.0013700000000000001,0.003158095238095238,0.000516,0.002334193548387097,0.002540833333333333,0.005935529411764707,0.0014990322580645161,0.0016268,0.005804615384615385,0.0404973076923077,0.003310975609756097,0.0037772222222222217,0.0018776785714285714,0.0004627631578947368,0.000679090909090909,0.000123855421686747,0.000275625,0.00028571428571428574,0.0026057446808510636,0.001465,7.500000000000001e-05,0.00398421052631579,0.0007560000000000003,0.0009132857142857142,0.0017717543859649123,0.00024312500000000001,0.002161896551724138,0.000534,0.00018454545454545451,0.0015082307692307693,0.0005341666666666667,0.001127,0.0008816326530612245,0.000555,0.0033300000000000005,0.00024636363636363636,7.5e-05,0.0011073118279569894,0.0013925,0.0003283333333333333,0.0004742857142857143,0.0007066666666666666,0.0011015384615384615,0.000978,0.0005772043010752688,0.00023685185185185183,0.004766936936936937,0.00019111111111111114,0.00015,0.004053333333333333,0.00019666666666666669,0.0002614285714285714,0.0005264935064935065,0.002355714285714286,0.003894838709677419,0.0,0.0005170588235294118,0.001029
20000,0.001724133333333334,0.0018870370370370371,0.0017683333333333338,0.002602,0.0029801265822784807,0.0015057142857142858,0.004181290322580644,0.0020067105263157897,0.0027412658227848104,0.002380625,0.0033132098765432097,0.0010555102040816326,0.0038548484848484844,0.002154393939393939,0.001869764705882353,0.0002975,0.0026661904761904765,0.008935189873417721,0.004315,0.0023408,0.002124153846153846,0.0014757142857142855,0.0035549333333333346,0.0016970000000000002,0.0033350793650793647,0.000566,0.0027395161290322575,0.004613750000000001,0.010805882352941176,0.0018306451612903226,0.0020303999999999995,0.0068780769230769225,0.054273076923076924,0.0042104878048780485,0.00481888888888889,0.002507142857142857,0.000615657894736842,0.000640909090909091,0.00012710843373493975,0.000343125,0.00026,0.0031151063829787237,0.00205375,0.00011899999999999999,0.0042610526315789475,0.0008079999999999999,0.0011337142857142856,0.0017874561403508774,0.00046906249999999997,0.0024244827586206896,0.000526,0.00017727272727272728,0.001699846153846154,0.0006575,0.001312,0.0008887755102040817,0.00054,0.0038758620689655168,0.00025272727272727274,0.000115,0.0016684946236559142,0.0014437500000000002,0.0004933333333333334,8.714285714285714e-05,0.0011825,0.001366923076923077,0.0010466666666666667,0.0008539784946236559,0.0002971296296296296,0.005071081081081081,0.00030111111111111115,0.00025,0.0033766666666666667,0.000305,0.00028857142857142856,0.0005606493506493507,0.001953571428571428,0.004649838709677419,0.0,0.0006572268907563025,0.0011370000000000002
21000,0.0011222666666666663,0.0012796296296296295,0.001478333333333333,0.002531384615384616,0.002297721518987342,0.0008857142857142857,0.0038462903225806454,0.0013782894736842103,0.0022559493670886075,0.0024200000000000003,0.003147283950617284,0.000756326530612245,0.0031275757575757574,0.0016893939393939391,0.0014588235294117648,0.00010583333333333332,0.0019401190476190477,0.006338607594936708,0.003239642857142857,0.001410933333333333,0.0020584615384615385,0.0008967857142857144,0.002753066666666667,0.0014373333333333334,0.003700476190476191,0.000366,0.00217258064516129,0.0024879166666666665,0.00778564705882353,0.001795322580645161,0.0019337333333333331,0.0052438461538461545,0.04593692307692307,0.003076951219512195,0.00352,0.0015939285714285714,0.00011881578947368421,0.0003281818181818182,2.5542168674698795e-05,8.625e-05,0.00016142857142857145,0.00202563829787234,0.00079375,0.0,0.003940526315789474,0.0002663157894736842,0.00041314285714285715,0.0008228070175438596,0.0001671875,0.0013558620689655175,0.000298,3e-05,0.0011563846153846153,0.00028083333333333335,0.000669,0.00043448979591836743,0.000555,0.0020668965517241377,0.0001290909090909091,0.0,0.0006305376344086022,0.0006462499999999999,0.00011166666666666667,0.0,0.0002888888888888889,0.0004987692307692309,0.00047133333333333337,0.00035612903225806455,7.537037037037036e-05,0.002557837837837838,7.666666666666667e-05,7.833333333333333e-05,0.0014433333333333331,0.0002466666666666667,0.00018142857142857145,0.00022597402597402595,0.0009442857142857143,0.0027387903225806454,0.0,0.0002621008403361344,0.000454
22000,0.0014072000000000002,0.001544814814814815,0.0017816666666666666,0.0035315384615384614,0.0031683544303797466,0.0017585714285714284,0.003788387096774193,0.0018942105263157892,0.002502405063291139,0.00249125,0.00505716049382716,0.0011746938775510204,0.0029778787878787876,0.002122121212121212,0.001752235294117647,0.0002441666666666667,0.0023088095238095233,0.006350886075949367,0.005382142857142857,0.0020481333333333337,0.0022952307692307695,0.001410892857142857,0.0034745333333333337,0.0018110000000000001,0.004763015873015872,0.0007700000000000001,0.0021869354838709686,0.0034231250000000004,0.009592470588235293,0.0020683870967741933,0.0015723999999999998,0.01073153846153846,0.05194115384615386,0.004056951219512195,0.0042227777777777776,0.0028426785714285715,0.0004588157894736842,0.0006781818181818182,0.00011240963855421687,0.000251875,0.00046,0.003507659574468085,0.00153875,8.400000000000001e-05,0.005607894736842105,0.0007630526315789475,0.0011117142857142858,0.0023141228070175444,0.0005712499999999999,0.0018393965517241383,0.000516,0.00010181818181818181,0.001798923076923077,0.000525,0.001602,0.0008440816326530611,0.0008600000000000001,0.004458620689655172,0.00033727272727272724,0.00015,0.001449677419354839,0.0015812499999999998,0.00025666666666666665,0.00011285714285714286,0.0006044444444444443,0.001253846153846154,0.0009099999999999999,0.0006620430107526881,0.00016861111111111108,0.005525405405405405,0.00023555555555555556,0.00023833333333333332,0.0029199999999999994,0.0002866666666666667,0.00028571428571428574,0.000692987012987013,0.0018771428571428572,0.004896129032258065,4.875e-05,0.0005458823529411765,0.0014789999999999998
23000,0.0014108,0.0014088888888888888,0.0016999999999999995,0.0027113846153846155,0.0026915189873417725,0.0017828571428571429,0.0033995161290322584,0.0018057894736842105,0.0023146835443037975,0.00213875,0.002786049382716049,0.001061020408163265,0.003138787878787879,0.0023075757575757574,0.0017356470588235293,0.00023625,0.002299166666666667,0.005785443037974684,0.004131785714285715,0.002014533333333333,0.001922,0.0011860714285714287,0.0035708000000000007,0.001677666666666667,0.002936507936507937,0.00047400000000000003,0.002658387096774194,0.0030291666666666666,0.009111882352941176,0.001609516129032258,0.0010145333333333336,0.004550384615384616,0.043048076923076925,0.0036759756097560973,0.0034400000000000003,0.0021010714285714283,0.0007735526315789474,0.0005200000000000001,0.00010216867469879518,0.00016937499999999998,0.00026285714285714286,0.003223936170212766,0.0010574999999999998,7.500000000000001e-05,0.00636,0.0007917894736842107,0.0011625714285714286,0.0027877192982456137,0.00038968749999999995,0.002484827586206896,0.00061,0.00014818181818181816,0.0013224615384615386,0.0005375,0.0009440000000000001,0.0007638775510204083,0.00039999999999999996,0.003956206896551725,0.0001381818181818182,0.0,0.00126247311827957,0.0013925,0.00023333333333333333,0.0004842857142857143,0.0005188888888888888,0.0008733846153846154,0.0007553333333333334,0.0005513978494623656,0.00016888888888888889,0.005903513513513513,0.00011888888888888889,8.166666666666667e-05,0.00238,9.166666666666665e-05,0.0002871428571428572,0.000601948051948052,0.0020514285714285717,0.004900322580645159,0.0,0.00043907563025210087,0.001218
24000,0.0016226666666666668,0.0017170370370370367,0.0016200000000000001,0.0030239999999999998,0.00291,0.0014685714285714287,0.003628548387096774,0.001935657894736842,0.0025801265822784814,0.00268125,0.0045117283950617286,0.0013208163265306123,0.003542121212121212,0.0023756060606060603,0.0016359999999999999,0.000285,0.0020591666666666666,0.00685873417721519,0.005013214285714285,0.0018759999999999998,0.002659538461538462,0.0015116071428571429,0.0038992000000000002,0.0016873333333333332,0.003666984126984127,0.00059,0.0032467741935483874,0.0028452083333333333,0.009291058823529414,0.0026217741935483877,0.0014221333333333333,0.00799576923076923,0.04120519230769231,0.0034069512195121954,0.0033427777777777783,0.0017394642857142856,0.0003048684210526316,0.00055,6.590361445783133e-05,0.000163125,0.00027,0.0027420212765957444,0.00127625,8.400000000000001e-05,0.003961578947368421,0.00047652631578947374,0.0005629999999999999,0.0017866666666666667,0.00037375000000000006,0.0015867241379310345,0.000596,3.6363636363636364e-05,0.0014474615384615385,0.0004541666666666667,0.0008439999999999999,0.000896530612244898,0.00048,0.0024720689655172417,0.00015636363636363637,0.0,0.0011203225806451613,0.00168625,0.000315,6.571428571428571e-05,0.00036472222222222223,0.000864,0.0008979999999999999,0.0005839784946236559,0.0002777777777777777,0.0029018918918918926,0.00010666666666666667,0.00035166666666666663,0.0018600000000000003,0.00022833333333333332,0.00019714285714285716,0.0002902597402597403,0.0017635714285714284,0.0031361290322580644,0.0,0.00053109243697479,0.0008880000000000001
25000,0.0019590666666666665,0.0020207407407407405,0.001429166666666667,0.003366769230769231,0.003125822784810127,0.0013371428571428573,0.004920806451612903,0.002186447368421053,0.0033426582278481007,0.002245,0.004233086419753087,0.0013195918367346939,0.00391,0.00249469696969697,0.0024051764705882352,0.0004104166666666666,0.002580714285714286,0.00878873417721519,0.004511785714285713,0.0021497333333333336,0.002656307692307692,0.0018576785714285715,0.003612000000000001,0.0018290000000000001,0.0031626984126984134,0.000554,0.0025670967741935487,0.003370625,0.011331411764705885,0.0015920967741935486,0.001166,0.0054199999999999995,0.05493692307692308,0.005140853658536585,0.0034811111111111115,0.0030812500000000002,0.0004805263157894737,0.0006936363636363636,0.00010771084337349398,0.000331875,0.0005185714285714285,0.003992872340425532,0.00103375,0.00011999999999999999,0.005184736842105263,0.0008134736842105262,0.0009590000000000001,0.002416052631578947,0.0002871875,0.001998965517241379,0.000562,0.0001081818181818182,0.0020593846153846157,0.0005091666666666667,0.00097,0.0008812244897959185,0.0007250000000000001,0.0029517241379310344,0.0003681818181818182,0.0,0.0017805376344086023,0.0015625,8.166666666666667e-05,6.285714285714286e-05,0.0003825,0.0010153846153846157,0.0010206666666666667,0.0006558064516129032,0.0002910185185185185,0.004502522522522523,0.00014444444444444444,7.5e-05,0.0017833333333333336,0.0004116666666666667,0.00041999999999999996,0.00043415584415584416,0.0024178571428571426,0.004264596774193549,5.375e-05,0.0006350420168067228,0.001571
26000,0.0013461333333333334,0.0015211111111111115,0.0025100000000000005,0.00206123076923077,0.002943164556962026,0.0012028571428571427,0.0036798387096774196,0.0021386842105263156,0.0023655696202531653,0.0028499999999999997,0.003843333333333333,0.0009195918367346939,0.004331212121212121,0.002420909090909091,0.0017091764705882352,0.00030291666666666667,0.0020878571428571426,0.0064054430379746835,0.0056075000000000005,0.0016996,0.002279384615384615,0.0011455357142857142,0.0035095999999999994,0.0017003333333333334,0.003977936507936508,0.000662,0.00254241935483871,0.003058333333333333,0.007984470588235294,0.0018164516129032255,0.001709866666666667,0.007955384615384614,0.03084403846153846,0.0034332926829268294,0.0032277777777777778,0.0018101785714285717,0.0003535526315789473,0.0004981818181818182,8.614457831325302e-05,0.00041062499999999997,0.0003514285714285715,0.0024009574468085108,0.0012375,6.6e-05,0.003144736842105264,0.0005423157894736842,0.0009504285714285714,0.0016033333333333333,0.00036031249999999996,0.0017974137931034485,0.000722,6.818181818181818e-05,0.0017613076923076924,0.0005949999999999999,0.0009050000000000001,0.0009126530612244898,0.000925,0.002993448275862069,0.0002063636363636364,9e-05,0.001276344086021505,0.00162375,0.00022833333333333334,7.999999999999999e-05,0.0005038888888888889,0.00076,0.0008693333333333334,0.0006815053763440861,0.00019564814814814814,0.0033592792792792796,9.444444444444446e-05,0.000145,0.0014333333333333333,0.0004583333333333334,0.0002657142857142857,0.0004897402597402597,0.0025542857142857147,0.003266048387096775,0.0,0.00046907563025210084,0.001433
27000,0.001348933333333333,0.0012881481481481483,0.0012724999999999998,0.0026915384615384614,0.002462784810126582,0.0010828571428571428,0.003045483870967742,0.0016438157894736844,0.0021120253164556963,0.00151125,0.002617777777777778,0.0006816326530612243,0.002532121212121212,0.001933939393939394,0.001563529411764706,0.0002016666666666667,0.0019091666666666664,0.00582,0.004521071428571429,0.0014244000000000001,0.0023667692307692305,0.0013394642857142858,0.0028046666666666662,0.001259,0.002628571428571429,0.000508,0.001795,0.0027875000000000005,0.009037294117647058,0.0017919354838709675,0.0013557333333333332,0.005293076923076924,0.05913923076923077,0.0034953658536585365,0.0027227777777777775,0.0016085714285714286,0.0005565789473684211,0.00042636363636363634,0.0001016867469879518,0.00030875,0.00022428571428571427,0.0026315957446808513,0.001115,8.5e-05,0.00363421052631579,0.0007557894736842104,0.000724,0.0014232456140350878,0.00030875,0.0018617241379310344,0.0006219999999999999,9e-05,0.0015134615384615388,0.0004383333333333333,0.0012339999999999999,0.00078,0.000855,0.0030413793103448274,0.00018454545454545457,0.0,0.0012336559139784948,0.0015512500000000001,0.00032166666666666666,7.571428571428571e-05,0.0004791666666666667,0.0008723076923076923,0.0010459999999999998,0.0005316129032258064,0.00022648148148148148,0.004306036036036036,6.88888888888889e-05,0.0002466666666666667,0.00213,0.00025833333333333334,0.00019,0.0004207792207792208,0.0017735714285714282,0.003444919354838709,3.625e-05,0.0004618487394957984,0.001101
28000,0.001398,0.001558888888888889,0.00201,0.0027506153846153843,0.002998354430379747,0.0010157142857142858,0.0033927419354838713,0.0024564473684210524,0.002632151898734177,0.0028137500000000003,0.005010987654320987,0.0013295918367346937,0.004467878787878788,0.0023395454545454544,0.0018675294117647058,0.00033458333333333327,0.0027032142857142854,0.006819367088607596,0.005708214285714287,0.0021614666666666667,0.0025520000000000004,0.0014782142857142858,0.004127733333333334,0.0015940000000000001,0.005214603174603175,0.00074,0.0032379032258064515,0.0034529166666666666,0.009106941176470587,0.0023451612903225808,0.0014164,0.009799615384615382,0.04657384615384615,0.0035247560975609758,0.003835555555555555,0.001919285714285714,0.0007325000000000002,0.000700909090909091,0.00016265060240963855,0.000259375,0.00041999999999999996,0.0029453191489361708,0.0012000000000000001,9.300000000000001e-05,0.004944736842105263,0.0008412631578947369,0.000768857142857143,0.002120263157894737,0.00028562499999999996,0.001859568965517241,0.0007679999999999999,7.636363636363636e-05,0.0016652307692307693,0.0005116666666666667,0.0014309999999999998,0.0008312244897959184,0.00061,0.0028317241379310345,0.00031363636363636365,0.0,0.0022899999999999995,0.0017537499999999999,0.00019333333333333333,0.00015142857142857143,0.0005747222222222221,0.0012292307692307691,0.0012819999999999997,0.0008015053763440861,0.00024824074074074077,0.0037947747747747755,0.00019,0.00019833333333333335,0.0022633333333333333,0.00030333333333333335,0.0004442857142857143,0.0005864935064935065,0.0025449999999999995,0.003824596774193548,4.125e-05,0.0006783193277310924,0.0012749999999999999
29000,0.0015592,0.0017225925925925926,0.0020025,0.003543692307692308,0.00347746835443038,0.0021614285714285715,0.004774516129032259,0.001868157894736842,0.002589746835443037,0.0022925,0.0034170370370370374,0.000917142857142857,0.003971515151515152,0.002024848484848485,0.0018944705882352941,0.00031541666666666664,0.0022151190476190482,0.006499620253164558,0.006034285714285715,0.0021309333333333334,0.0031398461538461537,0.0013157142857142857,0.004200133333333333,0.0015816666666666663,0.003486825396825397,0.000856,0.002655806451612903,0.0032537499999999997,0.009784705882352942,0.0016090322580645162,0.0014204,0.0060042307692307695,0.03979403846153846,0.0035968292682926825,0.004503333333333334,0.0017155357142857144,0.00058,0.0005754545454545454,0.0001230120481927711,0.0003125,0.00037714285714285714,0.0025273404255319147,0.000745,4.8e-05,0.0037652631578947364,0.0008256842105263157,0.0008721428571428572,0.001507719298245614,0.00031187500000000003,0.0015827586206896551,0.000428,6.090909090909091e-05,0.0015810769230769231,0.00029583333333333333,0.0014199999999999998,0.0005793877551020407,0.000495,0.003188620689655172,0.00021363636363636365,0.0,0.0013974193548387099,0.001235,0.0002466666666666667,8.571428571428571e-05,0.0004358333333333333,0.0008112307692307692,0.0007893333333333333,0.0006543010752688173,0.00017722222222222225,0.003800000000000001,8.555555555555556e-05,6.833333333333333e-05,0.0014066666666666665,0.00016833333333333335,0.0003271428571428571,0.00035896103896103897,0.0011264285714285714,0.0036614516129032256,3.5e-05,0.00039865546218487396,0.001035
30000,0.0012489333333333332,0.001515925925925926,0.0017058333333333333,0.002709538461538462,0.002189493670886076,0.002305714285714286,0.003764838709677419,0.0021297368421052633,0.0026370886075949367,0.002545,0.003057407407407407,0.0011177551020408163,0.003209393939393939,0.002102424242424243,0.001818470588235294,0.00026041666666666666,0.0017529761904761906,0.006778227848101264,0.0049524999999999994,0.0019258666666666668,0.0022392307692307694,0.0011146428571428572,0.003360266666666666,0.0017073333333333328,0.003522380952380952,0.000514,0.0029735483870967742,0.0034614583333333337,0.009329764705882353,0.0016811290322580644,0.0014579999999999999,0.006757692307692308,0.04136519230769231,0.0036618292682926833,0.0041038888888888896,0.0022574999999999995,0.00043815789473684207,0.0004109090909090909,6.16867469879518e-05,0.000115,0.00030571428571428573,0.003298723404255319,0.00126625,6.9e-05,0.005243684210526316,0.0005576842105263158,0.0005001428571428572,0.002233245614035088,0.0002515625,0.0020536206896551723,0.000392,8.90909090909091e-05,0.0013447692307692305,0.0003425,0.000758,0.000693265306122449,0.0005250000000000001,0.0033306896551724137,6.90909090909091e-05,0.0,0.0016534408602150539,0.00127625,6.166666666666667e-05,0.00013285714285714287,0.00015083333333333333,0.000990923076923077,0.0009446666666666667,0.0005616129032258064,0.0001877777777777778,0.005355945945945945,8.444444444444444e-05,0.00026,0.0010866666666666668,0.00015,0.00022571428571428571,0.00040025974025974026,0.001972142857142857,0.004124596774193549,0.0,0.00041714285714285714,0.001138
31000,0.001331733333333333,0.0012196296296296298,0.0019683333333333337,0.002696,0.0032327848101265815,0.0021385714285714285,0.004131935483870968,0.002523026315789474,0.0024536708860759494,0.0022631250000000004,0.003945679012345679,0.0009136734693877551,0.004569090909090909,0.002046969696969697,0.0016341176470588239,0.00031708333333333333,0.002106547619047619,0.0064654430379746846,0.005960714285714285,0.0015970666666666664,0.0029907692307692304,0.0013841071428571429,0.0042573333333333335,0.0017159999999999999,0.004799365079365079,0.000768,0.002968548387096774,0.0033493750000000004,0.010212941176470588,0.0020454838709677422,0.001384,0.009421153846153846,0.04265884615384616,0.004290365853658536,0.0033355555555555556,0.002771964285714285,0.0005425,0.0006718181818181818,0.00010204819277108434,0.000236875,0.0002971428571428572,0.003102978723404255,0.0019237500000000001,6.400000000000001e-05,0.005954736842105263,0.00044,0.0009681428571428573,0.00224561403508772,0.00037374999999999995,0.0025838793103448274,0.0006580000000000001,0.00023,0.0017660769230769232,0.0005141666666666667,0.0010249999999999999,0.0011957142857142858,0.000955,0.004046896551724138,0.00041545454545454546,0.0,0.001842795698924731,0.00166125,0.00018333333333333334,0.0008399999999999999,0.0007825,0.001600153846153846,0.0010379999999999999,0.0009426881720430107,0.0004807407407407406,0.005637747747747747,0.00031666666666666665,0.00047999999999999996,0.0019366666666666666,0.00034,0.00036428571428571423,0.0006077922077922078,0.0024757142857142855,0.004482903225806451,4.625e-05,0.0007283193277310925,0.0017459999999999997
32000,0.001514266666666667,0.0017722222222222223,0.0026641666666666667,0.002915076923076923,0.0032355696202531654,0.0024657142857142864,0.004265161290322581,0.0024327631578947373,0.0024777215189873423,0.00299125,0.004816419753086419,0.0009412244897959183,0.003951515151515151,0.002216969696969697,0.002019058823529412,0.00034083333333333334,0.002564761904761905,0.007988101265822783,0.00618357142857143,0.0021270666666666667,0.0028926153846153845,0.00129125,0.0040116,0.0019479999999999999,0.005515714285714286,0.000528,0.003235483870967742,0.004929166666666666,0.011863999999999998,0.002547741935483871,0.0020809333333333337,0.01011576923076923,0.04567576923076924,0.004114878048780488,0.0034794444444444447,0.0022912500000000003,0.00045486842105263155,0.0009063636363636364,8.144578313253013e-05,0.00024,0.0003414285714285714,0.003154361702127658,0.0014175,0.00010899999999999998,0.0045257894736842105,0.0005633684210526316,0.0003434285714285714,0.002079649122807018,0.000221875,0.00196551724137931,0.00037,9.272727272727274e-05,0.0017902307692307692,0.0005525,0.001047,0.0009930612244897958,0.0006050000000000001,0.003819655172413793,0.00044545454545454554,9.25e-05,0.0017483870967741936,0.0018674999999999998,0.0002016666666666667,9e-05,0.000335,0.0011558461538461538,0.001082,0.0006705376344086022,0.0003392592592592593,0.00409009009009009,0.00019333333333333336,8.666666666666665e-05,0.0029666666666666665,0.00027666666666666665,0.0003342857142857143,0.0004216883116883117,0.0019378571428571426,0.003977741935483871,0.0,0.000627142857142857,0.0015869999999999999
33000,0.0016641333333333333,0.0017596296296296294,0.002124166666666667,0.0032321538461538464,0.00372620253164557,0.0016228571428571427,0.004198870967741936,0.0024282894736842105,0.003733417721518988,0.002723125,0.005233456790123457,0.001209591836734694,0.004288484848484849,0.0022996969696969702,0.0022038823529411766,0.00031458333333333333,0.0025522619047619053,0.008968734177215191,0.005908571428571429,0.001988133333333333,0.0028844615384615384,0.0014739285714285716,0.0043196,0.0018683333333333334,0.0052503174603174595,0.000838,0.0037530645161290327,0.005695416666666667,0.013074117647058828,0.0027501612903225807,0.002266933333333333,0.015365769230769231,0.06392384615384615,0.0054103658536585365,0.004047222222222222,0.002426071428571428,0.0006157894736842105,0.0007827272727272727,0.00010180722891566264,0.00023625000000000002,0.00028999999999999995,0.004165106382978723,0.0013375,5.6999999999999996e-05,0.007284736842105263,0.0007809473684210525,0.0008295714285714285,0.003033771929824561,0.00016625,0.00237103448275862,0.000782,9.545454545454545e-05,0.0020588461538461537,0.0003608333333333334,0.001105,0.0008422448979591836,0.000565,0.004852413793103447,0.00027272727272727274,0.0,0.002216021505376344,0.0023037500000000002,0.00017,0.00010571428571428571,0.0005752777777777777,0.0010169230769230767,0.0012286666666666668,0.0008354838709677419,0.00028490740740740744,0.006393423423423424,8.888888888888889e-05,0.00025833333333333334,0.002503333333333333,0.000415,0.0003485714285714286,0.00043844155844155843,0.003144285714285714,0.004504596774193547,0.0,0.000668655462184874,0.0017440000000000003
34000,0.0013594666666666667,0.0012611111111111113,0.0011383333333333332,0.0023101538461538463,0.0029737974683544306,0.0014842857142857142,0.003755645161290322,0.0019167105263157899,0.002599113924050633,0.0026543749999999996,0.0025250617283950616,0.0007144897959183674,0.003408181818181818,0.001626969696969697,0.0018582352941176464,0.00026625000000000005,0.002586666666666667,0.007626962025316456,0.004755357142857143,0.0021486666666666663,0.0018353846153846155,0.001236607142857143,0.0029426666666666668,0.0014243333333333332,0.0034987301587301586,0.0006659999999999999,0.0027948387096774193,0.0036033333333333334,0.009482588235294118,0.001535967741935484,0.0013155999999999999,0.004963461538461538,0.05291019230769231,0.003689268292682927,0.003405,0.001961785714285714,0.0004721052631578948,0.0005672727272727274,4.08433734939759e-05,0.000150625,0.00029142857142857144,0.004141595744680851,0.00117125,6.900000000000001e-05,0.006563684210526316,0.0005132631578947368,0.0010112857142857141,0.0020638596491228066,0.0002578125,0.0025142241379310344,0.000652,2.727272727272727e-05,0.0018636923076923077,0.00030250000000000003,0.0012739999999999997,0.000876530612244898,0.00053,0.0036013793103448276,0.00010636363636363637,0.0,0.001668172043010753,0.0019075,0.00016166666666666668,7.857142857142858e-05,0.0005422222222222222,0.0010286153846153848,0.0007366666666666667,0.0007412903225806452,0.0003333333333333333,0.005291801801801802,0.00015444444444444444,0.00018,0.00205,0.00017833333333333332,0.0003628571428571429,0.0005115584415584416,0.0025835714285714286,0.004339354838709678,0.0,0.0004866386554621849,0.0017319999999999998
35000,0.0013713333333333336,0.0014418518518518521,0.0014975,0.003260153846153846,0.003145696202531646,0.0018257142857142858,0.003919193548387097,0.0026060526315789478,0.0028891139240506325,0.0026949999999999995,0.004338271604938272,0.00081265306122449,0.004421818181818181,0.0020666666666666663,0.0017989411764705882,0.00032208333333333335,0.0022769047619047625,0.007888987341772152,0.0068217857142857125,0.002172666666666667,0.0034907692307692305,0.0010744642857142858,0.0037517333333333337,0.001718,0.0046506349206349214,0.000296,0.002917903225806452,0.004392916666666667,0.009301058823529412,0.0021427419354838714,0.001959066666666667,0.008851153846153845,0.04632115384615384,0.004510731707317073,0.004486111111111111,0.0027933928571428576,0.0008678947368421054,0.0007409090909090908,0.00011036144578313253,0.00016812500000000003,0.0004328571428571428,0.0035793617021276586,0.0014637500000000002,8.9e-05,0.006311578947368421,0.000683578947368421,0.0009489999999999999,0.0022907894736842105,0.0002009375,0.0024869827586206893,0.000478,6e-05,0.002252076923076923,0.00038666666666666667,0.001127,0.0009493877551020408,0.000625,0.004456206896551723,0.0001409090909090909,0.0,0.0021096774193548385,0.00152,0.00025833333333333334,0.0001,0.0006527777777777777,0.0010376923076923076,0.0009306666666666667,0.0008094623655913978,0.00025351851851851853,0.005603873873873872,7.555555555555556e-05,0.00010833333333333333,0.0014233333333333335,0.00023333333333333336,0.0005928571428571429,0.0004120779220779221,0.0018585714285714286,0.004536129032258064,0.0,0.0007855462184873951,0.0016469999999999998
36000,0.0013230666666666667,0.0014837037037037039,0.0012633333333333333,0.002301384615384615,0.0027936708860759486,0.001257142857142857,0.003141129032258064,0.0019423684210526319,0.002209620253164557,0.002114375,0.0023617283950617286,0.0004079591836734694,0.0032272727272727266,0.0016554545454545457,0.0015649411764705886,0.0002479166666666667,0.0017848809523809525,0.006670379746835441,0.004531071428571428,0.0017969333333333333,0.0020475384615384613,0.0010742857142857143,0.0034023999999999994,0.0012929999999999999,0.003835714285714285,0.00037799999999999997,0.002862903225806452,0.0035685416666666665,0.008955764705882352,0.0018290322580645161,0.0009101333333333332,0.007254230769230769,0.03452307692307692,0.0037917073170731703,0.002841111111111111,0.00149375,0.0005313157894736842,0.0005209090909090909,9.36144578313253e-05,7.75e-05,0.00029142857142857144,0.002805957446808511,0.0009225,8.9e-05,0.005134736842105264,0.000575578947368421,0.0006432857142857143,0.001324385964912281,0.000273125,0.00206698275862069,0.0005940000000000001,2.272727272727273e-05,0.0014661538461538462,0.00034583333333333335,0.000902,0.0007210204081632653,0.00046,0.002814827586206896,0.0002481818181818182,0.0,0.0018010752688172047,0.0015275,0.0,0.0,0.0004111111111111111,0.0011081538461538464,0.0005073333333333334,0.000629032258064516,0.00019203703703703703,0.004376846846846846,5.666666666666667e-05,0.00017833333333333332,0.002303333333333333,0.00017833333333333332,0.0002614285714285714,0.00024259740259740262,0.001985,0.0031670967741935486,0.0,0.0005076470588235294,0.001225
37000,0.0015257333333333332,0.0015074074074074076,0.001496666666666667,0.002888461538461539,0.0029951898734177215,0.0010942857142857143,0.003953387096774194,0.0021146052631578947,0.002234050632911392,0.002204375,0.0033098765432098766,0.0006540816326530613,0.00357030303030303,0.0016772727272727273,0.0018842352941176473,0.00026000000000000003,0.0019679761904761906,0.005962784810126582,0.0042364285714285715,0.0020336,0.002494923076923077,0.00106,0.003056,0.001710666666666667,0.003106666666666667,0.00043999999999999996,0.0023343548387096775,0.003343958333333333,0.009096588235294117,0.001598225806451613,0.0014629333333333334,0.0070973076923076936,0.04358961538461539,0.004243658536585366,0.003670555555555556,0.0026407142857142857,0.000625921052631579,0.0006372727272727272,0.00011626506024096387,0.000305,0.00046999999999999993,0.0044147872340425534,0.00126,0.000115,0.0062884210526315786,0.0006774736842105263,0.0009540000000000003,0.0023252631578947365,0.00035499999999999996,0.003257931034482759,0.000754,0.00011727272727272727,0.0023978461538461536,0.0008366666666666667,0.0015019999999999999,0.0009569387755102041,0.000785,0.0046758620689655184,0.0001863636363636364,0.0,0.0023572043010752688,0.00190625,0.0003366666666666667,0.0,0.0007180555555555555,0.0013818461538461539,0.0009853333333333335,0.0007408602150537635,0.00030342592592592595,0.006153243243243242,0.00010111111111111112,0.0002866666666666667,0.0026999999999999997,0.000155,0.0004014285714285714,0.00040584415584415587,0.0030499999999999998,0.004691854838709678,0.0,0.000625546218487395,0.001871
38000,0.0016402666666666666,0.0018396296296296296,0.00198,0.0031867692307692304,0.0036250632911392403,0.00203,0.004345,0.002425,0.0031101265822784806,0.0038025000000000003,0.004219135802469137,0.0012004081632653058,0.005532424242424242,0.0028793939393939394,0.0022194117647058825,0.0002625,0.002491547619047619,0.010165696202531644,0.008471785714285713,0.0019083999999999998,0.0034566153846153844,0.0015067857142857144,0.004614400000000001,0.001863,0.0035803174603174603,0.000788,0.0039740322580645165,0.005408333333333334,0.013608823529411763,0.0027377419354838706,0.0013637333333333334,0.011375769230769233,0.05002192307692307,0.004272926829268293,0.004561666666666667,0.0017501785714285711,0.00037184210526315783,0.0005790909090909092,5.855421686746987e-05,0.000165625,0.00022714285714285713,0.0023074468085106385,0.00100625,6.000000000000001e-05,0.0033768421052631577,0.0003892631578947368,0.000538142857142857,0.001190438596491228,0.0002371875,0.0017654310344827585,0.000668,5.090909090909091e-05,0.001562230769230769,0.000265,0.0006339999999999999,0.0005544897959183674,0.000465,0.002039310344827586,0.00011818181818181818,0.0,0.001300752688172043,0.00148625,0.00011500000000000002,0.0,0.0002088888888888889,0.00066,0.0005033333333333333,0.0005166666666666667,0.00013148148148148147,0.0026803603603603597,4.888888888888889e-05,0.00014333333333333334,0.0009966666666666668,0.00016333333333333334,0.00010999999999999999,0.0003087012987012987,0.002273571428571428,0.0025302419354838713,0.0,0.00038504201680672267,0.0008780000000000001
39000,0.0013214666666666664,0.001586296296296296,0.0013908333333333335,0.002542307692307692,0.0038674683544303802,0.0020757142857142853,0.00412241935483871,0.0026686842105263153,0.0027927848101265825,0.0022868750000000003,0.0032328395061728393,0.0007502040816326531,0.004437272727272726,0.002152878787878788,0.001961529411764706,0.0002454166666666666,0.002149642857142857,0.008104177215189872,0.00643,0.0020549333333333333,0.002894307692307692,0.0012332142857142858,0.003907333333333334,0.0015293333333333333,0.0032046031746031742,0.000468,0.002693387096774194,0.004423541666666667,0.011337529411764706,0.001915483870967742,0.0012251999999999999,0.00729423076923077,0.04218634615384615,0.004268292682926829,0.004122222222222222,0.0022257142857142857,0.0004927631578947368,0.0010354545454545456,8.578313253012048e-05,0.00027125,0.0004128571428571428,0.004985425531914893,0.00148125,0.000172,0.005679473684210528,0.0005325263157894736,0.0006225714285714286,0.003021140350877193,0.0005646875,0.0027417241379310343,0.0007379999999999999,9.454545454545454e-05,0.0020853846153846152,0.0004083333333333333,0.0017929999999999999,0.0011202040816326532,0.00037,0.004469655172413793,0.0003590909090909091,0.0,0.0026135483870967746,0.0024287500000000004,0.00047333333333333336,0.00033142857142857144,0.0007036111111111111,0.001426307692307692,0.0013766666666666664,0.0009597849462365593,0.0004843518518518518,0.006149099099099099,0.00030111111111111115,0.00047999999999999996,0.0035433333333333337,0.00023000000000000003,0.0002557142857142857,0.0005997402597402598,0.0028121428571428572,0.004369112903225806,0.0,0.0007968067226890756,0.0017830000000000003
40000,0.001822533333333333,0.0019659259259259257,0.001185,0.0034130769230769228,0.002762911392405063,0.0013571428571428571,0.004261129032258064,0.002095526315789473,0.0028939240506329115,0.00309375,0.004595185185185186,0.0010120408163265308,0.00343030303030303,0.0022174242424242425,0.0017641176470588236,0.0002866666666666666,0.0019233333333333335,0.008805063291139241,0.00523,0.0018757333333333332,0.0027993846153846146,0.0011132142857142857,0.0035462666666666665,0.0013096666666666667,0.004161746031746031,0.000356,0.0029072580645161292,0.00409125,0.010989411764705881,0.0018675806451612905,0.0017265333333333333,0.009255,0.054699807692307686,0.004329512195121951,0.0031816666666666664,0.0016457142857142857,0.0003813157894736842,0.0005409090909090909,7.012048192771085e-05,0.000236875,0.00017142857142857145,0.00406436170212766,0.00095875,4e-05,0.006145789473684211,0.0004431578947368421,0.0007815714285714286,0.002541929824561404,0.00017,0.0020319827586206896,0.000712,8.454545454545455e-05,0.0014930769230769231,0.0002391666666666667,0.001247,0.000699387755102041,0.00034,0.002623103448275862,0.00020545454545454548,0.0,0.0016979569892473117,0.00164625,0.0002683333333333333,0.0,0.0004375,0.000866923076923077,0.0010586666666666667,0.0004998924731182795,0.0002749074074074074,0.00431882882882883,0.00014555555555555556,0.0004583333333333334,0.002213333333333333,0.00021833333333333332,0.00014571428571428572,0.0003989610389610389,0.0019028571428571432,0.0036904838709677415,0.0,0.0005340336134453781,0.0014650000000000002
41000,0.0014750666666666667,0.0014262962962962962,0.0014774999999999999,0.0031895384615384615,0.002503544303797468,0.0011842857142857143,0.0032259677419354837,0.0017692105263157894,0.002223417721518987,0.00272,0.0033892592592592594,0.000956938775510204,0.003629090909090909,0.00152,0.0015663529411764708,0.000265,0.001971071428571429,0.005577088607594936,0.005454642857142858,0.0016235999999999998,0.0020789230769230767,0.0010255357142857143,0.0030722666666666665,0.0013186666666666668,0.0031184126984126984,0.000426,0.003281129032258065,0.002463125,0.008513058823529412,0.0018072580645161292,0.001652133333333333,0.005197307692307692,0.05489326923076923,0.0037202439024390252,0.0038244444444444445,0.0019555357142857143,0.0003088157894736842,0.0004690909090909091,2.3132530120481927e-05,0.00015687499999999998,0.00024142857142857145,0.002758297872340425,0.0006612499999999999,9.5e-05,0.004198947368421053,0.0003332631578947369,0.0008767142857142857,0.0015749999999999998,0.000108125,0.0019626724137931035,0.000518,6.090909090909091e-05,0.001401153846153846,0.00026416666666666667,0.0009109999999999998,0.0008040816326530613,0.000225,0.00243,0.00019363636363636363,0.0,0.0015896774193548385,0.00136125,0.0,0.00028857142857142856,0.0002747222222222222,0.0005833846153846154,0.0006453333333333334,0.0005135483870967741,0.00015,0.004028738738738738,0.00017333333333333334,0.00015,0.0018700000000000001,0.00011,0.00018428571428571428,0.0002761038961038961,0.0017599999999999996,0.0035266935483870975,0.0,0.0004190756302521008,0.001415
42000,0.0014874666666666665,0.0016951851851851852,0.002033333333333333,0.004554,0.003025443037974684,0.002668571428571429,0.005747580645161289,0.002604736842105263,0.002896329113924051,0.003993125,0.0034701234567901234,0.0013424489795918365,0.0046696969696969695,0.002280151515151516,0.0023795294117647057,0.00027416666666666664,0.003076547619047619,0.009158607594936712,0.006437500000000001,0.0025592,0.0030187692307692303,0.0012741071428571428,0.005094799999999999,0.0018656666666666667,0.004786984126984128,0.00038599999999999995,0.003710483870967742,0.0045697916666666664,0.01530764705882353,0.002200967741935484,0.0017125333333333334,0.008303076923076923,0.06345423076923076,0.004926219512195121,0.005896666666666666,0.002328571428571429,0.0005498684210526316,0.0006618181818181818,5.819277108433734e-05,0.000285,0.0003,0.003768191489361703,0.0010600000000000002,0.000122,0.00484421052631579,0.00043326315789473687,0.000793857142857143,0.0025780701754385964,0.00032375000000000004,0.0025345689655172413,0.000728,4.3636363636363636e-05,0.0016612307692307692,0.0004383333333333333,0.0007070000000000001,0.0012614285714285715,0.00043,0.0032306896551724143,0.00035,0.0,0.0024440860215053763,0.0016737499999999999,5.666666666666667e-05,0.0,0.0004833333333333334,0.001197076923076923,0.0007853333333333334,0.0007390322580645163,0.0002625925925925926,0.005103963963963964,0.00015555555555555556,0.00019999999999999998,0.0026133333333333334,0.00017500000000000003,0.00031142857142857144,0.00037337662337662335,0.0025414285714285717,0.004551129032258064,0.0,0.0006405042016806722,0.001464
43000,0.0013092000000000002,0.0013629629629629632,0.0025283333333333334,0.002418,0.0020968354430379744,0.0014357142857142856,0.004034032258064516,0.0022175000000000003,0.0028467088607594935,0.00398,0.0050825925925925925,0.001307142857142857,0.005262121212121212,0.0018336363636363637,0.0015951764705882355,0.00026291666666666667,0.0021090476190476193,0.007295316455696203,0.005499642857142857,0.0020884000000000002,0.002696307692307692,0.0009744642857142858,0.003780666666666668,0.001674666666666667,0.004834285714285715,0.000358,0.004683225806451613,0.00378125,0.01029929411764706,0.002506935483870968,0.001191333333333333,0.01213807692307692,0.045175576923076916,0.003978902439024389,0.0029977777777777776,0.001595357142857143,0.00031289473684210526,0.00048363636363636366,3.9759036144578314e-05,7e-05,0.00016571428571428572,0.0026985106382978723,0.000975,3.3e-05,0.004970526315789474,0.0003830526315789473,0.0006581428571428572,0.0015280701754385967,0.00018312500000000002,0.0018429310344827586,0.00041799999999999997,3.454545454545455e-05,0.0015446153846153845,0.00025,0.0008620000000000001,0.0013493877551020409,0.000205,0.0024175862068965513,0.00034181818181818185,0.0,0.0014017204301075266,0.00139,5.666666666666667e-05,0.0,0.0003863888888888889,0.0010036923076923079,0.000504,0.000653763440860215,0.00030601851851851846,0.003720900900900901,0.00023444444444444443,0.00011,0.0022966666666666665,0.00017166666666666667,0.00013714285714285713,0.00034727272727272726,0.0019928571428571426,0.0032267741935483865,0.0,0.0004249579831932773,0.000887
44000,0.0015405333333333336,0.0014922222222222223,0.002185,0.004101076923076923,0.0028732911392405063,0.001827142857142857,0.003234516129032258,0.002677894736842105,0.0030272151898734175,0.0032700000000000003,0.004102098765432098,0.0013334693877551022,0.0052,0.002365151515151515,0.0017772941176470586,0.00023958333333333332,0.0022567857142857138,0.007091139240506331,0.005840714285714287,0.0018595999999999997,0.003056307692307693,0.0012664285714285711,0.003931866666666666,0.001753,0.004486984126984126,0.0006720000000000001,0.005370645161290323,0.0037316666666666666,0.011153176470588236,0.0021991935483870973,0.0013586666666666664,0.012213461538461538,0.0434648076923077,0.004576341463414634,0.0036722222222222217,0.0017548214285714285,0.00047486842105263154,0.0005027272727272727,4.4698795180722895e-05,0.000159375,0.00026285714285714286,0.0034859574468085117,0.0013562500000000003,9.3e-05,0.004170526315789474,0.00040294736842105263,0.0006690000000000001,0.0018725438596491229,0.0002909375,0.002578534482758621,0.00047000000000000004,6e-05,0.0018244615384615385,0.00048249999999999986,0.001033,0.001573265306122449,0.00037,0.0027099999999999997,0.0004554545454545455,0.0,0.0022689247311827956,0.0019837500000000003,6.5e-05,0.0,0.00017555555555555556,0.001101076923076923,0.0008686666666666667,0.0007783870967741937,0.0002878703703703704,0.004324234234234234,7.666666666666667e-05,0.00010333333333333333,0.00277,0.00013,0.00016714285714285716,0.00027675324675324677,0.0028407142857142863,0.0034645967741935486,0.0,0.0005279831932773109,0.001198
45000,0.0014366666666666664,0.0017514814814814815,0.0019858333333333334,0.003240923076923076,0.0027399999999999994,0.0018942857142857145,0.005143064516129033,0.002124868421052631,0.0031010126582278483,0.0030325,0.004279382716049383,0.001126938775510204,0.004014545454545455,0.0019615151515151516,0.0021943529411764706,0.00026041666666666666,0.0023226190476190473,0.008615822784810124,0.005128214285714285,0.0019692,0.0028793846153846157,0.0010507142857142857,0.0037049333333333333,0.0018296666666666665,0.004101746031746033,0.000498,0.002912741935483871,0.004832291666666666,0.012776470588235297,0.0023899999999999998,0.0012996,0.011014230769230767,0.05293019230769231,0.004301585365853658,0.004561111111111111,0.00184875,0.00031157894736842103,0.0005072727272727273,3.8072289156626503e-05,0.00016875,0.00020999999999999998,0.00264,0.00097875,2.7999999999999996e-05,0.004325789473684211,0.00038621052631578935,0.0005704285714285716,0.0009305263157894738,0.000188125,0.0014672413793103448,0.000402,6.090909090909091e-05,0.001312,0.00037583333333333327,0.00117,0.0007977551020408164,0.000345,0.0024648275862068966,6.818181818181818e-05,0.0,0.0013153763440860214,0.00119625,4.6666666666666665e-05,0.0,0.00025,0.0007847692307692307,0.00037066666666666666,0.0005382795698924731,0.00018824074074074075,0.0028545945945945947,4.222222222222222e-05,0.0,0.0025,8.999999999999998e-05,0.00022142857142857145,0.00015571428571428572,0.0015249999999999999,0.002838225806451613,0.0,0.00045075630252100837,0.0013340000000000001
46000,0.0017225333333333334,0.0018692592592592593,0.0022475,0.003596923076923077,0.0028943037974683544,0.0025585714285714283,0.004486290322580645,0.0023457894736842104,0.0027773417721518984,0.0034212500000000007,0.0038356790123456786,0.0013663265306122449,0.005169999999999999,0.002228484848484848,0.0022596470588235294,0.00043666666666666664,0.002710952380952381,0.0073735443037974665,0.0057460714285714285,0.0023545333333333334,0.00273,0.0011789285714285714,0.0043192000000000005,0.002123666666666667,0.00528047619047619,0.000476,0.004990806451612902,0.004161666666666667,0.011026117647058823,0.0022177419354838706,0.0020545333333333335,0.010211153846153845,0.05318865384615385,0.004723292682926829,0.0038405555555555554,0.002332321428571429,0.0007322368421052632,0.00042090909090909093,0.00012277108433734942,0.00016875,0.00028285714285714286,0.003764787234042553,0.0015487500000000002,7.8e-05,0.004578947368421053,0.0005552631578947367,0.0006745714285714286,0.0018960526315789474,0.00016125,0.0026485344827586205,0.000554,6.272727272727273e-05,0.0019765384615384614,0.0005325000000000001,0.001653,0.001227142857142857,0.00032,0.003561034482758621,0.0003236363636363636,0.000165,0.002208924731182796,0.00219375,0.0002966666666666667,0.0005771428571428571,0.0003697222222222222,0.0011221538461538463,0.0008553333333333334,0.001060537634408602,0.00037546296296296297,0.005553153153153152,6.333333333333333e-05,0.00027833333333333334,0.003703333333333333,0.00020999999999999998,0.00012285714285714284,0.0003192207792207792,0.0020585714285714283,0.004755967741935483,0.0,0.0005254621848739495,0.001424
47000,0.0010168,0.0009303703703703705,0.0010775,0.0023593846153846148,0.0017162025316455698,0.0012871428571428571,0.002724032258064516,0.001659736842105263,0.0017322784810126582,0.001724375,0.002797777777777778,0.0009248979591836735,0.004134545454545455,0.0013160606060606062,0.000992,0.00014291666666666665,0.0017530952380952378,0.005414303797468355,0.004246071428571428,0.0015730666666666667,0.0021667692307692312,0.0008535714285714287,0.0025628,0.0009080000000000001,0.0034187301587301584,0.000316,0.0034079032258064515,0.003165416666666667,0.009258,0.0016116129032258065,0.0011009333333333333,0.007424230769230768,0.04824230769230769,0.0037059756097560974,0.0019399999999999999,0.002000357142857143,0.0003514473684210526,0.0005181818181818182,4.457831325301205e-05,6.75e-05,0.00019857142857142857,0.002368617021276596,0.0007062500000000001,3.3e-05,0.0038884210526315796,0.0002911578947368421,0.00037400000000000004,0.001317280701754386,0.00014874999999999998,0.0020230172413793104,0.000318,3.818181818181818e-05,0.001513076923076923,0.0003625,0.00097,0.0006967346938775511,0.000155,0.002565172413793103,6.636363636363636e-05,0.0,0.0013696774193548385,0.00133625,0.0,0.0002971428571428571,0.00034944444444444443,0.0008166153846153845,0.000556,0.0006581720430107527,0.00013546296296296296,0.0034598198198198204,4.9999999999999996e-05,4.5e-05,0.00143,6.333333333333333e-05,0.00011857142857142858,0.00014077922077922078,0.001972857142857143,0.0035234677419354837,0.0,0.000406218487394958,0.000995
48000,0.0014325333333333335,0.0016977777777777777,0.0015424999999999998,0.0030012307692307695,0.0027427848101265824,0.002195714285714286,0.004203225806451612,0.0018526315789473681,0.0031883544303797466,0.00257625,0.00436679012345679,0.0009151020408163267,0.004483636363636363,0.0021374242424242428,0.001678470588235294,0.000245,0.001913571428571428,0.007707215189873418,0.00501,0.0019183999999999998,0.0024881538461538465,0.0009351785714285714,0.0035774666666666664,0.001612,0.003539206349206349,0.000384,0.003257096774193548,0.0045693750000000005,0.01215423529411765,0.0023627419354838707,0.0015039999999999997,0.010216923076923077,0.03961961538461538,0.004198536585365853,0.002951111111111111,0.0016310714285714286,0.0003173684210526316,0.0004318181818181818,6.301204819277109e-05,0.000124375,0.0002728571428571429,0.0028865957446808513,0.0010462499999999999,8.099999999999999e-05,0.0053573684210526315,0.0003553684210526316,0.0006664285714285715,0.0015335087719298244,0.0001265625,0.0021013793103448275,0.00052,5.0909090909090914e-05,0.0015987692307692306,0.00031416666666666664,0.0012980000000000001,0.0006632653061224491,0.000335,0.0026368965517241383,0.00011727272727272727,0.0001775,0.0012292473118279573,0.00149875,6e-05,0.0,0.00039083333333333336,0.0008556923076923076,0.0005026666666666667,0.0006188172043010752,0.00015111111111111109,0.0036840540540540546,0.00013444444444444444,0.00025,0.00143,0.00013833333333333333,0.00016142857142857145,0.00019753246753246754,0.0017114285714285716,0.0033128225806451613,0.0,0.0005083193277310925,0.001452
49000,0.0009053333333333332,0.0009588888888888889,0.001465833333333333,0.0024338461538461536,0.0017178481012658227,0.0011514285714285717,0.0024029032258064513,0.0015556578947368421,0.002008607594936709,0.002016875,0.0030718518518518517,0.0009761224489795917,0.003666969696969697,0.0014293939393939393,0.0010541176470588234,8.374999999999999e-05,0.0014189285714285714,0.004073670886075949,0.0037378571428571426,0.0013892,0.002047076923076923,0.0006064285714285715,0.0029984000000000005,0.0011643333333333332,0.003196190476190476,0.000284,0.004196612903225807,0.002607916666666667,0.0069594117647058815,0.0017098387096774195,0.0010189333333333335,0.012348461538461539,0.027178269230769228,0.0026907317073170734,0.002940555555555555,0.0009912500000000002,0.00030750000000000005,0.00032090909090909094,4.6265060240963854e-05,3.5625e-05,0.00017,0.002611702127659574,0.00045125000000000005,0.000109,0.0031194736842105266,0.00023326315789473683,0.00025757142857142857,0.0009607894736842104,0.0001165625,0.0014620689655172414,0.000178,0.0,0.0009732307692307692,0.00017166666666666665,0.000619,0.00047959183673469387,0.000225,0.001861034482758621,6.90909090909091e-05,0.0,0.0011341935483870965,0.001075,0.0,0.0,0.00022527777777777775,0.000678923076923077,0.0002733333333333333,0.0003750537634408603,7.185185185185186e-05,0.002727117117117117,0.0,0.0,0.0014133333333333333,4e-05,9.857142857142856e-05,9.064935064935064e-05,0.00114,0.0022531451612903225,0.0,0.00030016806722689074,0.000941
50000,0.0014768000000000003,0.0016644444444444445,0.0019166666666666666,0.004478153846153846,0.0036467088607594947,0.0028871428571428577,0.004214032258064516,0.0025894736842105265,0.0036883544303797466,0.003096875,0.004657530864197531,0.0010553061224489793,0.00492,0.0027095454545454545,0.0022018823529411763,0.00026583333333333336,0.0023815476190476186,0.008129493670886077,0.00743,0.0024325333333333333,0.0033230769230769225,0.0010991071428571428,0.004087333333333333,0.0019483333333333332,0.004351746031746033,0.000554,0.0048658064516129045,0.004851666666666667,0.014676000000000003,0.002195161290322581,0.0023667999999999996,0.010616923076923076,0.04690596153846154,0.004425487804878049,0.004471666666666667,0.0017208928571428573,0.0005177631578947369,0.0004109090909090909,6.698795180722891e-05,0.000109375,7.714285714285714e-05,0.002492765957446808,0.0010475,0.0,0.0062105263157894745,0.0005298947368421052,0.00035557142857142856,0.001609561403508772,0.00020812499999999998,0.0022593965517241385,0.00037,3.090909090909091e-05,0.001509076923076923,0.0003175,0.0008590000000000001,0.0008859183673469389,0.00034,0.002768620689655173,7.727272727272727e-05,0.0,0.0012455913978494622,0.00115125,8.333333333333333e-05,0.0,0.0003358333333333333,0.0007627692307692308,0.0004773333333333333,0.0005931182795698925,0.0002135185185185185,0.0034115315315315312,0.00010666666666666665,0.0,0.003486666666666667,0.00018166666666666667,0.00019142857142857142,9.77922077922078e-05,0.001832857142857143,0.0035641935483870964,0.0,0.0005510084033613446,0.0010350000000000001
51000,0.001208,0.0014192592592592592,0.0015658333333333331,0.003264923076923077,0.0023313924050632905,0.002088571428571429,0.003575483870967742,0.002207236842105263,0.0022582278481012657,0.003020625,0.005001358024691359,0.0006734693877551021,0.0036157575757575756,0.001904848484848485,0.0013947058823529411,8.875e-05,0.00178,0.006022658227848101,0.005282857142857143,0.0016544,0.0023679999999999994,0.0009110714285714285,0.0035244,0.0018533333333333334,0.004605714285714287,0.00047400000000000003,0.0031412903225806455,0.003531458333333333,0.011301411764705881,0.0020029032258064516,0.0016832,0.008535384615384615,0.04822634615384615,0.003557439024390244,0.0028794444444444445,0.0014889285714285716,0.0003663157894736842,0.00045909090909090905,9.698795180722891e-05,0.00011812499999999998,0.00017571428571428572,0.002982659574468086,0.0007587500000000001,9.2e-05,0.0045857894736842115,0.00043821052631578953,0.00035157142857142863,0.0012210526315789476,0.00016375,0.0013686206896551722,0.0005480000000000001,4.727272727272727e-05,0.0013694615384615386,0.00027583333333333333,0.000716,0.0005959183673469388,0.000475,0.002353103448275862,7.545454545454545e-05,0.0,0.001326236559139785,0.00139,0.0002416666666666667,0.0,0.0003586111111111111,0.0008366153846153847,0.0005166666666666667,0.0006261290322580645,0.00018833333333333335,0.004340810810810811,5.555555555555556e-05,0.00018666666666666666,0.0018199999999999998,0.0001,0.0001957142857142857,0.00020961038961038963,0.0011528571428571428,0.002967822580645161,0.0,0.0004715126050420168,0.000977
52000,0.0013766666666666669,0.0012633333333333333,0.0016316666666666667,0.003776,0.0022867088607594933,0.0014999999999999998,0.00341,0.001885131578947368,0.0022201265822784813,0.003025625,0.004302222222222222,0.0007369387755102041,0.0037545454545454544,0.002010909090909091,0.001310705882352941,0.00010125,0.0018128571428571425,0.006168734177215191,0.005526785714285714,0.0017461333333333336,0.0021506153846153845,0.0007489285714285714,0.003355333333333333,0.0013879999999999997,0.005257777777777777,0.000368,0.002838387096774194,0.0033729166666666664,0.011283764705882353,0.0018177419354838706,0.0014931999999999999,0.011449615384615384,0.04496711538461539,0.004224634146341464,0.0035033333333333336,0.001569107142857143,0.00045934210526315774,0.0004627272727272727,4.506024096385542e-05,0.0001025,0.00032142857142857147,0.0032548936170212765,0.0009149999999999999,0.00010500000000000002,0.003743684210526315,0.0003016842105263158,0.0005527142857142856,0.0013735087719298248,0.000255,0.0018730172413793105,0.0005380000000000001,3.545454545454545e-05,0.0014719999999999998,0.00049,0.001046,0.0007161224489795918,0.000325,0.0024210344827586207,8.636363636363636e-05,0.0,0.0015883870967741934,0.00135625,0.00016166666666666665,0.0,0.0005188888888888887,0.0009956923076923077,0.0005160000000000001,0.000662258064516129,0.00017916666666666667,0.004143603603603603,5.4444444444444446e-05,0.00011,0.0023533333333333336,0.00019833333333333335,0.00014285714285714287,0.00020025974025974025,0.0011414285714285714,0.0030334677419354837,5.25e-05,0.0004947058823529412,0.00098
53000,0.0013941333333333332,0.0015588888888888892,0.0017491666666666669,0.003872307692307692,0.00354746835443038,0.0017757142857142856,0.0038508064516129033,0.001911578947368421,0.0026131645569620254,0.002496875,0.003501111111111111,0.0009808163265306123,0.0038593939393939394,0.002382272727272727,0.0016229411764705885,0.00017416666666666665,0.0018434523809523807,0.005919240506329113,0.005061428571428572,0.0020912,0.002878461538461538,0.0010337500000000002,0.0033842666666666667,0.0015810000000000002,0.0037647619047619044,0.0007940000000000001,0.003661612903225807,0.003639166666666667,0.009618823529411766,0.001953548387096774,0.0012913333333333334,0.009683846153846154,0.03227942307692308,0.003614512195121952,0.0035499999999999998,0.001500892857142857,0.0004721052631578948,0.0004345454545454545,8.168674698795182e-05,0.00010374999999999999,0.0002,0.002707765957446809,0.000745,0.0,0.004735263157894736,0.0003363157894736843,0.00033714285714285714,0.0012277192982456143,0.0001246875,0.0015080172413793102,0.00027400000000000005,2.9090909090909093e-05,0.0013222307692307691,0.00022166666666666664,0.000919,0.0007218367346938777,0.00026,0.002124137931034483,7.181818181818182e-05,0.0,0.0011498924731182796,0.001335,6e-05,0.0,0.00024083333333333335,0.0008178461538461539,0.0004553333333333333,0.0004579569892473118,0.00018212962962962963,0.003440810810810811,0.00011333333333333334,0.0,0.0019100000000000002,0.00013666666666666666,0.00018571428571428572,0.00016545454545454545,0.0014228571428571426,0.0029511290322580645,0.0,0.0003254621848739496,0.001073
54000,0.0013842666666666668,0.0014551851851851854,0.0017708333333333335,0.003257230769230769,0.002796962025316456,0.0011057142857142858,0.0031591935483870964,0.001723026315789474,0.002584556962025316,0.002224375,0.004347160493827161,0.0008851020408163265,0.0040139393939393935,0.0016548484848484847,0.0015556470588235292,0.00019708333333333332,0.0018244047619047621,0.005645443037974683,0.004047142857142858,0.0019153333333333333,0.0021544615384615383,0.0009951785714285716,0.003475866666666667,0.0017476666666666667,0.003794126984126984,0.000488,0.0031570967741935485,0.0031489583333333335,0.008829176470588234,0.0017901612903225808,0.0020169333333333334,0.008985384615384616,0.04337019230769231,0.00350060975609756,0.0027400000000000002,0.001399107142857143,0.0004802631578947369,0.0004927272727272727,4.433734939759036e-05,5.4999999999999995e-05,0.0002185714285714286,0.0024145744680851063,0.00102625,0.0,0.0031673684210526323,0.0003656842105263158,0.0003647142857142857,0.0012592982456140352,0.0001190625,0.0015662068965517238,0.000226,7.818181818181818e-05,0.0013898461538461538,0.0005233333333333332,0.0010710000000000001,0.0006844897959183674,0.00017,0.0024134482758620696,0.0,0.0,0.001375483870967742,0.0012599999999999998,7.5e-05,0.0,0.0003494444444444444,0.0008630769230769231,0.0003506666666666667,0.00047247311827956984,0.00023953703703703705,0.003442792792792792,5.333333333333333e-05,0.00018,0.002146666666666667,0.00011333333333333334,0.00014142857142857143,0.00017103896103896104,0.0010857142857142856,0.0030105645161290326,0.0,0.0003832773109243697,0.000873
55000,0.0012661333333333336,0.0013307407407407406,0.0017891666666666666,0.0034541538461538464,0.0020387341772151895,0.0009514285714285715,0.003477096774193548,0.0018768421052631577,0.002347215189873418,0.0021075,0.003204691358024692,0.0007453061224489795,0.004302121212121212,0.0017656060606060608,0.0013011764705882353,8.5e-05,0.0017701190476190477,0.005546202531645569,0.004117499999999999,0.0019734666666666664,0.0019633846153846155,0.0008276785714285714,0.0034521333333333336,0.0015063333333333328,0.003860634920634921,0.00032,0.00315241935483871,0.0028393750000000003,0.009743411764705884,0.002120645161290322,0.0014035999999999999,0.012068076923076923,0.04156884615384616,0.004289878048780488,0.00312,0.002394642857142857,0.0005336842105263158,0.00045909090909090916,4.662650602409638e-05,7.500000000000001e-05,0.00015999999999999999,0.0031826595744680855,0.00115625,0.0,0.00551157894736842,0.0003993684210526316,0.0006241428571428571,0.0018576315789473686,8.9375e-05,0.0023175,0.00034199999999999996,3.454545454545455e-05,0.0021883076923076925,0.0002133333333333333,0.000728,0.0008920408163265305,0.000255,0.003082413793103449,9e-05,0.0,0.0015782795698924728,0.001255,0.0,0.0,0.00034277777777777784,0.0010493846153846152,0.00045866666666666663,0.0007017204301075268,0.00033453703703703705,0.005192072072072073,5.777777777777777e-05,6.166666666666667e-05,0.0029700000000000004,0.00016333333333333334,0.00018571428571428572,0.00022662337662337663,0.0015578571428571432,0.004113709677419355,0.0,0.000363781512605042,0.00146
56000,0.0011824000000000001,0.0013244444444444445,0.0012175,0.003422,0.002400506329113924,0.0016257142857142857,0.004031129032258064,0.0022846052631578947,0.002073164556962025,0.00282375,0.0033896296296296287,0.0008381632653061225,0.00445878787878788,0.001984545454545454,0.0015129411764705882,0.00012083333333333332,0.0018566666666666668,0.006043417721518987,0.003836785714285714,0.0025936,0.0022421538461538464,0.0006337499999999999,0.003944666666666667,0.0020190000000000004,0.004236825396825398,0.00035999999999999997,0.003320161290322581,0.003657083333333334,0.010719647058823528,0.002230322580645161,0.0018969333333333331,0.008227307692307693,0.03956346153846153,0.003830365853658537,0.003733888888888889,0.0019732142857142856,0.0005331578947368422,0.00042090909090909093,8.759036144578314e-05,0.00010875,0.00035714285714285714,0.002727765957446809,0.00110625,0.0,0.0069084210526315784,0.00040463157894736837,0.000640142857142857,0.0015989473684210529,0.00020812499999999998,0.0018995689655172414,0.000658,6.90909090909091e-05,0.0017315384615384612,0.00020833333333333335,0.001031,0.0008457142857142857,0.00019,0.0030299999999999993,2.6363636363636365e-05,0.0,0.001406989247311828,0.00135625,8.833333333333333e-05,0.0,0.000265,0.000981846153846154,0.0005586666666666667,0.0005534408602150538,0.0002723148148148148,0.003417027027027026,7.333333333333333e-05,0.00012,0.0025666666666666667,0.00022,0.00013571428571428572,0.0001581818181818182,0.001484285714285714,0.0032139516129032256,5.25e-05,0.000506218487394958,0.0011719999999999999
57000,0.0013049333333333332,0.0013425925925925927,0.0015966666666666664,0.0034750769230769227,0.002758607594936709,0.001782857142857143,0.002901451612903226,0.0022817105263157897,0.0026567088607594934,0.00288375,0.00456604938271605,0.0009673469387755103,0.004168787878787878,0.0021075757575757578,0.001369764705882353,0.0002041666666666667,0.0020625,0.005013544303797469,0.005759285714285715,0.0017217333333333332,0.002845076923076923,0.0009116071428571429,0.0038354666666666664,0.0019196666666666667,0.004032222222222223,0.00047400000000000003,0.0029143548387096773,0.0032370833333333336,0.010081882352941177,0.0025387096774193542,0.001695066666666667,0.009092307692307693,0.05898076923076923,0.0036737804878048774,0.0037044444444444447,0.001766964285714286,0.00038789473684210524,0.0002754545454545454,6.518072289156628e-05,9.5e-05,0.00010714285714285715,0.002235531914893617,0.00085625,0.0,0.003935789473684211,0.00041663157894736844,0.00035042857142857147,0.001292456140350877,5.937499999999999e-05,0.001592758620689655,0.000396,8.90909090909091e-05,0.001617923076923077,0.00039250000000000005,0.00083,0.0007675510204081633,0.000245,0.002607586206896552,6.090909090909091e-05,0.0,0.0013847311827956987,0.00139,0.0,0.0,0.0004052777777777778,0.0008893846153846153,0.000476,0.0005395698924731182,0.0001650925925925926,0.0031043243243243242,5.666666666666667e-05,9.833333333333334e-05,0.0025166666666666666,0.00013333333333333334,0.00013285714285714287,0.00011,0.0012242857142857142,0.0027937096774193547,0.0,0.0004175630252100841,0.001161
58000,0.0012854666666666666,0.0015448148148148146,0.0017791666666666667,0.003292923076923077,0.0035768354430379752,0.0012828571428571427,0.003709354838709678,0.002125131578947368,0.0024924050632911393,0.002740625,0.002935432098765432,0.0005895918367346939,0.004727878787878788,0.0020398484848484846,0.0016018823529411759,0.00015458333333333331,0.0020450000000000004,0.006775189873417721,0.005515714285714285,0.0017207999999999998,0.0028652307692307697,0.0008775,0.003662533333333334,0.001673,0.0037139682539682538,0.00040999999999999994,0.003314193548387096,0.0038133333333333335,0.011688117647058823,0.0014570967741935484,0.0014729333333333332,0.010750384615384615,0.03902365384615385,0.0044481707317073176,0.003135,0.002015357142857143,0.0005044736842105263,0.0007027272727272727,7.024096385542168e-05,7.6875e-05,0.00020428571428571428,0.0035408510638297863,0.00114375,0.0,0.006896315789473684,0.0004465263157894736,0.00045842857142857144,0.002042280701754386,6.0625e-05,0.002557241379310345,0.000568,6.636363636363636e-05,0.0019206153846153848,0.0006516666666666666,0.001397,0.0010153061224489797,0.000225,0.003616206896551724,0.00011545454545454546,0.0,0.0024045161290322577,0.00168,0.00011833333333333334,0.0,0.0006163888888888889,0.0012966153846153846,0.0006786666666666666,0.0007063440860215055,0.0003198148148148148,0.0060563063063063085,0.00018333333333333334,9.666666666666667e-05,0.0016666666666666663,4.333333333333333e-05,0.00011571428571428572,0.00021649350649350645,0.0017871428571428572,0.004255725806451613,0.0,0.0005896638655462185,0.0014030000000000002
59000,0.001318,0.001346296296296296,0.0010941666666666667,0.003139846153846154,0.0022431645569620253,0.00115,0.002697096774193549,0.0017974999999999998,0.002610632911392405,0.00207625,0.0026235802469135806,0.0005995918367346939,0.0031766666666666666,0.0016292424242424243,0.0015049411764705882,9.625e-05,0.0018422619047619047,0.004827974683544304,0.0037342857142857143,0.0017550666666666665,0.001434153846153846,0.0007505357142857142,0.0028965333333333333,0.0015406666666666667,0.002896825396825397,0.000488,0.002140645161290323,0.002299166666666667,0.006922941176470588,0.0019898387096774195,0.0014169333333333334,0.007549615384615385,0.03538788461538462,0.0033963414634146337,0.002263888888888889,0.0014841071428571427,0.00028473684210526313,0.0004972727272727272,5.867469879518072e-05,0.000175,7.142857142857143e-05,0.002770744680851064,0.0008649999999999999,4e-05,0.005039999999999999,0.00031810526315789473,0.0005057142857142858,0.0012450877192982455,0.00011937500000000001,0.0017749137931034485,0.00041799999999999997,3.727272727272727e-05,0.0013220769230769232,0.00020416666666666665,0.0009249999999999999,0.0004306122448979592,0.00032,0.0027351724137931023,2.3636363636363634e-05,0.0,0.0008740860215053763,0.0010975,8.333333333333333e-05,0.0,0.0003916666666666667,0.0009030769230769231,0.0004566666666666667,0.000580752688172043,0.00012472222222222222,0.0038050450450450445,5.888888888888889e-05,0.00022166666666666667,0.0018033333333333332,0.00013166666666666668,0.00013571428571428572,0.00023545454545454545,0.0009650000000000003,0.003309112903225806,0.0,0.00042739495798319336,0.0015150000000000003
60000,0.0010488000000000001,0.0010744444444444443,0.0016199999999999997,0.0027318461538461537,0.0016383544303797467,0.0016214285714285712,0.0030933870967741932,0.002134736842105263,0.002755696202531645,0.0029481250000000002,0.004432962962962963,0.0006748979591836735,0.0034824242424242426,0.0016034848484848486,0.001437764705882353,0.00013916666666666667,0.001919880952380952,0.005388227848101265,0.005430357142857142,0.001585466666666667,0.0021610769230769227,0.0008117857142857143,0.0031969333333333335,0.0013733333333333334,0.005036984126984127,0.00033600000000000004,0.003051935483870967,0.0027902083333333333,0.010061176470588235,0.0023188709677419354,0.0014364000000000002,0.01471423076923077,0.0405753846153846,0.0031495121951219513,0.0024627777777777777,0.0021298214285714284,0.00035763157894736847,0.0005409090909090909,6.626506024096385e-05,0.000211875,0.00020285714285714286,0.003341702127659574,0.00132375,4.2000000000000004e-05,0.0036994736842105268,0.00033926315789473686,0.00042914285714285716,0.001389561403508772,0.0001390625,0.0023823275862068964,0.00064,3.6363636363636364e-05,0.0019754615384615383,0.00035083333333333337,0.001061,0.000776734693877551,0.000245,0.0032862068965517233,5.545454545454545e-05,0.0,0.0015704301075268815,0.00132125,7.666666666666667e-05,0.0,0.0005127777777777777,0.0016009230769230766,0.000524,0.0008326881720430109,0.000395925925925926,0.004245945945945947,0.00017666666666666666,0.000205,0.0030433333333333337,0.0,0.00014571428571428572,0.00033792207792207786,0.001406428571428571,0.00410524193548387,0.0,0.0006197478991596639,0.001132
61000,0.0018097333333333332,0.0017159259259259259,0.0014174999999999997,0.004351692307692307,0.0027384810126582274,0.0013742857142857144,0.0032056451612903227,0.0025756578947368418,0.002714556962025317,0.002898125,0.004474197530864197,0.0009114285714285715,0.004648787878787879,0.001907272727272727,0.0017027058823529412,0.0002729166666666667,0.002197261904761905,0.0071672151898734176,0.005525357142857143,0.0020718666666666666,0.0023947692307692307,0.00099875,0.0035969333333333337,0.0016356666666666668,0.004303809523809525,0.000582,0.0034922580645161292,0.0034183333333333336,0.011688117647058823,0.0023735483870967744,0.0013231999999999999,0.009588461538461539,0.04801980769230769,0.004597560975609757,0.004198333333333333,0.002601964285714286,0.0004681578947368422,0.0005318181818181818,0.0001180722891566265,0.000255625,0.00034428571428571424,0.0036037234042553203,0.001225,4.9e-05,0.004231052631578947,0.0004874736842105263,0.0005208571428571429,0.0015423684210526315,0.0002559375,0.002501293103448276,0.000696,6.545454545454546e-05,0.0020396923076923083,0.0004266666666666666,0.001438,0.0010538775510204083,0.000505,0.003784137931034483,0.00037090909090909096,0.0,0.0018444086021505374,0.00184,0.00035166666666666663,0.0,0.0006897222222222222,0.0015004615384615386,0.0008486666666666667,0.0007891397849462365,0.0004301851851851852,0.005662882882882882,0.0003622222222222222,0.0002466666666666667,0.0024666666666666665,0.000545,0.0004457142857142857,0.0003855844155844156,0.0022128571428571427,0.0040612096774193555,0.0,0.0007863865546218486,0.001597
62000,0.0012602666666666667,0.0014070370370370374,0.0011558333333333334,0.003510769230769231,0.0020169620253164553,0.0007871428571428571,0.0035582258064516133,0.0018289473684210528,0.002174683544303798,0.0023231249999999997,0.0030382716049382717,0.000693469387755102,0.003490606060606061,0.0016281818181818181,0.0016872941176470588,0.0003075,0.001757380952380952,0.004619746835443038,0.004265714285714285,0.0015727999999999998,0.0017896923076923077,0.0009653571428571428,0.003122933333333334,0.0016176666666666668,0.004207301587301587,0.0006240000000000001,0.0031401612903225813,0.00254,0.007523411764705881,0.002227903225806452,0.0012266666666666665,0.008147307692307692,0.027631153846153847,0.003496951219512196,0.0035872222222222225,0.0022525,0.00042223684210526317,0.0004245454545454545,6.301204819277109e-05,0.000103125,0.00019142857142857142,0.0031919148936170216,0.00078,6.3e-05,0.0035110526315789477,0.00033694736842105266,0.0006442857142857144,0.001474035087719298,0.0002421875,0.0018726724137931037,0.0005859999999999999,7.09090909090909e-05,0.0013386923076923077,0.00062,0.000946,0.0011053061224489797,0.000305,0.003002758620689656,3.181818181818182e-05,0.0,0.0010730107526881719,0.001105,0.00013666666666666666,0.0,0.00044,0.0009841538461538462,0.0005386666666666667,0.0005016129032258065,0.00024962962962962965,0.004766126126126125,6.666666666666666e-05,0.00032166666666666666,0.0023133333333333335,0.00018999999999999998,0.00016714285714285716,0.0001872727272727273,0.0016071428571428571,0.003173306451612903,0.0,0.00039504201680672275,0.001129
63000,0.0010894666666666668,0.0009374074074074074,0.0012983333333333334,0.002981846153846154,0.001961139240506329,0.0011228571428571429,0.0034246774193548383,0.001731578947368421,0.002682151898734177,0.002423125,0.0033525925925925928,0.0005524489795918367,0.00318030303030303,0.0015186363636363637,0.001289764705882353,6.416666666666668e-05,0.0013926190476190477,0.00535886075949367,0.003250357142857143,0.0016545333333333333,0.0018435384615384616,0.0006501785714285714,0.002927066666666667,0.001414,0.0030820634920634923,0.000292,0.003188548387096774,0.0028783333333333334,0.008858352941176468,0.0020662903225806446,0.0017349333333333335,0.008064615384615384,0.038698461538461536,0.003849024390243902,0.003011111111111111,0.0016828571428571428,0.0002205263157894737,0.00043818181818181814,5.867469879518072e-05,6.875e-05,0.0001985714285714286,0.003245106382978723,0.0004625,6.4e-05,0.0035494736842105272,0.0003373684210526316,0.0003742857142857142,0.0012901754385964911,0.000105625,0.0017557758620689655,0.00042000000000000007,0.0,0.001265,0.0003066666666666667,0.000736,0.0006387755102040815,0.000215,0.0028582758620689652,0.0,0.0,0.0011993548387096776,0.0008762500000000001,0.0,0.0,0.0003888888888888889,0.0008610769230769231,0.0005166666666666667,0.00047301075268817215,0.0001686111111111111,0.005099279279279279,8.11111111111111e-05,0.0,0.0015866666666666668,3.6666666666666666e-05,0.00011285714285714284,0.00012376623376623378,0.0008371428571428572,0.003020887096774194,0.0,0.0003080672268907563,0.0009289999999999999
64000,0.0010157333333333336,0.0008781481481481485,0.0016633333333333333,0.0029366153846153847,0.0020748101265822784,0.0012371428571428572,0.00286758064516129,0.0019507894736842106,0.0018369620253164557,0.00245875,0.003906296296296297,0.0008179591836734695,0.003016060606060606,0.0015084848484848484,0.0011176470588235292,7.791666666666667e-05,0.0017599999999999996,0.004806075949367089,0.0035724999999999997,0.0015002666666666666,0.0019756923076923076,0.00069,0.002655733333333333,0.0017453333333333333,0.003158730158730159,0.000234,0.003026129032258064,0.002752916666666666,0.008776588235294118,0.002288387096774193,0.0012862666666666664,0.010435384615384617,0.03386365384615385,0.00343890243902439,0.003397777777777778,0.0014999999999999998,0.00040210526315789477,0.0008427272727272727,6.542168674698797e-05,0.00017312500000000002,0.0002042857142857143,0.0029696808510638285,0.0009675,8.999999999999999e-05,0.0032210526315789474,0.0003483157894736843,0.0004824285714285714,0.0014138596491228069,0.0001478125,0.001973706896551724,0.000284,5.818181818181818e-05,0.0015973076923076924,0.00026083333333333335,0.000834,0.0009175510204081633,0.0,0.002767241379310345,0.0001409090909090909,0.0,0.0011175268817204302,0.00102375,0.00018333333333333334,0.0,0.0006338888888888889,0.000972,0.0005433333333333334,0.0007075268817204301,0.000386574074074074,0.003805225225225225,0.0001288888888888889,0.0,0.002003333333333333,0.00011999999999999999,0.00016428571428571428,0.0002093506493506494,0.0015571428571428574,0.003303145161290322,0.0,0.000505126050420168,0.0013670000000000002
65000,0.0012188,0.0012874074074074075,0.0020975,0.0037644615384615386,0.002237974683544304,0.001702857142857143,0.003589032258064516,0.0019169736842105261,0.0021744303797468357,0.003658125,0.004385555555555556,0.000946938775510204,0.005034848484848485,0.001707121212121212,0.0014595294117647057,0.00017666666666666666,0.0020026190476190473,0.006001012658227847,0.006593571428571429,0.001905066666666666,0.0028407692307692305,0.0006867857142857143,0.004323733333333335,0.0017706666666666665,0.004786507936507936,0.00032199999999999997,0.004015322580645161,0.0030777083333333333,0.009671411764705883,0.002511774193548386,0.0017125333333333334,0.013691923076923077,0.04440211538461537,0.003714878048780488,0.004262222222222222,0.0020328571428571427,0.0004802631578947368,0.0005490909090909091,6.867469879518072e-05,7.874999999999999e-05,0.00014714285714285716,0.0028993617021276603,0.0006612499999999999,4.2000000000000004e-05,0.005265789473684211,0.0004862105263157895,0.0005702857142857144,0.0018175438596491225,9.749999999999998e-05,0.0023535344827586204,0.000388,2.6363636363636365e-05,0.0016320769230769234,0.0002366666666666667,0.001025,0.0007412244897959183,0.00028,0.0036737931034482763,0.0,0.0,0.001128494623655914,0.00093,0.00015333333333333334,0.0,0.0006075,0.0009046153846153846,0.00048266666666666667,0.0005808602150537634,0.00013870370370370368,0.004793693693693693,5.777777777777777e-05,5.833333333333333e-05,0.001983333333333333,9.166666666666667e-05,8.285714285714286e-05,7.428571428571429e-05,0.0010214285714285714,0.004444596774193548,0.0,0.00032705882352941174,0.001373
66000,0.0011210666666666667,0.0013555555555555554,0.0024100000000000002,0.0029909230769230768,0.002095949367088608,0.0014128571428571428,0.003302903225806451,0.0021157894736842106,0.002308987341772152,0.0038,0.003528024691358025,0.0009120408163265306,0.00453,0.002018484848484848,0.00147,0.00014708333333333335,0.0016560714285714286,0.005162911392405064,0.005525714285714286,0.0016852,0.0018406153846153846,0.000875,0.0029902666666666664,0.0019556666666666668,0.0045903174603174595,0.000376,0.0026832258064516134,0.0030747916666666666,0.008431882352941178,0.0021206451612903222,0.0015725333333333335,0.009876538461538461,0.03223269230769231,0.003265975609756098,0.0033888888888888888,0.0017269642857142859,0.0007565789473684211,0.0007772727272727273,4.783132530120481e-05,0.000159375,0.00016285714285714284,0.0028465957446808516,0.00113875,7.1e-05,0.004878947368421053,0.00037431578947368424,0.000626142857142857,0.0016353508771929826,0.000123125,0.001851551724137931,0.000522,0.0,0.0014836153846153844,0.00025333333333333333,0.0006999999999999999,0.0006620408163265306,0.000175,0.0027679310344827586,0.0,0.0,0.0011784946236559142,0.0010275000000000002,5.5e-05,0.0,0.00047138888888888887,0.0008867692307692307,0.00048399999999999995,0.000619247311827957,0.0003340740740740741,0.0038255855855855864,0.00010444444444444445,0.000125,0.0015366666666666664,8.166666666666667e-05,0.00017285714285714287,0.00018649350649350648,0.0015021428571428568,0.002841370967741936,0.0,0.00042235294117647066,0.0010210000000000002
67000,0.0012212,0.0012237037037037036,0.0016516666666666667,0.0029355384615384617,0.0020225316455696205,0.0015442857142857144,0.00391241935483871,0.0021364473684210524,0.0021294936708860764,0.0026075,0.003328395061728395,0.0006689795918367348,0.0031457575757575756,0.001614090909090909,0.0013035294117647058,0.00010375,0.002144642857142857,0.00511101265822785,0.004121785714285714,0.001704,0.0017204615384615385,0.0008103571428571428,0.003110933333333333,0.0015096666666666665,0.004342539682539682,0.00027,0.0024495161290322576,0.002783541666666667,0.00836270588235294,0.0020151612903225808,0.0012188,0.008861153846153847,0.03254134615384616,0.004300975609756098,0.0029316666666666666,0.00210125,0.00043184210526315793,0.0005909090909090908,6.891566265060241e-05,0.00019062499999999998,0.00016571428571428572,0.003960744680851064,0.000735,9.8e-05,0.0051968421052631586,0.0005054736842105263,0.0005707142857142858,0.0018678947368421055,0.00014781250000000002,0.0022634482758620692,0.000506,3.818181818181818e-05,0.001556153846153846,0.00014666666666666666,0.0008020000000000001,0.0007224489795918366,0.00045,0.0044531034482758625,0.00010454545454545455,0.0,0.001466451612903226,0.0012425000000000001,0.0,0.0,0.0006288888888888888,0.0011278461538461538,0.0007213333333333333,0.0007440860215053763,0.00023814814814814814,0.006575405405405406,7.111111111111112e-05,0.0,0.0025599999999999998,0.00011666666666666667,0.0002542857142857143,0.00013948051948051949,0.0020685714285714283,0.004309758064516129,0.0,0.00042521008403361343,0.001638
68000,0.0015525333333333332,0.001185925925925926,0.0015849999999999998,0.004615538461538462,0.0028255696202531644,0.0008471428571428572,0.0030485483870967742,0.0020125,0.00244126582278481,0.0021475,0.0019025925925925927,0.0009444897959183674,0.004540303030303031,0.0017953030303030303,0.001338235294117647,0.00019875,0.0019202380952380949,0.005381772151898734,0.005299642857142858,0.001951066666666667,0.0018898461538461536,0.0009307142857142857,0.002649066666666667,0.0011253333333333334,0.003014603174603175,0.000424,0.002847903225806452,0.0031214583333333337,0.008380235294117648,0.0013759677419354838,0.0014696000000000002,0.006655384615384617,0.04807038461538461,0.005351951219512195,0.003725000000000001,0.001884642857142857,0.0005246052631578947,0.0008299999999999999,0.00010855421686746988,0.00015875,0.00015142857142857143,0.0036479787234042554,0.00133375,9.7e-05,0.005959473684210527,0.0005364210526315789,0.0007515714285714285,0.0019276315789473685,0.00012124999999999999,0.00261948275862069,0.000378,6.545454545454546e-05,0.002229846153846154,0.00033166666666666674,0.0007329999999999999,0.0012985714285714287,0.00025,0.0035168965517241367,0.0,0.0,0.0016672043010752691,0.0018375,8e-05,0.0,0.0006149999999999999,0.0011435384615384617,0.00063,0.0007776344086021505,0.0004291666666666666,0.004968378378378378,9.888888888888888e-05,0.00020833333333333335,0.0015266666666666666,8.833333333333333e-05,0.00015714285714285716,0.00029935064935064935,0.0018521428571428567,0.0039133870967741945,0.0,0.0005087394957983193,0.0015949999999999998
69000,0.0012758666666666666,0.0011755555555555558,0.0013808333333333335,0.0040467692307692305,0.0021637974683544297,0.0011471428571428572,0.003352741935483871,0.0018630263157894736,0.0024846835443037975,0.0036687499999999997,0.004131481481481482,0.0009304081632653062,0.004096666666666667,0.0020395454545454545,0.0013454117647058827,0.0002454166666666667,0.002182261904761905,0.004865316455696203,0.004538571428571428,0.0020408000000000006,0.0018784615384615385,0.0008308928571428572,0.003109466666666667,0.0019153333333333336,0.004067619047619048,0.00038,0.0030858064516129024,0.0032639583333333336,0.010148235294117645,0.0022520967741935486,0.0017182666666666665,0.012253076923076922,0.053133269230769234,0.0038942682926829267,0.004125555555555556,0.0024601785714285715,0.0005739473684210527,0.0008454545454545454,6.0722891566265055e-05,0.00012625,0.0002871428571428572,0.0034179787234042557,0.0011224999999999998,0.00012000000000000002,0.005967894736842105,0.0005705263157894737,0.0007267142857142856,0.0022424561403508775,0.000103125,0.002321810344827586,0.0006540000000000001,3.181818181818182e-05,0.0017373076923076923,0.0006516666666666667,0.0009640000000000001,0.0009946938775510206,0.00036,0.0033799999999999998,0.00028,0.0,0.0016586021505376343,0.00156375,0.00027166666666666664,0.0,0.0006013888888888888,0.0011821538461538462,0.000718,0.0007793548387096775,0.00041277777777777775,0.006020720720720721,0.0001577777777777778,0.000435,0.002703333333333333,0.00019833333333333335,0.00020142857142857142,0.00023675324675324674,0.0030014285714285716,0.0037370967741935488,0.0,0.0005045378151260504,0.001382
70000,0.0010073333333333334,0.0008959259259259258,0.0020125,0.0036426153846153843,0.0017418987341772149,0.0010585714285714287,0.0028619354838709675,0.002453815789473684,0.002191012658227848,0.0033049999999999998,0.0061558024691358015,0.0008891836734693877,0.005033030303030303,0.002159242424242424,0.001167294117647059,0.00013291666666666668,0.0019915476190476185,0.004429746835443038,0.005843928571428572,0.0016326666666666668,0.0022735384615384614,0.0007928571428571428,0.0036777333333333335,0.0016003333333333332,0.004885079365079366,0.00044600000000000005,0.0034890322580645164,0.0032356250000000002,0.008799764705882354,0.0028517741935483874,0.0015007999999999998,0.011621538461538461,0.05603115384615384,0.003932073170731708,0.0031927777777777783,0.0020898214285714283,0.0005205263157894737,0.0007472727272727273,8.80722891566265e-05,0.000214375,0.00023428571428571427,0.0025182978723404257,0.0011025,0.00010400000000000001,0.005037894736842105,0.00040799999999999994,0.0006547142857142857,0.001588684210526316,0.0001234375,0.002611379310344827,0.00038599999999999995,7.363636363636363e-05,0.0020342307692307695,0.00036416666666666666,0.0011549999999999998,0.000876530612244898,0.00015,0.0027693103448275867,2e-05,0.0,0.0012727956989247312,0.0012799999999999999,0.00014833333333333335,0.0,0.0004202777777777778,0.001043076923076923,0.0008500000000000001,0.0006078494623655913,0.0002758333333333333,0.004887747747747748,8.555555555555556e-05,0.0008933333333333333,0.00329,8.166666666666667e-05,0.0003557142857142857,0.0002442857142857143,0.0016914285714285714,0.0035102419354838712,0.0,0.0007134453781512607,0.001187
71000,0.0011125333333333333,0.0012433333333333335,0.0017841666666666668,0.0028596923076923074,0.0026237974683544305,0.0017614285714285713,0.003333387096774193,0.002499078947368421,0.003154430379746835,0.003544375,0.004155308641975309,0.0009148979591836735,0.005008787878787878,0.0018700000000000001,0.001550235294117647,0.00029000000000000006,0.0021105952380952382,0.005321392405063291,0.006651071428571428,0.0016321333333333334,0.0019149230769230766,0.0010319642857142858,0.0035527999999999996,0.001772,0.004342222222222223,0.000562,0.003420806451612903,0.0034910416666666666,0.00906341176470588,0.0023885483870967747,0.0016032,0.012075,0.04146634615384615,0.004455731707317072,0.004087777777777777,0.0022403571428571433,0.00046605263157894746,0.0006963636363636363,0.0001036144578313253,0.000256875,0.00025714285714285715,0.004132021276595745,0.0012725,9.5e-05,0.005151578947368421,0.000397578947368421,0.0006657142857142858,0.001771315789473684,0.000173125,0.002261379310344828,0.000492,5.454545454545454e-05,0.0018471538461538462,0.00042333333333333334,0.000895,0.0010767346938775509,0.00054,0.0041986206896551725,0.0001509090909090909,0.0,0.001811290322580645,0.0014950000000000002,0.00012666666666666666,0.0,0.0005283333333333332,0.0011632307692307695,0.0007559999999999999,0.0006822580645161291,0.0003409259259259259,0.0052891891891891874,0.00019444444444444446,0.00019333333333333333,0.0033933333333333337,0.00014833333333333332,0.0002057142857142857,0.0004035064935064935,0.0019871428571428575,0.0039917741935483865,0.0,0.0006047899159663867,0.0018020000000000002
72000,0.0011281333333333333,0.0012800000000000003,0.001630833333333333,0.0035006153846153846,0.0018782278481012655,0.0012742857142857143,0.002547741935483871,0.0022207894736842107,0.0022153164556962027,0.00301375,0.003959382716049383,0.0009016326530612244,0.00419030303030303,0.0018384848484848486,0.0013435294117647059,9.875e-05,0.0019916666666666668,0.004580253164556962,0.0051653571428571425,0.0018258666666666663,0.002386,0.0007639285714285714,0.003026533333333333,0.0016,0.004029206349206349,0.000326,0.0035614516129032258,0.0029633333333333334,0.00830764705882353,0.0021093548387096776,0.0016435999999999996,0.00988923076923077,0.04808538461538462,0.004242317073170731,0.00505,0.0019767857142857143,0.0006107894736842105,0.0007145454545454546,0.00013566265060240964,0.000171875,0.0002457142857142857,0.00405595744680851,0.0014724999999999999,0.00011199999999999998,0.006048947368421052,0.0005263157894736842,0.0009085714285714286,0.002030175438596491,0.000155,0.002952844827586207,0.000326,0.00012454545454545455,0.0019519230769230768,0.00029166666666666664,0.0011840000000000002,0.0009128571428571429,0.0003,0.003670689655172413,0.0,0.0,0.002007849462365591,0.00167875,0.000265,0.0,0.0008730555555555555,0.001356769230769231,0.0008513333333333334,0.0009304301075268817,0.0004944444444444445,0.006630990990990992,0.0005611111111111111,0.0007666666666666667,0.00222,6e-05,0.00016714285714285716,0.0004197402597402598,0.002618571428571428,0.004097822580645162,0.0,0.0005922689075630251,0.0017209999999999999
73000,0.0014540000000000002,0.001284814814814815,0.001886666666666667,0.00424076923076923,0.0026506329113924042,0.0020871428571428573,0.003930806451612903,0.0021369736842105267,0.0026230379746835443,0.002594375,0.00362716049382716,0.0007838775510204081,0.0030075757575757575,0.0018840909090909093,0.0015967058823529413,0.00032375,0.001820952380952381,0.005453417721518987,0.004405,0.0018190666666666666,0.001908,0.0008919642857142858,0.0028396000000000003,0.001944333333333333,0.0038917460317460318,0.00047200000000000003,0.002324193548387097,0.0039035416666666663,0.009566117647058822,0.001978064516129032,0.0019962666666666668,0.011028076923076922,0.04329057692307692,0.004698658536585366,0.005011111111111111,0.002606964285714286,0.0004897368421052632,0.0009972727272727273,6.843373493975903e-05,0.0002225,0.00012428571428571428,0.004128191489361702,0.00131375,6.2e-05,0.005865263157894736,0.0005501052631578947,0.0007117142857142857,0.002476315789473684,9.499999999999999e-05,0.0023256034482758616,0.00048199999999999995,3.272727272727273e-05,0.0018215384615384617,0.0002883333333333333,0.001095,0.0008269387755102043,0.00043,0.0036093103448275863,2.4545454545454545e-05,0.0,0.0017251612903225807,0.0015049999999999998,0.00018500000000000002,0.0,0.00039972222222222216,0.001215230769230769,0.0008153333333333333,0.0006801075268817204,0.0003558333333333333,0.005477387387387389,7.333333333333333e-05,0.0003266666666666667,0.002766666666666667,0.000195,0.00045571428571428575,0.00019714285714285713,0.001322142857142857,0.0036862903225806454,0.0,0.0005161344537815126,0.0019560000000000003
74000,0.0012892,0.0013929629629629628,0.00161,0.004009692307692308,0.0021998734177215195,0.001587142857142857,0.00394016129032258,0.0019435526315789474,0.00249379746835443,0.0021625,0.0031356790123456798,0.0008634693877551021,0.0036318181818181814,0.001793939393939394,0.0014674117647058822,0.00018,0.0017777380952380955,0.005238734177215189,0.0038185714285714286,0.0018755999999999998,0.0021226153846153843,0.0006507142857142857,0.0030401333333333336,0.0019240000000000001,0.0035392063492063496,0.00020800000000000001,0.0020614516129032257,0.003195625,0.008832588235294116,0.001783225806451613,0.0013320000000000003,0.007348076923076923,0.037899999999999996,0.003868780487804878,0.0047150000000000004,0.0022075000000000003,0.00044986842105263153,0.0007372727272727271,6.253012048192771e-05,0.000225,0.00020000000000000004,0.004118723404255319,0.00121875,0.000116,0.003778421052631578,0.0004938947368421053,0.0005187142857142857,0.0017548245614035086,0.0001540625,0.0021561206896551725,0.0004739999999999999,0.0,0.0017776153846153846,0.0003491666666666667,0.001168,0.000796734693877551,0.0002,0.00334,0.0,0.0,0.0024384946236559136,0.00140875,7.833333333333333e-05,0.0,0.0005883333333333334,0.0011332307692307694,0.0005073333333333334,0.0006729032258064517,0.0004193518518518519,0.0049155855855855845,0.00021222222222222223,7.000000000000001e-05,0.00229,4.9999999999999996e-05,0.00021999999999999998,0.0002372727272727273,0.0013371428571428573,0.003460967741935483,0.0,0.0005689915966386554,0.001408
75000,0.001268666666666667,0.0011062962962962962,0.00192,0.002724769230769231,0.0026396202531645567,0.0018085714285714287,0.0039398387096774195,0.0020593421052631576,0.002627341772151899,0.003085,0.003946296296296296,0.0011148979591836736,0.004676060606060606,0.002149242424242424,0.0014011764705882353,0.00016666666666666666,0.002136309523809524,0.005893037974683544,0.005510357142857142,0.0017319999999999998,0.002177692307692308,0.0009746428571428572,0.0034065333333333325,0.0016793333333333335,0.00499015873015873,0.000532,0.002377096774193549,0.003719166666666667,0.012556000000000001,0.0026454838709677416,0.0016685333333333334,0.011829230769230769,0.03968903846153847,0.004071829268292683,0.0032050000000000004,0.0016325,0.0002373684210526316,0.00033818181818181815,4.903614457831325e-05,4.25e-05,0.00015571428571428572,0.002129787234042553,0.0007875,7.000000000000001e-05,0.0040110526315789465,0.0004456842105263158,0.0002144285714285714,0.0011128070175438598,4.34375e-05,0.0019538793103448275,0.000294,3.181818181818182e-05,0.0014546923076923077,0.0002108333333333333,0.000528,0.0006130612244897959,0.000285,0.002862758620689655,0.0,0.0,0.0011318279569892471,0.0008262499999999999,0.0,0.0,0.0003313888888888889,0.0008541538461538463,0.0005333333333333334,0.0003759139784946236,0.00015101851851851854,0.003301801801801801,4.666666666666667e-05,4.8333333333333334e-05,0.0013666666666666664,0.0,9.857142857142856e-05,7.792207792207792e-05,0.0010957142857142856,0.0035108064516129033,0.0,0.0002983193277310924,0.001501
76000,0.0013650666666666664,0.001371111111111111,0.0015925000000000002,0.003223384615384615,0.0027284810126582282,0.0014728571428571427,0.0035248387096774195,0.0021969736842105264,0.0026526582278481015,0.002870625,0.004200123456790124,0.000990816326530612,0.003866666666666667,0.0018392424242424242,0.0016136470588235296,0.00019291666666666668,0.0019339285714285715,0.006358101265822785,0.004413928571428571,0.0017162666666666667,0.0022199999999999998,0.00093125,0.003306,0.0015669999999999998,0.004090634920634922,0.000488,0.0025711290322580644,0.0038654166666666663,0.009552705882352942,0.0019903225806451614,0.001418,0.011208076923076921,0.053535576923076915,0.004668902439024391,0.003373888888888889,0.0024819642857142857,0.00030039473684210523,0.000730909090909091,7.000000000000001e-05,0.000194375,0.00041285714285714287,0.003995744680851064,0.00154375,0.00022799999999999999,0.006068947368421053,0.0004265263157894737,0.0007167142857142856,0.0022492982456140355,7.90625e-05,0.0029333620689655166,0.000508,5.8181818181818185e-05,0.0017418461538461537,0.0005366666666666666,0.000949,0.0013181632653061226,0.00038,0.004406896551724139,0.00012090909090909091,0.0,0.0020761290322580646,0.00179,0.00022,0.0,0.0008675000000000001,0.0016184615384615385,0.0009786666666666667,0.0006483870967741935,0.00043046296296296295,0.006014234234234235,0.00021,0.0007666666666666667,0.0020633333333333333,0.00017833333333333332,0.00017285714285714284,0.00028701298701298703,0.0019792857142857142,0.004222016129032258,0.0,0.000621344537815126,0.002517
77000,0.0011966666666666666,0.0013466666666666666,0.0021683333333333333,0.0036632307692307693,0.0028424050632911394,0.001077142857142857,0.002646290322580645,0.0016421052631578946,0.002809113924050633,0.002825,0.0047355555555555545,0.0008889795918367347,0.0037527272727272726,0.0019512121212121212,0.0013217647058823528,0.00018375000000000002,0.001893214285714286,0.0056760759493670885,0.004301785714285715,0.0017316000000000002,0.0023115384615384617,0.0007350000000000001,0.002703466666666666,0.001387333333333333,0.004161587301587302,0.000536,0.002740483870967742,0.003917291666666666,0.009772470588235294,0.0019140322580645163,0.0017453333333333331,0.011950384615384614,0.052786730769230766,0.004454512195121951,0.0036988888888888887,0.0022382142857142857,0.00034447368421052627,0.0009627272727272728,7.373493975903616e-05,0.00028875,0.00031,0.003392446808510639,0.0017925,0.00024099999999999998,0.004976315789473685,0.0004569473684210527,0.0007885714285714286,0.0019485964912280699,0.0001915625,0.003093879310344827,0.000802,6.90909090909091e-05,0.0021668461538461537,0.0006233333333333333,0.001162,0.0015446938775510205,0.000755,0.003957586206896552,0.00010090909090909092,0.0,0.0014674193548387098,0.0017175000000000003,6.666666666666667e-05,0.0,0.0009111111111111112,0.0013244615384615385,0.0008653333333333333,0.0007427956989247312,0.0005243518518518519,0.005673513513513513,0.00033444444444444445,0.000625,0.0019199999999999998,0.00025,0.00015999999999999999,0.00028038961038961036,0.002148571428571429,0.003916693548387097,0.0,0.0006626890756302521,0.0013869999999999998
78000,0.0013674666666666664,0.001318518518518519,0.0012941666666666666,0.0034458461538461535,0.0015960759493670886,0.0011785714285714286,0.0031022580645161286,0.0018548684210526313,0.001993924050632911,0.0024331250000000004,0.003251975308641975,0.0006144897959183674,0.003787575757575758,0.0014728787878787878,0.0011951764705882353,0.00016208333333333333,0.001299404761904762,0.004738607594936709,0.004541071428571428,0.001314,0.0015753846153846152,0.0006239285714285714,0.002342666666666667,0.001304,0.0037561904761904755,0.000256,0.002020483870967742,0.0026716666666666672,0.006879529411764705,0.0015629032258064517,0.0010370666666666666,0.011276923076923075,0.038260576923076925,0.004383658536585366,0.0021516666666666667,0.0017119642857142856,0.0003375,0.00041454545454545455,4.1686746987951814e-05,9.5e-05,8.428571428571429e-05,0.002759255319148937,0.00142,3.5e-05,0.004081052631578946,0.0003423157894736842,0.0005555714285714285,0.0015848245614035084,8.156249999999998e-05,0.002021465517241379,0.00037,2.818181818181818e-05,0.0014053076923076925,0.00014916666666666667,0.000617,0.0006299999999999999,0.00015,0.0031096551724137935,0.0,0.0,0.001517634408602151,0.00113625,0.0,0.0,0.0005350000000000001,0.0008796923076923077,0.000482,0.00041709677419354835,0.00022305555555555558,0.005276936936936937,0.0001377777777777778,0.0,0.0015799999999999998,6.166666666666667e-05,0.00013142857142857143,0.00013220779220779222,0.0016092857142857144,0.003226048387096774,0.0,0.00038756302521008397,0.0009819999999999998
79000,0.0014788,0.0012644444444444443,0.0019175,0.0038780000000000004,0.0025905063291139243,0.0014085714285714287,0.0037764516129032257,0.0017144736842105263,0.0022206329113924053,0.00265125,0.0025196296296296295,0.0006818367346938776,0.0041418181818181805,0.0017037878787878788,0.0013477647058823528,2.7916666666666666e-05,0.0014883333333333335,0.0050697468354430385,0.0055821428571428576,0.0015582666666666667,0.0022496923076923076,0.0007183928571428572,0.0031361333333333337,0.0012970000000000002,0.003424444444444445,0.000302,0.0031599999999999996,0.0029622916666666665,0.008866117647058821,0.001453225806451613,0.0012369333333333331,0.009333076923076923,0.038443846153846155,0.003949268292682928,0.003059444444444444,0.0019942857142857145,0.0004878947368421052,0.0006054545454545454,9.602409638554217e-05,0.0001125,0.00011857142857142858,0.002796808510638298,0.0008275,0.00014299999999999998,0.004946842105263158,0.0004417894736842106,0.0005675714285714285,0.001547719298245614,0.00020625,0.0024495689655172413,0.000438,3.818181818181818e-05,0.0017094615384615384,0.00022999999999999998,0.0013080000000000001,0.0007128571428571428,0.00033,0.0035934482758620684,0.0,0.0,0.0016309677419354836,0.00125125,0.00014000000000000001,0.0,0.0006063888888888887,0.0012713846153846152,0.00059,0.0006253763440860216,0.00045351851851851846,0.006023153153153153,0.00022,0.0008916666666666666,0.0018533333333333336,0.00021,0.00014285714285714287,0.00025454545454545456,0.0016178571428571427,0.003847741935483871,0.0,0.0005219327731092436,0.001991
80000,0.0012009333333333335,0.0013377777777777778,0.0019725,0.00434523076923077,0.0030874683544303803,0.0009942857142857143,0.0029617741935483873,0.0018622368421052633,0.0024732911392405066,0.003125,0.003906296296296296,0.0009097959183673469,0.004093939393939394,0.0018634848484848487,0.0012983529411764705,0.00017708333333333332,0.001943095238095238,0.004659746835443038,0.00591857142857143,0.0017327999999999998,0.0017916923076923075,0.0008194642857142856,0.0034574666666666665,0.0017463333333333335,0.004703650793650794,0.000342,0.0025720967741935485,0.0027177083333333337,0.007355058823529412,0.001977741935483871,0.0017304,0.010190384615384617,0.03883865384615384,0.00421060975609756,0.0028572222222222224,0.0022566071428571427,0.00033421052631578944,0.00036363636363636367,3.493975903614458e-05,7.875e-05,0.00015,0.0027860638297872342,0.0011625,0.000178,0.005351578947368421,0.00028252631578947374,0.0003237142857142857,0.0016106140350877192,0.000103125,0.0027240517241379314,0.00056,0.0,0.0018006153846153847,0.00021416666666666668,0.00108,0.0008179591836734695,0.00032,0.003868620689655171,0.0,0.0,0.0013581720430107527,0.00158625,7.000000000000001e-05,0.0,0.00041861111111111114,0.000998,0.0004573333333333333,0.0007278494623655916,0.00046546296296296293,0.00441081081081081,0.0001477777777777778,0.00018666666666666666,0.0016533333333333333,0.000125,0.00014428571428571428,0.0001609090909090909,0.000825,0.003890241935483871,0.0,0.0006563025210084034,0.0018
81000,0.0011225333333333334,0.0009562962962962961,0.0016158333333333335,0.0033746153846153848,0.002684430379746835,0.0012657142857142856,0.004090000000000001,0.0017992105263157894,0.0024077215189873416,0.0025025000000000004,0.00329,0.0006163265306122448,0.0036300000000000004,0.0018115151515151514,0.0013922352941176473,0.00018250000000000002,0.0017423809523809525,0.004446962025316457,0.004809285714285715,0.0018153333333333333,0.0019926153846153843,0.0006173214285714287,0.0032841333333333334,0.0020933333333333333,0.0036217460317460315,0.000388,0.0024812903225806446,0.002771041666666667,0.007979058823529412,0.001968064516129032,0.0020193333333333335,0.0073715384615384615,0.05068384615384615,0.0037952439024390243,0.004966666666666667,0.002015714285714286,0.00038684210526315787,0.0004172727272727273,6.903614457831325e-05,0.000165625,0.0004985714285714286,0.003607127659574468,0.00130875,0.00018600000000000002,0.004975263157894737,0.0004115789473684211,0.0008397142857142856,0.002215,0.000144375,0.0031058620689655174,0.0005,5.8181818181818185e-05,0.0021386923076923076,0.00025916666666666666,0.001258,0.0007106122448979592,0.000505,0.0038693103448275866,5.181818181818182e-05,0.0,0.0018833333333333334,0.0019412499999999998,0.0003283333333333333,0.0,0.0007386111111111112,0.0011761538461538463,0.0006860000000000001,0.000806774193548387,0.00046703703703703697,0.007454234234234236,0.0005533333333333333,0.0006283333333333333,0.0036599999999999996,0.000155,0.00041285714285714287,0.00029051948051948053,0.00201,0.004146370967741934,0.0,0.0005974789915966387,0.0009249999999999999
82000,0.0012505333333333332,0.0013355555555555555,0.0014650000000000002,0.0036075384615384615,0.0017364556962025316,0.0011614285714285713,0.002032258064516129,0.0017927631578947365,0.0017891139240506328,0.0030368749999999996,0.0029711111111111114,0.0008289795918367347,0.004005151515151515,0.0015621212121212124,0.0011803529411764707,6.25e-05,0.0017764285714285714,0.004697721518987342,0.005356785714285714,0.0013357333333333333,0.001731076923076923,0.0007703571428571428,0.0023759999999999996,0.0014946666666666663,0.003932063492063493,0.000384,0.0021269354838709675,0.0027158333333333336,0.007183058823529411,0.002355161290322581,0.0011642666666666665,0.008790384615384615,0.03589903846153846,0.00420390243902439,0.0029116666666666666,0.0023003571428571426,0.00020302631578947368,0.0005690909090909092,4e-05,0.00012812499999999998,0.00013714285714285713,0.00291968085106383,0.0009875,9.400000000000001e-05,0.004134736842105263,0.0002523157894736842,0.0002764285714285714,0.001445701754385965,4.65625e-05,0.002059310344827586,0.00037799999999999997,0.0,0.0015794615384615385,0.00020083333333333333,0.0009429999999999999,0.0007993877551020407,0.000445,0.00310103448275862,0.0,0.0,0.0015259139784946237,0.0011575,5.333333333333334e-05,0.0,0.0004994444444444444,0.0009059999999999999,0.00036933333333333333,0.0005866666666666665,0.0004628703703703704,0.0043871171171171175,0.00011555555555555554,0.00037000000000000005,0.0014999999999999998,0.0,0.00018,0.00010324675324675323,0.0014928571428571428,0.0034266935483870968,0.0,0.00043193277310924367,0.001278
83000,0.0017042666666666666,0.0018729629629629628,0.0020291666666666665,0.005720615384615385,0.0025724050632911395,0.002037142857142857,0.005287903225806451,0.002320657894736842,0.003275822784810127,0.0029175,0.006001604938271605,0.0010379591836734694,0.005873030303030304,0.002079545454545454,0.0017531764705882354,0.00030250000000000003,0.0027264285714285715,0.007162911392405063,0.005609642857142857,0.0023550666666666666,0.0025680000000000004,0.00112375,0.004245733333333333,0.0024226666666666663,0.005779047619047619,0.0006100000000000001,0.003691774193548388,0.0036629166666666668,0.013016235294117646,0.004209838709677419,0.0020113333333333333,0.013494615384615386,0.0728301923076923,0.006485731707317074,0.00566,0.00231125,0.0005488157894736841,0.0007872727272727272,7.602409638554217e-05,0.000105,0.0003042857142857143,0.0044329787234042555,0.0016562500000000002,0.000128,0.008604210526315789,0.0005601052631578948,0.0008777142857142856,0.0028652631578947366,0.000125,0.0032247413793103446,0.000388,2.9090909090909093e-05,0.0023715384615384614,0.00028166666666666666,0.001243,0.0008891836734693879,0.00048,0.004347931034482759,9.818181818181818e-05,0.0,0.0015819354838709674,0.0014575,9.333333333333333e-05,0.0,0.0007802777777777778,0.0011733846153846152,0.0006153333333333333,0.0007364516129032257,0.00046787037037037034,0.007240810810810811,0.00020444444444444446,0.00035833333333333333,0.0020133333333333336,0.00013166666666666668,0.00029285714285714283,0.0002090909090909091,0.0017542857142857139,0.004809193548387098,0.0,0.0005809243697478991,0.001924
84000,0.0012082666666666665,0.001441111111111111,0.0019708333333333336,0.0038495384615384615,0.003113291139240506,0.002157142857142857,0.003418870967741935,0.0026389473684210528,0.003206962025316456,0.003093125,0.0056208641975308655,0.00087,0.006002424242424242,0.0022640909090909087,0.0015410588235294116,0.00018874999999999998,0.0024057142857142853,0.005695696202531645,0.008876785714285714,0.002408,0.0020866153846153847,0.0009523214285714286,0.0037674666666666664,0.002291,0.005166349206349207,0.0004580000000000001,0.002950967741935484,0.0039254166666666665,0.009419294117647059,0.0029900000000000005,0.0017277333333333333,0.009088846153846156,0.04577961538461538,0.005057926829268292,0.003971666666666667,0.0022430357142857143,0.00046499999999999997,0.0005863636363636363,6.614457831325301e-05,5.3125e-05,5.142857142857143e-05,0.0034464893617021275,0.0011825,0.00011800000000000001,0.00569157894736842,0.0003844210526315789,0.00042871428571428563,0.0016221929824561403,5.09375e-05,0.0024262068965517245,0.00044399999999999995,0.0,0.002164230769230769,0.00033749999999999996,0.0007790000000000001,0.000870204081632653,0.000345,0.00307551724137931,1.8181818181818182e-05,0.0,0.0013864516129032257,0.00152,5.833333333333333e-05,0.0,0.00045666666666666664,0.0010136923076923077,0.0005133333333333333,0.0006933333333333332,0.0003467592592592592,0.0038219819819819826,0.00012666666666666666,0.00018,0.0020566666666666667,8.333333333333333e-05,0.00017571428571428572,7.727272727272727e-05,0.0015321428571428571,0.0037220967741935485,0.0,0.0004683193277310924,0.001243
85000,0.0010113333333333333,0.0010907407407407406,0.0011491666666666666,0.003487076923076923,0.0016008860759493674,0.0010585714285714285,0.0032991935483870963,0.0017888157894736844,0.0020460759493670885,0.002465,0.0031780246913580244,0.0006710204081632653,0.0037857575757575756,0.0014283333333333333,0.0010443529411764709,0.00020083333333333333,0.0014857142857142857,0.005644430379746836,0.0049525,0.0016248,0.001920923076923077,0.0007003571428571429,0.002512533333333333,0.0015133333333333333,0.0028142857142857145,0.000314,0.0022120967741935484,0.0027395833333333335,0.008383529411764705,0.0017656451612903226,0.0012014666666666665,0.005385384615384616,0.05237096153846155,0.004494024390243902,0.0029405555555555556,0.0015085714285714286,0.00030342105263157895,0.0004,3.939759036144579e-05,4.8125000000000004e-05,7.428571428571427e-05,0.0029838297872340426,0.00062875,7.4e-05,0.0049042105263157896,0.0003056842105263158,0.0004481428571428572,0.0017547368421052634,6.28125e-05,0.0018961206896551724,0.0004739999999999999,0.0,0.0015900769230769232,0.0004091666666666666,0.0008,0.0006893877551020409,0.0,0.0027555172413793105,9.363636363636365e-05,0.0,0.0011593548387096775,0.0010712500000000002,0.0,0.0,0.0004136111111111111,0.0008004615384615385,0.00029400000000000004,0.00048301075268817207,0.00031703703703703695,0.004119189189189189,8.666666666666667e-05,0.0005233333333333333,0.0009866666666666667,5.666666666666667e-05,0.00018714285714285713,6.2987012987013e-05,0.0014792857142857142,0.003152661290322581,0.0,0.0004000840336134454,0.001355
86000,0.0009227999999999999,0.0009625925925925927,0.0014741666666666668,0.0028930769230769227,0.0020375949367088613,0.0011728571428571428,0.002377903225806452,0.0017644736842105263,0.0024964556962025317,0.003264375,0.0032891358024691357,0.0007326530612244898,0.00398030303030303,0.001402878787878788,0.0011124705882352942,7.791666666666667e-05,0.0014673809523809524,0.004180253164556963,0.0052360714285714285,0.00158,0.002173538461538462,0.0005478571428571428,0.0028730666666666664,0.0017260000000000003,0.004191428571428571,0.000272,0.00266,0.0023852083333333334,0.007562470588235293,0.001781935483870968,0.001655066666666667,0.008321153846153846,0.04279576923076923,0.0034092682926829274,0.0020383333333333334,0.0015941071428571426,0.0005722368421052633,0.0004854545454545455,7.566265060240964e-05,0.000125,6.428571428571429e-05,0.002766914893617021,0.00106625,0.00017700000000000002,0.004387368421052631,0.0003714736842105263,0.0002907142857142857,0.0014862280701754388,7.125e-05,0.0020023275862068968,0.00038,0.0,0.0015642307692307691,0.000255,0.0008030000000000001,0.0007146938775510203,0.000165,0.002774137931034483,0.0,0.0,0.0012582795698924732,0.00110625,4.6666666666666665e-05,0.0,0.00033222222222222225,0.0010566153846153846,0.00042066666666666663,0.000558494623655914,0.0003078703703703704,0.003198468468468468,8e-05,0.0003266666666666667,0.0015833333333333333,5.333333333333334e-05,0.00019,0.0001487012987012987,0.0010849999999999998,0.002766290322580645,0.0,0.0006171428571428571,0.001175
87000,0.0007885333333333333,0.0008655555555555555,0.0012024999999999998,0.002581384615384615,0.001857848101265823,0.0008642857142857142,0.0020929032258064514,0.001493684210526316,0.0022079746835443038,0.0028875,0.00453037037037037,0.0006353061224489795,0.0035124242424242422,0.0014284848484848484,0.0009931764705882352,0.00011166666666666667,0.001323809523809524,0.0039227848101265825,0.0045225,0.0013142666666666667,0.0015052307692307691,0.00060625,0.002432933333333333,0.0013830000000000001,0.0036322222222222224,0.000258,0.002320161290322581,0.002355625,0.006102823529411765,0.0019414516129032256,0.0013673333333333332,0.005953846153846155,0.034197307692307694,0.0029578048780487805,0.0018422222222222219,0.0012560714285714282,0.00026486842105263153,0.00027636363636363633,4.6265060240963854e-05,6.8125e-05,2.8571428571428574e-05,0.002052340425531915,0.0007700000000000001,9.2e-05,0.0024573684210526317,0.00019978947368421053,0.00020228571428571428,0.0008793859649122807,4.625e-05,0.0017152586206896552,0.000368,2.818181818181818e-05,0.0009673846153846153,0.00016916666666666667,0.00064,0.0005340816326530612,0.00018,0.0021279310344827582,0.0,0.0,0.0011293548387096774,0.0007700000000000001,8e-05,0.0,0.00021555555555555558,0.0007398461538461538,0.00030333333333333335,0.0003573118279569892,0.0002887037037037037,0.003255855855855856,6.88888888888889e-05,0.00045333333333333337,0.0010966666666666666,0.0,9.142857142857143e-05,6.272727272727273e-05,0.0018064285714285715,0.002589758064516129,0.0,0.00027067226890756306,0.0007909999999999998
88000,0.0013486666666666666,0.0017192592592592594,0.0011575,0.004418153846153846,0.002161518987341772,0.001237142857142857,0.003758548387096774,0.002085,0.002643037974683544,0.00240375,0.004715555555555555,0.0007091836734693878,0.005118787878787878,0.00204530303030303,0.0014204705882352939,0.0001645833333333333,0.0020196428571428574,0.005637341772151899,0.004886071428571428,0.0018980000000000002,0.0024381538461538464,0.0007403571428571428,0.0037109333333333336,0.002319666666666667,0.004293492063492064,0.000386,0.002288387096774193,0.0033520833333333332,0.00917764705882353,0.0021514516129032255,0.0016905333333333335,0.007731153846153846,0.040953076923076925,0.005186707317073172,0.003827222222222222,0.0021557142857142855,0.0005481578947368421,0.0006272727272727273,9.156626506024096e-05,0.000101875,0.00021714285714285715,0.004039999999999999,0.001265,0.00014199999999999998,0.006891578947368421,0.0005513684210526315,0.0010085714285714288,0.002867719298245614,7.874999999999999e-05,0.0030513793103448274,0.000556,6.181818181818182e-05,0.0021165384615384614,0.0004716666666666667,0.001332,0.0011804081632653062,0.000525,0.005026206896551724,0.0,0.0,0.0020022580645161297,0.0013912500000000001,0.000315,0.0,0.0007505555555555555,0.0016893846153846154,0.001106,0.0006475268817204301,0.0005267592592592593,0.00840972972972973,0.0002544444444444445,0.0005650000000000001,0.0020700000000000002,6.166666666666667e-05,0.0004028571428571428,0.00020727272727272725,0.0015700000000000002,0.004936290322580645,0.0,0.0006357142857142857,0.002105
89000,0.0012489333333333336,0.0015914814814814817,0.0016791666666666665,0.004031538461538461,0.002692658227848101,0.0017114285714285714,0.0028006451612903227,0.002373421052631579,0.001960506329113924,0.00277875,0.005059135802469136,0.0009693877551020408,0.005736666666666666,0.0020048484848484848,0.001261294117647059,0.00018499999999999997,0.001942142857142857,0.006569113924050634,0.007710357142857143,0.0018936,0.0022176923076923077,0.0007241071428571429,0.003872,0.0018493333333333333,0.0049220634920634915,0.000316,0.0032788709677419353,0.0036893749999999995,0.010452000000000003,0.0029101612903225807,0.0015308000000000001,0.01681192307692308,0.05519653846153846,0.004703780487804878,0.002697222222222222,0.00219375,0.0005532894736842104,0.0005263636363636363,0.00010951807228915664,0.00011000000000000002,6.571428571428571e-05,0.0046137234042553195,0.0014312499999999998,0.00013,0.006907894736842104,0.0006062105263157894,0.0009682857142857142,0.00325859649122807,0.000164375,0.003410172413793104,0.000668,4.090909090909091e-05,0.002249153846153846,0.00026000000000000003,0.00108,0.0007430612244897958,0.000125,0.004631724137931034,0.0,0.0,0.0019022580645161292,0.001255,8.166666666666667e-05,0.0,0.00036361111111111116,0.0013956923076923079,0.0006173333333333333,0.0006641935483870968,0.00031666666666666676,0.007203513513513514,0.00022,8.333333333333333e-05,0.002316666666666667,0.00019999999999999998,0.00019857142857142857,0.00025532467532467533,0.0021364285714285717,0.005238387096774194,0.0,0.0007091596638655462,0.002401
90000,0.0010317333333333331,0.0011925925925925925,0.0012358333333333334,0.003095384615384615,0.002038607594936709,0.001372857142857143,0.0027170967741935483,0.0017542105263157897,0.002125696202531646,0.0025668749999999997,0.004559012345679013,0.000819795918367347,0.004064848484848485,0.0014333333333333333,0.0010545882352941177,0.00020916666666666666,0.001417142857142857,0.004475189873417721,0.006391071428571428,0.0014793333333333334,0.0021504615384615386,0.00046946428571428573,0.003366666666666666,0.0015533333333333332,0.0028074603174603175,0.000218,0.002230483870967742,0.0022729166666666666,0.006293999999999999,0.001985967741935484,0.0011326666666666664,0.008108461538461537,0.04231865384615385,0.0038320731707317075,0.0030077777777777776,0.0018176785714285712,0.0006035526315789473,0.000519090909090909,7.180722891566266e-05,0.000185625,0.00010142857142857143,0.003084042553191489,0.0006850000000000001,5.6999999999999996e-05,0.004023157894736842,0.00035568421052631577,0.00041900000000000005,0.0021802631578947368,0.000143125,0.0022537068965517238,0.00039,3.3636363636363636e-05,0.0019215384615384615,0.00017,0.0008150000000000001,0.0009202040816326532,0.000215,0.003327931034482759,6e-05,0.0,0.0014602150537634407,0.0011675,0.0,0.0,0.0004716666666666666,0.0009909230769230767,0.0004453333333333333,0.000536989247311828,0.00032083333333333334,0.0047193693693693695,0.00011111111111111112,0.0006050000000000001,0.0021033333333333334,7.5e-05,0.0001142857142857143,0.0001381818181818182,0.001475,0.0037256451612903228,0.0,0.0005944537815126052,0.001638
91000,0.0012968,0.0011837037037037037,0.0020016666666666664,0.0034623076923076925,0.002160506329113924,0.0011642857142857145,0.0025785483870967743,0.0023552631578947366,0.002213417721518988,0.002928125,0.0034119753086419755,0.0011548979591836735,0.00593939393939394,0.0014756060606060605,0.0012471764705882353,3.4166666666666666e-05,0.0017504761904761905,0.0051356962025316455,0.007852857142857142,0.0013549333333333334,0.0017706153846153848,0.0005167857142857143,0.0035681333333333334,0.0014223333333333336,0.0038871428571428572,0.00028799999999999995,0.002481290322580645,0.0027141666666666664,0.007355058823529412,0.002125967741935484,0.0011368000000000003,0.008839230769230771,0.04400442307692308,0.004594756097560975,0.0025838888888888886,0.0019687499999999996,0.000593421052631579,0.0004509090909090909,7.879518072289157e-05,0.000130625,0.00010428571428571428,0.0032250000000000004,0.0010887499999999999,0.00016900000000000002,0.0045947368421052626,0.00036105263157894734,0.0004577142857142858,0.0018594736842105263,0.0001253125,0.002478793103448276,0.00037799999999999997,0.0,0.0019497692307692306,0.00020833333333333335,0.000788,0.0007242857142857143,0.000235,0.0030124137931034477,0.0,0.0,0.0017666666666666666,0.0011899999999999999,0.00014333333333333334,0.0,0.0003894444444444445,0.0011515384615384614,0.0005306666666666667,0.0005378494623655915,0.00045898148148148144,0.004411531531531531,0.00010666666666666667,0.0002916666666666667,0.00159,0.000155,7e-05,0.0001461038961038961,0.0018064285714285717,0.0035427419354838708,0.0,0.0005376470588235294,0.001289
92000,0.0013323999999999999,0.0012296296296296296,0.001485833333333333,0.003354307692307692,0.002219746835443038,0.0010285714285714286,0.0030911290322580645,0.001934605263157895,0.002047215189873417,0.002459375,0.003812345679012345,0.0007895918367346939,0.003682727272727273,0.00146,0.0013145882352941175,0.00010375,0.0018433333333333333,0.0041021518987341766,0.0047885714285714285,0.001819866666666667,0.0013181538461538463,0.0006880357142857142,0.0027566666666666664,0.0015783333333333337,0.0036873015873015876,0.000136,0.0022653225806451615,0.0026035416666666668,0.00644258823529412,0.0018579032258064516,0.0016882666666666664,0.008178846153846155,0.047927500000000005,0.00395609756097561,0.0031494444444444443,0.0017903571428571426,0.0006872368421052633,0.0005018181818181818,8.987951807228915e-05,0.000109375,0.00020428571428571428,0.002932446808510639,0.0009525,0.00011199999999999998,0.004107368421052631,0.0003806315789473684,0.00046899999999999996,0.0025421052631578946,9.4375e-05,0.002304913793103449,0.000454,2.5454545454545454e-05,0.0015228461538461537,0.00039333333333333326,0.0009219999999999999,0.0007304081632653062,0.000295,0.0035127586206896546,0.0,0.0,0.001790537634408602,0.0012699999999999999,0.00024333333333333333,0.0,0.00047250000000000005,0.0011541538461538462,0.0006633333333333334,0.0005519354838709677,0.00028648148148148147,0.004803243243243242,0.00011333333333333334,0.00048166666666666665,0.0028333333333333335,0.00010833333333333333,0.00013857142857142857,0.00014571428571428572,0.0012935714285714286,0.003705403225806451,0.0,0.000600924369747899,0.001353
93000,0.0009419999999999999,0.0011344444444444446,0.001995,0.0033898461538461534,0.0019997468354430383,0.0016914285714285716,0.0034019354838709676,0.0018494736842105263,0.002259746835443038,0.0032031250000000002,0.003869382716049383,0.000819591836734694,0.004230909090909091,0.0014783333333333335,0.0012732941176470589,0.00010333333333333333,0.001996547619047619,0.00543113924050633,0.005401071428571429,0.0017058666666666666,0.001679076923076923,0.0008660714285714286,0.002623466666666667,0.001564333333333333,0.004137777777777778,0.00030000000000000003,0.0022056451612903222,0.003287291666666667,0.008247176470588233,0.0018858064516129034,0.0016648,0.0056053846153846145,0.044400576923076925,0.003963536585365853,0.002846666666666666,0.00188125,0.0003960526315789474,0.0006118181818181818,4.337349397590361e-05,0.000135625,0.00024857142857142857,0.002673297872340426,0.0012725,0.00012099999999999999,0.005240000000000001,0.0003445263157894736,0.000407,0.002238947368421053,0.00012468750000000002,0.0025625,0.000428,3.272727272727273e-05,0.0019346923076923078,0.00016083333333333333,0.000795,0.0011344897959183673,0.00019,0.004256206896551724,2.272727272727273e-05,0.0,0.0015007526881720427,0.00129125,0.00027666666666666665,0.0,0.00047000000000000004,0.0012073846153846156,0.0005966666666666667,0.0005852688172043011,0.00043259259259259265,0.005062702702702704,0.00012444444444444444,0.0004116666666666667,0.0016,0.00018999999999999998,0.00013571428571428572,0.00010207792207792206,0.00137,0.004349838709677419,0.0,0.0006361344537815125,0.001291
94000,0.0011946666666666668,0.0011092592592592593,0.0016233333333333332,0.0032032307692307694,0.002993417721518987,0.0016642857142857143,0.003323709677419355,0.0020372368421052627,0.0023739240506329114,0.0029325,0.0025869135802469136,0.0008493877551020408,0.00405969696969697,0.0015268181818181817,0.0012783529411764707,9.499999999999999e-05,0.0020132142857142857,0.004405696202531645,0.005280714285714285,0.0015072,0.001868769230769231,0.00068875,0.0029661333333333337,0.0015026666666666667,0.0032584126984126984,0.00028,0.00228,0.002345625,0.007264588235294117,0.0018696774193548385,0.0015746666666666667,0.005961538461538461,0.045746153846153846,0.0041112195121951215,0.0031072222222222226,0.0016269642857142856,0.000325,0.0005072727272727273,4.373493975903615e-05,0.000169375,0.0002357142857142857,0.003194574468085106,0.001385,0.000232,0.004291052631578948,0.00033705263157894736,0.000685142857142857,0.002028508771929825,0.000161875,0.002221551724137931,0.0007379999999999999,6.90909090909091e-05,0.001631923076923077,0.00029833333333333334,0.000822,0.0012791836734693878,0.00041,0.003688965517241379,3.090909090909091e-05,0.0,0.001623010752688172,0.0015175,0.00018166666666666667,0.0,0.0005944444444444445,0.0012973846153846154,0.0007653333333333334,0.0007119354838709678,0.0005701851851851852,0.005118288288288288,0.00042,0.0007283333333333333,0.002516666666666667,0.00018833333333333332,0.00014428571428571428,0.00016532467532467534,0.0018050000000000004,0.0038160483870967737,0.0,0.0006010084033613444,0.001601
95000,0.0012444,0.001222962962962963,0.0014,0.0032993846153846155,0.0030967088607594937,0.0014642857142857144,0.0030259677419354845,0.0023097368421052637,0.002801518987341772,0.0033825,0.004492469135802469,0.0008379591836734693,0.0042018181818181816,0.0018033333333333334,0.001187529411764706,0.00011333333333333334,0.001895714285714286,0.005849240506329114,0.005532857142857143,0.0017636,0.0018572307692307692,0.000836607142857143,0.0031422666666666666,0.001619,0.004818253968253968,0.000392,0.002475806451612903,0.00352125,0.01016258823529412,0.002676290322580645,0.0018222666666666669,0.00916,0.06163134615384615,0.004450365853658537,0.0033822222222222222,0.0015092857142857145,0.00036078947368421054,0.0005745454545454545,8.289156626506025e-05,0.00010875,0.00010000000000000002,0.002747659574468085,0.00125625,0.00012000000000000002,0.004722631578947369,0.00041736842105263156,0.0003581428571428571,0.001810526315789474,4.2812500000000004e-05,0.0026604310344827587,0.00045599999999999997,9.727272727272727e-05,0.0019165384615384615,0.00011416666666666667,0.0008529999999999999,0.001336122448979592,0.000235,0.002721379310344828,0.0,0.0,0.0013853763440860218,0.00114125,8.333333333333333e-05,0.0,0.0004683333333333334,0.0014147692307692307,0.0006286666666666666,0.0005382795698924731,0.0005069444444444444,0.005096306306306307,0.00017555555555555556,0.00042,0.0027266666666666667,0.00014000000000000001,6.428571428571429e-05,0.00012896103896103896,0.002005,0.003306854838709678,0.0,0.000643109243697479,0.000976
96000,0.0011324000000000002,0.0011296296296296297,0.001468333333333333,0.0031663076923076922,0.002808481012658228,0.00098,0.0025119354838709675,0.001785657894736842,0.002297848101265823,0.00361125,0.003572962962962963,0.0005781632653061225,0.004683636363636364,0.0014463636363636367,0.0011,6.166666666666667e-05,0.0018555952380952384,0.005021392405063291,0.005193928571428571,0.0013686666666666665,0.001691692307692308,0.00081,0.0030072,0.0014396666666666666,0.0036857142857142857,0.00038399999999999996,0.002574838709677419,0.0027927083333333332,0.008022941176470587,0.0023103225806451614,0.001272266666666667,0.009126153846153846,0.042565,0.003844390243902439,0.0019544444444444444,0.0016469642857142859,0.00023078947368421052,0.0006936363636363637,4.6265060240963854e-05,0.00012125,0.00011142857142857143,0.0021802127659574467,0.00104125,8.3e-05,0.004901578947368421,0.0004029473684210526,0.00027185714285714286,0.0017354385964912281,0.000126875,0.0028240517241379308,0.00027800000000000004,4.636363636363637e-05,0.0017501538461538462,0.00018,0.00095,0.0007051020408163264,0.000655,0.0030862068965517237,0.0,0.0,0.0013991397849462365,0.0011875000000000002,0.00013166666666666668,0.0,0.0003713888888888889,0.001046923076923077,0.0007106666666666666,0.0005411827956989247,0.0004397222222222222,0.004261981981981982,0.00013000000000000002,0.000745,0.002133333333333333,0.00017,0.00012714285714285714,8.077922077922077e-05,0.0025635714285714285,0.003531209677419355,0.0,0.00048806722689075625,0.001308
97000,0.0008724000000000001,0.0008185185185185184,0.0014916666666666665,0.0028103076923076927,0.0018762025316455691,0.00114,0.0022843548387096774,0.001765,0.0018050632911392403,0.00275875,0.0031687654320987657,0.0006242857142857143,0.004336060606060606,0.0013727272727272726,0.0008656470588235292,8.041666666666667e-05,0.0015385714285714289,0.0037346835443037977,0.005053214285714286,0.0012257333333333333,0.001682,0.0004964285714285714,0.002738933333333334,0.001411333333333333,0.002452380952380952,0.000292,0.00234258064516129,0.002193125,0.006891176470588232,0.0015966129032258063,0.0016028000000000001,0.0073634615384615375,0.03916865384615385,0.0035860975609756105,0.0016194444444444442,0.0019862499999999997,0.00038394736842105266,0.0005309090909090909,4.542168674698795e-05,8.5e-05,9e-05,0.003089468085106383,0.000785,9.9e-05,0.0052378947368421054,0.00044189473684210515,0.0006195714285714284,0.0021097368421052628,2.8125e-05,0.0024412068965517235,0.00035,7.999999999999999e-05,0.0014710769230769233,0.00030500000000000004,0.001245,0.0005946938775510204,0.0003,0.003477586206896551,0.00013545454545454546,0.0,0.0013951612903225804,0.00114875,0.00022666666666666668,0.0,0.0006436111111111111,0.0009310769230769231,0.0006126666666666666,0.0005584946236559139,0.00021546296296296298,0.0060681981981981995,0.0001866666666666667,0.0003966666666666667,0.0018499999999999999,0.000125,9.142857142857143e-05,0.00011441558441558442,0.001537142857142857,0.003629274193548387,0.0,0.00039403361344537817,0.0014069999999999998
98000,0.0011020000000000001,0.001095925925925926,0.0010883333333333333,0.0036186153846153838,0.002242278481012658,0.0013914285714285715,0.0034656451612903225,0.0017111842105263157,0.0019632911392405065,0.002675625,0.002742098765432099,0.0006948979591836734,0.00345,0.0016543939393939395,0.0012372941176470587,0.00013666666666666666,0.0017528571428571426,0.0051579746835443046,0.004605,0.0013801333333333333,0.0018747692307692309,0.0006394642857142857,0.0029288,0.0017863333333333336,0.002523968253968254,0.000326,0.0016316129032258066,0.002962916666666667,0.008392588235294117,0.0018566129032258065,0.0010999999999999998,0.005392307692307693,0.03729923076923077,0.0034054878048780488,0.003738888888888889,0.0017719642857142854,0.0003086842105263157,0.0003009090909090909,5.373493975903615e-05,0.000101875,6e-05,0.003265,0.0008262499999999999,0.000119,0.0029489473684210523,0.0002457894736842105,0.0004522857142857143,0.0013851754385964911,7.625000000000001e-05,0.001653793103448276,0.00044400000000000006,2.9090909090909093e-05,0.0013173846153846157,0.0002625,0.001052,0.000646326530612245,0.00036,0.0026644827586206894,0.00013545454545454546,0.0,0.001355483870967742,0.00100875,0.00017,0.0,0.00042138888888888884,0.0008467692307692308,0.000482,0.0005307526881720431,0.0003332407407407408,0.004968828828828828,0.00014000000000000001,0.000275,0.0016700000000000003,0.0,9.857142857142856e-05,0.00010298701298701298,0.001272857142857143,0.00271508064516129,0.0,0.000323109243697479,0.0009090000000000001
99000,0.0013095999999999997,0.0014533333333333334,0.0020691666666666666,0.004432153846153846,0.002820126582278481,0.0014728571428571427,0.0028746774193548386,0.0024497368421052632,0.002499746835443038,0.00303375,0.0032992592592592596,0.0007632653061224491,0.004952727272727273,0.0015807575757575759,0.0013417647058823529,5.833333333333333e-05,0.002081190476190476,0.005793797468354431,0.0066614285714285725,0.0016974666666666667,0.0023978461538461536,0.0007362499999999999,0.0038501333333333335,0.0018313333333333335,0.006133809523809525,0.000248,0.002668064516129032,0.0034699999999999996,0.010714941176470587,0.002635483870967742,0.0014189333333333332,0.007931538461538462,0.05190499999999999,0.005160731707317073,0.0023761111111111114,0.0015573214285714287,0.00036789473684210525,0.0005018181818181818,2.3975903614457832e-05,7.3125e-05,8.142857142857142e-05,0.0029028723404255314,0.0008637499999999999,0.000172,0.00454421052631579,0.0002473684210526316,0.000449,0.002084298245614035,5.8125e-05,0.00223698275862069,0.00024200000000000003,7.454545454545454e-05,0.0015910000000000002,0.00014333333333333334,0.000889,0.0008385714285714286,0.00025,0.0033275862068965507,2.9090909090909093e-05,0.0,0.0017316129032258064,0.0011787500000000001,0.000195,0.0,0.00032250000000000003,0.0010532307692307692,0.0004980000000000001,0.0004281720430107526,0.00027333333333333333,0.005177567567567566,0.00010111111111111112,0.00048499999999999997,0.002746666666666667,0.0,0.00013142857142857143,0.00010064935064935065,0.0019328571428571428,0.003694838709677419,0.0,0.0004687394957983194,0.0017829999999999999
100000,0.0011544,0.0012437037037037037,0.0018408333333333334,0.0033667692307692313,0.002495443037974683,0.0018714285714285714,0.003076451612903226,0.002761973684210526,0.0026046835443037978,0.00363375,0.003768024691358025,0.0007177551020408164,0.006267575757575757,0.0016998484848484848,0.0013157647058823527,0.00013333333333333334,0.001886904761904762,0.0057705063291139235,0.006705,0.0017708,0.0021036923076923077,0.0006916071428571429,0.0037836000000000002,0.0019356666666666667,0.005833492063492064,0.000268,0.0030403225806451607,0.0034212500000000002,0.00948435294117647,0.0027274193548387097,0.0011826666666666667,0.01213576923076923,0.04970576923076923,0.004681219512195122,0.003661111111111111,0.001930892857142857,0.0007080263157894737,0.0008109090909090909,0.00020506024096385541,0.00028125000000000003,0.00028,0.003335638297872341,0.00146125,0.00024199999999999997,0.004894210526315789,0.0004488421052631579,0.0004885714285714286,0.001979473684210526,0.00031062500000000003,0.002848534482758621,0.000858,8.454545454545454e-05,0.0021309230769230767,0.0005341666666666666,0.0014060000000000001,0.0012102040816326532,0.000305,0.0034248275862068973,0.00022545454545454545,0.0,0.002351827956989247,0.00241875,0.00039499999999999995,6e-05,0.0008441666666666667,0.00171,0.0010199999999999999,0.0009661290322580645,0.0005075925925925927,0.004968378378378378,0.0005633333333333333,0.000575,0.003813333333333333,0.00015,0.00017142857142857143,0.00029077922077922077,0.0014385714285714286,0.003456532258064516,0.0,0.0008026890756302522,0.0015140000000000002
101000,0.0010134666666666665,0.0010333333333333334,0.00134,0.003294769230769231,0.002349113924050633,0.001062857142857143,0.0026516129032258065,0.0021198684210526316,0.002217974683544304,0.0025381249999999996,0.0036799999999999992,0.0005981632653061223,0.00484969696969697,0.0013813636363636363,0.0010345882352941174,4.6666666666666665e-05,0.0016317857142857145,0.0046865822784810125,0.0060225,0.0015521333333333336,0.0019,0.0005317857142857143,0.0027939999999999996,0.001425,0.004154126984126985,0.00024200000000000003,0.002682096774193548,0.003134166666666667,0.009093882352941177,0.0022135483870967744,0.0015253333333333336,0.005624230769230769,0.039966538461538456,0.003230853658536585,0.002605,0.002029285714285714,0.000474078947368421,0.0007254545454545455,6.891566265060241e-05,0.00010125,0.00028,0.00369,0.00117625,0.000166,0.0046942105263157894,0.00034810526315789476,0.0007917142857142857,0.00201780701754386,6.59375e-05,0.0027168103448275867,0.00037200000000000004,3.909090909090909e-05,0.0016968461538461536,0.0004025,0.001218,0.0010016326530612244,0.00023,0.0038831034482758623,0.0,0.0,0.0016620430107526878,0.00146875,0.00021166666666666667,0.0,0.0005716666666666668,0.0011435384615384615,0.0009186666666666667,0.0005722580645161291,0.00041703703703703705,0.006212702702702701,8.555555555555556e-05,0.00015833333333333332,0.002656666666666667,0.0001833333333333333,0.0002,0.0002,0.0014128571428571428,0.004073225806451613,0.0,0.0006688235294117648,0.0015810000000000002
102000,0.0011634666666666667,0.0011218518518518517,0.0013683333333333334,0.0036004615384615385,0.002580759493670886,0.0010085714285714286,0.0030153225806451613,0.0022976315789473684,0.0021793670886075945,0.00396625,0.004873086419753087,0.0009118367346938775,0.004869696969696969,0.0017877272727272726,0.0012785882352941177,0.0001566666666666667,0.002205357142857143,0.004093291139240507,0.006300000000000001,0.0016202666666666667,0.0019983076923076925,0.0008523214285714285,0.002941466666666667,0.0018293333333333332,0.00442047619047619,0.00039,0.0026614516129032256,0.00195875,0.007938823529411764,0.0019861290322580644,0.0012668,0.0074046153846153845,0.03612461538461538,0.0036559756097560977,0.0032150000000000004,0.00194,0.00046118421052631584,0.00082,5.240963855421687e-05,0.000225625,0.0003328571428571429,0.003520957446808511,0.00129875,0.000332,0.005002631578947369,0.0003845263157894738,0.0007607142857142856,0.002065701754385965,0.0002734375,0.002595258620689655,0.0008140000000000002,3.909090909090909e-05,0.0016366923076923075,0.0006408333333333334,0.001201,0.0010489795918367348,0.0006450000000000001,0.0034124137931034475,0.0,0.0,0.0018831182795698922,0.001575,0.0005383333333333334,0.0,0.0008322222222222222,0.0014712307692307692,0.0008146666666666668,0.0007583870967741936,0.0007258333333333332,0.00578936936936937,0.00048555555555555564,0.0006833333333333332,0.00277,0.00024333333333333333,0.00019714285714285716,0.00020077922077922078,0.0014357142857142856,0.003125564516129032,0.0,0.0006943697478991595,0.001619
103000,0.001182266666666667,0.0011277777777777777,0.0017591666666666665,0.00318,0.0029270886075949366,0.001437142857142857,0.002668387096774193,0.0018853947368421056,0.002290253164556962,0.0028775,0.003294444444444445,0.0008089795918367347,0.0046963636363636365,0.0017654545454545457,0.0014510588235294118,0.000125,0.0018507142857142858,0.005764556962025316,0.004337857142857142,0.002118266666666667,0.0022958461538461544,0.000673392857142857,0.0030844,0.0019373333333333332,0.00390984126984127,0.000294,0.002397258064516129,0.002825,0.010457529411764704,0.0016522580645161294,0.0016898666666666665,0.006837307692307693,0.04382865384615385,0.004629512195121951,0.0028272222222222223,0.0017435714285714283,0.00043855263157894733,0.0005954545454545455,6.301204819277109e-05,5.6875e-05,0.00033,0.0041959574468085105,0.00099875,0.000172,0.007346315789473684,0.0003607368421052631,0.0007917142857142858,0.002600701754385965,5.625e-05,0.002839051724137931,0.000392,5.7272727272727274e-05,0.0023669999999999997,0.0005541666666666667,0.001369,0.0009714285714285713,0.0,0.003743103448275862,0.00011909090909090909,0.0,0.0014980645161290322,0.00076,0.00026166666666666667,0.0,0.0004930555555555555,0.0010686153846153847,0.00086,0.0005778494623655914,0.000336574074074074,0.00746054054054054,0.0002755555555555556,0.00034833333333333336,0.00218,0.00010833333333333333,0.0002757142857142857,0.00012311688311688313,0.001437857142857143,0.004526854838709678,0.0,0.0006513445378151261,0.001704
104000,0.0008725333333333333,0.0008351851851851852,0.001383333333333333,0.0026164615384615384,0.0019848101265822786,0.0010285714285714286,0.00254241935483871,0.0019017105263157894,0.0015525316455696206,0.0022031250000000002,0.0033877777777777777,0.0008538775510204082,0.004356969696969697,0.0012962121212121212,0.0010158823529411764,0.00013708333333333332,0.0015482142857142854,0.003954810126582279,0.005192142857142858,0.0012235999999999998,0.0021995384615384615,0.0005132142857142858,0.0028548,0.0015133333333333331,0.0031861904761904766,0.000194,0.0022240322580645163,0.0023133333333333335,0.008254705882352942,0.002306451612903226,0.0011136,0.008197307692307691,0.037058653846153845,0.0033535365853658537,0.0034305555555555556,0.0010973214285714286,0.0003413157894736842,0.0004600000000000001,2.783132530120482e-05,9.6875e-05,0.0003242857142857143,0.002573723404255319,0.00109625,0.000212,0.003372105263157895,0.0003226315789473684,0.0004591428571428572,0.0018062280701754386,7.71875e-05,0.001689224137931034,0.00041000000000000005,0.0001318181818181818,0.0014866153846153848,0.00029916666666666666,0.000826,0.0006359183673469387,0.000125,0.0024362068965517237,1.6363636363636366e-05,0.0,0.001183763440860215,0.00142625,0.00035833333333333333,0.0,0.0006683333333333334,0.0010766153846153846,0.0006993333333333333,0.0007303225806451611,0.0003286111111111111,0.00403990990990991,0.00029222222222222225,0.0009116666666666666,0.0018133333333333335,0.0001333333333333333,0.00015999999999999999,6.922077922077923e-05,0.00159,0.00262274193548387,0.0,0.0005038655462184875,0.0008969999999999999
105000,0.0013446666666666665,0.001568888888888889,0.0020491666666666666,0.003701230769230769,0.003004556962025317,0.0016342857142857142,0.002785483870967742,0.002461578947368421,0.0023469620253164557,0.0028799999999999997,0.004315925925925925,0.0009893877551020408,0.005441818181818181,0.0017900000000000001,0.0013779999999999999,0.00010291666666666667,0.00211547619047619,0.005959746835443038,0.0083975,0.0020077333333333334,0.0021956923076923074,0.0006689285714285714,0.0034724,0.0018516666666666668,0.0040793650793650785,0.000346,0.002774677419354839,0.0033987500000000003,0.011920000000000002,0.002583387096774193,0.001504,0.012496923076923079,0.05172807692307693,0.005167073170731706,0.002532777777777778,0.001791607142857143,0.00032881578947368417,0.0006845454545454546,6.542168674698795e-05,8.062500000000001e-05,7.42857142857143e-05,0.004642021276595744,0.00155375,0.000165,0.0054047368421052625,0.0003402105263157895,0.0007402857142857143,0.00329640350877193,0.0002809375,0.0030535344827586205,0.000724,8.09090909090909e-05,0.0019238461538461538,0.000165,0.00114,0.0008202040816326532,0.000125,0.004455172413793103,1.6363636363636366e-05,0.0,0.0019865591397849464,0.00084625,9.166666666666667e-05,0.0,0.0005230555555555557,0.0017570769230769235,0.0007673333333333334,0.0006605376344086021,0.0003475,0.00882918918918919,0.0002644444444444445,0.0012366666666666665,0.003323333333333333,7.000000000000001e-05,0.00013285714285714287,0.00014220779220779222,0.0023521428571428573,0.004538225806451612,0.0,0.0006043697478991596,0.0021
106000,0.0011461333333333335,0.0012314814814814818,0.0011533333333333333,0.0035039999999999997,0.0019392405063291143,0.00111,0.002374516129032258,0.0013818421052631579,0.0015254430379746835,0.0025875000000000004,0.003254444444444444,0.0005291836734693878,0.004013030303030303,0.0010972727272727273,0.0009038823529411765,8.25e-05,0.001332857142857143,0.00355746835443038,0.004424285714285714,0.0013364,0.001434,0.0003073214285714286,0.002676133333333333,0.0011816666666666668,0.0028442857142857146,0.00015000000000000001,0.002066612903225807,0.0021297916666666666,0.006402941176470589,0.0017220967741935482,0.0011844000000000002,0.006341538461538462,0.03629173076923077,0.0031473170731707314,0.001931111111111111,0.0012921428571428574,0.00025302631578947367,0.00029818181818181815,2.9036144578313258e-05,4.6875e-05,8.857142857142857e-05,0.002772659574468086,0.0007150000000000001,0.000107,0.004873684210526315,0.00018810526315789472,0.0005434285714285714,0.0022520175438596494,9.125e-05,0.0016875,0.0005480000000000001,0.0,0.0011946923076923076,0.00027499999999999996,0.000589,0.0005263265306122449,0.000115,0.0023582758620689656,0.0,0.0,0.001134301075268817,0.00086875,6.333333333333333e-05,0.0,0.00031916666666666665,0.0007167692307692308,0.0006433333333333333,0.00035881720430107523,0.00017703703703703704,0.004485495495495496,0.00017999999999999998,0.000245,0.0008500000000000001,0.000135,0.00012142857142857142,0.00011896103896103896,0.0016514285714285717,0.002607983870967742,0.0,0.00026226890756302524,0.001971
107000,0.0009402666666666667,0.0010914814814814815,0.0016308333333333333,0.003065846153846154,0.002310253164556962,0.00126,0.0023453225806451612,0.0016177631578947367,0.0021374683544303796,0.002836875,0.003082469135802469,0.000836734693877551,0.0036269696969696967,0.0013004545454545456,0.0011583529411764708,6.333333333333333e-05,0.0017415476190476191,0.003937341772151899,0.0042814285714285714,0.0014554666666666668,0.0016366153846153844,0.0005923214285714287,0.0028550666666666666,0.0014393333333333337,0.003659841269841269,0.00016,0.0019735483870967742,0.0023675,0.007057529411764706,0.0018656451612903222,0.0012909333333333331,0.007317307692307692,0.03774557692307692,0.0027207317073170726,0.002132222222222222,0.001309642857142857,0.0003403947368421053,0.0003818181818181819,3.590361445783133e-05,0.00013375,0.00022285714285714286,0.002149787234042553,0.0011875000000000002,0.000176,0.003912105263157895,0.00020189473684210525,0.0004061428571428571,0.0016488596491228073,0.0001596875,0.002206465517241379,0.00040800000000000005,3.909090909090909e-05,0.0012849230769230772,0.00047083333333333336,0.001085,0.0006244897959183673,0.000675,0.003229655172413793,0.0,0.0,0.0013584946236559138,0.00098125,0.00024,0.0,0.0005211111111111111,0.0012575384615384614,0.0006353333333333333,0.0005275268817204301,0.00040731481481481483,0.004830540540540541,0.00019444444444444443,0.00033499999999999996,0.0023666666666666667,0.00023833333333333332,0.0002,0.00021233766233766233,0.0012007142857142856,0.003149838709677419,0.0,0.0006898319327731092,0.001181
108000,0.0013084000000000001,0.0014333333333333331,0.0018833333333333332,0.0051283076923076916,0.002765443037974683,0.0020614285714285713,0.002567096774193548,0.0022286842105263154,0.0022549367088607595,0.003395,0.0036665432098765428,0.0008818367346938776,0.005408787878787878,0.0018981818181818182,0.0013315294117647058,0.00010208333333333333,0.0020340476190476194,0.005162151898734178,0.005905357142857143,0.0018818666666666668,0.0024076923076923077,0.0007487500000000001,0.004634933333333333,0.001960666666666667,0.00468984126984127,0.00025199999999999995,0.0027479032258064516,0.003302291666666667,0.008782235294117646,0.002628387096774194,0.0018721333333333334,0.009503846153846154,0.037920576923076925,0.0047448780487804884,0.002462222222222222,0.0018333928571428574,0.0004301315789473684,0.0005245454545454545,6.024096385542169e-05,0.00013375,0.00018285714285714284,0.0027446808510638294,0.0007799999999999999,0.00013099999999999999,0.004111578947368422,0.00027989473684210533,0.0005222857142857142,0.0023942105263157895,9.59375e-05,0.0024070689655172417,0.00012800000000000002,0.0,0.0020032307692307693,0.00011916666666666666,0.000804,0.0007622448979591837,0.000255,0.004004482758620689,2.090909090909091e-05,0.0,0.0015596774193548386,0.0006949999999999999,0.000345,0.0,0.00039555555555555546,0.0011181538461538462,0.0005406666666666666,0.0006709677419354838,0.0002513888888888889,0.004195675675675676,0.00020666666666666668,0.0002866666666666667,0.0023766666666666663,0.000145,0.00023142857142857142,0.00011376623376623377,0.0018357142857142858,0.004544596774193548,0.0,0.0007066386554621848,0.001369
109000,0.0012433333333333333,0.0013696296296296295,0.0016391666666666666,0.0038518461538461545,0.0021182278481012657,0.0016271428571428572,0.0024966129032258067,0.002341578947368421,0.002329240506329114,0.002656875,0.0038758024691358025,0.001549795918367347,0.0067381818181818185,0.002068030303030303,0.0012809411764705882,0.00015,0.0020775000000000004,0.005154177215189873,0.006222857142857143,0.0018728,0.0020955384615384616,0.0008198214285714285,0.003150133333333333,0.0017779999999999996,0.005188412698412699,0.000382,0.0032296774193548393,0.003591875,0.008004470588235295,0.002286774193548388,0.0014353333333333334,0.00990153846153846,0.036726538461538456,0.004599390243902439,0.002808888888888889,0.0016378571428571427,0.0002664473684210526,0.00048090909090909087,6.855421686746987e-05,8.125e-05,0.0004514285714285714,0.0035852127659574476,0.00131,9.7e-05,0.0038347368421052627,0.00025452631578947365,0.0008304285714285715,0.0021915789473684207,0.000145625,0.0019825862068965513,0.0005239999999999999,0.00013636363636363637,0.0019006923076923074,0.0005000000000000001,0.001182,0.0008855102040816326,0.000295,0.0027775862068965514,1.8181818181818182e-05,0.0,0.00171741935483871,0.00131375,0.0004516666666666666,0.0,0.0006011111111111111,0.0012567692307692308,0.000786,0.0006024731182795699,0.0004985185185185185,0.004492882882882882,0.00023777777777777778,0.000715,0.0021299999999999995,0.00013833333333333333,0.00015285714285714287,0.0001918181818181818,0.0020471428571428576,0.0032616129032258063,0.0,0.0007470588235294119,0.0016539999999999999
110000,0.0009285333333333334,0.0011492592592592592,0.0008133333333333333,0.0024486153846153846,0.0019311392405063287,0.0012885714285714286,0.002022258064516129,0.0015043421052631577,0.002126708860759494,0.00341,0.0039182716049382706,0.0005771428571428571,0.003762121212121212,0.001183181818181818,0.000991058823529412,8.375e-05,0.0015048809523809524,0.004252658227848102,0.004085357142857142,0.0015748000000000001,0.0015375384615384615,0.0006123214285714285,0.0030890666666666664,0.0014503333333333334,0.00357047619047619,0.000238,0.002044838709677419,0.00222,0.007612352941176471,0.0014867741935483871,0.0013325333333333333,0.008545,0.034050576923076926,0.003311585365853658,0.002293888888888889,0.0009914285714285715,0.00029039473684210526,0.00022454545454545454,3.385542168674699e-05,1.8125e-05,0.0002,0.0023212765957446816,0.0006150000000000001,9.9e-05,0.0032715789473684214,0.0002456842105263158,0.0002671428571428572,0.0014677192982456143,2.90625e-05,0.001571465517241379,0.00027400000000000005,0.0,0.0016275384615384615,0.0002758333333333334,0.000678,0.0006902040816326529,0.00053,0.002194137931034483,0.0,0.0,0.001170752688172043,0.00097875,5.5e-05,0.0,0.0002916666666666667,0.0009393846153846154,0.00048266666666666667,0.0004398924731182796,0.00023833333333333332,0.003554234234234234,0.00021777777777777778,0.000535,0.00104,5.5e-05,8.285714285714286e-05,6.805194805194805e-05,0.0015221428571428569,0.00246483870967742,0.0,0.0003249579831932774,0.000702
111000,0.0010302666666666667,0.0012944444444444444,0.0017466666666666665,0.0028666153846153846,0.0021681012658227848,0.0014671428571428572,0.002262741935483871,0.0017639473684210524,0.0019170886075949368,0.003508125,0.0027558024691358026,0.0005399999999999999,0.0051269696969696976,0.0013595454545454544,0.0011241176470588234,0.00013666666666666666,0.0019113095238095235,0.00481493670886076,0.003980714285714286,0.0014904,0.0015493846153846152,0.0005380357142857142,0.0028247999999999997,0.0019143333333333334,0.0033609523809523807,0.000182,0.002250645161290322,0.002593125,0.007657176470588234,0.0012988709677419353,0.001750266666666667,0.006068461538461538,0.05230423076923078,0.0038303658536585363,0.0023077777777777775,0.0013482142857142857,0.00023894736842105263,0.0003163636363636363,5.216867469879518e-05,0.00017,6e-05,0.002441489361702128,0.00048499999999999997,2.7999999999999996e-05,0.0032289473684210526,0.00020905263157894736,0.0003204285714285714,0.0016331578947368422,2.4062500000000002e-05,0.0017683620689655172,0.00038599999999999995,3.272727272727273e-05,0.0014903846153846152,0.0003025,0.0007380000000000002,0.0006391836734693878,0.000265,0.002832068965517241,0.0,0.0,0.0017061290322580645,0.0007750000000000001,7.000000000000001e-05,0.0,0.0002586111111111111,0.0008799999999999999,0.000518,0.0003091397849462366,0.00037925925925925925,0.0042616216216216215,0.00030888888888888893,0.000285,0.0027300000000000002,6.666666666666667e-05,8.142857142857142e-05,7.493506493506493e-05,0.0014885714285714287,0.002994677419354839,0.0,0.000340672268907563,0.0008330000000000001
112000,0.0009596000000000001,0.0011592592592592594,0.002361666666666667,0.003428,0.0025777215189873416,0.0013642857142857141,0.0020900000000000003,0.0020584210526315787,0.002063417721518987,0.00424375,0.002959382716049383,0.00048183673469387754,0.005547272727272727,0.001424848484848485,0.0010701176470588236,8.666666666666668e-05,0.0018405952380952377,0.005217721518987342,0.006331785714285714,0.0016316,0.0018495384615384615,0.00040035714285714284,0.0038189333333333336,0.0021246666666666666,0.004310793650793651,0.000202,0.0022958064516129034,0.0036243750000000004,0.008799529411764704,0.0019427419354838707,0.0018519999999999995,0.006266923076923076,0.052405961538461526,0.0040229268292682925,0.003605,0.0018555357142857143,0.0002989473684210527,0.00035363636363636364,6.036144578313253e-05,0.000105,0.00021285714285714286,0.0026725531914893615,0.00096125,0.00012900000000000002,0.004641052631578947,0.00027294736842105267,0.0004988571428571429,0.001985877192982456,6.53125e-05,0.0021042241379310347,0.000516,3.454545454545455e-05,0.002163923076923077,0.00033749999999999996,0.0009910000000000001,0.0007248979591836735,0.00032,0.0032206896551724143,2.1818181818181818e-05,0.0,0.0015618279569892472,0.0009512500000000001,0.00033,0.0,0.0006305555555555555,0.0010712307692307692,0.0007586666666666666,0.0005886021505376345,0.0003302777777777778,0.004648648648648648,0.00019555555555555556,0.0003683333333333333,0.0027866666666666665,5.1666666666666664e-05,0.00015142857142857143,9.181818181818182e-05,0.0011964285714285716,0.003203790322580645,0.0,0.0005763865546218488,0.0013609999999999998
113000,0.0010309333333333333,0.001072962962962963,0.001825,0.003056307692307692,0.0018086075949367087,0.00148,0.0029429032258064514,0.001855131578947368,0.001683670886075949,0.00291375,0.0037824691358024688,0.0006797959183673471,0.005528484848484849,0.0016313636363636365,0.001162588235294118,0.00021416666666666665,0.001803571428571429,0.005145696202531645,0.005423928571428572,0.0016422666666666666,0.0018027692307692306,0.0005651785714285714,0.002986,0.0014683333333333332,0.004500634920634921,0.00025,0.002427903225806451,0.0029064583333333334,0.008647647058823529,0.00202758064516129,0.0015068000000000002,0.01337730769230769,0.04113923076923077,0.003951951219512195,0.0031066666666666664,0.001455,0.0003705263157894737,0.0003590909090909091,6.53012048192771e-05,0.000226875,0.0002557142857142857,0.002798723404255319,0.0009412499999999999,0.00021000000000000004,0.0038626315789473684,0.00027957894736842107,0.0005654285714285714,0.0018076315789473684,0.0001196875,0.0023569827586206894,0.00047799999999999996,0.00011000000000000002,0.0019591538461538466,0.0002133333333333333,0.001099,0.0006828571428571429,0.00028,0.0027565517241379314,2.090909090909091e-05,0.0,0.0014858064516129039,0.0011849999999999999,0.00029,0.0,0.0005897222222222224,0.0011764615384615383,0.000692,0.0006606451612903226,0.00041537037037037036,0.005083063063063064,0.0005877777777777778,0.0006399999999999999,0.00144,0.000135,0.00019285714285714286,0.0002220779220779221,0.00165,0.0029308064516129035,0.0,0.0006890756302521008,0.0012699999999999999
114000,0.0015250666666666666,0.0015192592592592593,0.0020575,0.003992307692307693,0.003058227848101265,0.002754285714285714,0.0031587096774193545,0.002620263157894737,0.002597974683544304,0.00519875,0.0034624691358024697,0.0009138775510204081,0.006988484848484847,0.0018678787878787882,0.0015616470588235294,0.00021208333333333336,0.0023873809523809525,0.007037974683544307,0.007551428571428571,0.0022865333333333335,0.0023818461538461537,0.0009385714285714285,0.004553466666666666,0.002721,0.0052928571428571426,0.00044399999999999995,0.002973709677419355,0.004487083333333333,0.013395647058823533,0.0022801612903225804,0.0018758666666666669,0.009485769230769232,0.03701211538461538,0.004927439024390244,0.0038711111111111108,0.001814107142857143,0.0004175,0.0004872727272727273,6.734939759036145e-05,0.0001875,0.00038428571428571434,0.0033106382978723404,0.00122125,0.00032500000000000004,0.006904210526315789,0.000359578947368421,0.0007721428571428572,0.0024819298245614026,0.00016562499999999997,0.003034568965517241,0.000642,0.00011818181818181818,0.0021324615384615384,0.0003758333333333333,0.0014830000000000002,0.001003673469387755,0.00058,0.003385862068965517,0.00024,0.0,0.0019276344086021507,0.00132,0.0003416666666666666,0.0,0.0008791666666666666,0.001393076923076923,0.0007559999999999999,0.0008849462365591397,0.0005843518518518519,0.00786126126126126,0.0009333333333333333,0.00042500000000000003,0.0023233333333333335,0.00011499999999999999,0.00014285714285714287,0.00023974025974025974,0.002322857142857143,0.0033604032258064526,0.0,0.0007391596638655463,0.001233
115000,0.0011872,0.0010555555555555555,0.0016125,0.003371230769230769,0.0029772151898734183,0.0015942857142857143,0.0028220967741935483,0.0017215789473684208,0.0020869620253164555,0.0032974999999999997,0.004247777777777777,0.0006051020408163265,0.004653333333333333,0.0014692424242424246,0.0010642352941176473,7.666666666666667e-05,0.0019315476190476192,0.004278227848101265,0.004243214285714286,0.0017070666666666667,0.001884307692307692,0.0004948214285714286,0.002831733333333333,0.0020626666666666666,0.004802857142857143,0.00021999999999999998,0.0026190322580645162,0.002381458333333333,0.00837,0.002069193548387097,0.0013517333333333335,0.010720384615384614,0.04067096153846154,0.003720731707317073,0.003541666666666667,0.0013319642857142855,0.0003760526315789474,0.0007281818181818181,7.096385542168674e-05,0.0001125,0.00020285714285714286,0.002888510638297872,0.000915,0.000352,0.005201052631578947,0.0003278947368421053,0.0006641428571428572,0.002440964912280702,0.00012468750000000002,0.0019079310344827585,0.0005480000000000001,7.454545454545454e-05,0.001731846153846154,0.00044916666666666667,0.000745,0.000733673469387755,0.0003,0.0029241379310344837,7.363636363636363e-05,0.0,0.001627956989247312,0.0013,0.000195,0.0,0.0005505555555555555,0.0011009230769230768,0.0007953333333333333,0.0010429032258064516,0.0005562037037037037,0.0055591891891891895,0.0009033333333333334,0.00046666666666666666,0.00293,0.00036500000000000004,0.00010999999999999999,0.00019935064935064936,0.001655,0.003110806451612903,0.0,0.0005839495798319327,0.001737
116000,0.0007161333333333334,0.0007185185185185184,0.0012275,0.0027433846153846154,0.002640506329113924,0.0012514285714285715,0.002218064516129032,0.0012205263157894736,0.0014940506329113924,0.002031875,0.0029429629629629628,0.00044285714285714284,0.003705151515151515,0.0008974242424242425,0.0008788235294117646,6.916666666666666e-05,0.0012163095238095236,0.004154936708860759,0.003616071428571429,0.0013106666666666666,0.0015633846153846154,0.00040517857142857147,0.002334933333333333,0.0011233333333333336,0.002695238095238095,0.00020800000000000001,0.002155483870967742,0.001963125,0.007271058823529411,0.001631935483870968,0.0011677333333333332,0.006710384615384615,0.04051384615384616,0.003300243902439024,0.0018077777777777777,0.0012353571428571426,0.0002717105263157895,0.00041545454545454546,5.253012048192771e-05,9.687500000000001e-05,0.00017285714285714284,0.0018644680851063829,0.000625,0.00018800000000000002,0.0035589473684210535,0.00018810526315789474,0.0004445714285714286,0.0016980701754385965,1.46875e-05,0.0017113793103448274,0.000304,0.0,0.0012676923076923078,5.5e-05,0.00098,0.0005242857142857142,0.000255,0.0022824137931034484,0.0,0.0,0.001250967741935484,0.0006087499999999999,7.833333333333333e-05,0.0,0.0005138888888888889,0.0009727692307692307,0.000332,0.00040795698924731184,0.0002809259259259259,0.0042293693693693695,0.00023111111111111108,0.00033,0.0026300000000000004,0.0,0.00018142857142857145,5.1688311688311686e-05,0.001087142857142857,0.0027391129032258064,0.0,0.00039655462184873946,0.0010919999999999999
117000,0.0009198666666666668,0.0010096296296296296,0.0015058333333333332,0.002959692307692308,0.002584936708860759,0.0013399999999999998,0.002393225806451613,0.0016268421052631579,0.00191126582278481,0.00292375,0.002205185185185185,0.0005226530612244898,0.003881515151515151,0.0012515151515151515,0.00102,0.00010208333333333333,0.0015039285714285714,0.003857974683544303,0.003693571428571428,0.0014674666666666667,0.001808769230769231,0.00058875,0.0029400000000000008,0.0017596666666666665,0.0028085714285714285,0.0002,0.0023141935483870966,0.002907083333333333,0.006152588235294118,0.0016053225806451612,0.0013116,0.005548846153846154,0.03770115384615385,0.003314146341463415,0.0020827777777777776,0.0012358928571428573,0.00042565789473684215,0.0004036363636363636,4.4216867469879516e-05,9.375e-05,7.857142857142858e-05,0.001982021276595745,0.00078875,0.000136,0.003433684210526316,0.0003028421052631579,0.00039914285714285713,0.0016348245614035085,5.500000000000001e-05,0.0017835344827586209,0.00044799999999999994,0.0,0.0013456153846153846,0.00032749999999999994,0.0006540000000000001,0.0006265306122448979,0.000185,0.0023334482758620686,2.727272727272727e-05,0.0,0.001247204301075269,0.0005325,0.00018999999999999998,0.0,0.00041361111111111107,0.0008547692307692309,0.0003693333333333334,0.0005465591397849463,0.00040435185185185187,0.0031877477477477477,0.0003877777777777778,0.00017166666666666667,0.00162,0.00010166666666666667,9.857142857142856e-05,3.545454545454546e-05,0.0011864285714285713,0.002661048387096774,0.0,0.00043537815126050417,0.0011320000000000002
118000,0.0013429333333333335,0.0013240740740740739,0.0028208333333333336,0.004413230769230769,0.0025537974683544303,0.0016714285714285713,0.0038866129032258064,0.002047631578947369,0.00238873417721519,0.0044687500000000005,0.0049617283950617284,0.0008073469387755101,0.005258484848484848,0.0015509090909090909,0.0012381176470588236,7.458333333333333e-05,0.0017907142857142855,0.005137974683544303,0.004594642857142857,0.0017053333333333334,0.0015167692307692308,0.0007675000000000001,0.0039544,0.002096,0.005662539682539682,0.000218,0.0026291935483870967,0.003032083333333333,0.008544588235294116,0.0024004838709677416,0.001608,0.01032230769230769,0.05130057692307692,0.004314756097560976,0.0033588888888888887,0.0016212499999999999,0.0005346052631578948,0.000608181818181818,7.867469879518071e-05,0.000184375,0.00020857142857142857,0.003300106382978723,0.0008637499999999999,0.00020600000000000002,0.004695263157894737,0.00036273684210526313,0.0009498571428571429,0.0024426315789473677,0.000153125,0.0023422413793103454,0.0005740000000000001,0.00014272727272727272,0.0015683846153846156,0.0002775,0.001382,0.0007946938775510204,0.000385,0.003375172413793103,9.272727272727274e-05,0.0,0.0017421505376344086,0.00125125,0.0002933333333333333,0.0,0.0006191666666666667,0.0011861538461538461,0.0006026666666666666,0.0007648387096774194,0.0006391666666666666,0.005256756756756757,0.000738888888888889,0.00036166666666666666,0.0024766666666666665,0.00016,0.00028571428571428574,0.0001631168831168831,0.0014214285714285715,0.003406129032258064,0.0,0.0006263865546218487,0.001663
119000,0.0012497333333333334,0.0014177777777777778,0.001939166666666667,0.003146461538461538,0.003005569620253164,0.0018614285714285714,0.002683387096774194,0.002296578947368421,0.0020522784810126584,0.003195,0.0035172839506172836,0.0011069387755102043,0.004909696969696969,0.0015393939393939394,0.0011382352941176471,8.791666666666666e-05,0.0018766666666666665,0.004654303797468354,0.005662857142857144,0.0015179999999999998,0.0019278461538461535,0.0004276785714285714,0.0032572,0.0016586666666666666,0.004528095238095238,0.000246,0.00279016129032258,0.002883125,0.008678235294117646,0.0019316129032258065,0.0011404000000000002,0.007704230769230769,0.041895384615384605,0.003496219512195122,0.0028511111111111116,0.0017430357142857143,0.0003836842105263158,0.0008299999999999999,6.746987951807229e-05,0.0002675,0.0003357142857142857,0.003027553191489362,0.00138375,0.00019500000000000002,0.005539473684210527,0.00045768421052631576,0.0007145714285714285,0.002843684210526316,0.0001875,0.002711982758620689,0.0006439999999999999,0.00015545454545454546,0.0018796153846153847,0.00025,0.001316,0.0009873469387755103,0.0005549999999999999,0.003440344827586207,0.00020454545454545457,0.0,0.0017713978494623655,0.00078125,0.0004916666666666666,0.0,0.0009166666666666668,0.0013895384615384618,0.000584,0.0008121505376344087,0.0007560185185185185,0.005982162162162162,0.0008511111111111111,0.0006066666666666667,0.0031899999999999997,0.00017,0.00022857142857142854,0.0002728571428571429,0.0020492857142857144,0.0036351612903225807,0.0,0.0006145378151260505,0.001208
120000,0.0012892,0.0010029629629629629,0.0022391666666666666,0.0038490769230769225,0.0027563291139240504,0.0016885714285714286,0.0028035483870967742,0.002193421052631579,0.002240886075949367,0.00345,0.0030019753086419753,0.0007453061224489795,0.0048927272727272725,0.0014731818181818181,0.0011150588235294115,0.00017916666666666667,0.002183452380952381,0.005238227848101265,0.0042625,0.0017900000000000001,0.001966615384615385,0.000671607142857143,0.003409600000000001,0.002155666666666667,0.004834761904761903,0.00022200000000000003,0.0027048387096774195,0.003303333333333333,0.007751882352941178,0.0021958064516129036,0.00177,0.007851538461538462,0.04354153846153845,0.004325853658536585,0.00399,0.00174875,0.00033552631578947367,0.00072,9.012048192771084e-05,0.00018812499999999998,0.00032428571428571435,0.002834893617021277,0.00160625,0.000274,0.004192631578947368,0.00038863157894736836,0.0005472857142857143,0.0018269298245614035,7.84375e-05,0.002438534482758621,0.00044,4.2727272727272724e-05,0.001725230769230769,0.00025416666666666665,0.00112,0.0008324489795918367,0.000315,0.0028686206896551725,3.454545454545455e-05,0.0,0.0017927956989247313,0.00097375,0.00022166666666666667,0.0,0.0006983333333333334,0.0012629230769230768,0.0006146666666666667,0.0007768817204301076,0.000540462962962963,0.004374234234234234,0.00029222222222222225,0.0004166666666666667,0.0029633333333333334,0.00016666666666666666,0.00011857142857142858,5.324675324675324e-05,0.00246,0.0029415322580645157,0.0,0.0006167226890756302,0.001046
121000,0.0008494666666666668,0.0011837037037037037,0.0016175,0.002920769230769231,0.0020130379746835445,0.0015899999999999998,0.003146935483870968,0.0016361842105263157,0.0021670886075949368,0.002456875,0.003885679012345679,0.0005830612244897958,0.005079090909090908,0.0014586363636363636,0.0011409411764705883,5.791666666666667e-05,0.0019063095238095237,0.004519240506329113,0.004108928571428571,0.0016962666666666666,0.001741076923076923,0.00047410714285714287,0.0032922666666666666,0.0017613333333333337,0.004419047619047618,0.000198,0.002389516129032258,0.0027156249999999997,0.007404941176470586,0.00214483870967742,0.0013578666666666666,0.00814923076923077,0.043016346153846155,0.004235609756097561,0.003433333333333334,0.0015308928571428572,0.00045973684210526316,0.0006536363636363636,6.096385542168675e-05,0.000123125,0.0002842857142857143,0.0036772340425531916,0.00095625,0.00021200000000000003,0.004938947368421053,0.0003086315789473684,0.0007584285714285714,0.002090877192982456,9.031249999999999e-05,0.0021449137931034484,0.00031800000000000003,4e-05,0.0016913846153846154,0.0004141666666666667,0.0015619999999999998,0.0006942857142857143,0.000345,0.0036375862068965524,2.272727272727273e-05,0.0,0.002013225806451613,0.00109375,0.00022833333333333334,0.0,0.000936388888888889,0.0011115384615384616,0.0006999999999999999,0.0007191397849462365,0.00037379629629629633,0.005777207207207205,0.0003155555555555556,0.00039666666666666664,0.0023599999999999997,6.5e-05,0.00010714285714285715,0.00016402597402597401,0.0022707142857142856,0.0039875,0.0,0.00052890756302521,0.0011810000000000002
122000,0.0010998666666666667,0.0013366666666666666,0.001625,0.003946923076923077,0.003181898734177215,0.0015885714285714286,0.0027830645161290315,0.0019764473684210524,0.0024226582278481013,0.00316875,0.003806296296296296,0.0007351020408163265,0.004216666666666666,0.001754848484848485,0.0011355294117647056,0.00021750000000000003,0.001803571428571429,0.005188860759493671,0.005479285714285714,0.0016071999999999998,0.0017181538461538465,0.0004448214285714286,0.003233733333333333,0.001989,0.003969206349206349,0.00026,0.001945,0.0033695833333333334,0.009515882352941178,0.001925967741935484,0.0016773333333333332,0.0058438461538461535,0.04121346153846154,0.004224268292682926,0.004058333333333334,0.002207857142857143,0.0005105263157894735,0.000739090909090909,9.602409638554217e-05,0.000145,0.00026,0.0038556382978723407,0.000905,0.000145,0.005722631578947367,0.0005192631578947368,0.0008622857142857143,0.0024628070175438596,0.000105625,0.0020380172413793102,0.000522,4.454545454545455e-05,0.0017702307692307692,0.0003125,0.0013180000000000002,0.0009075510204081634,0.000205,0.0032006896551724138,2.272727272727273e-05,0.0,0.0019498924731182795,0.00171,0.00021666666666666666,0.0,0.0006230555555555555,0.0012566153846153845,0.0005926666666666666,0.0007032258064516128,0.00046787037037037034,0.005857747747747747,0.0002933333333333333,0.0004716666666666667,0.002586666666666667,0.000175,0.00010285714285714286,0.0001663636363636364,0.002012857142857143,0.003979516129032258,0.0,0.0005454621848739496,0.0012070000000000002
123000,0.0011930666666666668,0.0010025925925925927,0.0018975,0.003746461538461539,0.002015569620253165,0.0013157142857142857,0.0026377419354838712,0.0012989473684210527,0.002108101265822785,0.002490625,0.003615555555555556,0.0005093877551020408,0.004392121212121212,0.001537878787878788,0.0008561176470588235,8.333333333333333e-05,0.001441547619047619,0.004256835443037975,0.004001428571428571,0.0014148,0.001972,0.0005407142857142856,0.002692666666666667,0.001430666666666667,0.004285238095238096,0.00020800000000000001,0.002230483870967742,0.00258625,0.006857294117647059,0.0016429032258064515,0.0012298666666666666,0.005116923076923076,0.04775634615384615,0.003754878048780487,0.003745555555555556,0.0011398214285714286,0.0004881578947368421,0.0005727272727272727,6.650602409638555e-05,6.125e-05,0.00022571428571428571,0.0026758510638297877,0.00100625,0.000158,0.003825789473684211,0.0002997894736842106,0.000472,0.0017223684210526313,0.00021124999999999998,0.0017825000000000002,0.000438,5.272727272727273e-05,0.0015166153846153847,0.0002991666666666667,0.001073,0.000747142857142857,0.00013,0.0026513793103448277,2.1818181818181818e-05,0.0,0.001380967741935484,0.001175,0.00019666666666666669,0.0,0.0004677777777777778,0.0009483076923076923,0.0004539999999999999,0.0006102150537634409,0.00032435185185185193,0.004556126126126127,0.00019999999999999998,0.000355,0.0030833333333333333,6.333333333333333e-05,0.00010857142857142858,8.688311688311687e-05,0.0011907142857142856,0.0030355645161290325,0.0,0.0003961344537815126,0.0014329999999999998
124000,0.0010499999999999997,0.001051111111111111,0.0017625000000000002,0.003738,0.002204683544303797,0.0013614285714285714,0.0028532258064516134,0.0015876315789473685,0.00232253164556962,0.002213125,0.0034558024691358027,0.0003926530612244898,0.004447575757575757,0.001332727272727273,0.0009856470588235297,5.208333333333334e-05,0.0015778571428571428,0.003862911392405064,0.004178571428571428,0.0014726666666666668,0.0016547692307692305,0.00062,0.0026713333333333333,0.0015806666666666669,0.0033752380952380948,0.000292,0.0018954838709677418,0.002136666666666667,0.007518588235294119,0.001385483870967742,0.0009908,0.006208076923076924,0.04735615384615385,0.003951585365853659,0.003408888888888889,0.0014969642857142857,0.0004514473684210526,0.0006481818181818181,3.421686746987951e-05,5.9375e-05,0.0003357142857142857,0.003188829787234042,0.0010574999999999998,0.00011199999999999998,0.005062631578947368,0.0003048421052631579,0.0005437142857142857,0.002401578947368421,0.00013625,0.002022068965517241,0.00045599999999999997,3.454545454545455e-05,0.001551076923076923,0.00028166666666666666,0.0009010000000000001,0.0007038775510204083,0.000405,0.00292,0.0,0.0,0.0021016129032258067,0.0010600000000000002,0.00011333333333333334,0.0,0.000663888888888889,0.0010321538461538463,0.000602,0.0006455913978494625,0.0003777777777777778,0.006059909909909911,0.00025555555555555553,0.0005533333333333333,0.0024066666666666668,0.00010666666666666668,0.00014285714285714287,0.00013090909090909093,0.0012607142857142858,0.0031997580645161294,0.0,0.0004360504201680673,0.001354
125000,0.0012225333333333332,0.0013337037037037037,0.0017308333333333331,0.00414876923076923,0.0024136708860759493,0.0014557142857142859,0.003700806451612904,0.0018621052631578947,0.0031749367088607593,0.00385125,0.003516049382716049,0.0008114285714285713,0.005826060606060606,0.001507878787878788,0.001014,3.75e-05,0.0017541666666666665,0.005356455696202532,0.006600714285714286,0.0016239999999999998,0.0023112307692307694,0.0005533928571428571,0.0030030666666666663,0.0018713333333333331,0.0039893650793650795,0.00030000000000000003,0.0029191935483870975,0.003444583333333333,0.011032941176470587,0.002283870967741935,0.0012717333333333335,0.009333076923076923,0.06512249999999999,0.00524280487804878,0.003763333333333333,0.0014630357142857142,0.00028447368421052633,0.0004390909090909091,3.7590361445783125e-05,0.000109375,8.285714285714286e-05,0.003401489361702128,0.00095875,0.00011800000000000001,0.005656315789473684,0.00023600000000000002,0.0003617142857142857,0.0017137719298245613,5.8750000000000005e-05,0.001813103448275862,0.000394,3.181818181818182e-05,0.0014605384615384615,0.0001375,0.0009269999999999999,0.0005442857142857144,0.00021,0.0025358620689655167,2.090909090909091e-05,0.0,0.0015458064516129036,0.0009712500000000001,7.166666666666667e-05,0.0,0.0003422222222222223,0.000918923076923077,0.00043000000000000004,0.0004856989247311828,0.0004344444444444445,0.0039261261261261254,0.00012111111111111112,0.0002866666666666666,0.0029300000000000003,0.0,6.142857142857142e-05,2.5454545454545454e-05,0.002024285714285714,0.0031666129032258067,0.0,0.0004671428571428571,0.001064
126000,0.0012640000000000001,0.0012633333333333333,0.0024725,0.003917230769230769,0.0029568354430379745,0.00156,0.003504516129032258,0.002054078947368421,0.003073417721518987,0.003256875,0.006555061728395061,0.000797142857142857,0.007355454545454545,0.0016486363636363634,0.0011048235294117649,9.333333333333334e-05,0.0020071428571428566,0.005028354430379747,0.006885,0.0017877333333333335,0.0022287692307692304,0.0005685714285714286,0.0043492,0.002088666666666667,0.0077034920634920625,0.000252,0.0030369354838709673,0.00318875,0.01059364705882353,0.0029664516129032257,0.0021550666666666665,0.010751153846153846,0.04925961538461539,0.005053780487804879,0.002391666666666667,0.00210875,0.0004734210526315789,0.0005554545454545454,4.7469879518072286e-05,0.000114375,5.857142857142857e-05,0.0030752127659574454,0.0010775,0.000123,0.005683684210526316,0.0002850526315789474,0.0005791428571428572,0.0018528947368421052,0.00012406250000000001,0.0024434482758620693,0.00033800000000000003,3.3636363636363636e-05,0.0016185384615384614,0.00020833333333333335,0.000823,0.0006640816326530612,0.000135,0.0028675862068965516,0.0,0.0,0.0017743010752688175,0.00101125,0.00010833333333333333,0.0,0.0004983333333333334,0.0009796923076923077,0.0005506666666666666,0.0006329032258064516,0.00045064814814814815,0.00543891891891892,0.0003277777777777778,0.00020166666666666664,0.002136666666666667,0.00014833333333333332,0.00014571428571428572,0.0001409090909090909,0.0017485714285714281,0.003622741935483871,0.0,0.0006315126050420168,0.00122
127000,0.0010561333333333333,0.0010518518518518518,0.00139,0.004609076923076923,0.0026411392405063286,0.001222857142857143,0.0026959677419354836,0.0015432894736842103,0.002074556962025316,0.0024000000000000002,0.003474074074074074,0.000877142857142857,0.004598181818181818,0.0013792424242424245,0.0008578823529411764,0.00014875,0.0018041666666666666,0.00416367088607595,0.005155357142857143,0.0013506666666666665,0.0016656923076923077,0.0005608928571428572,0.002999066666666667,0.001601666666666667,0.0034187301587301584,0.000248,0.0023327419354838706,0.0026335416666666664,0.007701764705882355,0.0015980645161290323,0.0015121333333333333,0.00629576923076923,0.05143596153846154,0.004426585365853659,0.0038016666666666667,0.0014342857142857143,0.00027749999999999997,0.00054,3.457831325301205e-05,0.000156875,0.00023142857142857142,0.0026672340425531915,0.00102375,0.000154,0.004033157894736843,0.0001768421052631579,0.00041099999999999996,0.0016476315789473684,5.09375e-05,0.0019306896551724135,0.00040799999999999994,5.272727272727273e-05,0.0012675384615384614,0.00014083333333333333,0.000674,0.0008791836734693877,0.00038,0.0026493103448275864,2.6363636363636365e-05,0.0,0.0014481720430107527,0.00104625,0.000215,0.0,0.0004316666666666667,0.0008424615384615385,0.00055,0.000498494623655914,0.00034888888888888887,0.003905225225225225,0.00035999999999999997,0.00017666666666666666,0.00199,0.00011166666666666667,0.00010142857142857143,5.545454545454545e-05,0.0014421428571428571,0.003014758064516129,0.0,0.0003597478991596639,0.001034
128000,0.0010031999999999999,0.0009677777777777778,0.0013224999999999999,0.0029424615384615388,0.0016391139240506329,0.0010657142857142857,0.0019435483870967746,0.0014353947368421053,0.0017184810126582278,0.001888125,0.003160123456790124,0.0005646938775510204,0.0037766666666666665,0.0012563636363636364,0.000801529411764706,4.8333333333333334e-05,0.0012933333333333334,0.003931645569620253,0.004217142857142856,0.0012738666666666668,0.001350153846153846,0.00031696428571428576,0.0026287999999999997,0.001270666666666667,0.0033328571428571426,0.00020999999999999998,0.001450322580645161,0.002502083333333333,0.00812964705882353,0.0017617741935483874,0.0011630666666666667,0.005829230769230769,0.04487961538461539,0.004086463414634147,0.0019233333333333333,0.0012055357142857143,0.00032684210526315793,0.00048272727272727275,3.192771084337349e-05,9.999999999999999e-05,8.142857142857142e-05,0.0026022340425531916,0.0009987499999999999,0.00023999999999999998,0.0060815789473684205,0.000378421052631579,0.0004911428571428572,0.0017533333333333333,3.7812500000000004e-05,0.0016411206896551724,0.00016,4.181818181818182e-05,0.0015968461538461538,7.000000000000001e-05,0.0009989999999999999,0.000656938775510204,0.00029,0.0022786206896551722,0.0,0.0,0.0012601075268817202,0.0011437499999999998,0.00013666666666666666,0.0,0.0003544444444444444,0.0008786153846153846,0.0004226666666666667,0.000849247311827957,0.00036768518518518514,0.003738108108108109,0.00024,0.00038166666666666666,0.0022633333333333333,9.499999999999999e-05,8.428571428571429e-05,0.00010636363636363636,0.0013285714285714285,0.0028662096774193548,0.0,0.0005178991596638655,0.001154
129000,0.0012710666666666667,0.0012859259259259263,0.0018791666666666664,0.004256153846153846,0.0024736708860759495,0.0014128571428571428,0.0025916129032258063,0.0016907894736842106,0.0024794936708860764,0.002640625,0.0031677777777777776,0.0008712244897959182,0.00471969696969697,0.0014192424242424242,0.0009078823529411767,6.791666666666667e-05,0.0015266666666666662,0.004279746835443039,0.005645714285714287,0.0014918666666666666,0.0021,0.0005694642857142858,0.003086666666666667,0.002039333333333333,0.003683650793650793,0.000174,0.0022283870967741933,0.0024672916666666667,0.008971058823529412,0.001491774193548387,0.0012154666666666666,0.0067365384615384605,0.04406307692307691,0.0045850000000000005,0.003206111111111111,0.0013742857142857144,0.0004117105263157894,0.000460909090909091,2.3493975903614457e-05,2.6875e-05,0.0003757142857142857,0.0035394680851063825,0.00110625,0.00014399999999999998,0.006029473684210526,0.0003162105263157895,0.0006722857142857143,0.002701666666666667,8.90625e-05,0.0019226724137931036,0.000656,0.0,0.0016122307692307692,0.00036,0.0008140000000000002,0.0006222448979591836,0.00046,0.0030034482758620694,0.00018545454545454548,0.0,0.0018523655913978492,0.0013375000000000001,0.00010333333333333333,0.0,0.0003827777777777778,0.0009164615384615383,0.0006893333333333334,0.0006382795698924731,0.00040555555555555554,0.004934234234234233,0.00018333333333333334,0.0005566666666666666,0.002213333333333333,8.166666666666667e-05,0.00017142857142857145,7.597402597402598e-05,0.001395714285714286,0.002985725806451613,0.0,0.0004610924369747899,0.002065
130000,0.0012202666666666665,0.0010311111111111111,0.0024858333333333334,0.00400476923076923,0.001914936708860759,0.0014999999999999998,0.0022270967741935487,0.0015522368421052631,0.002050886075949367,0.00286,0.00322679012345679,0.0005606122448979592,0.005014545454545455,0.0015825757575757577,0.0009158823529411765,7.041666666666667e-05,0.0017020238095238093,0.004020506329113924,0.0054285714285714284,0.0016062666666666666,0.002204461538461538,0.00045999999999999996,0.0028325333333333335,0.0016779999999999998,0.0034101587301587303,0.000214,0.0021619354838709687,0.0026672916666666668,0.008117529411764706,0.0017401612903225807,0.0012904,0.005983461538461539,0.03577173076923077,0.00348280487804878,0.002693333333333333,0.001351607142857143,0.00035236842105263155,0.0005481818181818182,9.156626506024098e-05,0.00011375,0.00026285714285714286,0.0025708510638297877,0.0009624999999999999,0.000176,0.0034194736842105265,0.0003577894736842106,0.000538142857142857,0.001999561403508772,4.25e-05,0.001938448275862069,0.000488,8.636363636363636e-05,0.0012772307692307694,9.666666666666667e-05,0.0012410000000000001,0.0006963265306122448,0.000315,0.002649655172413793,2.4545454545454545e-05,0.0,0.0013675268817204304,0.0008025,0.00026,0.0,0.0005308333333333332,0.0009666153846153846,0.0006180000000000001,0.000474516129032258,0.0003519444444444444,0.004724414414414414,0.0002211111111111111,0.00045499999999999995,0.00214,0.00012166666666666667,0.00014714285714285716,8.402597402597402e-05,0.0014364285714285714,0.002760967741935484,0.0,0.0003972268907563025,0.001042
131000,0.0011374666666666667,0.0011974074074074077,0.002305,0.003885692307692308,0.0022772151898734173,0.0013257142857142858,0.002476935483870968,0.002261184210526316,0.002445443037974683,0.004820624999999999,0.004809012345679012,0.0008169387755102041,0.006926666666666666,0.0021356060606060605,0.0012945882352941175,8e-05,0.0018714285714285714,0.005477848101265823,0.008180357142857144,0.0019968,0.0026515384615384617,0.0005978571428571428,0.003953066666666667,0.0023213333333333337,0.006311746031746031,0.000248,0.0027079032258064514,0.004067916666666667,0.009721882352941176,0.002122903225806452,0.0019010666666666664,0.007684615384615386,0.058982884615384625,0.004462317073170731,0.004212777777777778,0.0016794642857142857,0.00046394736842105265,0.0005227272727272727,7.060240963855422e-05,0.00018999999999999998,0.00012428571428571428,0.0020372340425531916,0.0014412499999999998,0.000125,0.004346315789473683,0.0003678947368421052,0.00040685714285714283,0.002051052631578947,0.00016687499999999998,0.0017072413793103448,0.00037200000000000004,5.272727272727273e-05,0.002101769230769231,0.00025916666666666666,0.0010170000000000001,0.0007685714285714286,0.00014,0.0028931034482758623,0.0001318181818181818,0.0,0.0015515053763440858,0.0012599999999999998,0.00018999999999999998,0.0,0.00045999999999999996,0.0013041538461538462,0.0007193333333333334,0.0007454838709677418,0.0006097222222222223,0.0032126126126126127,0.00038111111111111115,0.00019333333333333333,0.00256,0.00020666666666666666,0.00015714285714285716,7.181818181818182e-05,0.0021249999999999997,0.0031034677419354835,0.0,0.0006641176470588234,0.0015970000000000001
132000,0.0010812000000000003,0.0011462962962962963,0.00227,0.004372,0.002890253164556962,0.0016728571428571428,0.002119838709677419,0.0019060526315789472,0.0021154430379746836,0.003381875,0.005401234567901234,0.0008002040816326531,0.005852121212121212,0.0015886363636363637,0.0009394117647058821,0.00010166666666666667,0.0019360714285714283,0.004838101265822785,0.006027857142857142,0.0019738666666666662,0.0022576923076923078,0.0004789285714285715,0.004536399999999999,0.002357666666666667,0.00647936507936508,0.000166,0.002421774193548387,0.0031635416666666665,0.00856305882352941,0.002243225806451613,0.0026201333333333338,0.012942692307692306,0.046185769230769225,0.004598414634146342,0.0028211111111111115,0.0015735714285714283,0.0005173684210526316,0.00047909090909090905,5.7951807228915664e-05,0.00012124999999999999,0.00041000000000000005,0.0027442553191489366,0.0013449999999999998,0.000129,0.003565789473684211,0.0004401052631578948,0.000726,0.002130877192982456,0.00010562499999999999,0.0020834482758620688,0.00059,8.545454545454546e-05,0.0015423076923076922,0.0005558333333333333,0.000871,0.0009706122448979592,0.000285,0.0025524137931034487,9e-05,0.0,0.001707204301075269,0.00161625,0.00017666666666666666,0.0,0.0006994444444444445,0.001174153846153846,0.0008353333333333333,0.0006250537634408602,0.0005701851851851853,0.004272072072072071,0.0003411111111111111,0.000275,0.00268,0.00014833333333333332,0.00021571428571428571,0.0001603896103896104,0.0019464285714285714,0.0029691935483870963,0.0,0.0006003361344537816,0.00122
133000,0.0013746666666666668,0.0012203703703703706,0.0019691666666666664,0.003694307692307692,0.0025762025316455692,0.0017528571428571428,0.002984193548387097,0.0017238157894736844,0.002232278481012658,0.00277625,0.002926172839506173,0.0008538775510204082,0.004407878787878788,0.0017704545454545451,0.0011883529411764707,0.00024,0.001858452380952381,0.0050894936708860755,0.004325,0.002167333333333333,0.0020886153846153845,0.0008396428571428573,0.0036333333333333343,0.002262333333333333,0.0038936507936507938,0.000304,0.0019575806451612903,0.003113541666666667,0.008769058823529413,0.0020153225806451612,0.0025264000000000003,0.007241153846153847,0.05297615384615385,0.004134634146341463,0.0035694444444444445,0.0019925,0.0005701315789473684,0.0008181818181818182,0.00011144578313253014,0.0001775,0.0005314285714285715,0.003337234042553192,0.00138625,0.000216,0.005793157894736842,0.00043852631578947374,0.0010488571428571426,0.002961052631578947,0.00013625,0.0020807758620689652,0.000738,8.545454545454545e-05,0.0017617692307692306,0.0008949999999999999,0.001617,0.0010220408163265306,0.000245,0.0033665517241379312,0.00011545454545454545,0.0,0.002209462365591398,0.0013774999999999998,0.00028999999999999995,0.0,0.0006397222222222222,0.0012555384615384614,0.0007659999999999999,0.000912258064516129,0.0005381481481481482,0.00503153153153153,0.0004588888888888889,0.00042333333333333334,0.002673333333333333,0.00034,0.0003042857142857143,0.00024389610389610392,0.0019149999999999998,0.003359193548387096,0.0,0.0006958823529411767,0.001728
134000,0.0012644000000000002,0.0012985185185185185,0.0018333333333333333,0.00405723076923077,0.002909620253164557,0.0012142857142857144,0.0030008064516129024,0.0017239473684210523,0.0022125316455696206,0.002703125,0.003762716049382717,0.0007620408163265305,0.004853030303030303,0.00167969696969697,0.0011883529411764705,4.875e-05,0.001835,0.005189873417721519,0.004693571428571429,0.0020734666666666667,0.0018653846153846153,0.00058375,0.0035072,0.0019263333333333333,0.003769841269841269,0.000334,0.002390322580645161,0.0031989583333333336,0.009968941176470588,0.0022867741935483875,0.0018166666666666667,0.008173846153846155,0.054261730769230763,0.004540975609756098,0.003335555555555555,0.002633035714285714,0.00042763157894736844,0.0005527272727272728,0.00010518072289156626,0.000125625,0.00032428571428571435,0.003415,0.00105,0.000231,0.005681052631578947,0.000328,0.0006498571428571428,0.0024565789473684208,6.46875e-05,0.002319137931034483,0.000426,6.454545454545455e-05,0.0015674615384615382,0.00033166666666666674,0.0016999999999999997,0.000666938775510204,0.000485,0.0037293103448275858,0.0,0.0,0.0017623655913978494,0.00104375,0.00016166666666666668,0.0,0.0006638888888888889,0.0012495384615384614,0.0006906666666666666,0.0006036559139784947,0.0003025925925925926,0.005901531531531532,0.00040333333333333334,0.0005600000000000001,0.0025733333333333333,0.00010666666666666668,9.714285714285715e-05,0.00016155844155844154,0.0015764285714285713,0.0037997580645161293,0.0,0.000518655462184874,0.001602
135000,0.0014601333333333336,0.0009874074074074075,0.0023816666666666665,0.004899230769230769,0.0023659493670886073,0.0015928571428571428,0.0029482258064516126,0.0020211842105263152,0.0026834177215189874,0.0041125,0.004462716049382716,0.0011079591836734692,0.006415757575757576,0.0014483333333333334,0.001223529411764706,0.00010291666666666667,0.002030714285714286,0.005242658227848101,0.0053639285714285724,0.0017539999999999997,0.0021373846153846156,0.0006860714285714286,0.0037197333333333325,0.002186666666666667,0.005091904761904762,0.00031,0.003004032258064516,0.0032447916666666667,0.009398470588235295,0.0018270967741935485,0.001840266666666667,0.010855769230769231,0.0452926923076923,0.005008780487804878,0.0037727777777777777,0.0020269642857142856,0.0004105263157894737,0.0006636363636363636,5.662650602409639e-05,8.1875e-05,0.00023714285714285715,0.0033228723404255325,0.00140375,0.000157,0.0045899999999999995,0.0004396842105263158,0.0007245714285714285,0.002827719298245614,4.75e-05,0.002536896551724138,0.000598,0.0,0.0017294615384615382,0.0003475,0.001827,0.0007418367346938775,0.000395,0.003272758620689655,0.00019727272727272728,0.0,0.0016463440860215053,0.00081375,0.00011499999999999999,0.0,0.000533611111111111,0.0010675384615384616,0.0007653333333333334,0.0006030107526881721,0.0005091666666666666,0.005342252252252254,0.00026555555555555555,0.00022166666666666667,0.0026466666666666665,6.833333333333333e-05,0.00020714285714285713,0.0002018181818181818,0.0030021428571428573,0.003440483870967742,0.0,0.0005080672268907563,0.0015789999999999999
136000,0.0010465333333333335,0.0013092592592592591,0.0019875,0.003340307692307692,0.0030863291139240504,0.001417142857142857,0.003251290322580645,0.0016101315789473682,0.0021744303797468357,0.0038381250000000004,0.0038498765432098767,0.001004285714285714,0.004675151515151515,0.0015800000000000002,0.001016705882352941,0.00021833333333333332,0.0019686904761904763,0.00554012658227848,0.005093571428571428,0.0016178666666666667,0.002056307692307693,0.0006514285714285714,0.003339466666666667,0.002297666666666666,0.004131428571428572,0.000374,0.0028358064516129035,0.0033541666666666668,0.009354,0.0019217741935483874,0.0016698666666666669,0.010769230769230769,0.05035884615384615,0.003914024390243902,0.00319,0.0012264285714285712,0.00032407894736842107,0.0007190909090909091,5.385542168674699e-05,8.6875e-05,0.00033142857142857144,0.003353936170212766,0.00103375,0.0002,0.0036631578947368417,0.0003830526315789473,0.0004855714285714286,0.002419298245614035,0.000161875,0.0019581034482758623,0.000406,9.636363636363636e-05,0.0014246923076923076,0.00025333333333333333,0.001421,0.0005446938775510203,0.000425,0.0027262068965517245,0.00012272727272727272,0.0,0.0018653763440860214,0.0009699999999999999,0.00012833333333333335,0.0,0.0003469444444444445,0.0009513846153846153,0.000698,0.0006380645161290322,0.00026083333333333335,0.003544324324324324,0.0002811111111111111,0.0003533333333333333,0.002,0.00022,0.00019428571428571428,0.00010571428571428571,0.0017214285714285717,0.0031599999999999996,0.0,0.0004291596638655463,0.001527
137000,0.0011946666666666666,0.0011062962962962964,0.002643333333333334,0.004240923076923077,0.002416582278481012,0.0012957142857142857,0.002600967741935484,0.0021634210526315797,0.0022343037974683544,0.00306,0.003234691358024691,0.0011228571428571429,0.006752424242424242,0.0016465151515151514,0.001033529411764706,6.041666666666666e-05,0.001884047619047619,0.004724303797468354,0.005626071428571429,0.0018654666666666668,0.0025573846153846154,0.0006133928571428572,0.004247600000000001,0.0018106666666666664,0.0050892063492063485,0.00032199999999999997,0.0036554838709677417,0.0035637499999999996,0.010466470588235294,0.0029027419354838713,0.0025695999999999996,0.00886153846153846,0.05443288461538462,0.0050018292682926825,0.002807777777777778,0.0020676785714285714,0.0007134210526315789,0.0010990909090909092,0.00010228915662650602,0.00024937500000000003,0.0006642857142857143,0.003996170212765957,0.0011125,0.000155,0.006549999999999999,0.0004872631578947369,0.0011022857142857143,0.0036592105263157895,0.00012062499999999999,0.0024171551724137927,0.00063,9.363636363636362e-05,0.0019843076923076923,0.000485,0.00136,0.0008887755102040816,0.000355,0.003366206896551724,0.00015363636363636363,0.0,0.0018872043010752695,0.00125375,0.00019833333333333335,0.0,0.0006583333333333333,0.0012715384615384615,0.0007573333333333334,0.000879032258064516,0.0006772222222222223,0.006578108108108109,0.0009033333333333334,0.0005683333333333333,0.004823333333333333,0.00024333333333333333,0.00018571428571428574,0.00028272727272727276,0.002262142857142857,0.003699193548387097,5.875e-05,0.0007215966386554621,0.0022700000000000003
138000,0.0011193333333333333,0.001065925925925926,0.0014008333333333331,0.004224153846153847,0.0033974683544303803,0.0013657142857142856,0.002786935483870968,0.0015802631578947367,0.0018781012658227849,0.004219375000000001,0.003786172839506173,0.0007744897959183673,0.005036060606060606,0.0013959090909090909,0.001149294117647059,5.375e-05,0.0015439285714285715,0.00481253164556962,0.005091785714285714,0.0017348,0.002086153846153846,0.0004010714285714286,0.0033710666666666666,0.0017643333333333335,0.003248571428571428,0.000264,0.0021545161290322584,0.0030920833333333334,0.00852164705882353,0.0019491935483870967,0.001978266666666666,0.00853923076923077,0.043399807692307696,0.0040604878048780485,0.002776111111111111,0.0012228571428571432,0.0002563157894736842,0.00040818181818181817,3.265060240963856e-05,0.000105,0.00028571428571428574,0.0025843617021276597,0.0009824999999999999,0.000164,0.00499,0.0001816842105263158,0.0003982857142857143,0.0017728070175438598,3.25e-05,0.0016549137931034482,0.000268,3.545454545454545e-05,0.0017838461538461539,0.00024333333333333333,0.000977,0.0006563265306122449,0.00028,0.0027196551724137925,0.0,0.0,0.0015453763440860214,0.0007675,5.833333333333333e-05,0.0,0.0004272222222222223,0.0008610769230769231,0.000478,0.0005009677419354837,0.0002662962962962963,0.0038321621621621614,0.00016444444444444444,0.00021,0.0016433333333333332,0.0,0.00022857142857142854,1.2467532467532468e-05,0.0012264285714285715,0.003321935483870968,0.0,0.0004992436974789917,0.00134
139000,0.001202133333333333,0.000937037037037037,0.001570833333333333,0.004006,0.00223746835443038,0.0010142857142857143,0.0015274193548387095,0.0013013157894736843,0.00176873417721519,0.0025943750000000003,0.002731604938271605,0.0006673469387755102,0.004048787878787879,0.0011933333333333336,0.0008911764705882354,2.7916666666666666e-05,0.0014964285714285715,0.004129746835443037,0.0035825,0.001284,0.0017533846153846154,0.0004269642857142857,0.0030674666666666663,0.0012683333333333331,0.0038298412698412696,0.000278,0.0022796774193548385,0.002579375,0.008016705882352941,0.0019291935483870964,0.0013526666666666667,0.007781923076923077,0.038308461538461534,0.00342280487804878,0.001802222222222222,0.0012278571428571427,0.000355,0.0005154545454545455,6.253012048192771e-05,0.0001625,0.0003128571428571429,0.002591276595744681,0.0007975,0.000196,0.0034247368421052634,0.00025263157894736847,0.0004461428571428571,0.001753333333333333,8.71875e-05,0.002070689655172414,0.000344,5.090909090909091e-05,0.0016453076923076924,0.00015416666666666668,0.0012050000000000001,0.0006216326530612245,0.000185,0.0028244827586206894,0.0,0.0,0.0014013978494623659,0.0011899999999999999,0.0001833333333333333,0.0,0.0005163888888888889,0.0010947692307692308,0.0005966666666666667,0.0006829032258064514,0.0004687962962962963,0.004024864864864865,0.00026555555555555555,0.0004083333333333333,0.0014666666666666665,7.666666666666667e-05,0.00022428571428571427,0.00011844155844155843,0.002033571428571429,0.0031776612903225807,0.0,0.00048386554621848737,0.0017500000000000003
140000,0.0010716000000000002,0.00098,0.0015199999999999999,0.003342923076923077,0.002038227848101266,0.00126,0.0024227419354838713,0.0016210526315789473,0.0018269620253164559,0.002961875,0.0037669135802469137,0.0008148979591836737,0.005719999999999999,0.0013343939393939393,0.0009904705882352943,0.00016624999999999998,0.0015272619047619045,0.004590759493670886,0.004353571428571429,0.0014781333333333333,0.0017144615384615384,0.0005232142857142857,0.002768933333333333,0.0018086666666666665,0.004351746031746032,0.000202,0.0023138709677419356,0.002833125,0.007734117647058824,0.0016683870967741934,0.001698666666666667,0.007321153846153846,0.04252903846153847,0.003480609756097561,0.002493888888888889,0.0015960714285714287,0.0003276315789473684,0.00031363636363636365,2.7228915662650602e-05,0.000103125,0.0003642857142857143,0.0031915957446808506,0.00101875,0.00018700000000000002,0.0037057894736842113,0.00024505263157894734,0.0005517142857142856,0.0020754385964912277,6.03125e-05,0.0018109482758620688,0.0002,6.272727272727273e-05,0.0012859230769230769,0.0001625,0.000993,0.0006357142857142857,0.0006150000000000001,0.002692758620689655,2.4545454545454545e-05,0.0,0.001611935483870968,0.0012150000000000002,0.00012166666666666667,0.0,0.00038916666666666673,0.0009896923076923077,0.0005046666666666666,0.0006132258064516129,0.0002409259259259259,0.005035945945945947,0.0001822222222222222,0.00031833333333333334,0.0025333333333333336,0.00014833333333333335,0.00010571428571428571,9.051948051948052e-05,0.0009592857142857144,0.0031720161290322586,0.0,0.00039352941176470593,0.0018
141000,0.0014086666666666666,0.0015803703703703704,0.0022983333333333332,0.004767076923076923,0.0031012658227848105,0.0018971428571428572,0.003174677419354839,0.001970131578947368,0.0024682278481012654,0.00333375,0.004742962962962964,0.0009059183673469388,0.005767575757575757,0.0018959090909090907,0.0011518823529411766,1.2916666666666666e-05,0.0020677380952380956,0.0068321518987341755,0.0061175,0.0020092,0.0025938461538461545,0.0005728571428571429,0.003580133333333333,0.0023023333333333337,0.006201269841269841,0.000296,0.002916612903225806,0.004688333333333333,0.013724235294117648,0.002185483870967742,0.002256933333333333,0.007731153846153846,0.05127403846153845,0.005045243902439024,0.0029966666666666666,0.0020314285714285716,0.0006260526315789473,0.0009990909090909091,9.915662650602411e-05,0.00021749999999999997,0.0006942857142857142,0.004149574468085106,0.00124375,0.00033200000000000005,0.005279473684210526,0.0005545263157894737,0.0011229999999999999,0.003080438596491228,0.00017312500000000002,0.0026318965517241376,0.000588,0.00020272727272727274,0.001969076923076923,0.0006216666666666666,0.001726,0.0010848979591836735,0.000515,0.004281724137931034,0.0001281818181818182,0.0,0.0027529032258064518,0.001715,0.00031,0.0,0.000631111111111111,0.0014732307692307692,0.0010446666666666666,0.0007709677419354839,0.0005581481481481481,0.006665495495495496,0.0008488888888888889,0.00063,0.003016666666666667,0.00016833333333333335,0.0002971428571428572,0.0002528571428571429,0.002877857142857143,0.004406532258064515,0.0,0.000598235294117647,0.002257
142000,0.0009046666666666668,0.0007103703703703703,0.0016041666666666663,0.0025641538461538458,0.0019718987341772153,0.001187142857142857,0.0017304838709677418,0.0013042105263157894,0.0015837974683544304,0.002740625,0.002971111111111111,0.00047489795918367346,0.004407575757575759,0.00116,0.0007559999999999999,0.0,0.0013820238095238096,0.0038339240506329113,0.0034435714285714287,0.001284,0.0016846153846153844,0.00035,0.0025388,0.001239,0.004243650793650794,0.00026,0.002075161290322581,0.002215625,0.006487529411764705,0.001506451612903226,0.0014397333333333335,0.006858461538461537,0.04127942307692307,0.003185609756097561,0.0020949999999999996,0.0013208928571428573,0.00022947368421052627,0.0004327272727272728,2.710843373493976e-05,4.8750000000000006e-05,0.00017857142857142857,0.0022103191489361703,0.000715,7.7e-05,0.0035600000000000002,0.00014442105263157894,0.0005014285714285714,0.001975,8.125e-06,0.001495862068965517,0.000294,3.272727272727273e-05,0.0012843846153846154,0.00015916666666666667,0.0008539999999999999,0.0005395918367346939,0.000245,0.0021655172413793103,2.1818181818181818e-05,0.0,0.0011383870967741935,0.00112625,9e-05,0.0,0.0003158333333333333,0.0006796923076923076,0.000488,0.0004535483870967742,0.00027675925925925925,0.003053243243243243,0.00020888888888888888,0.00025333333333333333,0.0016766666666666666,6.166666666666667e-05,0.00015857142857142857,7.038961038961039e-05,0.001355,0.002464274193548387,0.0,0.0003542016806722689,0.001289
143000,0.0014068,0.001359259259259259,0.0020183333333333334,0.004224461538461539,0.004055189873417722,0.0014785714285714285,0.002325806451612903,0.002173552631578947,0.002578860759493671,0.004300625,0.005740123456790124,0.00104734693877551,0.005833030303030302,0.00195469696969697,0.0012663529411764706,0.00022166666666666667,0.002414880952380952,0.004674683544303798,0.006067142857142859,0.002196933333333333,0.002076615384615385,0.0007891071428571428,0.0041232,0.002596333333333333,0.005727142857142857,0.00034,0.0028488709677419355,0.003032291666666667,0.009785058823529412,0.0025262903225806454,0.0021628,0.009689230769230768,0.04643403846153847,0.004243170731707316,0.0026255555555555555,0.0014298214285714285,0.000365,0.0006790909090909091,3.783132530120483e-05,0.00010687500000000001,0.00048428571428571433,0.0027942553191489363,0.001085,0.00020499999999999997,0.0025800000000000003,0.00032873684210526317,0.0004927142857142857,0.001955526315789474,7.09375e-05,0.0020930172413793106,0.000354,6.272727272727273e-05,0.001738769230769231,0.0003433333333333333,0.001422,0.0007467346938775511,0.00037,0.0030403448275862074,0.00016454545454545454,0.0,0.0016166666666666669,0.00100375,0.00013,0.0,0.0004752777777777778,0.0011124615384615385,0.0006226666666666668,0.000599247311827957,0.0002224074074074074,0.004295495495495496,0.00020888888888888888,0.0003233333333333333,0.00171,9e-05,0.0002,8.428571428571429e-05,0.0017464285714285713,0.0035537903225806447,0.0,0.00041277310924369744,0.0011519999999999998
144000,0.0009890666666666668,0.0009474074074074074,0.0013533333333333333,0.003272,0.0024775949367088603,0.0012057142857142857,0.001814193548387097,0.0015669736842105263,0.0019399999999999997,0.002530625,0.00316358024691358,0.0008932653061224491,0.004522727272727273,0.001260151515151515,0.0008676470588235294,0.0,0.0015071428571428573,0.003810506329113925,0.004461785714285714,0.0014508000000000001,0.0015727692307692309,0.0004526785714285714,0.002622133333333333,0.0015446666666666664,0.004174761904761906,0.000232,0.0020716129032258067,0.0031424999999999995,0.007378117647058825,0.0016103225806451615,0.0013729333333333334,0.008497307692307691,0.055784038461538454,0.003838658536585366,0.002711666666666666,0.0013196428571428571,0.00042144736842105265,0.0007481818181818183,5.0240963855421685e-05,7.25e-05,0.00023285714285714286,0.003222765957446809,0.00104875,0.00015600000000000002,0.004682631578947368,0.0002487368421052632,0.0005302857142857143,0.0025676315789473687,0.000153125,0.0020551724137931036,0.00038399999999999996,7.818181818181818e-05,0.0016226923076923078,0.00011916666666666667,0.001338,0.0007389795918367346,0.000475,0.002928965517241379,0.00019454545454545454,0.0,0.0014274193548387097,0.00119625,0.00011666666666666667,0.0,0.0004961111111111111,0.0011210769230769232,0.0005920000000000001,0.000626021505376344,0.0002688888888888889,0.00458009009009009,0.0001511111111111111,0.00036500000000000004,0.0020199999999999997,9.999999999999999e-05,0.00013285714285714287,0.0001731168831168831,0.0013992857142857145,0.0034951612903225807,0.0,0.00047731092436974795,0.001358
145000,0.0013272,0.0012792592592592595,0.0019266666666666666,0.004432769230769231,0.0029535443037974683,0.00137,0.0035853225806451615,0.0017281578947368423,0.002311772151898734,0.0044599999999999996,0.003685555555555555,0.0011306122448979591,0.006067878787878788,0.0016733333333333333,0.0012254117647058824,7.333333333333333e-05,0.0017107142857142852,0.005380506329113924,0.005293214285714286,0.0016351999999999998,0.0024064615384615383,0.0005285714285714285,0.0029637333333333332,0.0022103333333333332,0.004661746031746032,0.000196,0.0025901612903225808,0.003674375,0.010588235294117647,0.0016920967741935482,0.0017059999999999998,0.008634615384615385,0.04165961538461538,0.00501280487804878,0.002681111111111111,0.0015851785714285718,0.0003735526315789474,0.0006772727272727272,4.385542168674699e-05,0.00010812499999999999,0.00013714285714285713,0.0035290425531914896,0.0009337499999999999,0.000172,0.0053052631578947365,0.0004558947368421052,0.000575,0.002671842105263158,2.84375e-05,0.0019421551724137934,0.000356,4.090909090909091e-05,0.001685153846153846,9.583333333333334e-05,0.001341,0.000723265306122449,0.00029,0.002825862068965517,0.0,0.0,0.0015897849462365588,0.00068375,9.166666666666667e-05,0.0,0.0005422222222222222,0.0009093846153846153,0.0005699999999999999,0.0007391397849462365,0.0003090740740740741,0.003707117117117117,0.00012222222222222224,0.00027,0.00204,7.166666666666667e-05,0.00015857142857142855,4.2857142857142856e-05,0.0015571428571428572,0.003425241935483871,0.0,0.00041521008403361335,0.002173
146000,0.0012056,0.0009888888888888888,0.002600833333333334,0.003678461538461538,0.002541518987341772,0.0014685714285714287,0.0027775806451612903,0.002281184210526316,0.0021824050632911385,0.00508375,0.005120370370370371,0.0008093877551020409,0.0066409090909090905,0.001801060606060606,0.0008918823529411765,8.875e-05,0.0018409523809523806,0.004982784810126583,0.006599285714285713,0.0012939999999999998,0.0022532307692307695,0.0006205357142857143,0.003700399999999999,0.002410333333333333,0.005983174603174605,0.00024200000000000003,0.002874516129032258,0.0034158333333333332,0.011137058823529411,0.0017729032258064516,0.0014868,0.011180769230769232,0.04734576923076923,0.004445487804878049,0.0034716666666666663,0.0017994642857142857,0.0006205263157894737,0.001021818181818182,0.00012746987951807229,0.000284375,0.00047714285714285713,0.0036108510638297882,0.00148375,0.000201,0.005453684210526315,0.0005407368421052631,0.0009172857142857143,0.0025707017543859646,0.000204375,0.002853275862068966,0.000562,0.0002690909090909091,0.0018574615384615383,0.000315,0.001807,0.0012187755102040815,0.000465,0.003450344827586207,0.00032090909090909094,0.0,0.0022703225806451617,0.001225,0.00036,0.0,0.0010983333333333335,0.0015523076923076927,0.001012,0.0010635483870967742,0.000828425925925926,0.005278288288288288,0.0005800000000000001,0.00041833333333333333,0.002873333333333333,0.0003233333333333333,0.0004085714285714286,0.00031441558441558447,0.0024078571428571426,0.0038129838709677418,4.375e-05,0.0008542016806722688,0.002341
147000,0.0008900000000000001,0.0006533333333333333,0.0013208333333333334,0.003180923076923077,0.002359113924050633,0.00093,0.0017617741935483872,0.001567763157894737,0.0016336708860759492,0.0034868750000000004,0.002916913580246914,0.0007836734693877551,0.004116060606060606,0.0011604545454545455,0.0007632941176470587,3.4166666666666666e-05,0.0013439285714285714,0.0032351898734177213,0.004506071428571429,0.0011469333333333333,0.0017881538461538462,0.0005405357142857142,0.002741466666666667,0.0012753333333333332,0.005076190476190476,0.000104,0.0020420967741935484,0.0025462499999999995,0.006736823529411763,0.001733709677419355,0.0012762666666666664,0.005123076923076923,0.0363876923076923,0.003357073170731707,0.0014194444444444445,0.0011912499999999998,0.0003602631578947369,0.0006727272727272728,6.313253012048193e-05,0.000120625,0.00034,0.002123723404255319,0.0009525,0.000183,0.003237894736842105,0.0002823157894736842,0.000404,0.0016579824561403507,0.0001084375,0.001930948275862069,0.00022400000000000002,5.090909090909091e-05,0.0012893846153846154,0.00017583333333333332,0.0012189999999999998,0.0006795918367346939,0.000705,0.002916551724137931,0.00021363636363636365,0.0,0.0012791397849462366,0.00088875,0.00010333333333333333,0.0,0.00038555555555555554,0.0010215384615384615,0.0005653333333333334,0.0006517204301075268,0.00033416666666666664,0.004162702702702702,0.00013555555555555554,0.00044,0.0019666666666666665,8e-05,0.00011571428571428571,8.818181818181817e-05,0.001325,0.002819677419354838,0.0,0.000541764705882353,0.0013419999999999999
148000,0.0011165333333333332,0.0008907407407407408,0.0017391666666666669,0.003495846153846154,0.002182531645569621,0.0011385714285714285,0.002252419354838709,0.0016596052631578945,0.00190873417721519,0.003731875,0.0039645679012345674,0.0007212244897959185,0.005446969696969697,0.0013004545454545454,0.0008636470588235294,0.00015041666666666667,0.0017483333333333333,0.003816835443037974,0.004562857142857144,0.0015773333333333334,0.001770923076923077,0.00047125,0.0034525333333333343,0.0019739999999999996,0.0054736507936507936,0.0001,0.0026479032258064513,0.0022881250000000002,0.007106588235294118,0.0022370967741935487,0.0013809333333333334,0.0066099999999999996,0.03826692307692307,0.00410280487804878,0.0024011111111111112,0.0018351785714285714,0.00035473684210526315,0.0007754545454545454,7.036144578313252e-05,0.000213125,0.0004914285714285715,0.0028835106382978726,0.0013224999999999999,0.00028799999999999995,0.003684736842105263,0.00031052631578947366,0.0005282857142857143,0.0022314035087719294,6.09375e-05,0.002231724137931035,0.00053,0.00010727272727272728,0.0016908461538461539,0.0004908333333333332,0.000965,0.0008955102040816327,0.000535,0.003617241379310345,0.0003018181818181818,0.0,0.0026378494623655914,0.0013337499999999999,9.499999999999999e-05,0.0,0.0008033333333333333,0.0013652307692307692,0.000676,0.000946774193548387,0.00046925925925925927,0.0047379279279279275,0.0005866666666666667,0.0006450000000000001,0.002003333333333333,0.00014000000000000001,0.00017857142857142857,0.00024753246753246756,0.0017478571428571434,0.0035979838709677414,0.0,0.0005121008403361345,0.0018449999999999999
149000,0.0013086666666666665,0.0010777777777777778,0.0013583333333333336,0.003567538461538462,0.0029783544303797474,0.0013571428571428571,0.002043709677419355,0.0014725,0.0022448101265822784,0.0030225,0.004164691358024691,0.0010038775510204084,0.004061212121212121,0.001544242424242424,0.0009181176470588234,2e-05,0.0016358333333333333,0.00482860759493671,0.004569999999999999,0.0014960000000000002,0.0018443076923076922,0.0006092857142857143,0.0028304,0.0015970000000000003,0.004531111111111111,0.000342,0.002486290322580645,0.0031558333333333334,0.009840823529411765,0.0022604838709677417,0.0017226666666666668,0.009916923076923077,0.0532901923076923,0.004341707317073172,0.0020088888888888886,0.0011607142857142858,0.0004186842105263159,0.0006272727272727273,3.7951807228915666e-05,2.8125e-05,0.0003257142857142857,0.0032257446808510643,0.00070875,0.00018600000000000002,0.0032468421052631578,0.00017157894736842105,0.0004372857142857143,0.0019964035087719303,1.125e-05,0.0016680172413793104,0.0005459999999999999,0.0001109090909090909,0.001394769230769231,0.00043333333333333337,0.00104,0.00066,0.00031999999999999997,0.002743103448275862,2.5454545454545454e-05,0.0,0.0015248387096774196,0.00096875,0.00012,0.0,0.0005133333333333332,0.0009950769230769232,0.0005566666666666667,0.0006103225806451613,0.0002470370370370371,0.0042752252252252244,0.00023555555555555556,0.000475,0.0026666666666666666,5.333333333333334e-05,9.714285714285715e-05,6.545454545454546e-05,0.001302142857142857,0.0030861290322580642,0.0,0.00045319327731092434,0.0013
150000,0.001271466666666667,0.0012796296296296297,0.0017533333333333335,0.0038899999999999994,0.0033201265822784807,0.0013399999999999998,0.0030811290322580636,0.0018502631578947368,0.0020068354430379746,0.0038775,0.004510987654320987,0.0010351020408163266,0.005347272727272727,0.0017607575757575757,0.0010998823529411764,0.00016333333333333334,0.0018826190476190472,0.004354050632911392,0.004976428571428572,0.0017900000000000006,0.002133384615384615,0.000586607142857143,0.0036506666666666666,0.002125,0.005892222222222222,0.000272,0.0027241935483870968,0.0030106250000000007,0.008782823529411767,0.0021520967741935487,0.002088266666666667,0.00799923076923077,0.04872596153846154,0.004268536585365854,0.002608888888888889,0.0012533928571428572,0.00035328947368421047,0.000639090909090909,3.7710843373493976e-05,0.000125625,0.0007414285714285715,0.003366170212765958,0.00102375,0.00020299999999999997,0.0032,0.0003821052631578948,0.00058,0.0023054385964912274,0.000135625,0.0019423275862068964,0.00056,5.090909090909091e-05,0.0015807692307692309,0.0002175,0.001331,0.0006163265306122448,0.00035999999999999997,0.0035624137931034488,0.00024454545454545454,0.0,0.0019837634408602155,0.00096125,0.0002666666666666666,0.0,0.0006197222222222222,0.000960923076923077,0.0006446666666666667,0.0007024731182795698,0.0002486111111111111,0.005216846846846846,0.00025555555555555553,0.0005066666666666667,0.002676666666666667,0.00010166666666666667,0.00018428571428571428,0.00012766233766233766,0.0015292857142857141,0.0037399193548387096,0.0,0.0004612605042016807,0.0017589999999999997
151000,0.0010902666666666669,0.0011181481481481483,0.002065,0.003963076923076923,0.0032792405063291146,0.0012657142857142856,0.001985645161290323,0.0015435526315789475,0.0016897468354430383,0.004086875,0.004757037037037037,0.0009569387755102041,0.005357878787878787,0.0017024242424242425,0.0009148235294117648,0.00011666666666666667,0.0017666666666666668,0.003921139240506329,0.005443571428571429,0.0014660000000000003,0.001864769230769231,0.0005403571428571429,0.0038337333333333342,0.002022666666666667,0.005596507936507937,0.00024200000000000003,0.00274241935483871,0.002879375,0.0076532941176470585,0.0023404838709677423,0.0022305333333333334,0.009564230769230768,0.03359173076923077,0.004344634146341463,0.002952777777777778,0.0014642857142857144,0.0005463157894736841,0.0004927272727272727,3.27710843373494e-05,8.0625e-05,0.0004585714285714286,0.002583085106382978,0.00083125,7e-05,0.0026373684210526313,0.00023852631578947367,0.000515,0.0017475438596491232,3.375e-05,0.001545344827586207,0.00042000000000000007,4.090909090909091e-05,0.0011571538461538462,0.00014166666666666665,0.001185,0.0006257142857142858,0.00034500000000000004,0.0025182758620689648,3.818181818181818e-05,0.0,0.001327204301075269,0.00106375,0.00022166666666666667,0.0,0.0005133333333333334,0.0008832307692307692,0.0005366666666666666,0.0005882795698924731,0.00024018518518518518,0.0035442342342342343,0.0002866666666666666,0.00015166666666666668,0.0021166666666666664,7.166666666666667e-05,0.00012571428571428572,4.935064935064935e-05,0.0016950000000000001,0.002770564516129033,0.0,0.0005002521008403362,0.0010630000000000001
152000,0.0010184000000000003,0.0010933333333333333,0.0022708333333333335,0.003882461538461539,0.0023137974683544306,0.0015828571428571428,0.0030669354838709674,0.002091842105263158,0.002221392405063291,0.005,0.005623827160493827,0.0010904081632653062,0.007506969696969696,0.0017883333333333332,0.0009575294117647061,0.00011041666666666666,0.0018135714285714287,0.006026202531645569,0.006491785714285714,0.001441733333333333,0.0025892307692307695,0.0005428571428571429,0.0038808,0.0019820000000000003,0.006001111111111111,0.00014,0.003296935483870967,0.004083750000000001,0.01205094117647059,0.002413225806451613,0.0018505333333333337,0.009738846153846155,0.04216230769230768,0.0045759756097560975,0.0022405555555555555,0.001910892857142857,0.0004455263157894737,0.0008181818181818182,8.30120481927711e-05,0.00019125000000000001,0.0009042857142857142,0.0033440425531914893,0.00128375,0.000212,0.003141578947368421,0.0004453684210526316,0.0007231428571428571,0.0018276315789473683,9.96875e-05,0.002334913793103448,0.0005,0.00014909090909090908,0.0019959230769230766,0.00047333333333333326,0.001867,0.0008318367346938775,0.000365,0.0032106896551724134,0.00016272727272727272,0.0,0.0024653763440860214,0.0017699999999999999,0.0004066666666666667,0.0,0.0006799999999999999,0.0014124615384615384,0.0006926666666666667,0.0008751612903225807,0.0005208333333333333,0.00495144144144144,0.0008933333333333332,0.0004283333333333333,0.0033066666666666665,0.00011,0.00019857142857142857,0.00021896103896103895,0.002602857142857143,0.003714435483870968,6.125e-05,0.0006992436974789916,0.0011680000000000002
153000,0.0011621333333333332,0.0010114814814814815,0.0018733333333333334,0.004494,0.0029063291139240503,0.0009057142857142857,0.0024675806451612907,0.0017955263157894738,0.0018430379746835447,0.0034618749999999997,0.0029037037037037035,0.0007910204081632654,0.00454939393939394,0.001636060606060606,0.000987764705882353,6e-05,0.0014704761904761905,0.004581518987341772,0.004296785714285715,0.0015866666666666666,0.001901076923076923,0.0006083928571428572,0.0034842666666666665,0.0015179999999999998,0.004560158730158729,0.00026199999999999997,0.0021319354838709678,0.0028441666666666667,0.007744470588235293,0.001794516129032258,0.0016577333333333334,0.007092692307692308,0.038566923076923075,0.005290731707317073,0.0024105555555555555,0.0019025,0.0004881578947368422,0.0006627272727272727,4.4216867469879516e-05,0.00021624999999999997,0.0007157142857142858,0.0032607446808510646,0.0019125000000000001,0.000213,0.0041689473684210525,0.0004148421052631579,0.0006637142857142857,0.00249359649122807,9.78125e-05,0.0025702586206896552,0.000516,4.727272727272727e-05,0.002013076923076923,0.0006291666666666667,0.001605,0.001210204081632653,0.00031,0.0036389655172413787,0.00012727272727272728,0.0,0.0016310752688172042,0.0013974999999999999,0.00031,0.0,0.0008877777777777778,0.001367846153846154,0.0007346666666666667,0.0008334408602150537,0.0005994444444444447,0.004831441441441441,0.0006333333333333334,0.00042833333333333335,0.0036966666666666662,0.00026166666666666667,0.00012285714285714284,0.0001944155844155844,0.0021521428571428572,0.003767903225806451,0.0,0.0006774789915966385,0.00131
154000,0.001316,0.0009248148148148149,0.0019041666666666669,0.003959692307692307,0.002830379746835443,0.0009714285714285713,0.003240322580645161,0.0017510526315789475,0.0020986075949367086,0.00254875,0.0037745679012345682,0.0008987755102040817,0.005099393939393939,0.0019043939393939393,0.0009388235294117648,0.00013875,0.0016867857142857145,0.004869113924050633,0.0044575000000000005,0.0016221333333333332,0.002457076923076923,0.0006041071428571429,0.004217333333333333,0.0023939999999999994,0.003657777777777778,0.000172,0.0019272580645161288,0.0035979166666666664,0.011511411764705881,0.0019706451612903227,0.00171,0.005851538461538462,0.051996153846153845,0.004456585365853659,0.0032683333333333336,0.0014476785714285715,0.0005155263157894738,0.0008954545454545454,5.16867469879518e-05,0.000105625,0.00042714285714285716,0.003034893617021277,0.0012799999999999999,0.000159,0.004486315789473684,0.00033178947368421054,0.0006775714285714286,0.0025383333333333334,1.21875e-05,0.002363017241379311,0.000588,8.272727272727273e-05,0.0018303076923076925,5.1666666666666664e-05,0.0018470000000000001,0.0005804081632653061,0.000195,0.0035293103448275865,9.818181818181818e-05,0.0,0.0018335483870967739,0.00105375,0.00029000000000000006,0.0,0.0005644444444444445,0.0012533846153846154,0.0006966666666666666,0.0006803225806451613,0.0004211111111111111,0.004716126126126126,0.0003222222222222222,0.0005683333333333333,0.0030366666666666667,0.0001566666666666667,0.00018857142857142857,0.00016844155844155845,0.001830714285714286,0.003964758064516129,0.0,0.00047336134453781516,0.0016120000000000002
155000,0.0012097333333333333,0.0010948148148148147,0.002251666666666667,0.004458769230769231,0.0024369620253164555,0.0014185714285714285,0.002518064516129032,0.002091842105263158,0.0018205063291139238,0.0037243750000000003,0.004915432098765432,0.0007191836734693878,0.005747878787878788,0.001646969696969697,0.000993058823529412,9.083333333333334e-05,0.002195952380952381,0.004380506329113925,0.0053353571428571426,0.0021850666666666666,0.001774,0.0006282142857142858,0.0048104,0.0017620000000000001,0.0069484126984126985,0.00028799999999999995,0.0023530645161290316,0.0031087500000000004,0.010841058823529412,0.0025427419354838716,0.002170933333333333,0.006997692307692307,0.04570711538461539,0.005040365853658538,0.0027666666666666664,0.0022014285714285716,0.0005936842105263157,0.0006254545454545455,4.2771084337349395e-05,0.000135625,0.00046428571428571433,0.003141063829787235,0.00137375,0.000172,0.0048642105263157894,0.0002105263157894737,0.0005064285714285714,0.002690701754385965,5.65625e-05,0.0024462931034482755,0.000426,4.727272727272727e-05,0.0017923846153846154,0.00022500000000000002,0.001325,0.000846530612244898,0.000305,0.003715172413793104,0.00026090909090909094,0.0,0.0018196774193548393,0.00120375,7.666666666666667e-05,0.0,0.0004466666666666666,0.001038153846153846,0.0007146666666666667,0.0007323655913978493,0.00045564814814814817,0.004994414414414414,0.0003566666666666667,0.000385,0.0024533333333333334,6.166666666666667e-05,0.00014714285714285716,0.00012207792207792205,0.0024357142857142854,0.003716290322580645,0.0,0.0006327731092436973,0.0018759999999999998
156000,0.0012562666666666666,0.001024074074074074,0.0023041666666666666,0.003146,0.002832278481012658,0.0020742857142857143,0.002833064516129033,0.0018867105263157893,0.002245569620253164,0.0045918750000000005,0.004133703703703704,0.0007881632653061225,0.005277575757575758,0.001891060606060606,0.0012337647058823528,0.00014916666666666667,0.0020145238095238094,0.0047706329113924055,0.006287142857142857,0.0016688,0.0021023076923076924,0.0006635714285714285,0.004423733333333333,0.0021179999999999997,0.005287619047619048,0.000226,0.0024059677419354833,0.003776458333333333,0.00921470588235294,0.0021814516129032256,0.002505066666666667,0.008291923076923077,0.04485519230769231,0.004008536585365854,0.002882777777777778,0.0015371428571428574,0.0006902631578947369,0.0007790909090909092,7.819277108433734e-05,0.000198125,0.0005057142857142857,0.0031400000000000004,0.00158125,9.7e-05,0.0031242105263157897,0.0004297894736842106,0.0007559999999999999,0.0025329824561403503,7.875e-05,0.0021039655172413792,0.00045000000000000004,5.454545454545454e-05,0.0019786923076923076,0.00025833333333333334,0.0018629999999999996,0.0007948979591836735,0.000465,0.0036593103448275864,0.00012181818181818183,0.0,0.0016683870967741934,0.0014075000000000001,0.00011499999999999999,0.0,0.0007038888888888889,0.0011676923076923075,0.00075,0.0008284946236559141,0.0005514814814814815,0.004474324324324324,0.00023777777777777778,0.00025833333333333334,0.002733333333333333,9.499999999999999e-05,0.00012,0.00016545454545454545,0.0019607142857142857,0.003565,0.0,0.0006053781512605042,0.00209
157000,0.0014358666666666666,0.0012192592592592591,0.0021625,0.004784153846153847,0.002812658227848102,0.0016699999999999998,0.003629677419354839,0.002400921052631579,0.002310506329113924,0.003908125,0.004617407407407408,0.0010506122448979591,0.006219090909090909,0.0021637878787878788,0.001415647058823529,0.000175,0.002253571428571429,0.005577594936708861,0.005306428571428571,0.0022794666666666667,0.0030726153846153846,0.0008146428571428573,0.005124933333333332,0.002173333333333333,0.005765873015873016,0.000304,0.0027501612903225816,0.0035375000000000003,0.010977411764705881,0.0027209677419354835,0.0032632000000000004,0.008276153846153846,0.05929403846153847,0.005426341463414633,0.0027222222222222222,0.0019880357142857143,0.001014078947368421,0.0012645454545454544,0.00015987951807228915,0.00019062499999999998,0.0008085714285714286,0.004128085106382979,0.0012425,0.00018600000000000002,0.006737368421052631,0.0007368421052631577,0.0010168571428571427,0.004046754385964912,9.531249999999999e-05,0.0030861206896551727,0.00053,6.727272727272727e-05,0.0019154615384615386,0.00043,0.002787,0.0010959183673469389,0.00040500000000000003,0.004965862068965516,0.0003127272727272727,0.0,0.0027782795698924733,0.00169,0.00043166666666666673,0.0,0.0007683333333333333,0.001704,0.0009880000000000002,0.000879784946236559,0.00045935185185185185,0.008864954954954953,0.00061,0.0002666666666666666,0.004393333333333333,0.00011166666666666667,0.00023285714285714286,0.00034246753246753247,0.0021349999999999997,0.00491774193548387,0.0,0.0006908403361344538,0.001805
158000,0.0012472000000000002,0.000978148148148148,0.0022241666666666673,0.005037076923076924,0.002401012658227848,0.0014099999999999998,0.0036382258064516127,0.0016748684210526315,0.002047088607594937,0.004261875,0.0038932098765432094,0.001329795918367347,0.005664242424242425,0.001844848484848485,0.0011568235294117648,6.125e-05,0.0017667857142857144,0.005281518987341773,0.004245714285714285,0.0014723999999999998,0.0025438461538461535,0.0004733928571428571,0.0036676000000000005,0.0022723333333333332,0.004153333333333334,0.000172,0.003173064516129032,0.0029816666666666668,0.010462941176470586,0.001791774193548387,0.001972666666666667,0.007536153846153845,0.059583269230769224,0.004950365853658537,0.00371,0.001409642857142857,0.00046197368421052625,0.0006,3.457831325301205e-05,9.062500000000001e-05,0.00029571428571428576,0.002413404255319149,0.0007487500000000001,0.000124,0.0050847368421052625,0.0003471578947368421,0.000723,0.0025321052631578946,2.84375e-05,0.001863793103448276,0.00014,4e-05,0.0015790769230769233,0.00020083333333333333,0.001014,0.00059,0.00023500000000000002,0.00324896551724138,0.0001436363636363636,0.0,0.0014088172043010753,0.0007362499999999999,0.00014833333333333332,0.0,0.000395,0.0007935384615384615,0.0005173333333333333,0.0005173118279569892,0.0001955555555555556,0.0041182882882882885,0.00022777777777777775,0.00018666666666666666,0.0021366666666666665,6.666666666666667e-05,0.00015714285714285716,7.974025974025974e-05,0.0011228571428571427,0.0034422580645161282,0.0,0.00038176470588235293,0.001248
159000,0.0010835999999999999,0.0010074074074074074,0.0017991666666666668,0.0033256923076923077,0.0020982278481012657,0.001542857142857143,0.0029235483870967737,0.0016213157894736843,0.0015532911392405063,0.00385125,0.003780246913580247,0.0010987755102040816,0.005566969696969696,0.0014946969696969696,0.0009303529411764707,3.25e-05,0.0015522619047619046,0.00435379746835443,0.003976071428571429,0.0013180000000000002,0.0016463076923076924,0.0004917857142857144,0.0033173333333333336,0.0016140000000000002,0.004428571428571428,0.000214,0.0023093548387096772,0.0031125000000000002,0.006769529411764705,0.00210983870967742,0.0022739999999999995,0.007389615384615385,0.03678884615384616,0.0035369512195121944,0.0023527777777777783,0.0010364285714285714,0.00043618421052631567,0.0002554545454545455,5.566265060240964e-05,8.4375e-05,0.00020714285714285713,0.0020886170212765956,0.0004987500000000001,0.000116,0.0026263157894736845,0.0002797894736842105,0.0006057142857142858,0.0011961403508771932,5.7812499999999996e-05,0.001314396551724138,0.000178,6.545454545454546e-05,0.001125,0.00018333333333333334,0.001128,0.0005310204081632653,0.000275,0.0019406896551724137,4.727272727272727e-05,0.0,0.0009456989247311828,0.00112875,8.333333333333333e-05,0.0,0.00034888888888888887,0.0005687692307692307,0.0005426666666666667,0.00041290322580645155,0.00014324074074074074,0.0026900000000000006,0.0001811111111111111,0.0003716666666666667,0.0019199999999999998,0.00010666666666666668,0.00010571428571428571,7.623376623376624e-05,0.0012085714285714286,0.0019234677419354836,4.5e-05,0.0002836974789915966,0.000826
160000,0.0010956,0.0010474074074074077,0.0019333333333333331,0.003625076923076923,0.0034437974683544314,0.0015214285714285714,0.003011774193548387,0.0016239473684210527,0.0020796202531645574,0.005420625,0.004200864197530864,0.0013406122448979593,0.006381818181818182,0.0015634848484848483,0.000959529411764706,0.00012291666666666668,0.0016080952380952381,0.005672658227848101,0.005229285714285714,0.0015059999999999997,0.0019503076923076922,0.0005319642857142857,0.004205733333333335,0.0015609999999999999,0.005092857142857143,0.000296,0.0026346774193548392,0.003675833333333333,0.010251882352941178,0.0017990322580645158,0.0018610666666666667,0.0061400000000000005,0.03955673076923077,0.004673170731707318,0.002276666666666667,0.0012353571428571426,0.0005936842105263158,0.0006218181818181818,4.6987951807228915e-05,0.000178125,0.00045,0.00261,0.001075,0.0001,0.0036331578947368416,0.000368,0.0006389999999999999,0.0016528947368421054,4.906250000000001e-05,0.0018505172413793103,0.000332,6.727272727272727e-05,0.0013505384615384616,0.00037749999999999996,0.0013989999999999999,0.0007626530612244899,0.00016,0.002663793103448276,0.00023636363636363636,0.0,0.0015920430107526885,0.00135,0.0003333333333333333,0.0,0.00037361111111111113,0.0009238461538461539,0.0008226666666666666,0.0004924731182795698,0.00028175925925925927,0.004554324324324324,0.00042,0.0003483333333333333,0.00248,0.00010666666666666668,7e-05,0.00015051948051948052,0.002654285714285714,0.0027729838709677425,0.0,0.0004221008403361344,0.0009299999999999999
161000,0.0010369333333333335,0.0008181481481481481,0.0022483333333333335,0.0039476923076923074,0.0035225316455696205,0.0011457142857142857,0.002198709677419355,0.0019096052631578948,0.0018935443037974688,0.00512125,0.005548395061728395,0.0010128571428571428,0.005796666666666666,0.0015937878787878786,0.0008143529411764705,1.5e-05,0.0015894047619047617,0.0046973417721518996,0.005287857142857142,0.0013250666666666667,0.002002,0.000435,0.004385066666666667,0.0020910000000000004,0.007295079365079365,0.000268,0.0029496774193548386,0.003623541666666667,0.009388470588235293,0.0025124193548387093,0.002622,0.009118461538461537,0.04289884615384614,0.004201219512195122,0.002775555555555556,0.0016378571428571427,0.0008498684210526317,0.0006181818181818182,6.72289156626506e-05,5.875e-05,0.0006285714285714285,0.002727765957446808,0.00160125,0.00017099999999999998,0.0037342105263157895,0.0003877894736842105,0.0004890000000000001,0.0019532456140350877,0.0001384375,0.0019392241379310347,0.00040599999999999995,6.090909090909091e-05,0.0016664615384615388,0.0003416666666666667,0.00114,0.0006783673469387756,0.000275,0.0030382758620689653,0.00014454545454545455,0.0,0.0016341935483870967,0.0011675,0.00022,0.0,0.0004036111111111111,0.0012546153846153846,0.0006793333333333333,0.0006038709677419355,0.00017935185185185185,0.004645405405405406,0.00019222222222222224,0.0003316666666666667,0.0022933333333333334,9e-05,7.857142857142858e-05,0.00011545454545454546,0.0022521428571428575,0.002939677419354839,0.0,0.0005342016806722688,0.00114
162000,0.000908,0.0008522222222222223,0.0017441666666666664,0.003199846153846154,0.0018043037974683545,0.0010914285714285713,0.0025501612903225802,0.0014807894736842107,0.0016008860759493672,0.0027793749999999997,0.0035304938271604937,0.0008946938775510205,0.004961515151515151,0.0012848484848484846,0.000928235294117647,3.4166666666666666e-05,0.0014364285714285714,0.0044232911392405065,0.004085357142857143,0.0012193333333333331,0.0018435384615384616,0.0005221428571428572,0.0031368,0.001449,0.004417301587301587,0.00025199999999999995,0.0019533870967741937,0.002987708333333333,0.009303647058823528,0.001371451612903226,0.0017958666666666667,0.0065415384615384615,0.03858442307692307,0.004033658536585365,0.001983333333333333,0.0009091071428571428,0.0005221052631578946,0.0005963636363636363,5.204819277108434e-05,8.9375e-05,0.00031571428571428576,0.002839255319148936,0.0008487499999999999,0.0001,0.0034300000000000003,0.00038126315789473685,0.0006148571428571429,0.0019451754385964913,7.09375e-05,0.0017620689655172416,0.00025199999999999995,5.454545454545454e-05,0.001565846153846154,0.00029833333333333334,0.001148,0.0006640816326530614,0.000175,0.002702068965517242,3.545454545454545e-05,0.0,0.0018550537634408602,0.0010249999999999999,8.666666666666665e-05,0.0,0.00038250000000000003,0.0009136923076923076,0.0006513333333333334,0.0006292473118279569,0.0002600925925925926,0.004532162162162162,0.00019,0.00017,0.0021866666666666666,0.00015166666666666668,0.00013,0.00011181818181818181,0.001622142857142857,0.0028024193548387096,0.0,0.00047285714285714287,0.001229
163000,0.0012310666666666666,0.0010066666666666668,0.0012608333333333334,0.0037187692307692304,0.0025593670886075955,0.001542857142857143,0.002269677419354838,0.0014348684210526315,0.001759493670886076,0.003420625,0.002810493827160494,0.0008324489795918367,0.004233939393939394,0.0013037878787878787,0.0008685882352941175,1.7500000000000002e-05,0.0014916666666666665,0.00494139240506329,0.003862142857142858,0.0013866666666666667,0.001642,0.0006580357142857142,0.0031056000000000005,0.0017613333333333333,0.0040888888888888884,0.00030000000000000003,0.002043709677419355,0.0033293750000000003,0.009606470588235294,0.002035806451612903,0.001914933333333333,0.004543076923076923,0.040606346153846146,0.004400365853658537,0.001817222222222222,0.0012160714285714288,0.0007459210526315789,0.0008290909090909091,0.00011759036144578315,0.0001975,0.00029,0.002428723404255319,0.001255,0.000187,0.004140526315789474,0.00036810526315789475,0.0006491428571428571,0.0020451754385964914,6.375e-05,0.0020944827586206896,0.000464,0.00013727272727272728,0.0017351538461538461,0.00047416666666666663,0.0014659999999999999,0.000889387755102041,0.00030000000000000003,0.0032237931034482755,0.0002481818181818182,0.0,0.0017805376344086016,0.0009500000000000001,0.0003983333333333333,0.0,0.0004841666666666666,0.0013223076923076925,0.0007866666666666666,0.000762043010752688,0.00037703703703703705,0.004837027027027028,0.0003466666666666666,0.00045333333333333337,0.0021433333333333335,0.00012666666666666666,0.00020714285714285716,0.000245974025974026,0.00174,0.0034962903225806453,0.0,0.0005872268907563026,0.0021669999999999997
164000,0.0013721333333333334,0.000998888888888889,0.002,0.003733076923076923,0.003009746835443038,0.00131,0.0023296774193548387,0.0019942105263157893,0.0020527848101265823,0.00363,0.00391432098765432,0.0011385714285714285,0.005238787878787878,0.0017786363636363637,0.0009285882352941177,7.541666666666667e-05,0.0019264285714285713,0.004850379746835443,0.005252857142857143,0.0018301333333333332,0.0021826153846153844,0.0005619642857142856,0.004024666666666667,0.0016563333333333332,0.004559841269841271,0.000326,0.002615322580645161,0.003565416666666667,0.009121058823529411,0.0023443548387096775,0.0022665333333333334,0.006596153846153847,0.051983846153846165,0.0047160975609756095,0.0022005555555555554,0.0018207142857142855,0.0006230263157894736,0.0008172727272727272,6.963855421686748e-05,0.000271875,0.0007128571428571429,0.0029859574468085112,0.00118125,0.00022300000000000003,0.0035905263157894737,0.00045726315789473685,0.0008657142857142856,0.002122017543859649,0.000109375,0.002222844827586207,0.0005680000000000001,0.0001309090909090909,0.0018283846153846152,0.0006108333333333333,0.001393,0.0010875510204081632,0.00037,0.0030558620689655164,0.0001872727272727273,0.0,0.0019068817204301075,0.0013562499999999998,0.00020666666666666666,0.0,0.0007041666666666667,0.0010544615384615386,0.0009646666666666665,0.0008802150537634407,0.0006175,0.005157477477477477,0.0006066666666666666,0.0003783333333333334,0.002343333333333333,0.000295,0.00016428571428571428,0.00021649350649350645,0.002167142857142857,0.0034313709677419348,4.75e-05,0.0007609243697478991,0.0016980000000000003
165000,0.0011574666666666665,0.0009055555555555555,0.0016125000000000002,0.004250307692307692,0.0023843037974683543,0.0011942857142857141,0.0024882258064516127,0.001505,0.0016912658227848099,0.0045787499999999995,0.002852592592592593,0.0014218367346938775,0.005632424242424242,0.0019637878787878787,0.0009705882352941175,1.5e-05,0.0018677380952380948,0.00472620253164557,0.0056725,0.0016819999999999997,0.0017800000000000001,0.0005910714285714285,0.0031881333333333337,0.0021973333333333337,0.004820952380952381,0.00025199999999999995,0.0025533870967741935,0.004492916666666667,0.009199411764705881,0.0017961290322580648,0.0018209333333333332,0.0065723076923076915,0.039394807692307694,0.004690731707317074,0.0028094444444444447,0.0013580357142857144,0.0004372368421052632,0.0004936363636363636,3.19277108433735e-05,6.0624999999999996e-05,0.0004571428571428572,0.002400212765957447,0.0007524999999999999,5e-05,0.0035015789473684207,0.00022473684210526316,0.0007124285714285714,0.0018640350877192984,9e-05,0.001839396551724138,0.00019,6.181818181818182e-05,0.0014246923076923076,0.00029499999999999996,0.0009249999999999999,0.0006959183673469389,0.00013,0.0029144827586206896,3.272727272727273e-05,0.0,0.0013975268817204298,0.00119375,0.000155,0.0,0.0003113888888888889,0.0007263076923076923,0.0007473333333333332,0.000527741935483871,0.00022972222222222225,0.003910270270270271,0.0003477777777777778,9.499999999999999e-05,0.0015733333333333335,9e-05,0.00015714285714285713,9.324675324675324e-05,0.0013864285714285712,0.0029769354838709676,0.0,0.00039319327731092435,0.0013859999999999999
166000,0.0010025333333333333,0.0008988888888888888,0.002285,0.0030581538461538463,0.0021534177215189873,0.0010857142857142858,0.0028093548387096772,0.0015638157894736842,0.0016699999999999996,0.0038631250000000002,0.004556913580246914,0.0009242857142857142,0.005513333333333334,0.001681818181818182,0.000936941176470588,0.00013041666666666667,0.0015961904761904759,0.004309367088607594,0.004510357142857142,0.0015809333333333332,0.0018390769230769229,0.0005207142857142857,0.003442533333333333,0.001789,0.004651269841269841,0.00019,0.002165483870967742,0.0028435416666666665,0.0076828235294117645,0.0018608064516129033,0.0016626666666666667,0.01117076923076923,0.03551288461538461,0.0035082926829268285,0.002677222222222222,0.001085357142857143,0.00044907894736842107,0.0005454545454545455,3.566265060240964e-05,6.1875e-05,0.00046142857142857145,0.0023671276595744676,0.000835,0.000116,0.004875263157894737,0.00031484210526315786,0.0006678571428571429,0.0020508771929824564,8.375e-05,0.001644396551724138,0.00030399999999999996,5e-05,0.0015426923076923076,0.0002858333333333333,0.0012289999999999998,0.0009053061224489795,0.00031999999999999997,0.0028037931034482757,3.090909090909091e-05,0.0,0.001432795698924731,0.00116375,0.00019666666666666669,0.0,0.00031638888888888884,0.0008310769230769232,0.0005826666666666667,0.0006135483870967742,0.0003532407407407407,0.004147117117117117,0.0001588888888888889,0.00018666666666666666,0.00232,0.00011333333333333334,0.00013,8.701298701298702e-05,0.0012142857142857142,0.0027784677419354837,5.125e-05,0.0005170588235294118,0.0013189999999999999
167000,0.0010272,0.0008148148148148148,0.002005833333333333,0.003462461538461539,0.002765696202531646,0.00118,0.0029575806451612903,0.0017755263157894737,0.001770253164556962,0.00253375,0.004884197530864197,0.0008083673469387756,0.00444969696969697,0.0014574242424242425,0.0007769411764705881,3.6666666666666666e-05,0.0016866666666666666,0.003474050632911393,0.004316071428571428,0.001376,0.001782923076923077,0.00044821428571428573,0.0033985333333333336,0.0013783333333333332,0.005042222222222221,0.00020400000000000003,0.002752903225806452,0.002133958333333333,0.0073368235294117646,0.0019225806451612902,0.0018151999999999997,0.007476538461538463,0.05580673076923077,0.0042280487804878045,0.0021205555555555556,0.0016748214285714287,0.0004219736842105263,0.0006872727272727272,8.012048192771084e-05,4.625e-05,0.0006757142857142857,0.0030507446808510645,0.0010025,0.0001,0.0036331578947368416,0.00034989473684210524,0.0006975714285714286,0.0022500000000000003,8.468749999999999e-05,0.0020375000000000002,0.00022399999999999997,4.818181818181818e-05,0.0015520769230769232,0.00026583333333333336,0.001559,0.0005528571428571429,0.00063,0.003277241379310344,0.00020454545454545457,0.0,0.0014831182795698925,0.0011025000000000002,0.00023166666666666667,0.0,0.0004841666666666668,0.0009519999999999998,0.0009559999999999999,0.0007366666666666665,0.0002391666666666667,0.006269819819819819,0.0003166666666666667,0.000245,0.00175,6.166666666666667e-05,7e-05,0.00014402597402597404,0.0013421428571428573,0.003297741935483872,0.0,0.0005510924369747899,0.001243
168000,0.0010621333333333332,0.0007377777777777777,0.00201,0.0033409230769230764,0.002537088607594937,0.0013071428571428572,0.0017435483870967743,0.0018321052631578945,0.0016751898734177217,0.004278125000000001,0.0036917283950617286,0.0007324489795918367,0.004694848484848484,0.001793030303030303,0.0007957647058823528,0.0,0.0015723809523809525,0.003670126582278481,0.004574285714285716,0.0013782666666666667,0.002200923076923077,0.0005189285714285714,0.0040737333333333335,0.0016970000000000002,0.005065238095238097,0.000276,0.002350483870967742,0.002597708333333334,0.007430823529411767,0.0021582258064516135,0.0015096000000000003,0.007447692307692308,0.02984846153846154,0.003620121951219512,0.0021866666666666666,0.0016401785714285713,0.0005485526315789473,0.0008390909090909091,6.975903614457832e-05,0.00018312500000000002,0.0005057142857142858,0.003138723404255319,0.00133375,0.000133,0.003809473684210527,0.0003408421052631579,0.0006841428571428571,0.0019892105263157895,9.65625e-05,0.0019130172413793103,0.00041600000000000003,8.09090909090909e-05,0.0019122307692307691,0.00038750000000000004,0.001127,0.0008624489795918367,0.00047,0.003511034482758621,0.00017181818181818184,0.0,0.001741075268817204,0.0010362499999999998,9.499999999999999e-05,0.0,0.0007358333333333335,0.001088923076923077,0.0009086666666666667,0.0008076344086021506,0.0004405555555555555,0.004836666666666665,0.0007677777777777778,0.0005549999999999999,0.00189,0.00021833333333333332,0.00028,0.00016649350649350648,0.0016785714285714286,0.003479758064516129,0.0,0.0006410084033613444,0.001796
169000,0.0010949333333333333,0.0007496296296296297,0.0016491666666666666,0.0029460000000000003,0.0021584810126582276,0.0009557142857142856,0.0017096774193548383,0.0014538157894736844,0.0013453164556962026,0.0028306250000000002,0.0037306172839506172,0.0008132653061224489,0.004259090909090909,0.0017421212121212122,0.0007730588235294118,1.125e-05,0.0014255952380952382,0.003954556962025317,0.0036546428571428576,0.0012565333333333332,0.0019879999999999997,0.0003908928571428571,0.002891199999999999,0.0015499999999999997,0.003456507936507936,0.000198,0.0021512903225806455,0.002644791666666667,0.008055529411764706,0.0022269354838709674,0.0015006666666666666,0.007476923076923077,0.03699153846153846,0.0034678048780487805,0.0016694444444444445,0.0014460714285714285,0.00027973684210526317,0.0005518181818181819,5.6506024096385536e-05,0.00014249999999999997,0.00026285714285714286,0.0019323404255319149,0.00094,0.000179,0.0036694736842105267,0.00033168421052631584,0.0007265714285714286,0.0019119298245614037,0.0002140625,0.002129741379310345,0.0005420000000000001,0.00016,0.001380076923076923,0.00032166666666666666,0.001251,0.0005881632653061224,0.00033,0.002869655172413793,0.0003,0.0,0.0013144086021505377,0.0008912500000000001,0.00018666666666666666,0.0,0.00041833333333333333,0.000988153846153846,0.000982,0.0006161290322580645,0.00037435185185185184,0.004461981981981982,0.0007888888888888889,0.0007516666666666667,0.0017966666666666667,0.00018166666666666667,0.00017714285714285713,0.0003584415584415585,0.0021192857142857146,0.0031322580645161287,0.00015874999999999998,0.0004938655462184874,0.0011030000000000002
170000,0.0012086666666666667,0.0007744444444444444,0.0018833333333333332,0.0033652307692307692,0.0027091139240506333,0.0012028571428571429,0.002413709677419355,0.0018585526315789472,0.0015889873417721516,0.00622875,0.00431604938271605,0.0008677551020408163,0.00560939393939394,0.001829848484848485,0.0009629411764705882,1.6666666666666667e-05,0.0016622619047619049,0.00416126582278481,0.004972142857142857,0.0013341333333333333,0.002413846153846154,0.000525,0.0039665333333333335,0.0025789999999999997,0.007746507936507936,0.000234,0.002336774193548387,0.0024831249999999997,0.00815894117647059,0.002285967741935483,0.0016454666666666667,0.010692307692307692,0.0398248076923077,0.0042093902439024385,0.002381666666666667,0.0020207142857142854,0.0005200000000000001,0.000921818181818182,0.00013204819277108434,0.000336875,0.0007428571428571429,0.003094787234042554,0.001495,0.00017999999999999998,0.00544684210526316,0.00033694736842105266,0.0009637142857142856,0.002366842105263158,0.000143125,0.0027624137931034484,0.000702,0.0001618181818181818,0.001826307692307692,0.0005466666666666667,0.0017119999999999995,0.000912857142857143,0.000535,0.0037796551724137927,0.00033181818181818177,0.0,0.0021836559139784945,0.0017125,0.000285,0.0,0.0007633333333333333,0.0014661538461538462,0.0011673333333333334,0.0009403225806451612,0.00041370370370370367,0.005214774774774775,0.0007877777777777777,0.0007499999999999999,0.0026666666666666666,0.00026,0.00016857142857142857,0.0002912987012987013,0.003585714285714286,0.004058548387096773,0.0,0.0008549579831932773,0.0016740000000000001
171000,0.0011422666666666666,0.0009107407407407405,0.0021316666666666667,0.003506461538461538,0.0026693670886075945,0.001072857142857143,0.0026479032258064513,0.0019464473684210524,0.0017811392405063292,0.00483,0.005120493827160494,0.0007757142857142856,0.005092424242424243,0.0019736363636363636,0.0010230588235294116,3.208333333333334e-05,0.0019398809523809523,0.005271898734177214,0.004838928571428571,0.001714,0.001925076923076923,0.0006321428571428572,0.0040121333333333325,0.0023829999999999993,0.005705079365079364,0.00020400000000000003,0.002834032258064516,0.0032960416666666663,0.009956941176470589,0.0026680645161290322,0.0020434666666666666,0.009338076923076923,0.05002442307692308,0.00433109756097561,0.002568333333333334,0.0013132142857142856,0.00034868421052631577,0.00047454545454545454,5.7469879518072286e-05,9.999999999999999e-05,0.0005685714285714285,0.0026692553191489366,0.00080875,4.4999999999999996e-05,0.002975263157894737,0.00026473684210526313,0.0005598571428571426,0.0019169298245614037,4.2812500000000004e-05,0.0018507758620689655,0.00024200000000000003,6.90909090909091e-05,0.0014553076923076926,0.00042249999999999997,0.0012810000000000002,0.0006238775510204081,0.000425,0.002586206896551724,0.00039999999999999996,0.0,0.0015740860215053762,0.0009249999999999998,0.0003116666666666667,0.0,0.00032944444444444444,0.0007426153846153845,0.0008913333333333333,0.0005129032258064517,0.00017722222222222222,0.004793693693693693,0.00036,0.0005333333333333333,0.00194,9.499999999999999e-05,9e-05,0.00019441558441558442,0.002037142857142857,0.0027579032258064516,6.75e-05,0.00029848739495798315,0.000972
172000,0.0009402666666666667,0.0007155555555555555,0.0017999999999999997,0.0028076923076923084,0.002839999999999999,0.00106,0.00237758064516129,0.001402763157894737,0.0015213924050632912,0.003260625,0.003262222222222222,0.0007742857142857143,0.00403939393939394,0.002139545454545455,0.0007892941176470588,2.8749999999999997e-05,0.0012576190476190476,0.004299367088607595,0.0043239285714285714,0.0013230666666666667,0.0021026153846153846,0.00050125,0.0030622666666666664,0.0016829999999999998,0.004378253968253969,0.000138,0.0015459677419354838,0.0028539583333333333,0.007719058823529412,0.0015416129032258066,0.0014030666666666667,0.008574615384615385,0.044207692307692295,0.003810121951219512,0.002574444444444444,0.0011967857142857142,0.0002976315789473684,0.0005927272727272728,3.8915662650602416e-05,4.0625e-05,0.0003628571428571429,0.002711382978723405,0.00071,4.4e-05,0.0030584210526315788,0.00025873684210526315,0.0003094285714285714,0.0017176315789473682,3.25e-05,0.001625344827586207,0.000394,3.181818181818182e-05,0.0013396153846153848,0.0002508333333333333,0.0008620000000000001,0.0005540816326530612,0.000185,0.0023258620689655166,0.00011545454545454546,0.0,0.0013566666666666666,0.0007737499999999999,9.166666666666667e-05,0.0,0.0004408333333333333,0.0007332307692307692,0.000486,0.0005469892473118279,0.00024287037037037037,0.0035376576576576575,6.333333333333333e-05,0.00023833333333333334,0.0017499999999999998,6.333333333333333e-05,7.285714285714286e-05,3.311688311688312e-05,0.0012999999999999997,0.0027991935483870968,0.0,0.0003428571428571429,0.0015
173000,0.0012492000000000002,0.0009007407407407407,0.0016966666666666666,0.0036116923076923075,0.0028263291139240506,0.0009114285714285715,0.002471290322580645,0.001793815789473684,0.00156873417721519,0.003038125,0.004387283950617283,0.0006855102040816327,0.005067272727272727,0.0016290909090909092,0.0010327058823529412,4.541666666666667e-05,0.0015645238095238097,0.004526835443037975,0.005131785714285714,0.0014906666666666666,0.001864153846153846,0.0005539285714285714,0.0044305333333333335,0.0019213333333333335,0.005159841269841268,0.00023600000000000002,0.0021606451612903228,0.0026810416666666666,0.00848564705882353,0.0020933870967741936,0.0019078666666666666,0.007524230769230769,0.04159788461538462,0.004812926829268292,0.0017383333333333333,0.0015510714285714283,0.00039355263157894743,0.0006418181818181818,5.0240963855421685e-05,8.1875e-05,0.00037000000000000005,0.00265563829787234,0.0011475,0.000184,0.0030368421052631577,0.0003933684210526315,0.0007395714285714285,0.002100964912280702,4.65625e-05,0.0023710344827586206,0.000404,7.272727272727273e-05,0.0018196153846153848,0.00031916666666666665,0.001322,0.0007030612244897959,0.0,0.0030455172413793095,0.00013545454545454546,0.0,0.0014865591397849457,0.00101875,0.00013666666666666666,0.0,0.00041416666666666663,0.0010593846153846155,0.0009313333333333333,0.0005519354838709677,0.00031509259259259256,0.004304144144144144,0.00034,0.00063,0.0021366666666666665,0.000125,0.00020857142857142857,0.00013415584415584414,0.0022614285714285714,0.0035465322580645166,5e-05,0.00047941176470588234,0.001491
174000,0.0014866666666666663,0.0013370370370370374,0.002320833333333333,0.005080307692307692,0.0036563291139240506,0.0015328571428571429,0.004111774193548388,0.002145526315789474,0.0019507594936708857,0.004746874999999999,0.005406049382716049,0.001264081632653061,0.008146060606060606,0.002245757575757576,0.0012182352941176471,3.6666666666666666e-05,0.002201071428571429,0.006749873417721517,0.006200714285714286,0.0019368,0.002779076923076923,0.0009730357142857144,0.005434266666666666,0.0027173333333333333,0.00546,0.00033999999999999997,0.0032182258064516124,0.003961458333333333,0.013568117647058826,0.0024129032258064513,0.002053466666666666,0.013019615384615383,0.050434230769230766,0.005321219512195122,0.0026333333333333334,0.0014807142857142855,0.0005238157894736843,0.0005654545454545454,7.686746987951807e-05,0.00012749999999999998,0.0003914285714285715,0.003143085106382978,0.00124,0.00015500000000000003,0.005111578947368421,0.00036978947368421054,0.0006784285714285714,0.0024548245614035087,6.937499999999999e-05,0.0022932758620689653,0.00040800000000000005,4.3636363636363636e-05,0.002063,0.00044166666666666665,0.001229,0.0008655102040816326,0.00042500000000000003,0.0034179310344827586,0.00031363636363636365,0.0,0.0018243010752688172,0.00103125,0.00015166666666666668,0.0,0.0005952777777777779,0.0010410769230769232,0.0009446666666666667,0.0006096774193548386,0.0003374074074074074,0.005382972972972973,0.0004144444444444445,0.00028833333333333337,0.0026166666666666664,6.5e-05,0.00017571428571428572,0.00019844155844155845,0.002732142857142857,0.0035313709677419355,0.0,0.00042764705882352946,0.000969
175000,0.0013517333333333335,0.0009855555555555555,0.0020183333333333334,0.004185538461538462,0.00341746835443038,0.0009685714285714286,0.004422096774193547,0.001714736842105263,0.0020825316455696206,0.0039700000000000004,0.004598518518518519,0.0008412244897959185,0.0060339393939393944,0.0018407575757575759,0.0010968235294117649,4.333333333333334e-05,0.0019239285714285712,0.006681392405063293,0.0052392857142857146,0.0018122666666666664,0.0022838461538461537,0.0006442857142857142,0.0042248,0.002273333333333334,0.004488412698412699,0.000312,0.002319516129032258,0.0038724999999999996,0.014302588235294117,0.0017109677419354838,0.0015813333333333335,0.009161153846153845,0.057582307692307697,0.00584609756097561,0.0029022222222222223,0.001450892857142857,0.0005675,0.0007109090909090909,3.0722891566265065e-05,9.125e-05,0.00051,0.003896063829787234,0.0013475,0.000141,0.003922105263157894,0.00035968421052631576,0.0007904285714285714,0.0020323684210526317,0.0001121875,0.001779396551724138,0.00046,0.0,0.0013584615384615386,0.00022,0.0018620000000000002,0.0006793877551020408,0.00032,0.0029655172413793106,3.3636363636363636e-05,0.0,0.0014934408602150537,0.00136375,0.00035166666666666663,0.0,0.0004833333333333333,0.0010423076923076924,0.000628,0.0006601075268817204,0.00034611111111111106,0.005204054054054054,0.0002866666666666666,0.00036,0.00346,6.333333333333333e-05,9.285714285714286e-05,0.0001224675324675325,0.0016642857142857143,0.0033612096774193545,0.0,0.0004491596638655462,0.0019030000000000002
176000,0.0011229333333333332,0.0008744444444444445,0.0015416666666666667,0.003414769230769231,0.0033217721518987342,0.001052857142857143,0.0026277419354838708,0.0016184210526315789,0.001636582278481013,0.003046875,0.003026172839506173,0.0006195918367346939,0.004265151515151514,0.0014928787878787878,0.0010351764705882353,0.00012624999999999998,0.0018429761904761909,0.005785949367088607,0.004696428571428572,0.0013890666666666665,0.0015823076923076923,0.0006732142857142857,0.003842266666666667,0.0020456666666666666,0.003656984126984127,0.000198,0.00220758064516129,0.003350625,0.008587294117647058,0.0018738709677419356,0.0016437333333333335,0.0037361538461538465,0.04238692307692307,0.004368536585365854,0.0021411111111111114,0.0016569642857142857,0.0004805263157894736,0.0005154545454545454,4.36144578313253e-05,0.0001675,0.00028857142857142856,0.002034468085106383,0.000915,0.00010899999999999998,0.0027468421052631578,0.00031284210526315786,0.00041299999999999996,0.0016062280701754385,0.000124375,0.0016341379310344825,0.00031800000000000003,4.2727272727272724e-05,0.001339153846153846,0.0003291666666666666,0.001326,0.0007332653061224489,0.00024,0.0025037931034482762,0.0002918181818181818,0.0,0.0014265591397849464,0.0008337500000000001,9.666666666666667e-05,0.0,0.0003733333333333333,0.0009689230769230769,0.0007639999999999998,0.00044591397849462364,0.000312962962962963,0.0048115315315315306,0.00032,0.0005466666666666667,0.00256,9.499999999999999e-05,7.571428571428571e-05,7.961038961038961e-05,0.0012571428571428573,0.0030167741935483872,0.0,0.0004382352941176471,0.001324
177000,0.0011737333333333335,0.0008903703703703705,0.001935,0.004453538461538461,0.003173544303797469,0.001072857142857143,0.0033598387096774197,0.0016214473684210528,0.0019586075949367086,0.0033437500000000004,0.0024907407407407404,0.0011651020408163266,0.005001212121212121,0.0016604545454545453,0.0010667058823529414,6e-05,0.0014157142857142856,0.0042070886075949365,0.0052814285714285715,0.0017068,0.0018666153846153845,0.0005608928571428571,0.0031901333333333335,0.001803,0.003922539682539683,0.00020999999999999998,0.002324516129032258,0.0027789583333333334,0.008496470588235295,0.001595967741935484,0.0015915999999999999,0.004817307692307692,0.05106057692307693,0.005254024390243903,0.002513888888888889,0.00165125,0.0007825,0.0007836363636363637,7.72289156626506e-05,0.000255625,0.00043142857142857143,0.002531276595744681,0.0014962500000000002,0.000125,0.0038900000000000002,0.00047831578947368417,0.000602,0.0024863157894736846,0.00010687500000000001,0.002223103448275862,0.000522,6.272727272727273e-05,0.002078923076923077,0.0003125,0.00152,0.0009338775510204082,0.00054,0.0034182758620689654,0.0003627272727272727,0.0,0.0021616129032258065,0.0011787500000000001,0.0003066666666666667,0.0,0.000585,0.0011403076923076924,0.0006793333333333333,0.0007151612903225805,0.00034509259259259264,0.004669459459459459,0.00045666666666666664,0.00055,0.0029966666666666666,0.00011833333333333331,0.0002257142857142857,0.00018155844155844154,0.002811428571428572,0.0035264516129032255,0.0,0.0005521008403361344,0.001425
178000,0.0011178666666666669,0.0010255555555555556,0.0014725,0.0032033846153846158,0.0029031645569620253,0.0011642857142857143,0.0030232258064516134,0.0019228947368421052,0.0014940506329113924,0.00371625,0.004144691358024691,0.0009785714285714285,0.004816363636363636,0.0016153030303030303,0.0009921176470588234,1.4583333333333333e-05,0.0015676190476190475,0.004312658227848103,0.005495,0.0013595999999999999,0.0019476923076923076,0.0006226785714285714,0.003962133333333332,0.0020936666666666664,0.0054638095238095236,0.000244,0.002282258064516129,0.0034414583333333333,0.008739176470588235,0.0019185483870967743,0.0018865333333333333,0.009914615384615385,0.04001384615384615,0.004071951219512195,0.002263888888888889,0.001450892857142857,0.0006315789473684211,0.0005427272727272727,7.939759036144579e-05,9.1875e-05,0.0003042857142857143,0.003931170212765957,0.0013150000000000002,0.00013,0.003947368421052632,0.000533263157894737,0.0007499999999999999,0.002665438596491228,0.0001978125,0.0027522413793103447,0.00034,3.6363636363636364e-05,0.0016431538461538463,0.00031583333333333333,0.001513,0.0006706122448979592,0.00013,0.0038217241379310345,0.00034636363636363635,0.0,0.001658709677419355,0.0009,0.00029833333333333334,0.0,0.00041111111111111106,0.0009295384615384616,0.0008106666666666667,0.000663225806451613,0.0003857407407407407,0.008135675675675674,0.0005044444444444444,0.0003316666666666667,0.0035133333333333336,9.333333333333333e-05,0.00015714285714285716,0.00030545454545454544,0.001975,0.0037034677419354838,0.0,0.00049109243697479,0.0016800000000000003
179000,0.0015216,0.0009229629629629629,0.0020083333333333338,0.004102461538461538,0.0031959493670886074,0.0013571428571428571,0.002126612903225807,0.002180526315789474,0.002026075949367089,0.003735625,0.0043940740740740745,0.0011938775510204082,0.0056609090909090914,0.0017733333333333334,0.0010369411764705881,1.375e-05,0.0018003571428571428,0.004695443037974684,0.0052539285714285735,0.001609866666666667,0.0018535384615384614,0.0005882142857142857,0.0034462666666666662,0.0019983333333333333,0.005559365079365079,0.00024400000000000002,0.002782258064516129,0.0028318749999999998,0.00790364705882353,0.0018490322580645162,0.0018045333333333328,0.008166538461538461,0.04099769230769231,0.005089756097560976,0.0016044444444444444,0.0014535714285714286,0.00041921052631578945,0.0008245454545454545,5.4457831325301205e-05,0.000113125,0.00027,0.0030843617021276597,0.0010600000000000002,4.7e-05,0.004391578947368421,0.0003690526315789474,0.0007511428571428571,0.0029444736842105263,3.84375e-05,0.0019682758620689655,0.000628,7.000000000000001e-05,0.0017036923076923078,0.0003283333333333333,0.0013770000000000002,0.0007185714285714286,0.000205,0.0029668965517241387,4.090909090909091e-05,0.0,0.0019466666666666666,0.0012950000000000001,0.00018999999999999998,0.0,0.0005155555555555556,0.0009529230769230769,0.0008846666666666667,0.0006931182795698924,0.0004665740740740741,0.00548063063063063,0.00038666666666666667,0.00028333333333333335,0.0027899999999999995,0.00014333333333333334,0.00010285714285714284,0.00014701298701298702,0.003050714285714286,0.0032903225806451613,0.0,0.00046210084033613446,0.001425
180000,0.0015343999999999998,0.001261851851851852,0.0017183333333333332,0.004594923076923077,0.002944430379746836,0.0014485714285714286,0.0024717741935483865,0.0021493421052631574,0.0017716455696202536,0.0044275,0.004618024691358025,0.0009506122448979591,0.004532424242424242,0.0017430303030303031,0.0011365882352941177,6.916666666666666e-05,0.0019191666666666667,0.004330253164556964,0.004704642857142857,0.0017692,0.0016883076923076925,0.0006307142857142858,0.0035708,0.0017163333333333334,0.0047720634920634915,0.000248,0.002284516129032258,0.0029754166666666666,0.008107411764705884,0.0016304838709677424,0.0021806666666666667,0.006893461538461538,0.04744307692307692,0.005020975609756098,0.00195,0.0019178571428571428,0.0006505263157894738,0.0009563636363636364,7.421686746987952e-05,0.000195625,0.0007428571428571429,0.004099574468085106,0.00128625,0.00025600000000000004,0.004732631578947368,0.0006382105263157894,0.0010387142857142856,0.002982456140350877,0.000301875,0.002568534482758621,0.000592,0.00021818181818181816,0.0019292307692307695,0.0004583333333333333,0.001513,0.0011159183673469387,0.00017,0.004166551724137931,0.00038454545454545447,0.0,0.0028415053763440855,0.0016825000000000002,0.0004233333333333333,0.0,0.0007302777777777778,0.0015060000000000002,0.0012653333333333334,0.0009015053763440861,0.0004604629629629629,0.007865585585585587,0.0006577777777777777,0.00054,0.003486666666666667,0.0005,0.00045285714285714287,0.0003223376623376624,0.003256428571428571,0.004219112903225806,0.00016375,0.0006469747899159663,0.0013180000000000002
181000,0.0012916,0.0009285185185185185,0.0027224999999999997,0.004836153846153846,0.002278481012658228,0.0015314285714285714,0.0030408064516129034,0.0021542105263157897,0.0018708860759493672,0.0046012499999999994,0.004431358024691358,0.001036938775510204,0.0066651515151515146,0.0019299999999999999,0.0009607058823529411,1.0833333333333332e-05,0.0018020238095238096,0.005054177215189873,0.005838214285714287,0.0014716,0.0021904615384615387,0.0007808928571428573,0.0036457333333333327,0.0015890000000000001,0.005735396825396826,0.000302,0.002798709677419354,0.003340625,0.009999882352941176,0.001755806451612903,0.001498,0.009027692307692308,0.03825538461538462,0.005129878048780488,0.0026599999999999996,0.0014187499999999999,0.0006757894736842104,0.0008636363636363637,6.590361445783132e-05,0.00012812499999999998,0.00051,0.004095531914893617,0.00142375,0.000168,0.004146842105263158,0.0004982105263157895,0.0010352857142857143,0.0030148245614035093,2.28125e-05,0.0028045689655172416,0.00034600000000000006,5.181818181818182e-05,0.002265076923076923,0.0005791666666666667,0.001109,0.0008222448979591838,0.000285,0.004211379310344827,0.00014818181818181816,0.0,0.0022454838709677423,0.0013775,0.00035666666666666664,0.0,0.0006308333333333334,0.001295846153846154,0.0011140000000000002,0.0006795698924731184,0.00047481481481481474,0.007504684684684684,0.00043555555555555557,0.0004133333333333333,0.0032933333333333334,0.00018666666666666666,0.00019142857142857142,0.0002876623376623376,0.002202142857142857,0.004626209677419354,0.0,0.0005539495798319329,0.001423
182000,0.0011461333333333333,0.0009955555555555555,0.0019516666666666669,0.003192769230769231,0.003381392405063291,0.0016214285714285712,0.002327258064516129,0.0018460526315789475,0.0016434177215189874,0.003453125,0.00459358024691358,0.0008228571428571428,0.005511515151515151,0.0016389393939393938,0.0009671764705882352,0.0,0.0018277380952380952,0.004907215189873417,0.004807857142857142,0.0014164,0.002263846153846154,0.00056625,0.004461200000000001,0.0015793333333333334,0.0056703174603174615,0.000256,0.0024385483870967744,0.003700208333333333,0.01019070588235294,0.0019714516129032255,0.002034666666666667,0.007748461538461538,0.036176153846153844,0.004456585365853658,0.001641111111111111,0.0013701785714285712,0.0007873684210526315,0.0006727272727272728,5.819277108433735e-05,0.00014812499999999998,0.0006314285714285713,0.002277659574468085,0.00074625,0.000133,0.003143157894736842,0.00035263157894736846,0.0007147142857142856,0.002067719298245614,8.375e-05,0.001709396551724138,0.00041000000000000005,7.727272727272727e-05,0.0015193846153846152,0.00032083333333333334,0.0014169999999999999,0.0007263265306122448,0.000215,0.0025706896551724134,6.727272727272727e-05,0.0,0.0015858064516129033,0.00084875,0.00024,0.0,0.0005152777777777777,0.000960153846153846,0.0007273333333333333,0.0007534408602150537,0.0004403703703703704,0.002981801801801802,0.0003588888888888889,0.0005583333333333333,0.0029233333333333333,9.999999999999999e-05,0.00012142857142857142,0.00018233766233766234,0.0014614285714285714,0.002843629032258065,4.5e-05,0.00043378151260504207,0.001105
183000,0.0012057333333333334,0.0010514814814814816,0.0018591666666666667,0.0044623076923076925,0.0032226582278481017,0.002085714285714286,0.002269677419354839,0.002130789473684211,0.0019550632911392407,0.003465,0.004259382716049383,0.001436122448979592,0.0049566666666666665,0.001819242424242424,0.0011174117647058824,0.00015666666666666663,0.0019100000000000002,0.004939367088607594,0.004827142857142857,0.0018481333333333334,0.0017321538461538462,0.0005982142857142858,0.0042580000000000005,0.0017933333333333334,0.004847460317460317,0.00038,0.0023425806451612906,0.0037345833333333332,0.01149694117647059,0.0019629032258064523,0.0027321333333333335,0.007422692307692307,0.051262499999999996,0.004937439024390244,0.002222777777777778,0.0018225,0.0006663157894736843,0.0011309090909090908,8.939759036144578e-05,0.00028375,0.0008228571428571428,0.003168297872340425,0.001605,0.00010200000000000001,0.0046,0.0005092631578947368,0.0006885714285714286,0.0033630701754385965,6.5e-05,0.0028036206896551725,0.000596,6.363636363636364e-05,0.002702769230769231,0.00046083333333333333,0.00143,0.001146530612244898,0.00018,0.00388448275862069,0.00011545454545454546,0.0,0.0029053763440860213,0.0011350000000000002,0.00027,0.0,0.0007777777777777777,0.0016595384615384616,0.001194,0.000905483870967742,0.000482037037037037,0.005528828828828829,0.0006844444444444443,0.0006016666666666666,0.0048200000000000005,0.00019333333333333333,0.00015428571428571428,0.0002025974025974026,0.002449285714285714,0.004712096774193548,0.0,0.0006563025210084033,0.001663
184000,0.001116,0.0010081481481481482,0.0019441666666666667,0.0036809230769230773,0.002941012658227848,0.001494285714285714,0.002967258064516129,0.0018898684210526316,0.0017678481012658226,0.004108125,0.004962469135802469,0.0011706122448979592,0.0053584848484848485,0.002038030303030303,0.0011429411764705883,0.00013291666666666665,0.0020111904761904763,0.004697468354430381,0.005082500000000001,0.0016279999999999999,0.0018906153846153847,0.0006180357142857143,0.0043,0.0019656666666666668,0.0049449206349206345,0.00028000000000000003,0.002512258064516129,0.0032489583333333333,0.007786352941176472,0.0020282258064516128,0.0020575999999999997,0.007355384615384615,0.03811442307692308,0.0036435365853658536,0.0025155555555555556,0.001296607142857143,0.00045960526315789476,0.0006390909090909091,5.63855421686747e-05,0.00015875,0.00035142857142857144,0.0020993617021276595,0.0008712500000000001,0.000132,0.0024421052631578948,0.0002765263157894737,0.0004387142857142857,0.001614298245614035,7.25e-05,0.0017131896551724137,0.000358,4.909090909090909e-05,0.0011616923076923078,0.00040083333333333334,0.001067,0.0006851020408163266,0.00013,0.002238620689655172,0.0002145454545454545,0.0,0.001411827956989247,0.0011725,0.000245,0.0,0.00037,0.0007741538461538461,0.0007006666666666667,0.0005305376344086021,0.000290925925925926,0.004379279279279279,0.00040444444444444447,0.00041833333333333333,0.00308,0.00015333333333333334,0.00010285714285714286,0.00011194805194805193,0.0014,0.002604596774193548,0.0,0.0004229411764705882,0.001011
185000,0.0010898666666666666,0.000904814814814815,0.0013725000000000002,0.0033569230769230772,0.002649367088607595,0.0011942857142857144,0.0030451612903225804,0.0014628947368421053,0.0019154430379746837,0.0033612499999999997,0.003381111111111111,0.0010646938775510204,0.005824545454545455,0.0016834848484848484,0.0009617647058823532,6.083333333333333e-05,0.001634047619047619,0.005675822784810127,0.004229642857142857,0.0015861333333333331,0.0020707692307692306,0.0006091071428571429,0.0032361333333333336,0.001817,0.0037350793650793657,0.000466,0.0021777419354838705,0.003437708333333333,0.011097176470588234,0.0012791935483870969,0.0014470666666666666,0.006098846153846154,0.047030576923076925,0.0042025609756097555,0.0024133333333333333,0.0015055357142857142,0.0005563157894736842,0.0009263636363636365,2.7710843373493974e-05,0.0001525,0.0002728571428571429,0.002800212765957446,0.00108,0.000155,0.0035899999999999994,0.00021494736842105264,0.0005981428571428572,0.00226921052631579,0.00012625,0.0018845689655172411,0.000536,7.09090909090909e-05,0.0017463846153846154,0.00016083333333333333,0.001349,0.0006979591836734694,0.0,0.0028082758620689655,3e-05,0.0,0.0014319354838709677,0.00095,0.00017166666666666667,0.0,0.0004805555555555555,0.0009261538461538462,0.0006673333333333334,0.0007140860215053763,0.00041833333333333333,0.004155945945945946,0.00032888888888888887,0.00042333333333333334,0.0022400000000000002,0.00011,0.00010142857142857143,0.00010311688311688312,0.0016700000000000003,0.003461209677419355,0.0,0.0004652100840336135,0.001305
186000,0.0011036000000000002,0.0006981481481481483,0.0014116666666666668,0.004448461538461539,0.0027529113924050636,0.0010371428571428571,0.0027108064516129034,0.0015315789473684214,0.0016269620253164558,0.00331125,0.003715432098765432,0.0007455102040816327,0.004205151515151515,0.0012492424242424244,0.0008516470588235297,4.8333333333333334e-05,0.0014764285714285715,0.004424683544303798,0.004361428571428572,0.0014346666666666666,0.0018047692307692307,0.0005376785714285714,0.0029460000000000007,0.001334,0.0035523809523809523,0.000274,0.0021359677419354843,0.002950208333333333,0.008861058823529413,0.001167258064516129,0.001271066666666667,0.005086923076923077,0.049161538461538465,0.004367195121951219,0.0017444444444444443,0.0013835714285714285,0.0006896052631578947,0.0005636363636363636,6.265060240963856e-05,0.000179375,0.00030285714285714285,0.0034443617021276598,0.0013650000000000001,0.000128,0.00416578947368421,0.0004329473684210526,0.0004522857142857142,0.002571578947368421,5.78125e-05,0.0021876724137931034,0.000394,5.272727272727273e-05,0.0020626153846153845,0.0003125,0.001506,0.0006246938775510204,0.00027,0.00319,2.4545454545454545e-05,0.0,0.0019831182795698927,0.0007700000000000001,0.00021166666666666667,0.0,0.00048361111111111114,0.0011692307692307692,0.0009753333333333334,0.0007346236559139784,0.00018999999999999996,0.004820630630630631,0.0007655555555555556,0.00067,0.0026200000000000004,7.333333333333333e-05,5e-05,0.00019311688311688313,0.001757142857142857,0.003658629032258065,0.0,0.0005243697478991596,0.0013650000000000001
187000,0.0009736,0.0009088888888888889,0.0016591666666666666,0.00422323076923077,0.002436962025316456,0.001517142857142857,0.003569193548387096,0.0016242105263157894,0.002083417721518987,0.0031699999999999996,0.004663703703703704,0.0010193877551020406,0.004519090909090909,0.0016654545454545453,0.0009654117647058823,0.0,0.0015684523809523807,0.005767341772151899,0.003606071428571428,0.0015884000000000002,0.001898,0.0005448214285714286,0.0035513333333333343,0.0020859999999999997,0.0052928571428571426,0.000308,0.0021148387096774192,0.00391625,0.010306235294117647,0.0016911290322580643,0.001271466666666667,0.00818269230769231,0.05160346153846154,0.0047336585365853655,0.0030566666666666667,0.0016064285714285714,0.0007611842105263158,0.0008781818181818182,7.903614457831325e-05,0.000239375,0.0004,0.003706702127659574,0.00112875,0.000181,0.00398578947368421,0.00041778947368421057,0.0009837142857142857,0.0027757894736842106,0.00015343749999999998,0.0021338793103448275,0.000552,0.0002181818181818182,0.0016176923076923076,0.00047750000000000006,0.001529,0.001290408163265306,0.000315,0.0034565517241379315,6.272727272727273e-05,0.0,0.0025046236559139786,0.00129625,0.00011666666666666667,0.0,0.0006547222222222222,0.0013018461538461539,0.0009873333333333336,0.0007924731182795699,0.000491574074074074,0.006274594594594594,0.0004011111111111111,0.00038666666666666667,0.00258,0.00028166666666666666,0.00019571428571428574,0.00023883116883116878,0.0022564285714285716,0.0034937903225806446,3.875e-05,0.0005908403361344536,0.0019320000000000001
188000,0.001199466666666667,0.001089259259259259,0.0029133333333333333,0.005055076923076923,0.002752151898734177,0.0020428571428571427,0.0038616129032258057,0.0020590789473684213,0.0022905063291139244,0.0050075,0.005900123456790123,0.0009946938775510206,0.006121212121212122,0.0017996969696969694,0.001048941176470588,5.083333333333334e-05,0.0018697619047619049,0.005264556962025316,0.0044742857142857145,0.0015008,0.001895076923076923,0.00072625,0.0049772,0.0026426666666666673,0.007905873015873015,0.000332,0.002522903225806452,0.0035254166666666667,0.009494117647058823,0.0021909677419354842,0.002247333333333333,0.01213653846153846,0.03595134615384615,0.004774024390243902,0.003001111111111111,0.0017505357142857145,0.0005510526315789474,0.0005381818181818182,4.289156626506024e-05,0.0001275,0.0004185714285714286,0.0024835106382978724,0.0010025,0.00013499999999999997,0.003982631578947369,0.0003367368421052632,0.0008175714285714285,0.0025709649122807026,0.000118125,0.00242698275862069,0.00041999999999999996,4.545454545454546e-05,0.001831076923076923,0.0004408333333333334,0.001494,0.0011065306122448981,0.000215,0.003336896551724138,0.00024090909090909092,0.0,0.0020070967741935486,0.00141625,0.00027833333333333334,0.0,0.0004219444444444444,0.0011815384615384617,0.0011080000000000003,0.0006488172043010753,0.0003667592592592593,0.005545765765765765,0.0003066666666666667,0.00036,0.002003333333333333,7.666666666666667e-05,0.00012142857142857142,0.00015051948051948054,0.002794285714285714,0.0035561290322580646,0.0,0.0004901680672268907,0.0019530000000000003
189000,0.0013758666666666666,0.0010633333333333334,0.0018133333333333337,0.005456153846153847,0.0033162025316455703,0.0014485714285714286,0.0027646774193548387,0.002057631578947368,0.002228481012658228,0.0040675,0.00360962962962963,0.0013853061224489798,0.006074242424242425,0.001987727272727273,0.0009999999999999998,5.333333333333334e-05,0.00208702380952381,0.005891518987341773,0.005249285714285714,0.0019808,0.0023164615384615385,0.0007010714285714286,0.004508666666666667,0.0018616666666666666,0.004012063492063493,0.00031400000000000004,0.002744677419354839,0.0042316666666666666,0.010721411764705882,0.0021117741935483864,0.0022684,0.007206538461538462,0.0585728846153846,0.005295121951219513,0.0039044444444444443,0.0015864285714285715,0.0008607894736842106,0.0009745454545454544,8.746987951807228e-05,0.000280625,0.0004157142857142857,0.004572340425531915,0.001305,0.000165,0.004195789473684211,0.00048210526315789476,0.0012807142857142859,0.003086491228070175,9.25e-05,0.0027901724137931036,0.0006659999999999999,0.00013363636363636363,0.002218307692307692,0.0006758333333333334,0.002332,0.001003469387755102,0.00038,0.003702758620689656,0.0002181818181818182,0.0,0.0020521505376344083,0.0020750000000000005,0.0006633333333333334,0.0,0.0006727777777777778,0.0014633846153846155,0.001272,0.0009358064516129032,0.0005765740740740741,0.0066790090090090085,0.0007311111111111111,0.00155,0.0027433333333333333,0.00028999999999999995,0.00015,0.0004520779220779221,0.002832142857142857,0.0042921774193548385,9.375e-05,0.0006677310924369749,0.001578
190000,0.0013854666666666667,0.0011892592592592593,0.002278333333333333,0.004051846153846154,0.0030989873417721515,0.0010442857142857144,0.0028737096774193553,0.0018660526315789473,0.0018294936708860758,0.004785625,0.00456925925925926,0.0008316326530612246,0.00559969696969697,0.0020695454545454546,0.0009638823529411765,1.4166666666666668e-05,0.001908333333333333,0.004410126582278482,0.0051024999999999985,0.0014742666666666664,0.0018576923076923076,0.0005414285714285714,0.0037637333333333323,0.001615,0.00663079365079365,0.00024200000000000003,0.0022956451612903225,0.0033904166666666666,0.009301647058823527,0.0022090322580645156,0.0017692,0.007319230769230771,0.04770192307692307,0.004843414634146341,0.002930555555555556,0.001798035714285714,0.0007696052631578947,0.0008936363636363637,8.361445783132532e-05,0.00034250000000000003,0.00040857142857142855,0.0029421276595744685,0.0014275,0.00022,0.005492631578947369,0.00043168421052631583,0.0006641428571428571,0.002779035087719298,0.00012062499999999999,0.0026864655172413794,0.000334,0.00020545454545454545,0.002679153846153846,0.00039,0.0015209999999999998,0.0011542857142857142,0.0,0.00431,0.0003445454545454546,0.0,0.0018905376344086021,0.00132875,0.0004133333333333333,0.0,0.0006091666666666666,0.0013713846153846155,0.0013693333333333335,0.0009501075268817204,0.0006555555555555556,0.005631981981981983,0.0006399999999999999,0.0012533333333333333,0.00329,0.00018833333333333332,0.0003342857142857143,0.00026233766233766233,0.0022478571428571426,0.004355161290322581,5.25e-05,0.0007836134453781513,0.0016209999999999998
191000,0.001208533333333333,0.0009718518518518518,0.0016825000000000002,0.0037276923076923077,0.002400253164556962,0.0011342857142857144,0.00240258064516129,0.0019560526315789474,0.0016722784810126582,0.003688125,0.004557901234567901,0.0012644897959183676,0.005432121212121212,0.0018524242424242422,0.0008750588235294118,2.6666666666666663e-05,0.0017057142857142852,0.004609367088607595,0.004259285714285715,0.0014457333333333334,0.0020015384615384617,0.0005808928571428572,0.004045333333333332,0.0014766666666666665,0.005631428571428572,0.000296,0.002456935483870967,0.002783541666666667,0.008454588235294118,0.002111129032258064,0.0021885333333333335,0.006599999999999999,0.03934211538461539,0.003943780487804878,0.0019483333333333332,0.0015460714285714286,0.000360921052631579,0.0006045454545454545,3.6024096385542166e-05,0.00022937499999999998,0.0003928571428571428,0.0023898936170212767,0.00084375,8.6e-05,0.0034115789473684213,0.0003103157894736842,0.0005647142857142857,0.002139298245614035,2.59375e-05,0.0019794827586206896,0.000202,6.181818181818182e-05,0.0018966153846153844,0.0003025,0.001067,0.000630204081632653,0.0,0.0030189655172413793,0.0001509090909090909,0.0,0.0015341935483870971,0.0006775,0.00013,0.0,0.0004197222222222222,0.0009440000000000001,0.0009386666666666665,0.0004606451612903226,0.0003714814814814814,0.005174144144144145,0.00027666666666666665,0.00034333333333333335,0.0015033333333333333,7.333333333333333e-05,9.714285714285715e-05,0.0001248051948051948,0.002100714285714286,0.0034126612903225806,0.0,0.0003607563025210084,0.001626
192000,0.0010850666666666665,0.000998888888888889,0.0021474999999999997,0.0040479999999999995,0.003793417721518988,0.0011214285714285714,0.004082419354838709,0.002174868421052632,0.0024289873417721515,0.006135,0.005680864197530865,0.0009112244897959185,0.00574969696969697,0.0023159090909090907,0.0010557647058823528,7.125e-05,0.0017203571428571433,0.00606873417721519,0.005824642857142857,0.0019346666666666663,0.0025756923076923075,0.000575,0.004185466666666666,0.0020566666666666667,0.006743650793650795,0.000266,0.002495967741935484,0.00393125,0.012265529411764706,0.002191774193548388,0.0023828000000000005,0.011075384615384615,0.05889711538461538,0.004321707317073171,0.002398888888888889,0.002025,0.0007243421052631579,0.0007972727272727273,7.096385542168675e-05,0.000213125,0.0008071428571428571,0.0029988297872340433,0.00120875,9.1e-05,0.006518421052631579,0.0004706315789473684,0.0007608571428571428,0.0025418421052631575,0.0001234375,0.0023096551724137936,8.999999999999999e-05,0.00010999999999999999,0.001997692307692308,0.00026,0.001343,0.0007663265306122448,0.0,0.0038396551724137933,0.0002809090909090909,0.0,0.0014030107526881719,0.00117625,0.00031666666666666665,0.0,0.0005969444444444443,0.0011504615384615384,0.0009566666666666668,0.0007080645161290323,0.00043222222222222224,0.005321801801801803,0.0003155555555555556,0.0008150000000000001,0.0015633333333333335,0.00025,0.00016571428571428572,0.00013623376623376622,0.0013042857142857142,0.0037416129032258063,0.0,0.0004716806722689076,0.0015229999999999998
193000,0.0011702666666666666,0.0009159259259259258,0.0014591666666666666,0.0034026153846153846,0.002584303797468354,0.0010614285714285712,0.002329677419354839,0.0016939473684210525,0.0017212658227848104,0.004138125,0.003171358024691358,0.0009073469387755103,0.004570000000000001,0.0014924242424242426,0.0008071764705882353,4.25e-05,0.0015261904761904766,0.004472784810126583,0.002932857142857143,0.0012214666666666668,0.0017532307692307693,0.0005903571428571428,0.0033527999999999995,0.0012526666666666665,0.00345031746031746,0.000298,0.0023030645161290324,0.0025745833333333332,0.008011647058823531,0.0014004838709677416,0.0010645333333333333,0.005633076923076922,0.0373075,0.004316707317073171,0.0020822222222222223,0.0013717857142857143,0.0004490789473684212,0.0006618181818181818,8.08433734939759e-05,0.000196875,0.0003128571428571429,0.0025398936170212766,0.00118,0.00016099999999999998,0.0036126315789473686,0.0004224210526315789,0.0009467142857142856,0.0022947368421052635,8.562500000000001e-05,0.0018401724137931035,0.00034599999999999995,0.00017454545454545454,0.001702923076923077,0.00044333333333333334,0.001499,0.0007867346938775512,0.0003,0.0032217241379310342,0.0005427272727272727,0.0,0.0015638709677419356,0.0013012499999999999,0.0005116666666666667,0.0,0.0006130555555555555,0.001132153846153846,0.0010486666666666667,0.000789462365591398,0.0003478703703703704,0.004780270270270269,0.00032555555555555555,0.0006983333333333334,0.0021566666666666665,0.00016166666666666665,0.00019857142857142857,0.0003018181818181818,0.001995,0.002977741935483871,0.00013125,0.0005600000000000001,0.0013859999999999999
194000,0.0009953333333333335,0.0009344444444444442,0.0016333333333333336,0.0036036923076923078,0.003179240506329114,0.00109,0.0027766129032258066,0.0019226315789473685,0.0019802531645569618,0.0037106250000000004,0.0048424691358024685,0.0011897959183673468,0.004840909090909091,0.0020466666666666663,0.0008254117647058826,0.0,0.0018933333333333335,0.005214556962025317,0.004391071428571428,0.0016446666666666667,0.001968769230769231,0.0007491071428571428,0.004225333333333333,0.0016390000000000003,0.005164285714285714,0.00033,0.00246741935483871,0.0034508333333333335,0.01018329411764706,0.0019277419354838709,0.0016502666666666668,0.006016538461538462,0.04260326923076922,0.004324512195121951,0.0023949999999999996,0.002025357142857143,0.000738157894736842,0.0008509090909090908,9.674698795180722e-05,0.000299375,0.0005228571428571428,0.002878510638297873,0.0017775,8.8e-05,0.004129473684210527,0.0005265263157894736,0.0008158571428571429,0.00232078947368421,9.15625e-05,0.0022312068965517247,0.000556,0.00016545454545454545,0.002230076923076923,0.00042833333333333335,0.001966,0.0009330612244897959,0.00041,0.0035806896551724135,0.0003490909090909091,0.0,0.0019204301075268816,0.0014962500000000002,0.0003466666666666666,0.0,0.0008597222222222222,0.0015804615384615382,0.0012626666666666665,0.000912258064516129,0.0006224074074074073,0.005276036036036036,0.0005211111111111111,0.0008616666666666667,0.0023466666666666666,0.0005016666666666666,0.00028285714285714286,0.00044116883116883116,0.002117142857142857,0.0036993548387096765,0.0,0.0007788235294117649,0.001611
195000,0.001199466666666667,0.0008962962962962962,0.0018183333333333333,0.004170615384615384,0.003328734177215189,0.00143,0.002850483870967742,0.0018072368421052632,0.001891898734177215,0.0036474999999999997,0.004790987654320988,0.0010991836734693878,0.005077575757575757,0.0018709090909090908,0.0009108235294117647,1.125e-05,0.001874404761904762,0.004861012658227849,0.004708571428571429,0.0017965333333333333,0.002050615384615385,0.00042482142857142854,0.0046309333333333326,0.001643,0.005102380952380952,7.2e-05,0.0024951612903225807,0.0031439583333333337,0.010068,0.002233709677419355,0.0018006666666666668,0.006523076923076922,0.04393826923076923,0.004512439024390243,0.0018788888888888891,0.0015794642857142858,0.0006173684210526316,0.0006754545454545455,4.060240963855421e-05,0.000199375,0.00033714285714285714,0.002361276595744681,0.0008262499999999999,6.7e-05,0.0042410526315789475,0.0003884210526315789,0.0013315714285714285,0.0023420175438596496,0.00038406250000000007,0.0024879310344827583,0.000398,9.999999999999999e-05,0.0015703846153846154,0.0003308333333333333,0.001263,0.0006891836734693878,0.000275,0.0036548275862068966,0.00024545454545454545,0.0,0.0017203225806451615,0.00126875,0.0004566666666666667,0.0,0.000465,0.0008723076923076923,0.0010926666666666665,0.0007317204301075269,0.00032944444444444444,0.004662072072072072,0.0004866666666666667,0.0004833333333333333,0.00181,0.0003,0.0002614285714285714,0.0002961038961038961,0.001772857142857143,0.003774596774193548,4.625e-05,0.000428235294117647,0.001264
196000,0.0011064,0.0009955555555555555,0.0018349999999999998,0.003242,0.002835822784810126,0.0012857142857142859,0.003390806451612904,0.0016567105263157894,0.001919240506329114,0.0027168749999999997,0.004182592592592592,0.0010671428571428572,0.004256060606060607,0.0017762121212121212,0.0011294117647058823,0.00014541666666666666,0.0017484523809523814,0.004446708860759495,0.0036539285714285714,0.0016509333333333334,0.0016852307692307692,0.0006191071428571429,0.004003733333333333,0.0014453333333333332,0.004356507936507937,0.000258,0.002125483870967742,0.0027993749999999998,0.009083411764705882,0.0016783870967741936,0.0014554666666666668,0.005583076923076923,0.04080846153846154,0.004614146341463415,0.002172777777777778,0.0016271428571428572,0.0007052631578947369,0.0006490909090909091,4.156626506024096e-05,0.00020625000000000003,0.0003557142857142857,0.0028808510638297876,0.000735,5.5e-05,0.0035315789473684216,0.0004082105263157895,0.0006802857142857143,0.0028810526315789465,0.0001225,0.002053189655172414,5.8e-05,6e-05,0.0014222307692307692,0.0004541666666666666,0.001018,0.000779591836734694,0.000245,0.0036837931034482767,0.00025,0.0,0.0019672043010752686,0.00084625,0.0002966666666666667,0.0,0.0005447222222222222,0.0009856923076923076,0.001124,0.0005970967741935484,0.00028185185185185187,0.007127477477477477,0.0003877777777777778,0.0006216666666666666,0.0018833333333333334,0.00010333333333333333,0.00010285714285714284,0.00021298701298701295,0.001377142857142857,0.0038933064516129033,9.75e-05,0.0004491596638655463,0.001428
197000,0.0011468,0.0009925925925925927,0.0013716666666666667,0.0025506153846153847,0.0027550632911392406,0.0019,0.0027495161290322584,0.0013422368421052632,0.001673037974683544,0.003553125,0.0035683950617283948,0.0009879591836734695,0.0044754545454545455,0.0016481818181818182,0.0010081176470588236,3.291666666666667e-05,0.0017980952380952382,0.004645189873417722,0.0037464285714285716,0.0015137333333333333,0.0017518461538461537,0.0005880357142857143,0.004036799999999999,0.0014990000000000001,0.00372952380952381,0.000314,0.0019106451612903228,0.003064375,0.008689411764705881,0.0017732258064516128,0.0015957333333333332,0.005797307692307694,0.043369423076923076,0.003577195121951219,0.002142777777777778,0.0013492857142857143,0.00040328947368421054,0.0005309090909090909,4.879518072289156e-05,0.000196875,0.0003471428571428571,0.002369893617021276,0.001155,0.000134,0.005175263157894737,0.000306,0.0008287142857142858,0.0028133333333333335,0.00012468750000000002,0.0019432758620689656,0.000294,5.090909090909091e-05,0.0018525384615384615,0.0003625,0.0013750000000000001,0.0008777551020408164,0.000275,0.003002413793103448,5.545454545454545e-05,0.0,0.0013824731182795697,0.001255,0.00011333333333333334,0.0,0.0004933333333333333,0.000932153846153846,0.0007220000000000001,0.0007146236559139786,0.0002892592592592592,0.004343243243243243,0.00016,0.0004066666666666667,0.0021799999999999996,0.00012833333333333335,0.00015428571428571428,0.00017246753246753248,0.0015492857142857144,0.0035218548387096777,0.0,0.0004448739495798319,0.0011639999999999999
198000,0.001304,0.0009955555555555555,0.0019875,0.0034555384615384617,0.002619240506329114,0.0016142857142857144,0.0027253225806451614,0.0015788157894736845,0.001817215189873418,0.00382625,0.005744074074074074,0.0012583673469387755,0.005048181818181818,0.00215030303030303,0.0009615294117647058,0.00013041666666666667,0.0016255952380952385,0.004590506329113923,0.004153571428571428,0.0015088,0.001786923076923077,0.0006610714285714285,0.004063066666666667,0.0016473333333333333,0.004443174603174603,0.00026,0.002330806451612903,0.0025833333333333333,0.008753411764705881,0.0021496774193548386,0.0016236,0.007864615384615385,0.04143153846153847,0.00412280487804878,0.0019827777777777778,0.001165357142857143,0.0004055263157894737,0.000510909090909091,4.253012048192771e-05,9.687500000000001e-05,0.0003428571428571429,0.0026775531914893613,0.0007962499999999999,4e-05,0.0028742105263157894,0.00036926315789473683,0.0005894285714285714,0.0016977192982456143,7.875e-05,0.0021810344827586205,0.000246,0.00010545454545454546,0.001423230769230769,0.00015749999999999998,0.0012800000000000003,0.0006255102040816327,0.00030000000000000003,0.0031103448275862076,0.00013545454545454546,0.0,0.0015783870967741936,0.0007975,0.00014833333333333332,0.0,0.00036972222222222224,0.0009898461538461539,0.0006353333333333333,0.0006079569892473119,0.00036629629629629626,0.005111711711711711,0.0003744444444444444,0.000415,0.0025800000000000003,6.5e-05,0.00013571428571428572,0.00021597402597402595,0.0018535714285714284,0.003599838709677419,0.0,0.00043344537815126065,0.001034
199000,0.0011805333333333335,0.0009603703703703704,0.0024066666666666663,0.003525692307692308,0.001970886075949367,0.0011928571428571429,0.00331016129032258,0.0020509210526315786,0.002230253164556962,0.005641875,0.005569629629629629,0.0016230612244897958,0.005414545454545455,0.0018531818181818185,0.0009203529411764706,4.333333333333334e-05,0.001997142857142857,0.004630632911392405,0.004725,0.0018918666666666666,0.0023464615384615386,0.0005801785714285715,0.00424,0.0016923333333333332,0.006746190476190476,0.00024999999999999995,0.002949193548387097,0.0030429166666666664,0.009145176470588236,0.0024408064516129035,0.0020916000000000003,0.010766923076923078,0.03919480769230769,0.004904634146341464,0.0022766666666666664,0.0017403571428571429,0.0004228947368421053,0.00099,4.337349397590362e-05,0.00013812499999999998,0.0004242857142857143,0.003053723404255319,0.0014225000000000002,0.000151,0.0033815789473684204,0.00028842105263157897,0.0004808571428571428,0.0028021929824561405,8.75e-05,0.0021216379310344826,0.000516,4.727272727272727e-05,0.0019979230769230773,0.00032583333333333336,0.0011630000000000002,0.0007991836734693878,0.000295,0.0034965517241379316,0.0001609090909090909,0.0,0.0019022580645161292,0.0011237500000000002,9.833333333333334e-05,0.0,0.0007183333333333333,0.0013700000000000001,0.0009953333333333333,0.0007041935483870967,0.0004318518518518518,0.005245225225225226,0.00022222222222222223,0.0008116666666666667,0.0019,0.0002683333333333333,0.00016285714285714284,0.00023662337662337662,0.0023142857142857145,0.0035206451612903224,0.0,0.0007337815126050418,0.0020819999999999996
200000,0.0013256,0.0011392592592592593,0.0018700000000000001,0.005356615384615384,0.0035848101265822793,0.0017042857142857142,0.0046580645161290336,0.0018802631578947373,0.0018387341772151903,0.0034325,0.0036907407407407405,0.0013197959183673471,0.005305151515151515,0.0019959090909090903,0.0012218823529411762,3.291666666666667e-05,0.002108928571428571,0.005975822784810127,0.004221428571428571,0.001586666666666667,0.002603846153846154,0.000645,0.0036383999999999995,0.0018263333333333332,0.004774761904761905,0.00017999999999999998,0.0025554838709677414,0.0035114583333333334,0.01094905882352941,0.0019633870967741933,0.0013410666666666669,0.007072307692307693,0.045101923076923074,0.005445,0.0028644444444444446,0.0014817857142857143,0.0006819736842105262,0.0008627272727272727,8.084337349397591e-05,0.000155625,0.00029,0.003861914893617021,0.0009149999999999999,0.00011199999999999998,0.004688947368421054,0.00046778947368421054,0.000782,0.002297982456140351,0.00021375000000000002,0.0022614655172413798,0.00036799999999999995,8.545454545454545e-05,0.0017342307692307692,0.0005741666666666667,0.00117,0.0008546938775510203,0.00021,0.0034958620689655166,9.090909090909092e-05,0.0,0.0019092473118279573,0.001495,8.166666666666667e-05,0.0,0.00041611111111111113,0.0009478461538461538,0.0008086666666666665,0.0006105376344086021,0.00020398148148148153,0.006085315315315316,0.0003388888888888889,0.0004383333333333333,0.00301,6.5e-05,0.00017857142857142857,0.00019155844155844157,0.0022828571428571425,0.0036459677419354844,0.0,0.0005681512605042016,0.00139
201000,0.0010861333333333331,0.0008314814814814815,0.0019241666666666667,0.003035538461538461,0.003094050632911392,0.00122,0.0028066129032258058,0.0018752631578947373,0.0017143037974683543,0.0030912500000000002,0.003699506172839506,0.0009151020408163264,0.004332727272727273,0.0016293939393939392,0.0009278823529411764,1.1666666666666666e-05,0.0015207142857142856,0.004514050632911393,0.004162857142857143,0.0012778666666666669,0.0019623076923076925,0.0005860714285714286,0.0034376000000000007,0.0019349999999999999,0.00404936507936508,0.000246,0.002245967741935484,0.002581041666666667,0.009622823529411764,0.0016193548387096776,0.0012634666666666667,0.0053596153846153845,0.04105423076923076,0.003910731707317074,0.0021166666666666664,0.0016448214285714284,0.0006123684210526315,0.0010954545454545455,7.313253012048193e-05,0.00023625000000000002,0.0005657142857142857,0.0025546808510638294,0.00133,0.00010899999999999998,0.00410578947368421,0.0005038947368421052,0.0009724285714285715,0.0029442982456140358,4.96875e-05,0.0022362931034482763,0.000272,0.0001790909090909091,0.0014143846153846153,0.0007375,0.001689,0.0013299999999999998,0.000265,0.0032731034482758616,0.00037363636363636364,0.0,0.002133010752688172,0.00122625,0.000255,0.0,0.0004138888888888888,0.0011933846153846157,0.0009246666666666667,0.000656021505376344,0.00029537037037037037,0.005085495495495495,0.0006722222222222222,0.0007283333333333333,0.002,0.0001733333333333333,0.00026857142857142856,0.00034571428571428573,0.002582857142857143,0.0038079838709677424,4.875e-05,0.0005562184873949581,0.001213
202000,0.0011845333333333331,0.0009637037037037037,0.0020675,0.003886615384615384,0.00433240506329114,0.0016271428571428572,0.0027393548387096766,0.0017782894736842107,0.001953544303797468,0.004489999999999999,0.00501283950617284,0.0008138775510204082,0.005805454545454545,0.0017675757575757575,0.0008569411764705883,3.916666666666667e-05,0.0019945238095238093,0.006039493670886076,0.00492,0.0015430666666666666,0.002483538461538462,0.0006880357142857143,0.004257066666666667,0.0016703333333333333,0.005324444444444445,0.000392,0.002415483870967741,0.004000625,0.010114117647058824,0.0019587096774193553,0.002418933333333334,0.006719615384615385,0.04550192307692307,0.0045239024390243895,0.0023483333333333333,0.0016678571428571428,0.0006521052631578947,0.0007390909090909091,6.807228915662651e-05,0.000265,0.00033,0.002624787234042553,0.0010375,0.000149,0.004253157894736842,0.00039747368421052626,0.0007894285714285713,0.0021721929824561406,0.00027749999999999997,0.002063706896551724,0.000492,8.90909090909091e-05,0.0017332307692307695,0.0003958333333333333,0.0010919999999999999,0.0010010204081632652,0.00024,0.0028958620689655172,7.09090909090909e-05,0.0,0.0014391397849462364,0.0009475,0.00016666666666666666,0.0,0.0004894444444444444,0.0010900000000000003,0.0007,0.0009199999999999999,0.00046555555555555554,0.004276036036036036,0.00026222222222222223,0.0008150000000000001,0.0022266666666666667,0.000165,0.00015285714285714287,0.0002148051948051948,0.0016478571428571425,0.0032290322580645165,0.0,0.0005792436974789917,0.00115
203000,0.0009654666666666666,0.0008185185185185184,0.0014541666666666668,0.0029775384615384616,0.0021653164556962026,0.0013771428571428574,0.0021674193548387095,0.00126,0.0014751898734177214,0.0039125,0.0033279012345679014,0.0005691836734693878,0.003897575757575758,0.001345909090909091,0.0008887058823529411,1.1666666666666666e-05,0.0013630952380952383,0.0038020253164556964,0.004183571428571428,0.0010645333333333337,0.0016501538461538461,0.0003701785714285714,0.0027393333333333336,0.0013626666666666668,0.003442857142857143,0.000266,0.0019403225806451615,0.002204375,0.006922823529411766,0.00108741935483871,0.0011973333333333332,0.005110384615384615,0.037501730769230766,0.003369999999999999,0.0017911111111111114,0.0013908928571428573,0.0005492105263157895,0.0004054545454545455,2.3493975903614457e-05,0.00017250000000000002,0.00037,0.0022142553191489365,0.0007975,4.7e-05,0.0038552631578947375,0.0003193684210526315,0.0006109999999999999,0.0016535964912280702,8.75e-05,0.0017684482758620688,0.000304,7.181818181818182e-05,0.0015533076923076924,0.00010083333333333335,0.000975,0.000673061224489796,0.00031,0.002520344827586207,3.3636363636363636e-05,0.0,0.0012951612903225806,0.00055625,0.000135,0.0,0.0005300000000000001,0.0009695384615384617,0.0007706666666666667,0.00043817204301075264,0.0003393518518518518,0.003947747747747748,0.00013666666666666666,0.0006483333333333333,0.00267,6.833333333333333e-05,7.714285714285714e-05,0.00023207792207792204,0.001227857142857143,0.0026116129032258063,0.0,0.00033655462184873947,0.001351
204000,0.0012250666666666667,0.000971851851851852,0.002873333333333333,0.0035335384615384617,0.0043526582278481,0.002037142857142857,0.0033656451612903227,0.0018878947368421055,0.0019022784810126586,0.00416125,0.0032590123456790123,0.0015248979591836736,0.0059018181818181826,0.002117272727272727,0.0012655294117647057,1.4583333333333333e-05,0.0018098809523809524,0.004654810126582277,0.004325,0.0015103999999999999,0.002662769230769231,0.0007987499999999999,0.004540133333333334,0.0022916666666666667,0.004788412698412699,0.000304,0.0026969354838709677,0.002839583333333334,0.010296235294117648,0.002225,0.001981066666666667,0.007762307692307693,0.04793019230769231,0.0040339024390243896,0.0025594444444444445,0.001009642857142857,0.0004421052631578947,0.00048090909090909087,5.759036144578314e-05,0.00019625,0.00032142857142857147,0.0023781914893617018,0.0007599999999999999,0.000127,0.0030821052631578947,0.0003017894736842105,0.0005902857142857143,0.0021680701754385966,0.000104375,0.0018698275862068963,8.8e-05,8.181818181818182e-05,0.001858076923076923,0.00012083333333333332,0.0010040000000000001,0.000636734693877551,0.0,0.0025899999999999994,0.0,0.0,0.0015145161290322584,0.00088375,0.00012,0.0,0.00022666666666666668,0.0008872307692307692,0.0008286666666666667,0.0006395698924731183,0.00022129629629629629,0.003429549549549549,0.0001622222222222222,0.0004816666666666667,0.00237,6.833333333333333e-05,0.00021285714285714286,0.0001238961038961039,0.0018721428571428572,0.0029566129032258066,0.0,0.0003887394957983193,0.0010440000000000002
205000,0.0013065333333333333,0.0009325925925925925,0.0027808333333333326,0.003913230769230769,0.0038443037974683542,0.0023514285714285716,0.002719838709677419,0.0021052631578947372,0.0019327848101265825,0.005360625,0.005879135802469135,0.0012971428571428572,0.006275151515151517,0.002493333333333333,0.0012065882352941177,2.2916666666666667e-05,0.002142857142857143,0.005657721518987341,0.005650714285714286,0.0018176,0.002307846153846154,0.0007151785714285715,0.005453733333333333,0.002745333333333333,0.007669206349206348,0.000344,0.0029145161290322586,0.0034093750000000005,0.010371176470588236,0.0023759677419354836,0.0021224,0.010931153846153847,0.04323596153846154,0.0038678048780487802,0.002522222222222222,0.0014191071428571427,0.0005344736842105264,0.0007363636363636363,6.313253012048193e-05,0.000269375,0.00046285714285714284,0.0026850000000000008,0.00089375,0.00012599999999999997,0.00395,0.00035484210526315796,0.0005385714285714285,0.0022751754385964915,0.0001171875,0.0020743103448275864,0.00038399999999999996,0.00011363636363636364,0.0016963846153846154,0.00031916666666666665,0.0011890000000000002,0.0007187755102040816,0.00022,0.0029031034482758632,0.00015,0.0,0.0017024731182795699,0.00098,0.000205,0.0,0.0004083333333333333,0.0009495384615384615,0.001106,0.0008731182795698924,0.0002960185185185185,0.004962702702702703,0.0002522222222222222,0.0006516666666666667,0.00222,0.00021166666666666664,0.00013285714285714287,0.0003220779220779221,0.0017578571428571426,0.003224274193548387,0.0,0.0005442857142857143,0.001348
206000,0.0015237333333333331,0.0009366666666666667,0.00272,0.004863384615384616,0.0026544303797468353,0.0013985714285714285,0.00370741935483871,0.0021973684210526315,0.0020755696202531646,0.004895625,0.0057304938271604934,0.0014299999999999998,0.006343333333333334,0.001946969696969697,0.0010272941176470588,3.1666666666666666e-05,0.002213214285714286,0.005237215189873418,0.005523571428571428,0.0018270666666666666,0.002205076923076923,0.0006341071428571429,0.004935333333333333,0.002013,0.006795396825396824,0.000316,0.0035659677419354846,0.0031700000000000005,0.00957505882352941,0.0026554838709677417,0.0022932,0.009113461538461539,0.03677153846153846,0.004649634146341463,0.002694444444444444,0.0014842857142857142,0.0006714473684210526,0.0008772727272727273,9.132530120481929e-05,0.00022687500000000003,0.00073,0.002856276595744681,0.00111125,0.00011100000000000001,0.004326842105263158,0.00044747368421052633,0.0006285714285714286,0.0021373684210526313,0.0002784375,0.0019079310344827585,0.000466,0.0001390909090909091,0.0020472307692307695,0.00041749999999999996,0.001179,0.0007424489795918366,0.000385,0.0031344827586206898,0.00014272727272727272,0.0,0.0020018279569892473,0.0012925,0.00022500000000000002,0.0,0.00047472222222222224,0.0012306153846153847,0.0009006666666666667,0.0007397849462365591,0.0003062962962962962,0.00505072072072072,0.0004022222222222222,0.0004533333333333333,0.002513333333333333,9e-05,0.00020142857142857142,0.00023389610389610392,0.002272142857142857,0.0031353225806451616,0.0,0.000559747899159664,0.001203
207000,0.0011568,0.0010162962962962962,0.002019166666666667,0.003786923076923077,0.0027524050632911396,0.00161,0.003273387096774194,0.0018355263157894734,0.0016401265822784809,0.0037725,0.004066543209876544,0.0010846938775510204,0.004833939393939394,0.0017581818181818182,0.0009850588235294116,1.1666666666666666e-05,0.001973452380952381,0.005340126582278481,0.005256785714285714,0.0016949333333333334,0.0017464615384615383,0.0005539285714285714,0.0041428,0.0019916666666666668,0.005631269841269841,0.00031800000000000003,0.0022387096774193547,0.003253958333333333,0.008308470588235296,0.001913548387096774,0.0015186666666666664,0.007945384615384615,0.04503096153846154,0.004063170731707317,0.0025766666666666663,0.0010767857142857144,0.0004430263157894737,0.0007072727272727273,5.710843373493975e-05,0.000115,0.0003871428571428571,0.002908510638297873,0.00115375,4.3e-05,0.0027368421052631573,0.0003146315789473684,0.000529,0.0023393859649122814,2.6874999999999996e-05,0.0023518103448275864,0.000328,6.090909090909091e-05,0.0019360769230769227,0.00021083333333333335,0.001127,0.0009279591836734693,0.0004,0.0033210344827586205,5.272727272727273e-05,0.0,0.002191827956989247,0.0007275,0.00011666666666666667,0.0,0.00034555555555555555,0.001187076923076923,0.0009386666666666668,0.0005658064516129032,0.0003593518518518518,0.00504837837837838,0.00014555555555555556,0.00036166666666666666,0.0019266666666666668,7.5e-05,0.00013428571428571428,0.00010987012987012986,0.0015514285714285714,0.0036479032258064517,0.0,0.000466890756302521,0.0010729999999999997
208000,0.0012056000000000002,0.0008622222222222223,0.0022875,0.0031733846153846152,0.0023316455696202536,0.001152857142857143,0.001981451612903226,0.0014630263157894734,0.001608987341772152,0.0032181249999999996,0.00380641975308642,0.0006495918367346938,0.003609393939393939,0.0016399999999999997,0.0008248235294117648,3.125e-05,0.0016064285714285716,0.004152658227848101,0.0036839285714285715,0.0014042666666666667,0.0012549230769230769,0.0005185714285714287,0.0034822666666666667,0.0015239999999999997,0.004065079365079365,0.000334,0.001815,0.0023670833333333335,0.007356705882352941,0.0017258064516129032,0.0016122666666666665,0.007685000000000001,0.028311153846153847,0.003477317073170731,0.001615,0.0011026785714285715,0.0005430263157894737,0.0005645454545454546,7.734939759036145e-05,0.000198125,0.0003657142857142857,0.0029948936170212767,0.00099125,0.0001,0.003032631578947369,0.0003591578947368421,0.0006067142857142858,0.002192280701754386,6.78125e-05,0.001792155172413793,0.00022399999999999997,4.545454545454546e-05,0.0014563846153846155,0.00042249999999999997,0.001478,0.0005971428571428571,0.00022,0.0026948275862068967,0.00015545454545454546,0.0,0.0016051612903225806,0.00088875,0.00021666666666666666,0.0,0.00038833333333333336,0.0009175384615384614,0.0008993333333333334,0.0005325806451612903,0.00031111111111111107,0.004451441441441442,0.0002611111111111111,0.0004283333333333333,0.00461,0.0,0.00010285714285714286,0.00021233766233766233,0.0018992857142857142,0.0029942741935483873,0.0,0.00044630252100840334,0.0010559999999999999
209000,0.0009450666666666667,0.000744074074074074,0.0015199999999999997,0.0026610769230769227,0.0020967088607594933,0.0013271428571428572,0.002120483870967742,0.0014461842105263159,0.0013231645569620253,0.0029437499999999998,0.0035454320987654327,0.0006544897959183672,0.0036833333333333336,0.0014612121212121212,0.0008203529411764706,6.958333333333334e-05,0.0014363095238095237,0.003936455696202532,0.0038874999999999995,0.0013390666666666668,0.0015387692307692307,0.0004182142857142857,0.0034461333333333337,0.0018599999999999997,0.004708888888888888,0.000192,0.001619032258064516,0.0025347916666666665,0.0076594117647058825,0.0014606451612903227,0.001348,0.006296153846153846,0.040131153846153844,0.0034518292682926832,0.0015322222222222221,0.001205,0.0003489473684210527,0.0004027272727272727,3.0722891566265065e-05,4.3750000000000006e-05,0.0002585714285714286,0.001967659574468085,0.00078375,0.000125,0.0035731578947368423,0.00036515789473684214,0.0007545714285714287,0.002028421052631579,7.4375e-05,0.0018918103448275865,0.0,3.545454545454545e-05,0.001394769230769231,0.00016166666666666665,0.000626,0.0005061224489795918,0.000145,0.0029896551724137937,4e-05,0.0,0.0011858064516129035,0.00074125,7.000000000000001e-05,0.0,0.00013333333333333334,0.0007423076923076924,0.0005233333333333334,0.0004874193548387097,0.00023657407407407408,0.005336576576576575,0.00021222222222222226,0.0005483333333333333,0.002156666666666667,0.0,0.00012285714285714284,0.00013246753246753249,0.0012478571428571428,0.003458467741935483,0.0,0.0003092436974789916,0.0007199999999999999
210000,0.001128,0.00088,0.002290833333333333,0.002957692307692308,0.0028565822784810133,0.0014242857142857143,0.0022964516129032257,0.001460921052631579,0.001640506329113924,0.0038175,0.0036822222222222217,0.000623061224489796,0.004348787878787879,0.0016154545454545456,0.0009372941176470585,0.0,0.0015570238095238094,0.004797594936708861,0.004846428571428572,0.0014624,0.0016844615384615385,0.0005457142857142858,0.0039892,0.001493,0.004559365079365079,0.00021999999999999998,0.002016774193548387,0.002967916666666667,0.008608117647058825,0.0016412903225806452,0.0018626666666666666,0.006570384615384617,0.04024365384615384,0.004171585365853658,0.0012922222222222222,0.0009517857142857143,0.0004910526315789473,0.0007318181818181818,5.542168674698795e-05,0.000138125,0.00042999999999999994,0.002565,0.0008150000000000001,0.000165,0.0030310526315789474,0.000406,0.0006924285714285714,0.0023527192982456136,8.59375e-05,0.0019134482758620692,0.000516,3.545454545454545e-05,0.0014299999999999998,0.00024333333333333333,0.0011350000000000002,0.000526734693877551,0.00016,0.003226551724137931,0.00023090909090909092,0.0,0.0017345161290322582,0.00130125,0.0003533333333333334,0.0,0.00045333333333333326,0.0008201538461538462,0.0010146666666666665,0.0005930107526881719,0.00031833333333333334,0.005525855855855855,0.0002866666666666666,0.0005783333333333334,0.0027433333333333337,4.9999999999999996e-05,0.00015999999999999999,0.0003750649350649351,0.0017392857142857143,0.0033707258064516127,0.0,0.000397563025210084,0.001212
211000,0.0010567999999999999,0.0007559259259259258,0.0016441666666666668,0.003348461538461538,0.00251746835443038,0.00182,0.0017785483870967741,0.001394078947368421,0.0015505063291139242,0.00291625,0.003005679012345679,0.0008230612244897958,0.004309090909090909,0.0014593939393939394,0.0008889411764705881,1.1666666666666666e-05,0.0013285714285714285,0.004438481012658228,0.0042760714285714286,0.0012261333333333333,0.0016229230769230771,0.0005314285714285715,0.0029024,0.0014706666666666668,0.0044555555555555555,0.00029,0.0016829032258064514,0.002820208333333333,0.007803647058823529,0.0015054838709677419,0.0013590666666666667,0.005592307692307692,0.04723153846153846,0.004212073170731708,0.001625,0.0014223214285714286,0.0007363157894736842,0.0004872727272727273,6.674698795180722e-05,0.000150625,0.00066,0.0023780851063829786,0.00092,0.00011199999999999998,0.0026626315789473687,0.00046421052631578956,0.0006665714285714286,0.0017180701754385965,7.21875e-05,0.0017111206896551724,0.000272,8.545454545454546e-05,0.0016696923076923076,0.0003841666666666667,0.001189,0.0007199999999999999,0.0002,0.002626551724137931,2.727272727272727e-05,0.0,0.001492258064516129,0.0008675,0.0006083333333333333,0.0,0.00040638888888888886,0.001033846153846154,0.0010033333333333333,0.0006112903225806453,0.00034777777777777774,0.004085855855855856,0.0003033333333333333,0.0005316666666666667,0.0018599999999999999,0.00020333333333333333,0.00017857142857142857,0.00016896103896103896,0.0017792857142857142,0.0029862903225806457,0.0,0.0005845378151260505,0.001217
212000,0.0012836000000000002,0.001064074074074074,0.002071666666666667,0.003974923076923076,0.003624177215189873,0.0013285714285714287,0.003516935483870968,0.001723157894736842,0.0019013924050632913,0.0043525,0.004576172839506173,0.0010904081632653062,0.004885151515151516,0.0024184848484848486,0.0012208235294117646,5.458333333333333e-05,0.0018347619047619046,0.006422151898734178,0.005073571428571428,0.0017909333333333334,0.0020358461538461537,0.0005985714285714286,0.0038036000000000003,0.0020553333333333335,0.00520095238095238,0.00028,0.0027356451612903223,0.004225624999999999,0.010319764705882351,0.002019516129032258,0.0020408,0.007271538461538463,0.050099807692307693,0.005346585365853657,0.002446111111111111,0.0017032142857142858,0.00031973684210526317,0.0008063636363636363,5.566265060240964e-05,9.875e-05,0.0003757142857142857,0.0025906382978723402,0.00073375,5.1000000000000006e-05,0.0035899999999999994,0.00032094736842105265,0.0006975714285714286,0.002585,9.78125e-05,0.002164827586206896,0.00042199999999999996,4.818181818181818e-05,0.0016655384615384616,8.583333333333334e-05,0.001128,0.000856530612244898,0.0003,0.0028179310344827587,0.00012363636363636364,0.0,0.0020486021505376345,0.00117125,0.00018166666666666667,0.0,0.0003763888888888889,0.0009190769230769231,0.0008693333333333333,0.0006663440860215054,0.000335,0.004951801801801802,0.00025666666666666665,0.0004483333333333333,0.0019366666666666666,0.00016166666666666665,0.0002042857142857143,0.0001842857142857143,0.001888571428571429,0.003285080645161291,0.0,0.00046226890756302517,0.000919
213000,0.0011459999999999999,0.0007877777777777777,0.0019133333333333335,0.0042036923076923085,0.002819746835443038,0.001377142857142857,0.002507096774193548,0.001855131578947368,0.0018716455696202539,0.003476875,0.0028677777777777777,0.0007044897959183674,0.005337878787878788,0.0016016666666666668,0.0008554117647058821,6.125e-05,0.001631190476190476,0.005570379746835444,0.004813214285714286,0.0014157333333333333,0.0025927692307692305,0.0006646428571428572,0.0037043999999999996,0.0015506666666666666,0.00459,0.000304,0.002320967741935483,0.0037324999999999997,0.011616470588235294,0.001521935483870968,0.0015477333333333333,0.005976153846153847,0.05405,0.005532439024390244,0.0022822222222222224,0.0014085714285714287,0.0006713157894736843,0.0009136363636363636,7.168674698795182e-05,0.00026812499999999997,0.00056,0.002474787234042553,0.00146,8.7e-05,0.00358,0.00047884210526315783,0.0008042857142857142,0.0023149122807017545,0.00014593750000000002,0.002030086206896552,0.00048000000000000007,0.00014272727272727272,0.0021402307692307693,0.0002941666666666667,0.001564,0.0010681632653061226,0.00058,0.0032699999999999995,0.0003518181818181818,0.0,0.002090752688172043,0.001125,0.00046166666666666665,0.0,0.0005366666666666666,0.0013199999999999998,0.001196,0.0007719354838709678,0.0004049074074074074,0.005181531531531533,0.0005355555555555555,0.0009350000000000001,0.0024366666666666664,0.0002133333333333333,6.285714285714286e-05,0.0002679220779220779,0.0025742857142857143,0.0033376612903225807,0.0,0.0007538655462184874,0.0010310000000000002
214000,0.0015381333333333335,0.0011055555555555558,0.0019233333333333333,0.003851538461538461,0.002565949367088608,0.0013785714285714284,0.0027680645161290316,0.001761184210526316,0.001776455696202532,0.0033568750000000005,0.0033674074074074075,0.0007908163265306122,0.005886060606060606,0.0018172727272727273,0.0010894117647058821,1.4166666666666668e-05,0.002020952380952381,0.0051534177215189865,0.005346071428571428,0.0019661333333333333,0.0019796923076923077,0.0006980357142857143,0.0045108,0.0016936666666666665,0.0049061904761904754,0.000414,0.002935483870967742,0.0033802083333333336,0.009914941176470586,0.002235322580645161,0.0017898666666666667,0.006400384615384614,0.05461134615384615,0.00575170731707317,0.0018138888888888888,0.0015576785714285714,0.0006971052631578946,0.0010427272727272726,4.0481927710843375e-05,0.0001525,0.00051,0.0029980851063829777,0.001105,0.000177,0.004622631578947369,0.0004603157894736843,0.0008084285714285715,0.0027374561403508773,0.0001825,0.0023618965517241378,0.0005480000000000001,8.363636363636364e-05,0.0021713846153846154,0.00040416666666666666,0.0014010000000000001,0.0008969387755102041,0.00033,0.004018275862068966,0.0001418181818181818,0.0,0.002113763440860215,0.0011037500000000001,0.00038333333333333334,0.0,0.0004758333333333332,0.0013373846153846157,0.00097,0.0007048387096774193,0.00036629629629629637,0.0053160360360360375,0.0004122222222222222,0.0006716666666666668,0.0024466666666666664,0.00011666666666666667,0.00018571428571428572,0.0004049350649350649,0.0016735714285714286,0.004231209677419355,0.0,0.0005498319327731093,0.0010599999999999997
215000,0.001199866666666667,0.0009918518518518518,0.0026724999999999995,0.004376615384615385,0.003190506329113924,0.0017657142857142856,0.0031824193548387098,0.0024635526315789475,0.001782025316455696,0.0047725,0.0038203703703703702,0.0010393877551020407,0.00694,0.0019322727272727274,0.0010064705882352942,9.791666666666667e-05,0.001996785714285714,0.005971772151898735,0.005639642857142857,0.0014627999999999998,0.002524,0.0006483928571428571,0.004709066666666667,0.0017970000000000002,0.0049455555555555555,0.000332,0.003288870967741936,0.004165625,0.010623294117647059,0.0021566129032258062,0.0015986666666666666,0.008029999999999999,0.04742038461538462,0.005881219512195122,0.002577777777777778,0.0022253571428571426,0.0011106578947368423,0.0014354545454545455,9.867469879518072e-05,0.000299375,0.0007542857142857143,0.004048297872340426,0.0013325000000000001,0.000255,0.006305789473684211,0.0007552631578947368,0.001163142857142857,0.004202456140350877,0.000200625,0.0033823275862068965,0.001006,0.0001318181818181818,0.0023815384615384614,0.00044166666666666665,0.002157,0.0011487755102040818,0.00047000000000000004,0.005314137931034485,0.00028454545454545453,0.0,0.0030879569892473127,0.0016875,0.0005883333333333334,0.0,0.0009602777777777779,0.001915076923076923,0.0016499999999999998,0.0010272043010752688,0.0005561111111111112,0.007382792792792793,0.0006222222222222224,0.001355,0.0036866666666666667,0.00022500000000000002,0.00037000000000000005,0.0004357142857142857,0.0028742857142857146,0.005152822580645162,0.0,0.000857563025210084,0.00125
216000,0.0008293333333333333,0.0006507407407407407,0.002023333333333333,0.002923076923076923,0.0023268354430379746,0.001157142857142857,0.0024812903225806455,0.0017046052631578947,0.001409367088607595,0.004714375,0.0037955555555555555,0.001476938775510204,0.006353939393939394,0.0016443939393939394,0.000665529411764706,0.0,0.0014520238095238093,0.004504430379746836,0.004747142857142858,0.0013046666666666666,0.002082769230769231,0.0004114285714285714,0.0034216000000000003,0.0012373333333333333,0.004941428571428572,0.00020600000000000002,0.003058225806451613,0.002435,0.008583411764705881,0.0019764516129032257,0.0012652,0.0074034615384615384,0.05754942307692308,0.003719878048780488,0.001793888888888889,0.0013164285714285713,0.0008651315789473684,0.0009127272727272727,8.879518072289156e-05,0.00030812499999999997,0.0006914285714285715,0.0028269148936170213,0.00088625,0.000159,0.0035147368421052628,0.00048600000000000005,0.0009391428571428572,0.0022178947368421053,0.00017125000000000002,0.0020062068965517243,0.0004959999999999999,0.00016545454545454545,0.0017513846153846154,0.00018916666666666667,0.001225,0.0006312244897959183,0.000325,0.0028551724137931035,0.00019545454545454545,0.0,0.001689462365591398,0.0013162500000000001,0.00038166666666666666,0.0,0.0004530555555555556,0.0010106153846153845,0.0009753333333333334,0.000694301075268817,0.00028787037037037035,0.004047927927927929,0.0003222222222222222,0.000745,0.0020933333333333333,0.00020666666666666666,0.0003142857142857143,0.00035337662337662335,0.0018571428571428573,0.003109838709677419,0.0,0.0005478991596638654,0.0010890000000000001
217000,0.0011152,0.0007433333333333334,0.0019383333333333334,0.0031616923076923076,0.0019326582278481018,0.00152,0.002354516129032258,0.0015051315789473684,0.0014420253164556963,0.003135,0.0034788888888888886,0.0010857142857142856,0.0037575757575757577,0.001523030303030303,0.0008323529411764707,0.00010833333333333333,0.0014614285714285714,0.004651012658227849,0.004178928571428571,0.0013285333333333334,0.001753230769230769,0.00048571428571428577,0.002864533333333334,0.0016996666666666666,0.004665873015873016,0.000284,0.002464193548387097,0.0028062499999999997,0.00826070588235294,0.0016664516129032256,0.002236133333333333,0.006163076923076923,0.039504615384615374,0.004024512195121952,0.0013844444444444444,0.0011816071428571427,0.0008869736842105263,0.000969090909090909,4.542168674698795e-05,0.00018562500000000003,0.0005385714285714285,0.0029193617021276595,0.00095875,0.000165,0.003624736842105263,0.0005011578947368421,0.0008188571428571429,0.0025357017543859647,5.75e-05,0.002286206896551724,0.000544,6.090909090909091e-05,0.0017663846153846154,0.00022083333333333338,0.0016469999999999998,0.0006967346938775511,0.0003,0.003945862068965517,5.363636363636364e-05,0.0,0.001780215053763441,0.0011350000000000002,0.00034,0.0,0.0006152777777777777,0.0011809230769230768,0.0012293333333333334,0.0007387096774193548,0.0003716666666666667,0.005631981981981983,0.00025666666666666665,0.000895,0.0028633333333333336,0.0001566666666666667,0.00018428571428571428,0.00031116883116883115,0.001162142857142857,0.0038404032258064517,0.0,0.0005684033613445378,0.001675
218000,0.0008684,0.0006699999999999999,0.001581666666666667,0.002741384615384615,0.002607974683544304,0.0013614285714285714,0.0028106451612903223,0.0018397368421052636,0.0017601265822784812,0.0033487499999999997,0.003055185185185185,0.001136530612244898,0.00463,0.001556212121212121,0.0008581176470588238,0.00013666666666666666,0.0015653571428571424,0.005111012658227848,0.004010357142857143,0.0015072,0.0017055384615384612,0.0005848214285714286,0.003133333333333333,0.0013890000000000003,0.0035379365079365077,0.000302,0.0020611290322580644,0.0029443750000000004,0.010152823529411766,0.001506451612903226,0.0011354666666666667,0.0044646153846153855,0.03464326923076923,0.0040593902439024394,0.0017961111111111114,0.0014673214285714285,0.00046644736842105277,0.0006199999999999999,2.8072289156626508e-05,0.00015000000000000001,0.0003942857142857143,0.002357765957446809,0.00139375,0.000115,0.002897894736842105,0.0003461052631578947,0.0005908571428571428,0.0015593859649122807,8.75e-05,0.0022926724137931035,0.00034,7.272727272727273e-05,0.001788153846153846,0.00011250000000000001,0.001078,0.0006344897959183674,0.000235,0.003246206896551724,0.0001872727272727273,0.0,0.0018292473118279571,0.00083125,0.00021666666666666666,0.0,0.00044972222222222223,0.0011695384615384614,0.0007993333333333332,0.0005659139784946236,0.0002914814814814815,0.005280900900900902,0.00021444444444444443,0.0007933333333333333,0.0033666666666666667,6.833333333333333e-05,7.571428571428571e-05,8.688311688311687e-05,0.0013742857142857144,0.003489838709677419,0.0,0.0005312605042016807,0.001132
219000,0.0011645333333333335,0.0007903703703703704,0.0014091666666666669,0.0029456923076923076,0.0025891139240506325,0.0015171428571428573,0.0024511290322580645,0.0018371052631578947,0.001490759493670886,0.004058125,0.0038496296296296295,0.001176122448979592,0.004630909090909091,0.002002272727272727,0.0009447058823529409,3.4166666666666666e-05,0.0017273809523809525,0.005848481012658228,0.0042250000000000005,0.0013544,0.0016804615384615387,0.0005244642857142858,0.0034058666666666668,0.0014556666666666667,0.0037468253968253964,0.000268,0.0026664516129032262,0.00351625,0.009456823529411764,0.001582903225806452,0.0021738666666666667,0.005217692307692308,0.04971519230769231,0.004399878048780488,0.0017294444444444443,0.00114875,0.0005843421052631578,0.0009800000000000002,0.0001002409638554217,0.00026625,0.0005285714285714286,0.003666170212765957,0.001235,7.7e-05,0.005470526315789474,0.0005347368421052631,0.0010544285714285714,0.0025431578947368422,0.00011625,0.0018315517241379309,0.00039,9.090909090909092e-05,0.0015773846153846155,0.00033916666666666665,0.0014030000000000002,0.0008653061224489796,0.00038,0.002979655172413793,0.00040818181818181817,0.0,0.0019244086021505376,0.00137125,0.000315,0.0,0.0004841666666666666,0.0009640000000000001,0.0012373333333333333,0.000714731182795699,0.0003913888888888888,0.004436036036036035,0.00039999999999999996,0.0009083333333333334,0.0024833333333333335,0.00022833333333333332,0.00013142857142857143,0.0002784415584415584,0.002250714285714286,0.003101854838709677,0.0,0.0005287394957983194,0.001608
220000,0.0010896,0.0010133333333333333,0.002108333333333333,0.0037366153846153842,0.0025891139240506325,0.0018742857142857142,0.002313064516129032,0.0019443421052631577,0.001988227848101266,0.004630624999999999,0.003560740740740741,0.0013297959183673472,0.005909696969696969,0.001724242424242424,0.001015529411764706,4e-05,0.001825714285714286,0.006011392405063292,0.004769285714285714,0.001708266666666667,0.002143384615384615,0.0005333928571428572,0.004167866666666667,0.002043,0.0052274603174603165,0.000304,0.0027772580645161293,0.003446666666666666,0.009787764705882352,0.0020480645161290324,0.0021458666666666665,0.008015384615384615,0.039637500000000006,0.004904878048780489,0.00203,0.001974285714285714,0.0006836842105263158,0.0008336363636363638,8.08433734939759e-05,0.000339375,0.0005499999999999999,0.002746702127659575,0.0016275,0.00012100000000000001,0.004698421052631579,0.0005230526315789473,0.0008987142857142857,0.0026475438596491228,0.0001075,0.0025608620689655174,0.000576,0.0001781818181818182,0.002394384615384616,0.0002391666666666667,0.001624,0.0013920408163265304,0.00017,0.00396896551724138,0.0003936363636363636,0.0,0.0024612903225806446,0.00104625,0.00048666666666666666,0.0,0.000646388888888889,0.0013244615384615385,0.0011973333333333335,0.0009402150537634409,0.0004898148148148149,0.005462702702702701,0.0006377777777777778,0.0010833333333333335,0.0024833333333333335,0.00024333333333333336,0.00028142857142857147,0.0003909090909090909,0.001975714285714286,0.004218225806451613,0.0,0.0007065546218487394,0.0017499999999999998
221000,0.0011332,0.0009022222222222222,0.002081666666666667,0.0037324615384615387,0.00244620253164557,0.0016571428571428572,0.002887580645161291,0.0019048684210526317,0.0022084810126582278,0.00504125,0.004149382716049383,0.001366734693877551,0.006877878787878788,0.00196469696969697,0.0011776470588235294,2.9999999999999997e-05,0.001961309523809524,0.005507088607594936,0.005906428571428571,0.0014865333333333333,0.002216153846153846,0.00055,0.004386666666666667,0.0017843333333333333,0.006429206349206349,0.00020600000000000002,0.0031148387096774192,0.0034339583333333336,0.009903411764705885,0.0028179032258064517,0.0022297333333333334,0.008508846153846155,0.044459230769230765,0.004774024390243901,0.002364444444444444,0.0013891071428571429,0.0005488157894736843,0.0004954545454545455,4.481927710843374e-05,0.0001475,0.0002471428571428571,0.00223531914893617,0.00090625,3.8e-05,0.003589473684210526,0.00038347368421052635,0.0005535714285714287,0.0018588596491228072,3.5625e-05,0.0020659482758620686,0.00040999999999999994,6.454545454545455e-05,0.0016455384615384615,9.333333333333333e-05,0.001114,0.000696938775510204,0.000105,0.002902758620689655,0.0003363636363636364,0.0,0.0012744086021505376,0.00049125,0.000215,0.0,0.000205,0.0007569230769230769,0.0008693333333333333,0.0004215053763440861,0.000344537037037037,0.0045402702702702705,0.0002477777777777778,0.0004516666666666666,0.0017699999999999999,5.666666666666667e-05,0.00014285714285714287,0.00015350649350649351,0.0013214285714285713,0.00305991935483871,0.0,0.0003997478991596639,0.0009910000000000001
222000,0.0015868,0.0011692592592592592,0.0019858333333333334,0.005196923076923076,0.003307215189873418,0.0018985714285714285,0.0033061290322580644,0.001959868421052632,0.001824683544303797,0.0040550000000000004,0.003059876543209877,0.0014838775510204083,0.007171818181818182,0.001878181818181818,0.001220470588235294,2.3333333333333332e-05,0.0020203571428571428,0.006337341772151898,0.005388214285714286,0.0016378666666666667,0.002412769230769231,0.0005730357142857143,0.004485200000000001,0.0016283333333333334,0.004787777777777777,0.00025,0.003622741935483871,0.003175833333333333,0.011477529411764706,0.0018646774193548387,0.002000266666666667,0.006257692307692307,0.050972692307692316,0.006395121951219512,0.00212,0.0015725,0.0007800000000000001,0.0009845454545454547,0.00010807228915662649,0.00023999999999999998,0.00043142857142857143,0.004035851063829788,0.0013587500000000001,0.00011800000000000001,0.0044294736842105265,0.0005093684210526316,0.0009745714285714284,0.0025346491228070175,0.000291875,0.0026511206896551722,0.000498,0.00011818181818181818,0.0021260769230769232,0.00040666666666666667,0.001068,0.0012853061224489797,0.00051,0.003955517241379311,0.00045818181818181814,0.0,0.001838494623655914,0.00098125,0.00023000000000000003,0.0,0.0005405555555555555,0.0011826153846153848,0.001302,0.0008623655913978496,0.0005562962962962963,0.00685063063063063,0.00056,0.0005866666666666667,0.002493333333333333,0.00031499999999999996,0.00015571428571428572,0.00043519480519480517,0.0017535714285714286,0.004267741935483871,0.0,0.0008350420168067227,0.0024280000000000005
223000,0.0009341333333333333,0.0006870370370370371,0.0013516666666666662,0.0030464615384615387,0.002198860759493671,0.001392857142857143,0.0020101612903225805,0.001509078947368421,0.0011381012658227849,0.002944375,0.002652716049382716,0.0009228571428571428,0.005631212121212122,0.0014251515151515153,0.0007023529411764706,0.0,0.0014292857142857143,0.0038315189873417725,0.004278214285714286,0.0011596,0.0015393846153846154,0.00038285714285714285,0.003232933333333333,0.0012643333333333332,0.0029801587301587296,0.000192,0.002011612903225806,0.001953125,0.006901058823529412,0.0016124193548387098,0.0010332,0.0039030769230769227,0.034802692307692305,0.0045926829268292686,0.0015544444444444442,0.001260357142857143,0.0004311842105263158,0.000569090909090909,4.120481927710843e-05,8e-05,0.00046857142857142855,0.002477340425531915,0.0008875,0.000123,0.0035968421052631587,0.0003021052631578947,0.0007367142857142857,0.0020507894736842107,8.999999999999999e-05,0.0019412931034482762,0.00044399999999999995,5.090909090909091e-05,0.0013735384615384614,0.00023583333333333334,0.0009660000000000001,0.000696734693877551,0.00029,0.0029975862068965515,0.00014909090909090908,0.0,0.0014137634408602153,0.00098125,0.00023999999999999998,0.0,0.0003533333333333333,0.0008143076923076922,0.0007926666666666668,0.0005393548387096775,0.00039009259259259254,0.004813423423423423,0.00022777777777777775,0.0004783333333333334,0.00159,0.00011666666666666668,8.285714285714286e-05,0.00027701298701298706,0.001747857142857143,0.003268790322580645,0.0,0.0003587394957983193,0.000902
224000,0.0011570666666666665,0.0010155555555555556,0.0021425,0.004271076923076923,0.00300506329113924,0.0013814285714285714,0.002963870967741936,0.001950263157894737,0.0020598734177215187,0.004966874999999999,0.004707530864197531,0.0015642857142857142,0.006331515151515151,0.00221,0.001195764705882353,4.208333333333334e-05,0.0018729761904761907,0.00624240506329114,0.005322499999999999,0.0015558666666666665,0.002262307692307692,0.0007060714285714285,0.004239066666666667,0.0019243333333333335,0.005432857142857142,0.000292,0.00305483870967742,0.0035664583333333334,0.01086764705882353,0.0025180645161290314,0.0021312,0.010187692307692307,0.062067307692307686,0.005626219512195121,0.0024444444444444444,0.0014891071428571427,0.0004935526315789474,0.0006372727272727273,8.481927710843372e-05,0.000135,0.0004542857142857143,0.0021975531914893614,0.0007775,6.7e-05,0.004728421052631579,0.00037305263157894736,0.0005901428571428571,0.0018271929824561404,9.3125e-05,0.0019332758620689656,0.0004999999999999999,7.181818181818182e-05,0.001525076923076923,0.00015,0.001116,0.0005785714285714286,0.00027,0.002552068965517241,0.00013090909090909093,0.0,0.0013955913978494622,0.0007675,0.00021,0.0,0.00031194444444444444,0.0008427692307692307,0.0006726666666666667,0.0005181720430107527,0.0002787037037037037,0.0044544144144144145,0.00021444444444444446,0.0009599999999999999,0.0010866666666666666,0.0,0.00010857142857142858,0.0001433766233766234,0.0013028571428571431,0.002821854838709677,0.0,0.00045764705882352937,0.0009030000000000002
225000,0.0010857333333333331,0.0008177777777777777,0.0019408333333333335,0.003437076923076923,0.0024632911392405065,0.00165,0.002697096774193548,0.001757631578947368,0.0018526582278481011,0.004894375,0.00402925925925926,0.0010655102040816327,0.005006060606060607,0.0020413636363636367,0.0009983529411764708,0.0,0.0016129761904761905,0.005515822784810127,0.003973571428571429,0.0015121333333333333,0.0020506153846153847,0.0005941071428571429,0.003136533333333333,0.0017626666666666667,0.004333015873015873,0.000246,0.002817741935483871,0.0034850000000000003,0.010496941176470589,0.0020145161290322585,0.0014430666666666665,0.0074919230769230774,0.05506730769230771,0.0043001219512195125,0.002196666666666667,0.00146,0.0004552631578947368,0.000800909090909091,5.662650602409639e-05,0.00028875,0.00042999999999999994,0.003523404255319149,0.00139125,0.000247,0.0046115789473684205,0.0003198947368421052,0.0007441428571428572,0.002380877192982456,0.00010343749999999999,0.0020542241379310345,0.00069,0.00013000000000000002,0.0018919999999999998,0.0006283333333333333,0.00128,0.001133061224489796,0.000325,0.0029110344827586207,0.00018,0.0,0.0019465591397849465,0.00099875,0.00039,0.0,0.0007402777777777777,0.0014723076923076925,0.0011213333333333331,0.0008559139784946237,0.0005671296296296297,0.005376936936936937,0.00040666666666666667,0.0009000000000000001,0.0025566666666666667,0.00011833333333333334,0.0001485714285714286,0.0002785714285714286,0.0013957142857142855,0.0032137903225806447,0.0,0.0007191596638655462,0.001382
226000,0.0010976,0.0007888888888888889,0.0018458333333333337,0.0046146153846153845,0.0024230379746835442,0.0016814285714285713,0.0024796774193548386,0.0018822368421052634,0.0019121518987341775,0.00356,0.004610740740740741,0.0009061224489795918,0.0049433333333333326,0.0019351515151515152,0.0009110588235294117,0.0,0.0017161904761904764,0.004087594936708862,0.004503571428571429,0.0013908,0.001936153846153846,0.0004819642857142857,0.004086666666666667,0.001369,0.004214126984126984,0.000226,0.0031353225806451616,0.0023316666666666668,0.008548941176470589,0.0018924193548387096,0.0016632,0.005985,0.04438923076923077,0.004906219512195122,0.0022505555555555556,0.0016035714285714284,0.0004392105263157895,0.0007009090909090909,3.987951807228916e-05,0.000225625,0.0004357142857142857,0.002673723404255319,0.00098375,7.3e-05,0.0042347368421052625,0.0002863157894736842,0.000773,0.002301052631578948,0.00015718750000000002,0.002523448275862068,0.000438,0.00015,0.0016378461538461538,0.0006625,0.001212,0.0009199999999999999,0.000235,0.0032179310344827585,0.0003036363636363636,0.0,0.0017107526881720433,0.0011675000000000001,0.0004983333333333334,0.0,0.00047388888888888893,0.0010678461538461538,0.001114,0.0005809677419354839,0.000425462962962963,0.00558108108108108,0.00047555555555555556,0.0006766666666666667,0.00156,0.00013,0.0002728571428571429,0.00026181818181818185,0.0016107142857142859,0.003411451612903226,0.0,0.0005319327731092437,0.0010240000000000002
227000,0.0013117333333333332,0.0011296296296296295,0.0020466666666666667,0.004388307692307693,0.002835822784810126,0.0016814285714285713,0.003086774193548387,0.0018942105263157895,0.0017774683544303795,0.003303125,0.005075679012345679,0.0014308163265306123,0.00463030303030303,0.0026822727272727276,0.0010909411764705886,1.125e-05,0.0019757142857142855,0.005205189873417721,0.004654642857142858,0.001927466666666667,0.0022781538461538464,0.0005991071428571429,0.004701066666666667,0.0020456666666666666,0.005285079365079366,0.000264,0.0030596774193548393,0.0031208333333333335,0.009430235294117646,0.002383709677419355,0.0019494666666666671,0.007535769230769233,0.0534728846153846,0.004765853658536585,0.0027344444444444443,0.0012557142857142856,0.0004711842105263158,0.0005390909090909091,4.228915662650602e-05,0.0002,0.0004871428571428571,0.002512127659574468,0.001,6.7e-05,0.003455263157894737,0.00042178947368421056,0.0007867142857142858,0.0019450877192982456,0.000125625,0.0024574137931034482,0.000442,9.090909090909092e-05,0.0019496923076923074,0.000305,0.0017070000000000002,0.000766734693877551,0.00032,0.003853793103448276,0.00016636363636363637,0.0,0.0020437634408602147,0.00108125,0.00032166666666666666,0.0,0.0004694444444444444,0.0012,0.0007546666666666667,0.0005972043010752688,0.00029787037037037043,0.005811711711711712,0.0003133333333333333,0.0007883333333333333,0.00365,0.00011166666666666667,0.00016142857142857143,0.0001646753246753247,0.0017250000000000002,0.0036206451612903223,0.0,0.00043915966386554625,0.000902
228000,0.001332,0.0010951851851851852,0.0018349999999999998,0.003958923076923077,0.002542025316455696,0.0015757142857142858,0.003654193548387097,0.001983552631578947,0.0018160759493670885,0.003659375,0.0029990123456790124,0.0010973469387755104,0.00546939393939394,0.0017160606060606062,0.0011644705882352942,1.5833333333333333e-05,0.001729880952380952,0.005840506329113924,0.005163571428571429,0.0016082666666666667,0.001907846153846154,0.0005814285714285714,0.0038969333333333336,0.0017703333333333332,0.0056528571428571435,0.00023600000000000002,0.002244032258064516,0.003238125,0.009762117647058824,0.0018954838709677418,0.0015426666666666664,0.00512576923076923,0.041938846153846146,0.005332317073170732,0.0022411111111111113,0.0014730357142857145,0.0006756578947368422,0.0008572727272727274,9.843373493975903e-05,0.00032312500000000006,0.0008142857142857143,0.0034777659574468083,0.0013437500000000001,0.000163,0.0054800000000000005,0.0005955789473684212,0.0010701428571428572,0.0020165789473684213,0.00011687500000000001,0.0026262068965517238,0.00049,0.00014090909090909093,0.002188846153846154,0.0007933333333333333,0.0018690000000000002,0.0009746938775510205,0.00039,0.003199655172413793,0.00021454545454545457,0.0,0.0019359139784946235,0.00131625,0.0005683333333333333,0.0,0.0005497222222222223,0.0012533846153846154,0.0009713333333333333,0.0009405376344086023,0.0005294444444444444,0.005450630630630632,0.00039,0.001235,0.00291,0.00018666666666666666,0.00013142857142857143,0.0004455844155844157,0.002337142857142857,0.003935403225806452,0.0,0.000695546218487395,0.001122
229000,0.0011689333333333334,0.0010318518518518517,0.0018650000000000001,0.003670615384615385,0.0037083544303797462,0.001657142857142857,0.0024914516129032256,0.0016926315789473688,0.0016112658227848103,0.0033712499999999997,0.00411283950617284,0.001156326530612245,0.005143939393939393,0.0022189393939393938,0.001116588235294118,2.125e-05,0.0017596428571428572,0.005080632911392405,0.004509999999999999,0.0016034666666666665,0.0019664615384615385,0.0005510714285714287,0.003321733333333333,0.0016626666666666667,0.004271904761904763,0.000194,0.0025169354838709677,0.002899583333333334,0.00855964705882353,0.001827258064516129,0.0015852000000000002,0.0050869230769230766,0.04576096153846153,0.004383902439024391,0.0016377777777777777,0.0010494642857142857,0.0006217105263157896,0.0008390909090909091,4.590361445783133e-05,0.00022312500000000002,0.0005742857142857141,0.002612978723404255,0.0009875,7.6e-05,0.003506315789473684,0.0004508421052631578,0.0010011428571428571,0.002218947368421052,0.0002571875,0.0023903448275862066,0.00047799999999999996,0.00020272727272727272,0.0016424615384615386,0.00042583333333333335,0.0015970000000000001,0.0008877551020408163,0.000285,0.0034513793103448276,0.0001718181818181818,0.0,0.002090215053763441,0.00119,0.0006900000000000001,0.0,0.0004572222222222222,0.0010306153846153846,0.000966,0.0006264516129032258,0.0004094444444444445,0.005290180180180179,0.0003422222222222223,0.0005983333333333333,0.0027966666666666665,0.00015166666666666668,0.00022999999999999998,0.0003990909090909091,0.0020135714285714284,0.0034956451612903226,0.0,0.0005612605042016807,0.001735
230000,0.0011388,0.0008840740740740741,0.0017200000000000004,0.003404,0.003221772151898734,0.001717142857142857,0.002718387096774194,0.0014714473684210526,0.0016403797468354429,0.003095,0.003403703703703704,0.0007936734693877552,0.004436060606060606,0.0015959090909090908,0.001014941176470588,5.0416666666666675e-05,0.0015602380952380957,0.005149113924050632,0.0037967857142857143,0.0013812,0.0017586153846153845,0.0006230357142857143,0.0032916,0.0013913333333333334,0.0037312698412698404,0.000214,0.002238064516129032,0.003126875,0.008554823529411766,0.0017351612903225803,0.0014505333333333333,0.004486538461538462,0.04170538461538463,0.0040352439024390245,0.0017694444444444441,0.0010298214285714286,0.00026934210526315794,0.0006,4.5301204819277104e-05,0.000150625,0.00012,0.002168297872340426,0.0010625,5.8e-05,0.003943684210526315,0.00029063157894736847,0.000726,0.0017963157894736843,0.0001196875,0.0019891379310344828,0.000358,7e-05,0.0018915384615384616,0.00018999999999999998,0.0014110000000000001,0.000596530612244898,0.000175,0.003140689655172414,0.0001509090909090909,0.0,0.0017643010752688172,0.00106375,0.00023333333333333333,0.0,0.0005119444444444444,0.0010040000000000001,0.000896,0.0006044086021505377,0.00023629629629629627,0.004587117117117116,0.0002955555555555556,0.0006683333333333333,0.0016266666666666667,8.333333333333333e-05,0.00014,0.0002474025974025974,0.0011885714285714288,0.003184032258064516,0.0,0.0004871428571428571,0.000994
231000,0.0016573333333333331,0.001173333333333333,0.0019100000000000002,0.004665692307692307,0.0044641772151898735,0.002,0.0032032258064516135,0.0019248684210526317,0.0026139240506329116,0.0046075000000000005,0.003878024691358025,0.0013599999999999999,0.007260606060606061,0.0024125757575757575,0.001154,6.916666666666666e-05,0.0021121428571428576,0.006837721518987341,0.004656071428571428,0.0018273333333333334,0.0025015384615384617,0.0008758928571428572,0.004689466666666667,0.002244666666666667,0.004883809523809523,0.00033,0.002702258064516129,0.003691041666666667,0.012989411764705886,0.002787096774193549,0.0013826666666666668,0.0074165384615384605,0.05718711538461539,0.004675731707317074,0.001988888888888889,0.0013455357142857143,0.0005757894736842104,0.0005727272727272727,5.156626506024096e-05,0.000153125,0.0005971428571428571,0.002466063829787234,0.00113875,0.00020099999999999995,0.004613157894736842,0.00039389473684210523,0.0006991428571428573,0.0018066666666666665,0.0001415625,0.002704051724137931,0.000742,5.363636363636364e-05,0.002081769230769231,0.0003233333333333333,0.001565,0.0006693877551020407,0.000415,0.00347103448275862,3.454545454545455e-05,0.0,0.0017280645161290324,0.0009487499999999999,0.00044333333333333334,0.0,0.0006183333333333334,0.0010332307692307691,0.001116,0.0007029032258064516,0.0002925,0.006042252252252253,0.00037444444444444444,0.0011383333333333334,0.0019433333333333334,0.0,0.00013571428571428572,0.00040792207792207793,0.0015550000000000002,0.0037336290322580647,0.0,0.00045159663865546214,0.0011649999999999998
232000,0.0013670666666666669,0.001145185185185185,0.0019883333333333337,0.004350000000000001,0.0032720253164556963,0.00136,0.002670322580645161,0.001981842105263158,0.001966708860759494,0.004029375,0.004246543209876543,0.0012295918367346938,0.006096666666666668,0.00224030303030303,0.0013478823529411766,3.541666666666667e-05,0.0021435714285714287,0.006664683544303798,0.005296071428571429,0.0019550666666666664,0.0022784615384615387,0.0007685714285714285,0.004120799999999999,0.002617666666666667,0.004929047619047619,0.0004,0.003423225806451613,0.0034977083333333336,0.011292588235294117,0.00267016129032258,0.0016526666666666667,0.010102692307692309,0.043900576923076924,0.004954756097560975,0.001890555555555556,0.0015549999999999997,0.00040500000000000003,0.00058,4.759036144578314e-05,0.00015625,0.00026857142857142856,0.0032401063829787234,0.00175,4.9e-05,0.0035389473684210525,0.00029126315789473683,0.000588,0.0020209649122807016,0.0001321875,0.002574655172413793,0.00046,6.90909090909091e-05,0.0020622307692307693,0.00021333333333333336,0.0011560000000000001,0.0008234693877551021,0.000295,0.0035017241379310345,0.00018545454545454548,0.0,0.002160537634408602,0.00113375,0.0002933333333333333,0.0,0.000587222222222222,0.0012198461538461538,0.0011546666666666665,0.0007004301075268818,0.0004112962962962963,0.006124324324324323,0.00037666666666666664,0.0005983333333333333,0.0012833333333333334,0.00020166666666666664,0.00022285714285714286,0.00023272727272727274,0.0017242857142857144,0.003810645161290322,0.0,0.00048823529411764707,0.0013830000000000001
233000,0.0011673333333333334,0.0008559259259259259,0.0012966666666666667,0.004131538461538462,0.002639367088607595,0.001382857142857143,0.0016206451612903229,0.0015311842105263159,0.0014905063291139242,0.0033568750000000005,0.0030762962962962966,0.0007848979591836735,0.004856666666666666,0.0016543939393939393,0.0007310588235294117,2.0833333333333333e-05,0.0013784523809523808,0.003890253164556962,0.004492500000000001,0.0011903999999999999,0.0016963076923076923,0.00042428571428571434,0.0029346666666666666,0.0011176666666666668,0.004380952380952382,0.00024000000000000003,0.0028650000000000004,0.00242875,0.007258941176470588,0.001484516129032258,0.0010926666666666667,0.006438461538461538,0.04360923076923077,0.0040007317073170725,0.0019277777777777778,0.0012242857142857142,0.00046565789473684214,0.0005172727272727273,6.060240963855421e-05,0.00019749999999999998,0.0002471428571428571,0.0018482978723404256,0.0011524999999999999,0.00020800000000000001,0.0026015789473684213,0.0003767368421052632,0.00046042857142857154,0.0014992105263157895,0.00020656249999999999,0.0015213793103448277,0.00054,7.90909090909091e-05,0.001563076923076923,7.333333333333333e-05,0.001213,0.0006487755102040814,0.00062,0.0022579310344827586,0.00020636363636363636,0.0,0.0013181720430107523,0.00068625,0.000265,0.0,0.0003694444444444445,0.0008406153846153846,0.0007220000000000001,0.0006346236559139786,0.00041435185185185184,0.002872252252252252,0.0003155555555555556,0.0009716666666666667,0.00193,9.666666666666667e-05,0.00010285714285714286,0.00017532467532467534,0.0017214285714285715,0.0026541129032258077,0.0,0.0005605882352941176,0.0009889999999999999
234000,0.0009868000000000001,0.0007344444444444445,0.0015666666666666667,0.003249384615384615,0.0016818987341772151,0.0012,0.0019180645161290322,0.0015093421052631579,0.001568354430379747,0.003053125,0.0038835802469135805,0.0009389795918367346,0.004363030303030303,0.0016440909090909093,0.0009025882352941176,5.583333333333333e-05,0.0015439285714285715,0.0043392405063291135,0.0034964285714285718,0.0012977333333333333,0.0015349230769230772,0.0004425,0.003146533333333333,0.0013939999999999998,0.004370952380952379,0.00022199999999999998,0.002125161290322581,0.0030452083333333334,0.00718435294117647,0.0017085483870967742,0.0013345333333333333,0.0075523076923076915,0.03711019230769231,0.0038162195121951223,0.0017816666666666666,0.0012830357142857142,0.00044315789473684203,0.00034727272727272726,3.903614457831325e-05,0.00011125000000000001,0.00015999999999999999,0.0019642553191489363,0.0008537499999999999,6.1e-05,0.0029373684210526317,0.00027484210526315786,0.000459,0.001780438596491228,9.4375e-05,0.001642758620689655,0.00037799999999999997,6.272727272727273e-05,0.0014226153846153846,0.0001375,0.001022,0.0006965306122448978,0.00017,0.002547241379310345,0.0001690909090909091,0.0,0.0014059139784946234,0.00075625,0.000255,0.0,0.00037722222222222215,0.000841846153846154,0.0008386666666666667,0.00057,0.0002812037037037037,0.004136396396396397,0.00035222222222222225,0.0007016666666666667,0.0017333333333333335,0.000155,0.00015285714285714287,0.00020415584415584413,0.0012549999999999998,0.002661532258064516,0.0,0.00037411764705882344,0.0011580000000000002
235000,0.0013289333333333334,0.001124074074074074,0.002616666666666667,0.004430615384615385,0.003106329113924051,0.0016657142857142858,0.0026122580645161295,0.002189210526315789,0.001969620253164557,0.0051125,0.004580740740740741,0.001106326530612245,0.0058175757575757575,0.0026734848484848486,0.0011544705882352941,4.708333333333333e-05,0.0019964285714285713,0.006047721518987342,0.006366071428571429,0.0017277333333333338,0.0026552307692307695,0.0006669642857142856,0.004768666666666667,0.0017116666666666667,0.0060999999999999995,0.000274,0.0029082258064516133,0.004209583333333333,0.011067764705882352,0.002907741935483871,0.0026802666666666665,0.00826,0.04326634615384614,0.004812926829268292,0.0025577777777777777,0.0015646428571428571,0.00040960526315789473,0.0005481818181818182,5.108433734939759e-05,0.0001225,0.0003257142857142857,0.0021782978723404256,0.0013462499999999998,9.2e-05,0.003425263157894737,0.00042105263157894745,0.0007781428571428571,0.0016502631578947371,0.0001990625,0.0020526724137931037,0.000186,4.3636363636363636e-05,0.001957461538461538,7.083333333333332e-05,0.0010530000000000001,0.000496734693877551,0.00035,0.0029417241379310344,0.0001481818181818182,0.0,0.0015741935483870966,0.0007025,0.000355,0.0,0.0003755555555555555,0.0009620000000000001,0.001102,0.0006595698924731182,0.00048611111111111115,0.004083513513513513,0.0003111111111111111,0.0006266666666666668,0.0015133333333333333,7.166666666666667e-05,0.00016857142857142857,0.00038181818181818184,0.001584285714285714,0.0032208064516129034,0.0,0.0004931932773109244,0.001225
236000,0.0012728000000000001,0.0009307407407407409,0.0018358333333333334,0.004206923076923077,0.002889620253164557,0.0016657142857142858,0.0021059677419354842,0.0020230263157894734,0.0017811392405063294,0.003978125,0.0046265432098765435,0.0013524489795918367,0.004879393939393939,0.0023448484848484843,0.0010657647058823529,4.958333333333334e-05,0.001969880952380953,0.004913670886075949,0.005141785714285716,0.0020076,0.002204923076923077,0.0006455357142857143,0.004521466666666668,0.0018343333333333334,0.005872222222222223,0.000328,0.002673709677419355,0.0035241666666666668,0.010465294117647059,0.0025387096774193555,0.0025280000000000003,0.012045384615384614,0.04578173076923077,0.004515975609756098,0.0021827777777777783,0.0014591071428571429,0.0005507894736842106,0.000729090909090909,5.5180722891566265e-05,0.000105,0.0005414285714285714,0.002703404255319149,0.00098,6.8e-05,0.004569999999999999,0.00039915789473684215,0.0008497142857142857,0.0018151754385964914,0.0002384375,0.0024481896551724136,0.000438,4.727272727272727e-05,0.0018980769230769231,0.0002725,0.0016289999999999998,0.0006136734693877551,0.000305,0.003343793103448275,0.00015636363636363637,0.0,0.0017340860215053766,0.00105,0.00042833333333333335,0.0,0.0006227777777777779,0.001120923076923077,0.0010266666666666666,0.0008148387096774195,0.0003656481481481482,0.005090360360360361,0.00030555555555555555,0.0006550000000000001,0.0023033333333333334,5.5e-05,0.0001842857142857143,0.0003564935064935065,0.00146,0.003419758064516129,0.0,0.0005996638655462185,0.001036
237000,0.0013021333333333334,0.0009403703703703704,0.0018991666666666664,0.003958307692307692,0.002429367088607595,0.00152,0.003158225806451613,0.0018261842105263158,0.002192911392405064,0.0029631250000000005,0.004318148148148147,0.001184081632653061,0.005363333333333333,0.0019133333333333333,0.0010185882352941175,6.458333333333334e-05,0.0017528571428571426,0.005105569620253164,0.003999642857142857,0.0018011999999999998,0.002390615384615385,0.0006266071428571428,0.0034509333333333325,0.0019636666666666665,0.005404761904761904,0.00035400000000000004,0.0027435483870967736,0.0031797916666666663,0.009891999999999998,0.00233258064516129,0.001872666666666667,0.008346153846153847,0.047470384615384616,0.0043648780487804874,0.002211111111111111,0.0015942857142857143,0.0005631578947368421,0.0006836363636363636,6.457831325301205e-05,0.00012812499999999998,0.0005128571428571429,0.002795851063829787,0.0009349999999999999,5.4e-05,0.005220526315789474,0.00040136842105263155,0.0007297142857142857,0.001959122807017544,0.00015531250000000001,0.0018166379310344824,0.00044800000000000005,4.909090909090909e-05,0.0017287692307692308,0.00026333333333333336,0.001527,0.0008140816326530614,0.00034,0.0030110344827586205,2.727272727272727e-05,0.0,0.0017802150537634407,0.00111375,0.00045333333333333337,0.0,0.0005827777777777778,0.001142,0.001168,0.0007121505376344086,0.0003017592592592592,0.00503891891891892,0.00033777777777777777,0.0007833333333333334,0.0028366666666666666,6.166666666666667e-05,0.00016714285714285716,0.00031584415584415585,0.0015057142857142856,0.0030941129032258066,0.0,0.0005410084033613447,0.001144
238000,0.0009749333333333334,0.0006207407407407407,0.0015558333333333335,0.003381384615384615,0.0027762025316455693,0.0016799999999999999,0.0022267741935483865,0.0015492105263157894,0.001198481012658228,0.0028125,0.0032983950617283954,0.001149591836734694,0.0039045454545454552,0.0016187878787878788,0.0009303529411764706,5.083333333333334e-05,0.0016047619047619048,0.004210506329113925,0.003957142857142858,0.0012865333333333335,0.0015187692307692307,0.0004696428571428571,0.0030686666666666666,0.001273,0.004134444444444444,0.0002,0.002246129032258065,0.0028697916666666663,0.007522470588235292,0.0013770967741935489,0.0017444000000000001,0.008163461538461538,0.0447525,0.003799268292682927,0.0017083333333333334,0.001272857142857143,0.00044052631578947373,0.00062,6.204819277108433e-05,0.000219375,0.0003171428571428571,0.002360851063829787,0.00101375,0.00013700000000000002,0.00369,0.00033842105263157883,0.0005518571428571429,0.0019419298245614035,5.9062500000000006e-05,0.0019330172413793102,0.00042000000000000007,8.727272727272727e-05,0.001293923076923077,0.0004591666666666667,0.0013830000000000001,0.0005879591836734693,0.00039,0.002636896551724138,0.00017727272727272728,0.0,0.0015220430107526883,0.00081875,0.00049,0.0,0.0003533333333333333,0.0011056923076923075,0.0008413333333333334,0.0006511827956989248,0.00030620370370370366,0.004593513513513513,0.0003333333333333333,0.0005733333333333334,0.0025533333333333332,0.00011,0.00010142857142857143,0.00026831168831168827,0.002095,0.0026967741935483873,0.0,0.00056890756302521,0.0009420000000000001
239000,0.0011305333333333333,0.0009666666666666666,0.0023066666666666665,0.003928307692307693,0.0037830379746835443,0.0021271428571428574,0.002906290322580645,0.0020298684210526313,0.0022658227848101264,0.0038199999999999996,0.005393209876543209,0.0020526530612244897,0.007063030303030303,0.0022815151515151516,0.0009698823529411764,2.7083333333333332e-05,0.002065833333333333,0.0065605063291139225,0.005303571428571429,0.0018635999999999998,0.002644,0.0008032142857142858,0.0044698666666666675,0.0019219999999999999,0.006045396825396825,0.0005039999999999999,0.0033133870967741934,0.004177916666666667,0.012341647058823532,0.0032075806451612905,0.001992533333333333,0.01304,0.05660865384615384,0.00480609756097561,0.0020588888888888887,0.0018560714285714287,0.0005122368421052631,0.0008545454545454544,4.481927710843374e-05,0.00023062499999999998,0.00016285714285714284,0.0026622340425531913,0.00135875,0.000153,0.004360526315789474,0.0003806315789473685,0.000694,0.0019469298245614036,8.468749999999999e-05,0.0030382758620689657,0.00041799999999999997,8.818181818181818e-05,0.0020870769230769233,0.0003358333333333334,0.001237,0.0008938775510204082,0.00021,0.0033568965517241376,0.0001909090909090909,0.0,0.0018991397849462363,0.0007012499999999999,0.000285,0.0,0.0005299999999999999,0.0012096923076923077,0.0009253333333333333,0.0006965591397849462,0.00046638888888888885,0.004765585585585585,0.0003733333333333334,0.0007650000000000001,0.0029000000000000002,0.000155,0.00012714285714285714,0.00028194805194805194,0.0022742857142857144,0.003978467741935484,0.0,0.000743781512605042,0.001226
240000,0.0013406666666666667,0.0011981481481481483,0.0023058333333333333,0.004168,0.0029113924050632907,0.0024085714285714288,0.002518709677419355,0.001988421052631579,0.0018487341772151897,0.0040149999999999995,0.004545185185185185,0.001050408163265306,0.005303636363636364,0.002012878787878788,0.0009235294117647061,1.875e-05,0.001887738095238095,0.006284303797468356,0.005355,0.0017885333333333335,0.002419384615384615,0.0006791071428571428,0.004420399999999999,0.00193,0.00576031746031746,0.000264,0.002906935483870968,0.003349375,0.011232235294117647,0.002656935483870968,0.0018818666666666668,0.007409230769230769,0.05279653846153846,0.004725853658536585,0.001671111111111111,0.0015196428571428572,0.0006022368421052632,0.0006754545454545455,6.951807228915663e-05,0.0001975,0.00035,0.002746914893617021,0.00115875,9.5e-05,0.00431578947368421,0.0006409473684210527,0.0008024285714285714,0.0018148245614035088,9.3125e-05,0.0022087931034482765,0.000578,0.00014636363636363637,0.0017950000000000002,0.0002941666666666667,0.0014689999999999998,0.0007961224489795919,0.00030500000000000004,0.002711724137931034,0.00018181818181818183,0.0,0.0022103225806451615,0.00155,0.0003916666666666667,0.0,0.00043111111111111106,0.0013396923076923076,0.0008266666666666666,0.0007013978494623656,0.0003525,0.0039247747747747745,0.0002611111111111111,0.00052,0.002703333333333333,0.00014666666666666666,0.00015714285714285716,0.00020675324675324675,0.0016450000000000002,0.0031875806451612905,0.0,0.0006500840336134454,0.001221
241000,0.0012417333333333334,0.0009507407407407408,0.0019433333333333334,0.004043538461538461,0.002858354430379747,0.0020028571428571426,0.0028962903225806446,0.0016893421052631575,0.0016444303797468354,0.0028275,0.004024074074074074,0.0008314285714285714,0.004811515151515151,0.001684848484848485,0.0009057647058823528,3.458333333333333e-05,0.0018096428571428575,0.005910253164556962,0.004511428571428571,0.0014902666666666668,0.002029076923076923,0.0006266071428571428,0.0041636,0.0017113333333333332,0.004667619047619046,0.000272,0.002679516129032258,0.0033174999999999997,0.011055411764705881,0.002229516129032258,0.001532,0.009568846153846153,0.05920557692307692,0.004544878048780488,0.0020588888888888887,0.0010430357142857144,0.00042842105263157896,0.0008145454545454546,2.8313253012048193e-05,0.00016125,0.00027428571428571427,0.0021644680851063834,0.00103375,7.3e-05,0.005217368421052632,0.0002291578947368421,0.00046899999999999996,0.0019825438596491225,5.34375e-05,0.0021506896551724136,0.00057,0.0001090909090909091,0.0018664615384615382,0.0004516666666666667,0.001112,0.0007012244897959183,0.000295,0.002541379310344828,2.5454545454545454e-05,0.0,0.0017451612903225807,0.00071375,0.00014333333333333334,0.0,0.00035055555555555556,0.0009523076923076924,0.0007813333333333334,0.0007516129032258063,0.00028962962962962964,0.003927207207207208,0.0002788888888888889,0.0005233333333333333,0.0016133333333333336,7.333333333333333e-05,7.285714285714286e-05,0.00014883116883116884,0.0016642857142857143,0.003190483870967741,0.0,0.0005797478991596639,0.000744
242000,0.001385733333333333,0.0010307407407407405,0.0026841666666666667,0.0041801538461538465,0.0036298734177215184,0.001584285714285714,0.0025367741935483873,0.0020014473684210527,0.0021345569620253163,0.004210625,0.004488271604938272,0.0016812244897959183,0.005022424242424242,0.002223939393939394,0.0011576470588235295,5.4166666666666664e-05,0.002148928571428571,0.006306708860759494,0.005852857142857143,0.0021549333333333327,0.002256923076923077,0.0008098214285714286,0.004713866666666667,0.002107,0.006735396825396826,0.000342,0.0029370967741935484,0.0043256250000000005,0.010927647058823528,0.002478548387096774,0.0026126666666666668,0.008666538461538462,0.055593269230769224,0.005215365853658537,0.0013111111111111112,0.0015466071428571428,0.0008294736842105263,0.0007763636363636362,8.373493975903614e-05,0.000271875,0.00055,0.0034253191489361707,0.0011,0.00020400000000000003,0.0060373684210526316,0.0007098947368421052,0.0009775714285714286,0.00262842105263158,7.53125e-05,0.002701810344827586,0.000566,0.00010636363636363637,0.0022604615384615384,0.00042,0.0015069999999999999,0.0009351020408163265,0.000405,0.0036365517241379315,0.00011272727272727272,0.0,0.0022224731182795693,0.00119375,0.00032,0.0,0.0004950000000000001,0.001350153846153846,0.0010566666666666667,0.0009233333333333332,0.0006178703703703703,0.005306936936936939,0.0005855555555555555,0.00077,0.00188,0.00018999999999999998,0.00015285714285714287,0.00045584415584415584,0.002688571428571429,0.004129999999999998,0.0001025,0.0007799999999999999,0.001703
243000,0.0011710666666666664,0.0009107407407407406,0.0017583333333333333,0.004894615384615384,0.003007215189873418,0.0011714285714285715,0.002641935483870968,0.0018346052631578948,0.0018467088607594935,0.003073125,0.0039475308641975316,0.0008857142857142857,0.005284848484848484,0.0016087878787878786,0.0012197647058823527,1.9583333333333333e-05,0.0020365476190476193,0.005310759493670885,0.004930714285714286,0.0017105333333333336,0.0015555384615384615,0.0008048214285714285,0.0037544000000000006,0.0019176666666666667,0.004890317460317459,0.000304,0.0023888709677419347,0.0034020833333333333,0.007811647058823529,0.001945967741935484,0.0014878666666666668,0.007415000000000001,0.04658403846153847,0.004784024390243903,0.0013283333333333333,0.0015319642857142858,0.0006785526315789475,0.0008390909090909091,4.337349397590361e-05,0.000161875,0.00035428571428571426,0.0035074468085106386,0.00154625,6.5e-05,0.004884736842105264,0.00036094736842105264,0.0008550000000000001,0.0022085087719298244,0.00010875,0.0023796551724137925,0.00027400000000000005,5.545454545454545e-05,0.0016933846153846155,0.00017083333333333336,0.0016300000000000002,0.0007448979591836736,0.000415,0.0034755172413793102,0.00046818181818181816,0.0,0.002315913978494624,0.0010574999999999998,0.00039,0.0,0.0004416666666666667,0.001158153846153846,0.0009233333333333333,0.000671505376344086,0.0003360185185185185,0.00638972972972973,0.0003355555555555556,0.0005833333333333333,0.0032633333333333334,0.0,0.00013,0.0004171428571428572,0.001787142857142857,0.003738064516129032,0.0,0.0006039495798319327,0.001519
244000,0.0011784,0.0008092592592592591,0.0013625,0.0033407692307692305,0.002310886075949367,0.00104,0.002009354838709677,0.001489078947368421,0.0015830379746835444,0.00282375,0.0031650617283950615,0.0007622448979591837,0.005067272727272727,0.0015833333333333337,0.0008303529411764703,1.7083333333333333e-05,0.0015964285714285718,0.004944810126582279,0.003787142857142857,0.0013070666666666667,0.0015712307692307692,0.0004869642857142857,0.0030927999999999997,0.0012010000000000002,0.004929841269841269,0.000192,0.0018319354838709678,0.00285375,0.007882235294117648,0.0015958064516129033,0.0017766666666666668,0.007227307692307692,0.04274711538461538,0.004466341463414634,0.0016455555555555555,0.0010417857142857143,0.0004989473684210527,0.0005645454545454546,6.156626506024097e-05,9.75e-05,0.00042999999999999994,0.003058297872340426,0.00076,0.000132,0.003045263157894737,0.0004229473684210526,0.0007011428571428571,0.0015112280701754387,4.375e-05,0.001799310344827586,0.00037200000000000004,4.818181818181818e-05,0.0015090769230769229,0.0002508333333333333,0.001126,0.0004987755102040817,0.00014,0.00249,0.00014909090909090908,0.0,0.0016263440860215053,0.0009087499999999999,0.00044500000000000003,0.0,0.0003586111111111111,0.0009490769230769231,0.0008626666666666666,0.0005103225806451614,0.00023888888888888888,0.004201981981981981,0.0004644444444444444,0.00035000000000000005,0.0017200000000000002,0.0,6.857142857142857e-05,0.0002790909090909091,0.0012578571428571428,0.0026325806451612905,0.0,0.00040941176470588237,0.000996
245000,0.0012711999999999999,0.0009599999999999999,0.0020633333333333337,0.0039024615384615374,0.002781898734177215,0.0017242857142857142,0.0029898387096774196,0.001777894736842105,0.0016364556962025318,0.00325625,0.0031772839506172845,0.0008420408163265305,0.005228181818181818,0.0020768181818181814,0.0010071764705882353,3.791666666666667e-05,0.0017546428571428574,0.00512,0.003709642857142857,0.0013562666666666666,0.0016210769230769232,0.0006500000000000001,0.0036220000000000002,0.0019126666666666671,0.00416015873015873,0.000266,0.002216451612903226,0.0027497916666666664,0.008591411764705882,0.0018619354838709673,0.0016041333333333334,0.008039615384615385,0.040444615384615384,0.004413536585365854,0.001385,0.0011916071428571431,0.0005417105263157895,0.0007072727272727273,4.469879518072289e-05,8.9375e-05,0.00048571428571428577,0.0025885106382978725,0.0009075,6.8e-05,0.002606842105263158,0.00041663157894736844,0.0005982857142857143,0.0019150877192982455,5.625e-05,0.0018786206896551725,0.00043400000000000003,8.272727272727273e-05,0.0014916153846153844,0.0003725,0.00148,0.0007308163265306122,0.0003,0.002650344827586207,5.272727272727273e-05,0.0,0.0019466666666666666,0.0010175,0.0002133333333333333,0.0,0.0003430555555555555,0.0008795384615384618,0.0008693333333333333,0.0005801075268817205,0.0002897222222222222,0.003921261261261261,0.0004822222222222222,0.00036500000000000004,0.002473333333333333,0.000105,0.00012857142857142858,0.000364025974025974,0.0019307142857142856,0.00266491935483871,0.0,0.0004847058823529412,0.0010240000000000002
246000,0.0012885333333333333,0.000942962962962963,0.0015549999999999997,0.003728153846153846,0.0028708860759493675,0.0018785714285714287,0.0025245161290322585,0.0018718421052631574,0.001550253164556962,0.003499375,0.004100493827160494,0.001079795918367347,0.005622424242424243,0.0023234848484848486,0.000912470588235294,5.7499999999999995e-05,0.001778690476190476,0.00524886075949367,0.004345357142857143,0.0018397333333333337,0.0025084615384615384,0.0006507142857142857,0.003913333333333332,0.00173,0.00452111111111111,0.00023600000000000002,0.0027311290322580653,0.0034335416666666668,0.00983529411764706,0.0020361290322580645,0.0019946666666666667,0.007501538461538462,0.04804115384615385,0.004513048780487805,0.001757222222222222,0.001043392857142857,0.0008182894736842105,0.0007799999999999999,5.469879518072289e-05,0.00015000000000000001,0.0005771428571428571,0.003843936170212766,0.0014199999999999998,0.000146,0.004506315789473685,0.0006021052631578947,0.0011075714285714287,0.0023477192982456143,0.00015375,0.0025695689655172408,0.000638,0.00015909090909090907,0.0021326923076923077,0.00018166666666666665,0.0017430000000000002,0.000912857142857143,0.00043,0.003856896551724138,0.0005436363636363635,0.0,0.002127311827956989,0.0012875,0.0005866666666666667,0.0,0.000771111111111111,0.001345076923076923,0.001382,0.0008581720430107528,0.0003542592592592593,0.005927027027027027,0.0008222222222222222,0.0007433333333333334,0.00205,0.00014166666666666668,0.00020285714285714286,0.0006423376623376623,0.002516428571428572,0.0037861290322580648,0.0,0.0007396638655462185,0.001304
247000,0.0013588,0.0010274074074074074,0.0014383333333333333,0.003943076923076923,0.002442405063291139,0.0019114285714285713,0.002590645161290322,0.001835657894736842,0.0017093670886075948,0.003349375,0.0038781481481481484,0.0009795918367346938,0.005698787878787879,0.001989090909090909,0.0009812941176470587,2.4583333333333336e-05,0.0016634523809523811,0.0053467088607594936,0.004036785714285715,0.0018701333333333333,0.0021275384615384615,0.0008448214285714285,0.0035932,0.001612333333333333,0.004813333333333332,0.000404,0.002948548387096775,0.0026431249999999996,0.009449529411764707,0.0018664516129032259,0.0017967999999999999,0.0067007692307692315,0.04356057692307692,0.005504268292682927,0.001661666666666667,0.0011321428571428572,0.0008069736842105263,0.0006636363636363636,2.963855421686747e-05,0.000125,0.0005042857142857143,0.0027530851063829785,0.00114125,7.4e-05,0.0031094736842105265,0.00036357894736842105,0.0006574285714285715,0.0017358771929824562,0.000126875,0.0025489655172413793,0.00041000000000000005,0.00012727272727272728,0.00189,0.00026583333333333336,0.0013779999999999997,0.0008179591836734695,0.000305,0.003138965517241379,0.0001509090909090909,0.0,0.0018832258064516128,0.0009837499999999998,0.00032,0.0,0.00035444444444444445,0.0010801538461538464,0.001112,0.0006215053763440861,0.00048046296296296297,0.00519009009009009,0.00048444444444444446,0.000755,0.0025766666666666668,0.0,0.00015285714285714287,0.0003394805194805195,0.0017664285714285716,0.0037145161290322577,0.0,0.00043,0.001173
248000,0.0012904000000000001,0.0009392592592592593,0.0016241666666666663,0.004427846153846154,0.0024408860759493668,0.0014357142857142856,0.002688548387096774,0.0017251315789473685,0.001421518987341772,0.0031912499999999996,0.0030839506172839508,0.0009214285714285715,0.005347878787878789,0.001811515151515151,0.001066705882352941,3.708333333333333e-05,0.0016189285714285715,0.004382658227848103,0.004112142857142858,0.0015273333333333332,0.0019549230769230768,0.0006214285714285714,0.003555466666666667,0.0013846666666666669,0.004342222222222222,0.00021200000000000003,0.002610483870967742,0.002601875,0.007454588235294117,0.001685967741935484,0.0016144,0.0061730769230769235,0.04968884615384616,0.005103414634146342,0.0015594444444444442,0.0015342857142857144,0.0007214473684210526,0.0009054545454545454,6.746987951807229e-05,0.000218125,0.0005385714285714285,0.0033339361702127653,0.00134875,0.000128,0.00418842105263158,0.0005909473684210526,0.0008902857142857143,0.0024012280701754384,0.00021625000000000003,0.002530948275862069,0.0006000000000000001,0.0001081818181818182,0.0019413076923076923,0.0005216666666666667,0.001346,0.0011763265306122448,0.000515,0.0035117241379310346,0.00049,0.0,0.0022413978494623663,0.00110375,0.00022666666666666668,0.0,0.0006255555555555555,0.0013626153846153849,0.0010213333333333333,0.000953763440860215,0.0007660185185185185,0.0052188288288288285,0.0006033333333333334,0.0006399999999999999,0.0022700000000000003,9.999999999999999e-05,0.00010571428571428571,0.0002955844155844156,0.002492857142857143,0.0036309677419354837,0.0,0.0006013445378151261,0.0012740000000000002
249000,0.0009646666666666666,0.0007462962962962962,0.0016283333333333332,0.0032086153846153844,0.002240632911392405,0.0013242857142857143,0.0019890322580645163,0.0018182894736842102,0.0017660759493670886,0.00327,0.003722716049382716,0.0010744897959183673,0.005036363636363635,0.0019283333333333333,0.0008388235294117647,1.9583333333333333e-05,0.0018170238095238096,0.00478506329113924,0.005227857142857143,0.0018173333333333331,0.0017736923076923075,0.0006360714285714286,0.0033343999999999995,0.0015393333333333333,0.005182698412698411,0.000282,0.0026732258064516134,0.0030652083333333334,0.008493176470588235,0.0020129032258064516,0.002123733333333333,0.006263846153846154,0.045994615384615384,0.00400890243902439,0.0014327777777777778,0.001882857142857143,0.0005844736842105263,0.0010654545454545454,4.63855421686747e-05,0.00020937499999999998,0.0007414285714285715,0.002899468085106383,0.00157375,8.4e-05,0.005754736842105264,0.0005117894736842106,0.0008028571428571429,0.0025461403508771933,0.00031312500000000004,0.0025681896551724135,0.000624,7.181818181818182e-05,0.0018636153846153846,0.000555,0.0020030000000000004,0.0009651020408163267,0.000345,0.0037368965517241377,0.0002581818181818182,0.0,0.002204946236559139,0.00117125,0.0005966666666666667,0.0,0.0006888888888888888,0.0014718461538461537,0.0011326666666666666,0.0009030107526881721,0.0004917592592592593,0.005722522522522523,0.00044444444444444447,0.0012833333333333334,0.0024066666666666668,0.00027166666666666664,0.00011714285714285714,0.0004041558441558442,0.002125714285714286,0.004009838709677419,0.0,0.000598235294117647,0.0013279999999999998
250000,0.00131,0.0009440740740740741,0.0016691666666666667,0.004366923076923077,0.003633037974683545,0.0017057142857142859,0.0024509677419354845,0.001793815789473684,0.0016101265822784812,0.00343,0.003431358024691359,0.0010265306122448981,0.006277878787878789,0.0021603030303030306,0.0011463529411764705,3.0416666666666666e-05,0.0022775000000000004,0.0049174683544303795,0.006408928571428571,0.001757733333333333,0.0022303076923076925,0.0005923214285714287,0.0037205333333333334,0.002188666666666667,0.00551126984126984,0.000238,0.003296129032258064,0.0026941666666666663,0.009357764705882352,0.0019840322580645165,0.0014598666666666667,0.006031153846153847,0.0443051923076923,0.004926829268292683,0.002027777777777778,0.0011844642857142857,0.0008810526315789475,0.0007390909090909091,6e-05,0.00014375,0.0005742857142857144,0.003201170212765957,0.00099375,5.5e-05,0.004892105263157895,0.0005113684210526317,0.0008600000000000001,0.0026983333333333334,0.000249375,0.0024820689655172413,0.00037799999999999997,4.818181818181818e-05,0.0016407692307692306,0.0001425,0.001374,0.000700612244897959,0.000225,0.0037203448275862066,0.00028545454545454544,0.0,0.002577741935483871,0.00092625,0.00025833333333333334,0.0,0.0004850000000000001,0.0011398461538461538,0.0009633333333333334,0.0006755913978494624,0.0002509259259259259,0.006103153153153153,0.0003033333333333333,0.00043166666666666673,0.00155,7.833333333333333e-05,3.571428571428572e-05,0.00030285714285714285,0.0012778571428571429,0.004010483870967742,0.0,0.00043478991596638655,0.001756
251000,0.001172266666666667,0.0009548148148148147,0.0017050000000000001,0.004847230769230769,0.002694430379746836,0.001162857142857143,0.002682741935483871,0.0018271052631578949,0.0015670886075949367,0.003409375,0.00488962962962963,0.0008355102040816326,0.005518484848484848,0.0018027272727272727,0.000937058823529412,1.1666666666666666e-05,0.001921309523809524,0.004674936708860759,0.005056428571428571,0.0015362666666666664,0.001898,0.0005712499999999999,0.004117466666666667,0.001713,0.0056999999999999985,0.00023600000000000002,0.0029272580645161293,0.002486458333333333,0.006870235294117648,0.0022722580645161295,0.0017837333333333334,0.007703076923076923,0.039513846153846156,0.004836707317073171,0.0017755555555555554,0.0014335714285714286,0.0003878947368421053,0.0009236363636363636,7.313253012048193e-05,0.00019999999999999998,0.0005085714285714285,0.0032439361702127664,0.00120375,4.2000000000000004e-05,0.004766842105263157,0.0004649473684210526,0.0007322857142857143,0.0023328947368421054,0.0001325,0.002300344827586207,0.00045599999999999997,9.181818181818183e-05,0.0018175384615384614,0.0005183333333333334,0.0015599999999999998,0.0007851020408163264,0.00033,0.0033937931034482755,0.0001981818181818182,0.0,0.0020898924731182797,0.0012274999999999999,0.0004,0.0,0.0005122222222222222,0.0010903076923076923,0.000814,0.0007123655913978495,0.00037277777777777776,0.005071171171171172,0.0003822222222222222,0.000805,0.0023733333333333336,7.166666666666667e-05,0.00013,0.0003224675324675324,0.001477142857142857,0.0035674193548387097,0.0,0.00044941176470588237,0.0012799999999999999
252000,0.0010445333333333332,0.0007222222222222222,0.001629166666666667,0.0033189230769230765,0.0026818987341772154,0.0013185714285714287,0.0019870967741935485,0.0013501315789473684,0.0012227848101265821,0.002473125,0.003082469135802469,0.0009285714285714286,0.00444939393939394,0.00151,0.0008281176470588235,3.5000000000000004e-05,0.0015429761904761905,0.004011645569620253,0.003996428571428572,0.0012208,0.0015583076923076922,0.0004944642857142857,0.0029525333333333334,0.0014136666666666666,0.0036063492063492064,0.000246,0.0020766129032258065,0.0025079166666666665,0.005987529411764705,0.0016748387096774196,0.0015526666666666668,0.005274230769230771,0.03780288461538462,0.0038440243902439024,0.0012833333333333334,0.0011801785714285716,0.0006435526315789473,0.0009245454545454547,4.698795180722892e-05,0.0001875,0.0005214285714285714,0.0021341489361702127,0.000905,6.8e-05,0.0037978947368421056,0.0005234736842105263,0.0005534285714285715,0.0016857017543859647,0.0001896875,0.002477844827586207,0.00021000000000000004,7.90909090909091e-05,0.001725,0.00015833333333333335,0.0010090000000000001,0.0006587755102040817,0.000265,0.003692068965517242,3.454545454545455e-05,0.0,0.001968602150537634,0.00095125,0.00013,0.0,0.00044111111111111114,0.0010812307692307694,0.0008226666666666666,0.000516989247311828,0.00035944444444444446,0.004262252252252251,0.00033777777777777777,0.0005483333333333333,0.00144,0.00011333333333333334,0.00014428571428571428,0.00017285714285714284,0.0010464285714285714,0.0038296774193548387,0.0,0.0004387394957983193,0.001538
253000,0.0011937333333333336,0.0009566666666666666,0.0014483333333333334,0.004257692307692308,0.003309746835443038,0.001332857142857143,0.0021901612903225806,0.001750921052631579,0.0017344303797468355,0.004201875,0.00286,0.0006357142857142857,0.006326060606060606,0.0016674242424242424,0.001116470588235294,5.7083333333333336e-05,0.0016419047619047622,0.005137215189873418,0.005101428571428571,0.0013645333333333336,0.002166769230769231,0.0006014285714285714,0.0037550666666666664,0.0016530000000000002,0.004123333333333332,0.000318,0.0024577419354838708,0.0030122916666666666,0.008624705882352942,0.0019120967741935485,0.0012389333333333334,0.00837846153846154,0.03630576923076923,0.0044112195121951215,0.001558888888888889,0.0011871428571428573,0.0005135526315789474,0.0006963636363636363,4.554216867469879e-05,0.00017625,0.0002814285714285714,0.0019967021276595743,0.00107,6.5e-05,0.004205263157894737,0.0004073684210526316,0.0004398571428571428,0.001561140350877193,0.0001728125,0.002272672413793104,0.000492,5.545454545454545e-05,0.001842923076923077,0.00033416666666666664,0.001193,0.0006171428571428572,0.0003,0.003302413793103448,4.2727272727272724e-05,0.0,0.0019387096774193548,0.000945,0.00042333333333333334,0.0,0.0004536111111111111,0.000972923076923077,0.0008246666666666667,0.0006233333333333334,0.0004058333333333333,0.0041413513513513505,0.00036333333333333335,0.00047,0.0024100000000000002,7.5e-05,0.00012,0.00022662337662337663,0.0015135714285714286,0.0033956451612903228,0.0,0.000505798319327731,0.001005
254000,0.0010735999999999999,0.0008862962962962964,0.0019283333333333338,0.003179384615384615,0.002195696202531646,0.00159,0.0020922580645161286,0.0015961842105263158,0.0015773417721518987,0.0033818749999999995,0.0032453086419753086,0.0009804081632653061,0.004450303030303031,0.0016934848484848487,0.0009776470588235295,4.541666666666667e-05,0.0017391666666666666,0.004978987341772151,0.004415357142857143,0.0016058666666666668,0.001827384615384615,0.00058375,0.0027501333333333337,0.0016289999999999998,0.00357984126984127,0.00034999999999999994,0.0028220967741935483,0.0031462499999999997,0.008373647058823529,0.0014020967741935485,0.0015376,0.004983461538461538,0.05501884615384615,0.003499390243902439,0.0018105555555555557,0.0014232142857142857,0.0003915789473684211,0.0007036363636363636,3.216867469879518e-05,0.000119375,0.00010142857142857143,0.0018311702127659574,0.0010687499999999998,5.9000000000000004e-05,0.004857368421052632,0.00035042105263157896,0.0005077142857142857,0.0017085087719298246,9.625000000000001e-05,0.00213198275862069,0.00035400000000000004,4.2727272727272724e-05,0.0016686153846153845,0.00031416666666666664,0.0013700000000000001,0.0005759183673469388,0.000285,0.002734827586206896,2.272727272727273e-05,0.0,0.0015279569892473115,0.0009612500000000001,0.0003383333333333333,0.0,0.0003605555555555556,0.0010101538461538462,0.000764,0.0005620430107526882,0.00037111111111111107,0.0035979279279279284,0.0003233333333333333,0.0005333333333333334,0.0018499999999999999,5.1666666666666664e-05,0.00012857142857142858,0.00017948051948051946,0.0010614285714285715,0.003042338709677419,0.0,0.00044647058823529416,0.001105
255000,0.0014729333333333332,0.0010407407407407407,0.0021983333333333334,0.005192923076923077,0.0034691139240506327,0.0020542857142857142,0.0029359677419354842,0.0021667105263157896,0.0020269620253164557,0.00382375,0.0028182716049382716,0.0011283673469387756,0.006571212121212121,0.0026336363636363636,0.001274235294117647,9.166666666666665e-05,0.0023157142857142855,0.006098481012658228,0.006469642857142856,0.0021182666666666665,0.002140923076923077,0.0007067857142857144,0.004412533333333334,0.0024149999999999996,0.006066666666666666,0.000388,0.0037433870967741928,0.003882708333333333,0.010679999999999999,0.0019924193548387097,0.0018870666666666665,0.008303461538461539,0.047995,0.005455121951219512,0.00227,0.0018251785714285713,0.0006332894736842105,0.0009445454545454545,5.7951807228915664e-05,0.00015375,0.0004242857142857143,0.0032181914893617027,0.0010037499999999999,6.400000000000001e-05,0.005741578947368421,0.00048610526315789475,0.0005428571428571429,0.0022747368421052634,9.03125e-05,0.0027700862068965517,0.00022200000000000003,3.6363636363636364e-05,0.001997076923076923,0.0006483333333333333,0.001245,0.0006565306122448979,0.00025,0.003834137931034483,0.0001509090909090909,0.0,0.0021665591397849464,0.0007574999999999999,0.00011499999999999999,0.0,0.00033944444444444446,0.0012946153846153847,0.0010940000000000001,0.0005761290322580646,0.0003579629629629629,0.005791981981981982,0.00026000000000000003,0.0004833333333333333,0.00213,0.0,0.00010142857142857143,0.0001425974025974026,0.0019935714285714283,0.0039892741935483875,0.0,0.0005694117647058824,0.001354
256000,0.0010574666666666667,0.0010929629629629631,0.0024008333333333334,0.003542615384615384,0.003772025316455696,0.00203,0.0028220967741935483,0.0016532894736842106,0.0013489873417721519,0.003716875,0.0029833333333333335,0.0011606122448979592,0.005723333333333334,0.002214090909090909,0.0010376470588235296,3.791666666666667e-05,0.0018041666666666672,0.005347215189873417,0.004555714285714286,0.0016733333333333333,0.0018767692307692307,0.0006358928571428572,0.003666133333333333,0.0014739999999999998,0.005062063492063493,0.00025199999999999995,0.0026756451612903226,0.003155625,0.008901058823529411,0.0014637096774193549,0.0011117333333333335,0.008089615384615386,0.046905384615384633,0.004000853658536586,0.0018066666666666667,0.001409642857142857,0.0005143421052631579,0.0007981818181818181,5.6144578313253015e-05,0.00022187499999999996,0.00027,0.0025861702127659577,0.00119125,6.6e-05,0.004426842105263158,0.0003887368421052633,0.0006005714285714287,0.001963859649122807,9.812500000000001e-05,0.002372844827586207,0.000424,5.454545454545454e-05,0.0018868461538461539,0.00031416666666666664,0.001585,0.0008283673469387754,0.0003,0.0028996551724137934,0.00015272727272727272,0.0,0.0022027956989247315,0.001105,0.0005083333333333333,0.0,0.0004722222222222222,0.0010964615384615386,0.0010453333333333332,0.0007948387096774193,0.0003714814814814814,0.005269549549549551,0.0008277777777777778,0.0006033333333333333,0.002276666666666667,6.5e-05,8.857142857142857e-05,0.00037428571428571426,0.001802142857142857,0.0034496774193548386,0.0,0.00045042016806722684,0.0007559999999999999
257000,0.0011194666666666665,0.0009129629629629631,0.0017966666666666667,0.0035916923076923075,0.002618354430379747,0.0015285714285714288,0.001977741935483871,0.0018325000000000001,0.0018074683544303798,0.004201875,0.004016296296296297,0.0011408163265306125,0.005893939393939394,0.0020640909090909095,0.0008911764705882353,7.208333333333334e-05,0.001817857142857143,0.005746075949367088,0.004985714285714286,0.0015981333333333334,0.0017169230769230768,0.0005819642857142857,0.0036192000000000004,0.0017196666666666667,0.0058273015873015884,0.000296,0.0027201612903225807,0.004001666666666666,0.008553529411764706,0.0019643548387096774,0.0015762666666666665,0.008444615384615385,0.045767307692307684,0.004562317073170731,0.0017027777777777779,0.0011455357142857142,0.0005964473684210526,0.0010309090909090908,5.8433734939759035e-05,0.00012062499999999999,0.0004985714285714286,0.0024061702127659576,0.0011887500000000001,0.000152,0.00303421052631579,0.0003981052631578947,0.0005332857142857142,0.0015148245614035087,0.0001346875,0.001881034482758621,0.00022,6.090909090909091e-05,0.0018743846153846154,0.00039416666666666663,0.0011300000000000001,0.0007218367346938776,0.00027,0.002692068965517241,0.0001418181818181818,0.0,0.0020076344086021503,0.00105375,0.00027,0.0,0.000395,0.0012244615384615384,0.000912,0.0007398924731182795,0.0002876851851851852,0.004285585585585586,0.00026888888888888893,0.0007166666666666667,0.0018066666666666665,0.0,6.285714285714286e-05,0.00027337662337662336,0.001842142857142857,0.002931451612903226,0.0,0.0005492436974789916,0.001217
258000,0.0010030666666666667,0.0008133333333333334,0.00171,0.003917846153846154,0.0021996202531645572,0.0011057142857142858,0.0025266129032258068,0.0016171052631578948,0.001409746835443038,0.002816875,0.0025739506172839507,0.0007422448979591837,0.004518484848484848,0.0015765151515151515,0.000824470588235294,3.375e-05,0.001415357142857143,0.005642784810126583,0.004612499999999999,0.0012110666666666668,0.0017684615384615386,0.00053125,0.002970266666666667,0.0012156666666666665,0.00341,0.00029,0.002249677419354839,0.002780833333333333,0.008429058823529413,0.0014640322580645162,0.0015225333333333333,0.005965769230769232,0.04161365384615385,0.004831219512195122,0.001561666666666667,0.0015023214285714288,0.0005048684210526316,0.0006445454545454545,6.132530120481928e-05,0.0001425,0.00017428571428571428,0.0030099999999999997,0.0011637499999999999,0.000148,0.004129473684210527,0.0005728421052631578,0.0007997142857142858,0.001984122807017544,9.375e-05,0.002324568965517241,0.000198,6.181818181818182e-05,0.0019539230769230766,0.00025333333333333333,0.0012670000000000001,0.0007416326530612244,0.000245,0.0030986206896551722,3.272727272727273e-05,0.0,0.0018788172043010753,0.00142625,0.000265,0.0,0.00046999999999999993,0.0011970769230769229,0.0011333333333333334,0.000694193548387097,0.0003200925925925926,0.005016036036036037,0.00048,0.00077,0.0022600000000000003,7.333333333333333e-05,5.5714285714285715e-05,0.0004293506493506493,0.00222,0.0034514516129032263,0.0,0.000525546218487395,0.000904
259000,0.0014004,0.0010777777777777778,0.0021,0.005308923076923077,0.0034705063291139236,0.0020957142857142854,0.0028422580645161284,0.0019217105263157896,0.0020379746835443037,0.004269375,0.004333209876543211,0.0013644897959183674,0.007027575757575758,0.0024728787878787874,0.0011558823529411767,5.0416666666666675e-05,0.001870595238095238,0.007048354430379748,0.005590714285714285,0.0018658666666666668,0.002341076923076923,0.0007680357142857143,0.0038891999999999993,0.001928,0.004908730158730158,0.00028199999999999997,0.003497096774193548,0.004266458333333333,0.012321647058823531,0.0020779032258064515,0.0016528000000000003,0.011732307692307693,0.04866346153846154,0.005959512195121951,0.0017805555555555552,0.0019710714285714284,0.0006185526315789475,0.0010136363636363637,7.759036144578314e-05,0.000199375,0.00037714285714285714,0.0028375531914893613,0.00137125,6.6e-05,0.006577368421052632,0.0005770526315789473,0.0009748571428571428,0.0024778070175438594,0.00010531249999999999,0.0029110344827586207,0.0006460000000000001,0.0001690909090909091,0.0019823846153846155,0.0003891666666666666,0.0015769999999999998,0.000800612244897959,0.000235,0.0038479310344827584,0.0004,0.0,0.002365268817204301,0.0010625,0.0005933333333333333,0.0,0.0004966666666666665,0.0014023076923076923,0.0010986666666666666,0.0007987096774193549,0.0005009259259259259,0.00572036036036036,0.0005566666666666667,0.0008816666666666666,0.00183,6.5e-05,6.714285714285714e-05,0.0003497402597402597,0.002807857142857143,0.004041774193548387,0.0,0.0006049579831932773,0.001545
260000,0.0015637333333333335,0.001335925925925926,0.0019941666666666667,0.005259538461538461,0.003751772151898734,0.0019999999999999996,0.003931612903225807,0.0021077631578947367,0.0019350632911392402,0.003305625,0.0037022222222222218,0.0007224489795918368,0.005224242424242424,0.0023903030303030304,0.001420470588235294,7.833333333333333e-05,0.0019126190476190475,0.007167848101265826,0.005889285714285714,0.0017538666666666665,0.0022830769230769233,0.0006825000000000001,0.004142666666666666,0.0021483333333333333,0.0043519047619047626,0.000218,0.0026072580645161293,0.0038979166666666663,0.01100129411764706,0.0015288709677419355,0.0023095999999999998,0.006512307692307692,0.04512365384615385,0.006011829268292684,0.001723888888888889,0.0019774999999999997,0.0010094736842105262,0.0010563636363636363,7.855421686746987e-05,0.000184375,0.0006514285714285714,0.0034970212765957453,0.0013625,8.7e-05,0.005166842105263157,0.00061,0.0008017142857142857,0.0026618421052631578,0.00015250000000000002,0.0029334482758620693,0.000682,0.0001918181818181818,0.002304692307692308,0.0007458333333333333,0.001922,0.0009012244897959185,0.000285,0.0042689655172413795,0.0003218181818181818,0.0,0.0027447311827956994,0.0012412500000000002,0.0004983333333333334,0.0,0.0006627777777777776,0.0015089230769230768,0.0012413333333333334,0.0008375268817204299,0.0006234259259259259,0.006678918918918918,0.00048555555555555553,0.000905,0.0030633333333333333,8.5e-05,0.00022285714285714286,0.00045935064935064934,0.0024028571428571428,0.004358225806451613,0.0,0.0007785714285714285,0.001805
261000,0.0009526666666666669,0.000894074074074074,0.0013791666666666666,0.003474769230769231,0.0027964556962025316,0.0012385714285714287,0.001964032258064516,0.001525,0.0017653164556962026,0.0036162500000000005,0.0037545679012345686,0.0007538775510204081,0.00467060606060606,0.0021648484848484847,0.0009608235294117646,4.25e-05,0.0017176190476190475,0.00522240506329114,0.004739285714285714,0.0012888,0.0020969230769230774,0.0005533928571428571,0.0036339999999999996,0.0017273333333333333,0.004182063492063493,0.000176,0.003124032258064516,0.0031281250000000003,0.008830588235294118,0.00197,0.0014,0.007852307692307691,0.048102307692307694,0.0038456097560975603,0.001455,0.0015814285714285715,0.000745,0.0005263636363636363,5.301204819277109e-05,5.6875e-05,0.0003642857142857143,0.002773297872340425,0.00088125,4.4e-05,0.004575263157894737,0.0004529473684210526,0.0005272857142857144,0.0017729824561403507,0.00012062499999999999,0.002383706896551724,0.000402,8.454545454545455e-05,0.0015698461538461537,0.00031333333333333327,0.0014390000000000002,0.0006814285714285715,0.000185,0.0033665517241379312,0.00023363636363636365,0.0,0.002112258064516129,0.0009025,0.0004333333333333333,0.0,0.0004438888888888889,0.0009587692307692308,0.0008573333333333333,0.0005344086021505378,0.00025416666666666665,0.006701261261261262,0.00043000000000000004,0.00034333333333333335,0.0020900000000000003,0.0,0.00011142857142857143,0.0002514285714285714,0.0012242857142857144,0.0035253225806451617,0.0,0.0004279831932773109,0.001421
262000,0.0012239999999999998,0.0011003703703703705,0.0019349999999999999,0.0035610769230769224,0.0028963291139240503,0.0015514285714285714,0.0034338709677419364,0.0021230263157894736,0.0019069620253164554,0.003648125,0.0033141975308641973,0.001337142857142857,0.006237575757575758,0.0024695454545454547,0.0013001176470588236,0.00011624999999999999,0.002080595238095238,0.005828987341772153,0.005472142857142857,0.0017335999999999999,0.00234,0.0008251785714285714,0.0036219999999999994,0.001988666666666667,0.0044631746031746035,0.000344,0.003524032258064516,0.003599583333333333,0.009153294117647058,0.002075806451612903,0.0018372000000000004,0.0055638461538461545,0.05140499999999999,0.004762073170731708,0.002558888888888889,0.0015685714285714285,0.0004992105263157895,0.001119090909090909,6.698795180722891e-05,0.0002525,0.00041857142857142863,0.0035742553191489357,0.0008500000000000001,0.000176,0.005344210526315789,0.0005986315789473684,0.0006421428571428572,0.0024002631578947374,0.0002546875,0.0026468103448275865,0.00034,0.00013545454545454546,0.0018043076923076925,0.0004891666666666667,0.0016319999999999998,0.0008463265306122449,0.00042,0.003415862068965517,0.0005081818181818181,0.0,0.002293548387096774,0.00084625,0.00045500000000000006,0.0,0.0006575,0.0011324615384615386,0.0011333333333333334,0.0007466666666666665,0.0004946296296296296,0.006548828828828829,0.0006722222222222222,0.0010033333333333333,0.0023,8.166666666666667e-05,0.00019714285714285713,0.0003331168831168831,0.001707142857142857,0.003901370967741935,0.0,0.0006319327731092437,0.001312
263000,0.0011156,0.0009285185185185185,0.0018199999999999998,0.004268307692307692,0.002436329113924051,0.001577142857142857,0.002314354838709677,0.0015738157894736842,0.0015670886075949367,0.002763125,0.002846049382716049,0.0008783673469387756,0.006446060606060606,0.0016015151515151517,0.0009270588235294119,0.0,0.0014626190476190477,0.004992025316455696,0.004931428571428572,0.0013593333333333333,0.002191230769230769,0.0006260714285714284,0.0033176,0.001331,0.00347031746031746,0.000292,0.0027777419354838716,0.003032291666666667,0.008451058823529412,0.0020980645161290325,0.0013095999999999997,0.005577692307692308,0.047554615384615376,0.004412317073170732,0.0018711111111111112,0.0016651785714285714,0.0005761842105263158,0.0007127272727272728,6.216867469879517e-05,0.00024812500000000003,0.0005042857142857143,0.0024748936170212762,0.0013174999999999999,6.5e-05,0.004668421052631579,0.00038326315789473684,0.0009540000000000001,0.0019082456140350876,0.0001234375,0.002291724137931034,0.0005719999999999999,0.00011727272727272727,0.002112769230769231,0.0005258333333333334,0.001474,0.0008122448979591837,0.000405,0.0028931034482758615,0.0003163636363636363,0.0,0.0018751612903225808,0.00093125,0.0004083333333333333,0.0,0.0003972222222222222,0.0011398461538461536,0.0010460000000000003,0.0007366666666666665,0.0004467592592592592,0.004586666666666667,0.00040444444444444447,0.0007766666666666667,0.0016066666666666668,8.666666666666665e-05,5e-05,0.00028350649350649353,0.0013557142857142858,0.0032706451612903227,0.0,0.0006069747899159663,0.0011099999999999999
264000,0.0011770666666666666,0.0009033333333333332,0.0015483333333333332,0.003708615384615384,0.002994177215189873,0.0019171428571428573,0.002464516129032258,0.0020465789473684214,0.0019835443037974684,0.003295,0.0032940740740740734,0.0012038775510204082,0.006904848484848484,0.0021086363636363633,0.00095,1.3333333333333335e-05,0.0019925,0.005553670886075949,0.005714642857142857,0.0014728000000000002,0.0021499999999999996,0.0006667857142857143,0.0038725333333333336,0.0016246666666666666,0.004703174603174603,0.00023,0.002723387096774193,0.0038385416666666668,0.010197764705882352,0.0019001612903225807,0.0021035999999999997,0.006278846153846154,0.04362096153846155,0.0045570731707317074,0.00164,0.0012960714285714283,0.0005709210526315791,0.000800909090909091,5.096385542168675e-05,0.000113125,0.00032857142857142856,0.0027356382978723404,0.0012612500000000002,5.4e-05,0.003917894736842105,0.0004670526315789473,0.000684,0.0019680701754385965,9.125e-05,0.002079913793103448,0.00030000000000000003,7.818181818181818e-05,0.002026153846153846,0.0004083333333333333,0.001546,0.0007032653061224491,0.000185,0.003023103448275862,3.181818181818182e-05,0.0,0.0019256989247311825,0.00072875,0.00011333333333333334,0.0,0.00030277777777777773,0.000979230769230769,0.0009206666666666666,0.0005862365591397849,0.0004069444444444444,0.004919279279279279,0.00023888888888888888,0.000725,0.0021966666666666666,7.166666666666667e-05,0.00016428571428571428,0.00019168831168831166,0.00127,0.00317508064516129,0.0,0.0005576470588235296,0.000904
265000,0.0010764,0.0009551851851851852,0.0020266666666666666,0.004001538461538461,0.0034703797468354437,0.0015928571428571428,0.0021095161290322585,0.0020677631578947366,0.0019088607594936707,0.004085,0.0032990123456790124,0.0007432653061224489,0.005863939393939394,0.0019174242424242424,0.0009207058823529413,5.666666666666667e-05,0.0019014285714285715,0.005803924050632911,0.00554607142857143,0.0015402666666666667,0.002150769230769231,0.0007146428571428572,0.0035091999999999996,0.0018450000000000003,0.004901269841269841,0.000212,0.0024620967741935487,0.0034045833333333337,0.010416823529411765,0.0016380645161290324,0.0012658666666666666,0.0069676923076923076,0.04935134615384615,0.004080487804878049,0.001912777777777778,0.0013987500000000003,0.0006497368421052632,0.0008463636363636364,5.3493975903614455e-05,0.000193125,0.0004871428571428571,0.0027352127659574467,0.00103125,7e-05,0.0068473684210526315,0.0006091578947368422,0.0009031428571428569,0.0023131578947368425,8.1875e-05,0.002566896551724138,0.000178,6.727272727272727e-05,0.0021479230769230768,0.0005266666666666667,0.001358,0.0007091836734693878,0.000325,0.0033365517241379316,2.272727272727273e-05,0.0,0.0018737634408602154,0.00104125,0.0004833333333333333,0.0,0.00043888888888888884,0.0010443076923076925,0.000942,0.0007679569892473118,0.0005787037037037037,0.004803603603603604,0.0006388888888888889,0.0008633333333333335,0.00277,0.00010666666666666668,0.00012571428571428572,0.0004181818181818182,0.0013585714285714284,0.003576532258064516,0.0,0.0005831932773109245,0.001334
266000,0.0013097333333333336,0.0009948148148148147,0.0027008333333333333,0.004615692307692308,0.003192405063291139,0.0017485714285714288,0.0030546774193548386,0.002038157894736842,0.002051265822784811,0.004119375,0.004591604938271605,0.0010069387755102042,0.00599060606060606,0.0023572727272727274,0.0011545882352941178,4.875e-05,0.002133214285714286,0.006538354430379747,0.005993571428571429,0.0018026666666666668,0.0021756923076923077,0.0009087499999999999,0.003929866666666667,0.0017486666666666666,0.004683968253968255,0.00032199999999999997,0.003277258064516129,0.0032775000000000005,0.010489294117647057,0.0021233870967741933,0.0018921333333333334,0.010368076923076923,0.0583053846153846,0.0046675609756097565,0.0027227777777777775,0.0019198214285714285,0.0006835526315789474,0.0010745454545454545,5.783132530120481e-05,0.00015874999999999998,0.0005971428571428571,0.0037371276595744673,0.0015550000000000002,6.5e-05,0.005843684210526316,0.00033284210526315786,0.0006760000000000001,0.002535438596491228,0.0001365625,0.00231198275862069,0.00021999999999999998,0.0001418181818181818,0.0020003076923076923,0.0003291666666666667,0.0018179999999999997,0.00084,0.000325,0.0035617241379310343,0.00017454545454545454,0.0,0.0023053763440860214,0.00109125,0.00015166666666666668,0.0,0.0005694444444444445,0.0013173846153846152,0.0011746666666666665,0.000930967741935484,0.00047203703703703703,0.005204864864864864,0.00044444444444444447,0.00108,0.0032566666666666664,9.666666666666667e-05,0.00010142857142857143,0.00034012987012987017,0.0019578571428571427,0.0037783064516129033,0.0,0.0007968907563025211,0.0016910000000000002
267000,0.0010188000000000003,0.0008407407407407406,0.0019758333333333333,0.003675230769230769,0.002551772151898734,0.001892857142857143,0.002550967741935484,0.0016419736842105263,0.0019221518987341773,0.0030006250000000003,0.0028564197530864194,0.0008871428571428572,0.005007272727272727,0.0019866666666666665,0.0010138823529411767,4.708333333333333e-05,0.0015982142857142855,0.005715949367088608,0.004375714285714285,0.0015194666666666667,0.001898769230769231,0.0006076785714285715,0.0037460000000000006,0.0016516666666666667,0.004681111111111112,0.00020600000000000002,0.002589032258064516,0.003228125,0.009588470588235292,0.001440806451612903,0.0011616,0.006323076923076923,0.04891442307692309,0.0042096341463414635,0.0017005555555555556,0.0013878571428571427,0.0005064473684210526,0.0008918181818181818,2.903614457831325e-05,5.9999999999999995e-05,0.0004285714285714286,0.0022847872340425535,0.00116875,5.8e-05,0.005635789473684211,0.0004297894736842105,0.0006258571428571427,0.0020476315789473686,0.0001134375,0.002466293103448276,0.00022,6.636363636363636e-05,0.0018257692307692309,0.0003850000000000001,0.0014399999999999999,0.000750408163265306,0.000205,0.00356551724137931,0.00048363636363636366,0.0,0.002035806451612903,0.0008712500000000001,0.00015833333333333332,0.0,0.0005044444444444444,0.001117076923076923,0.0011753333333333334,0.0006710752688172043,0.00038768518518518514,0.006375675675675675,0.0005411111111111111,0.0007149999999999999,0.0028966666666666667,6.666666666666667e-05,0.00011571428571428571,0.00034194805194805194,0.0014814285714285713,0.00372,0.0,0.0005131932773109243,0.001117
268000,0.0013214666666666668,0.0009396296296296297,0.0018741666666666666,0.0036196923076923077,0.0026943037974683543,0.0018585714285714286,0.0026951612903225804,0.0019477631578947367,0.0016629113924050635,0.0033493750000000004,0.004404691358024691,0.0008748979591836735,0.00539030303030303,0.0021313636363636365,0.0011289411764705882,7.708333333333334e-05,0.0019567857142857143,0.0053393670886075955,0.0054125,0.0016821333333333333,0.0020084615384615384,0.0006291071428571428,0.0037262666666666665,0.0020006666666666667,0.004862380952380953,0.00033800000000000003,0.002326290322580645,0.003149166666666667,0.009397176470588233,0.0021640322580645157,0.0018600000000000005,0.007749230769230768,0.04497673076923077,0.004814512195121951,0.0017072222222222222,0.0012344642857142856,0.000783157894736842,0.0011745454545454546,3.3012048192771085e-05,0.000165,0.00047857142857142857,0.0031586170212765954,0.00153375,6.8e-05,0.005026315789473684,0.0005137894736842105,0.0008,0.0023351754385964917,0.000154375,0.0023672413793103444,0.00043999999999999996,8.181818181818182e-05,0.001862923076923077,0.0007966666666666668,0.0016660000000000002,0.0007655102040816327,0.0005,0.0034372413793103446,0.0002709090909090909,0.0,0.0022150537634408603,0.0012275,0.00043166666666666673,0.0,0.0006936111111111112,0.0012450769230769232,0.0012126666666666666,0.0008655913978494622,0.0004738888888888889,0.005741171171171172,0.0006422222222222223,0.0006883333333333333,0.00415,6.5e-05,0.00015142857142857143,0.00035766233766233767,0.0019635714285714287,0.003556290322580645,0.0,0.000683781512605042,0.0012560000000000002
269000,0.0010692000000000002,0.0007766666666666667,0.001816666666666667,0.0035443076923076925,0.0025853164556962024,0.0013657142857142856,0.0025120967741935484,0.0017702631578947368,0.0014159493670886077,0.0033606250000000003,0.0036819753086419754,0.000733673469387755,0.004781515151515151,0.001778939393939394,0.000917058823529412,0.00013166666666666668,0.0017711904761904761,0.004477721518987341,0.005540000000000001,0.0014893333333333332,0.0014736923076923078,0.0005071428571428572,0.0032508000000000003,0.001988,0.0041250793650793646,0.00020599999999999997,0.002454838709677419,0.0026166666666666664,0.007255411764705882,0.0015841935483870968,0.0016368,0.007306923076923076,0.04233788461538461,0.0036164634146341468,0.00213,0.0012687500000000001,0.0006132894736842105,0.0009645454545454545,5.180722891566265e-05,0.00022687500000000003,0.0005485714285714285,0.003033085106382979,0.0008762499999999999,4.8e-05,0.0039073684210526325,0.0004937894736842106,0.00061,0.0019935087719298245,0.0001134375,0.0022892241379310345,0.00015999999999999999,7e-05,0.001620076923076923,0.0003025,0.001448,0.0007785714285714285,0.000315,0.003453103448275861,0.00018272727272727275,0.0,0.0026533333333333335,0.0011475,0.0002883333333333333,0.0,0.0004500000000000001,0.0009293846153846153,0.0008600000000000001,0.000702258064516129,0.0003974074074074074,0.005532702702702702,0.00041666666666666664,0.0006633333333333334,0.0032866666666666665,9.333333333333333e-05,0.00015714285714285716,0.0002466233766233766,0.0012935714285714284,0.00327241935483871,0.0,0.00047504201680672274,0.0011250000000000001
270000,0.0014128,0.0008555555555555555,0.0021458333333333334,0.004236153846153847,0.004161392405063291,0.00162,0.00310741935483871,0.0017801315789473682,0.001861392405063291,0.00347125,0.003436666666666667,0.0011416326530612245,0.005497878787878788,0.002501363636363636,0.0012698823529411762,4.708333333333333e-05,0.0018533333333333331,0.00623240506329114,0.00564607142857143,0.002017866666666667,0.0025355384615384615,0.0007507142857142858,0.004017999999999999,0.0017723333333333334,0.003998412698412698,0.000282,0.0025688709677419356,0.004026458333333333,0.010665529411764706,0.0019183870967741936,0.0025373333333333333,0.005580769230769231,0.047176538461538464,0.004276707317073171,0.0019927777777777778,0.0014903571428571429,0.0006432894736842106,0.0009300000000000002,7.674698795180724e-05,0.000189375,0.00034857142857142856,0.002917234042553191,0.001345,0.00017399999999999997,0.00443,0.000453578947368421,0.0006355714285714285,0.0019161403508771932,9.09375e-05,0.0025701724137931034,0.000486,5.272727272727273e-05,0.0020383846153846155,0.0004950000000000001,0.00155,0.0008002040816326531,0.000835,0.003549310344827586,2.4545454545454545e-05,0.0,0.0024329032258064514,0.0009750000000000001,0.000265,0.0,0.0004733333333333333,0.0012155384615384617,0.000846,0.0007540860215053762,0.0005344444444444444,0.005368198198198198,0.00042666666666666667,0.0007000000000000001,0.00329,0.00011833333333333334,0.0003471428571428571,0.0002906493506493507,0.0015014285714285715,0.003655403225806452,0.0,0.0006156302521008404,0.001163
271000,0.0010345333333333332,0.0006325925925925927,0.0016008333333333334,0.003252,0.0020043037974683546,0.0013657142857142856,0.002087258064516129,0.0014934210526315788,0.001318987341772152,0.00284,0.0029364197530864196,0.0007508163265306122,0.004763636363636364,0.0015731818181818182,0.0008465882352941176,1.5e-05,0.0014907142857142858,0.0038688607594936707,0.003656785714285714,0.0012186666666666667,0.0017026153846153849,0.0005796428571428572,0.0033026666666666664,0.0015126666666666667,0.0034919047619047616,0.000284,0.002276290322580645,0.002508125,0.00705070588235294,0.001501290322580645,0.0011316,0.004702692307692309,0.03434615384615384,0.004130487804878049,0.0013166666666666665,0.0012796428571428572,0.00044802631578947364,0.0006154545454545454,4.927710843373494e-05,0.00014687499999999998,0.0003071428571428571,0.0024985106382978723,0.0011012499999999998,4.4999999999999996e-05,0.003785263157894737,0.00035842105263157893,0.0006610000000000001,0.0018132456140350878,4.4687499999999995e-05,0.0018779310344827584,0.000174,6.545454545454546e-05,0.0015876153846153848,0.0004583333333333334,0.0010260000000000002,0.0006679591836734694,0.00029,0.0026934482758620695,0.00014818181818181816,0.0,0.0015127956989247316,0.0008625,0.000305,0.0,0.0003947222222222222,0.0008744615384615385,0.001078,0.0005516129032258065,0.0004009259259259259,0.004461261261261261,0.0003433333333333333,0.0006633333333333334,0.0021033333333333334,0.00016333333333333334,7.428571428571427e-05,0.0003822077922077922,0.0015114285714285716,0.0025497580645161286,0.0,0.0004449579831932773,0.0011350000000000002
272000,0.0010236000000000002,0.0007114814814814816,0.0021441666666666666,0.003442769230769231,0.0023013924050632917,0.001657142857142857,0.0023858064516129036,0.0016878947368421052,0.0015806329113924051,0.00311375,0.004331358024691358,0.00125,0.005102727272727273,0.0018381818181818182,0.0008837647058823529,3.875e-05,0.0016902380952380951,0.004958227848101265,0.005027499999999999,0.0011506666666666666,0.002024923076923077,0.00047,0.0033921333333333335,0.0016926666666666668,0.004076031746031746,0.000164,0.0027985483870967744,0.0027587500000000004,0.008184588235294119,0.002109516129032258,0.0012721333333333333,0.0068357692307692295,0.04786057692307692,0.003686951219512195,0.001822222222222222,0.0013798214285714286,0.0008168421052631579,0.0009218181818181817,5.7831325301204826e-05,0.000198125,0.0005185714285714286,0.0023892553191489363,0.00111875,0.00014,0.005179999999999999,0.0005919999999999999,0.0006237142857142856,0.0017989473684210523,0.000125,0.00282853448275862,0.000278,5.090909090909091e-05,0.0017685384615384616,0.0005566666666666666,0.001232,0.0007591836734693877,0.000395,0.003606896551724138,0.00037545454545454546,0.0,0.002066236559139785,0.00085,0.0003133333333333333,0.0,0.000573888888888889,0.000978153846153846,0.0010700000000000002,0.000565268817204301,0.000445,0.005774774774774774,0.00065,0.00066,0.0020633333333333333,7.166666666666667e-05,0.0001,0.000415974025974026,0.0011928571428571429,0.0034880645161290327,0.0,0.00047151260504201686,0.000995
273000,0.0012137333333333334,0.0009751851851851852,0.001581666666666667,0.004753846153846154,0.0027298734177215187,0.001377142857142857,0.003224838709677419,0.001580921052631579,0.001410126582278481,0.002338125,0.0029479012345679013,0.0008071428571428571,0.004888181818181818,0.0015374242424242423,0.001026470588235294,3.458333333333333e-05,0.001806785714285714,0.005308354430379746,0.00524357142857143,0.0015384,0.0018187692307692308,0.0005560714285714286,0.0033298666666666662,0.0015913333333333333,0.0033280952380952385,0.00023,0.0024524193548387096,0.002953958333333333,0.008332705882352942,0.0014177419354838706,0.0016332,0.003986153846153847,0.04898826923076924,0.005393170731707317,0.0016516666666666667,0.0015932142857142857,0.0006180263157894737,0.0005263636363636363,4.3012048192771084e-05,0.00012812499999999998,0.0005128571428571429,0.002912127659574468,0.0012225,4.4999999999999996e-05,0.005183157894736843,0.0005448421052631579,0.000526,0.0021430701754385963,8.21875e-05,0.0028887931034482753,0.000292,6.727272727272727e-05,0.0017963076923076923,0.0005175,0.001313,0.0007042857142857142,0.000295,0.00447448275862069,0.0002554545454545455,0.0,0.0022415053763440865,0.00084,0.0005466666666666667,0.0,0.0003977777777777778,0.0009835384615384615,0.0009159999999999999,0.0006159139784946236,0.00030722222222222224,0.007359459459459458,0.0002788888888888889,0.000575,0.002916666666666667,7.833333333333333e-05,0.00010571428571428571,0.00034324675324675323,0.0015871428571428575,0.0040593548387096775,0.0,0.0004848739495798319,0.00109
274000,0.001420133333333333,0.0012648148148148145,0.0022275,0.004188615384615384,0.0026136708860759494,0.0020314285714285716,0.003305967741935484,0.001725657894736842,0.0018143037974683543,0.002933125,0.0035837037037037035,0.0010685714285714287,0.00548,0.002043787878787879,0.0013758823529411764,6.666666666666666e-05,0.0019233333333333335,0.006421772151898734,0.004686785714285714,0.0017350666666666667,0.0019998461538461537,0.0006912499999999999,0.0037752,0.0019016666666666665,0.004096349206349208,0.00027600000000000004,0.0023675806451612905,0.0032533333333333333,0.00936494117647059,0.0017122580645161291,0.0015221333333333333,0.006964615384615384,0.052599999999999994,0.004179146341463415,0.001578888888888889,0.0011671428571428573,0.0003903947368421053,0.0005863636363636365,3.8072289156626503e-05,0.000134375,0.0003671428571428571,0.0027504255319148936,0.0011037500000000001,0.000153,0.0057557894736842115,0.0005561052631578947,0.0007802857142857143,0.0020260526315789475,0.000140625,0.002391810344827586,0.00023600000000000002,4.181818181818182e-05,0.002008307692307692,0.0004891666666666667,0.00117,0.0007955102040816327,0.000185,0.0036179310344827587,0.00018636363636363634,0.0,0.0019093548387096773,0.0008849999999999999,0.00046333333333333334,0.0,0.0003105555555555555,0.0009281538461538461,0.0007760000000000001,0.000761290322580645,0.00044333333333333334,0.006226486486486486,0.00049,0.0004466666666666666,0.00291,0.00011999999999999999,8.142857142857142e-05,0.0003862337662337662,0.0009900000000000002,0.0034424999999999994,0.0,0.00044588235294117643,0.0008569999999999999
275000,0.0012534666666666665,0.000982962962962963,0.0017116666666666662,0.0038363076923076922,0.002764683544303798,0.0018514285714285714,0.002752096774193549,0.0016675000000000001,0.0017921518987341776,0.0031225,0.003343456790123457,0.001113673469387755,0.007107878787878788,0.0021889393939393937,0.0010403529411764708,0.0,0.0018627380952380953,0.006393291139240508,0.0054939285714285715,0.0015492,0.002353692307692308,0.0006907142857142857,0.004143866666666667,0.0015516666666666667,0.004136507936507937,0.00034999999999999994,0.0031225806451612896,0.0034695833333333336,0.011240705882352939,0.0017093548387096776,0.0015915999999999999,0.009077307692307692,0.045198846153846145,0.004860975609756097,0.0016549999999999998,0.00129,0.0003728947368421052,0.0005809090909090909,3.759036144578313e-05,0.00015625000000000003,0.0003885714285714286,0.002665106382978724,0.001215,5.9000000000000004e-05,0.006013157894736843,0.00048136842105263165,0.0006804285714285714,0.001996052631578947,8.687500000000001e-05,0.002149741379310345,0.00018600000000000002,5.090909090909091e-05,0.0018709230769230769,0.000285,0.001096,0.0005310204081632653,0.0004,0.0033082758620689655,0.0003936363636363637,0.0,0.0018397849462365588,0.0008712500000000001,0.0005733333333333334,0.0,0.00039249999999999995,0.0009452307692307692,0.0007666666666666666,0.0006609677419354838,0.00023537037037037035,0.005417027027027026,0.0005044444444444444,0.000805,0.0015333333333333334,0.0,0.00012285714285714287,0.0003268831168831169,0.0012471428571428568,0.0029649999999999998,0.0,0.0004666386554621848,0.0007350000000000001
276000,0.0012478666666666666,0.0009648148148148148,0.00176,0.003959230769230769,0.0024658227848101265,0.0018542857142857143,0.0029277419354838707,0.0016657894736842103,0.0018213924050632913,0.0030124999999999996,0.0033701234567901236,0.0012138775510204083,0.007272727272727273,0.0021357575757575756,0.001202470588235294,3.541666666666666e-05,0.0019009523809523812,0.0053173417721518994,0.005095714285714286,0.0015656,0.0022355384615384616,0.0006346428571428572,0.003644533333333333,0.001990666666666666,0.003681428571428571,0.00031,0.002972258064516129,0.00310125,0.00831,0.0019717741935483873,0.0017017333333333334,0.006621538461538462,0.050762115384615385,0.004909390243902439,0.001745,0.0013151785714285713,0.0003611842105263158,0.00067,2.4698795180722893e-05,0.000134375,0.00041428571428571426,0.0031895744680851055,0.0011825,6.6e-05,0.005052105263157894,0.0004930526315789474,0.0007901428571428571,0.0022618421052631576,9.3125e-05,0.0027200862068965516,0.0002,8.181818181818182e-05,0.0020601538461538465,0.00036500000000000004,0.001024,0.0006281632653061224,0.00043000000000000004,0.0036651724137931035,0.00025272727272727274,0.0,0.0019610752688172042,0.00109125,0.00044,0.0,0.00038777777777777774,0.0010107692307692307,0.0007760000000000001,0.0007633333333333334,0.0003315740740740741,0.005891081081081082,0.00033777777777777777,0.0013733333333333334,0.0017766666666666666,9e-05,7.428571428571427e-05,0.0003820779220779221,0.0014235714285714286,0.003351693548387097,0.0,0.0005089915966386555,0.0009029999999999999
277000,0.0010916,0.0010255555555555556,0.001743333333333333,0.0035913846153846156,0.002936455696202531,0.0012814285714285716,0.002176612903225807,0.0015569736842105267,0.0014078481012658225,0.0025075,0.003337283950617284,0.0007767346938775511,0.006065757575757575,0.0016201515151515152,0.0009716470588235292,3.0416666666666666e-05,0.0017828571428571429,0.005022784810126581,0.004362142857142856,0.0015537333333333332,0.0018463076923076924,0.0007023214285714287,0.0037424,0.0015733333333333333,0.003846666666666667,0.00034799999999999995,0.002875967741935483,0.002925208333333333,0.007589176470588236,0.00182741935483871,0.0015158666666666666,0.004879230769230769,0.044615192307692314,0.004224390243902439,0.001592222222222222,0.0013660714285714287,0.0009048684210526315,0.001,6.228915662650602e-05,0.000304375,0.0006314285714285715,0.0029799999999999996,0.0010925,0.00012000000000000002,0.005578947368421051,0.0005952631578947367,0.0009620000000000002,0.002655263157894737,0.0001590625,0.0026239655172413797,0.0002,0.00010636363636363637,0.001960923076923077,0.000575,0.001436,0.0006699999999999999,0.00054,0.004226206896551723,0.00018454545454545451,0.0,0.0024809677419354837,0.00118125,0.00064,0.0,0.0004972222222222222,0.0010823076923076925,0.0011433333333333332,0.0008341935483870967,0.0003084259259259259,0.0071347747747747756,0.000711111111111111,0.0007583333333333334,0.0031699999999999996,6.166666666666667e-05,9e-05,0.00045246753246753243,0.0008885714285714286,0.0038058064516129034,0.0,0.0005316806722689076,0.001014
278000,0.0009559999999999998,0.00087,0.0018433333333333331,0.003223384615384615,0.002793291139240506,0.0016585714285714283,0.0021935483870967744,0.0015448684210526318,0.0015054430379746837,0.0031425000000000003,0.003219012345679012,0.0007718367346938775,0.004890606060606061,0.001766969696969697,0.0009351764705882352,0.0,0.001552738095238095,0.005321898734177215,0.0040292857142857135,0.0014058666666666667,0.0018576923076923078,0.00045767857142857144,0.0032941333333333335,0.0017553333333333334,0.004451587301587301,0.00020599999999999997,0.0023243548387096775,0.003198958333333333,0.008560588235294118,0.0017585483870967743,0.0009924,0.0070161538461538464,0.05079519230769231,0.003830853658536585,0.0012283333333333332,0.0014899999999999998,0.0004792105263157894,0.0007554545454545454,3.686746987951808e-05,0.000176875,0.0003928571428571428,0.002275425531914894,0.00102,0.000128,0.005518947368421052,0.00041,0.0005448571428571428,0.0015933333333333335,8.84375e-05,0.0023448275862068962,0.000214,5.545454545454545e-05,0.0022286153846153844,0.0005858333333333334,0.00125,0.000636734693877551,0.00035,0.003637241379310345,0.00014545454545454546,0.0,0.0018931182795698927,0.0008874999999999999,0.0005899999999999999,0.0,0.0004480555555555556,0.0010227692307692307,0.0007213333333333333,0.0006407526881720431,0.0002710185185185186,0.004622702702702703,0.0003644444444444444,0.0004083333333333333,0.0020166666666666666,5.5e-05,0.00030571428571428573,0.00034896103896103894,0.0012185714285714285,0.003537983870967742,0.0,0.0005514285714285714,0.0012540000000000001
279000,0.0009850666666666667,0.000838888888888889,0.0014133333333333333,0.004010923076923077,0.0019887341772151894,0.001492857142857143,0.0022790322580645162,0.0015064473684210525,0.001370253164556962,0.0026481250000000003,0.0035338271604938272,0.0006873469387755103,0.004110909090909091,0.0017133333333333336,0.0009176470588235294,5.833333333333334e-05,0.0015876190476190478,0.004263544303797469,0.004382499999999999,0.0013132,0.0015112307692307695,0.0004475,0.0031693333333333335,0.0017766666666666664,0.003999047619047619,0.000192,0.0020911290322580644,0.0025627083333333335,0.006364823529411765,0.001552903225806452,0.0013724,0.006713846153846154,0.04812730769230769,0.0038320731707317075,0.0013438888888888888,0.0015655357142857142,0.0007234210526315789,0.0007009090909090908,3.7710843373493976e-05,0.000121875,0.0004342857142857143,0.003299361702127659,0.0011225000000000002,0.000127,0.004591052631578947,0.0005952631578947368,0.0007270000000000002,0.0020050877192982455,0.000109375,0.0024180172413793104,0.00022200000000000003,5.090909090909091e-05,0.001894923076923077,0.00021166666666666664,0.001288,0.0007224489795918368,0.00051,0.003982758620689655,0.00017454545454545454,0.0,0.002410967741935484,0.00096375,0.0005116666666666667,0.0,0.00046222222222222216,0.0009812307692307692,0.0009713333333333333,0.0005953763440860215,0.0002621296296296296,0.005860360360360359,0.00026000000000000003,0.0008150000000000001,0.0030266666666666667,0.0,6.285714285714286e-05,0.0003797402597402598,0.0008757142857142858,0.00399483870967742,0.0,0.000536218487394958,0.001182
280000,0.0011261333333333335,0.0008625925925925925,0.0019825000000000003,0.004607076923076923,0.0031494936708860756,0.001587142857142857,0.002384677419354839,0.0018043421052631582,0.0017605063291139238,0.003651875,0.0034418518518518518,0.001516734693877551,0.006975757575757576,0.002116818181818182,0.0011125882352941176,5.458333333333333e-05,0.0020113095238095237,0.005348607594936708,0.005180714285714286,0.0016562666666666665,0.0023863076923076923,0.0006166071428571428,0.0035906666666666656,0.001839,0.0042480952380952374,0.00022399999999999997,0.003699193548387097,0.0032320833333333333,0.008457764705882352,0.0015709677419354837,0.0015268,0.006767692307692308,0.05850038461538461,0.0036687804878048785,0.0019927777777777778,0.001285357142857143,0.0003715789473684211,0.0007754545454545454,3.746987951807229e-05,0.000141875,0.0004885714285714286,0.0025680851063829783,0.0009700000000000002,4.4e-05,0.0031194736842105266,0.0003879999999999999,0.000622,0.0012617543859649123,0.0001725,0.00210801724137931,9.2e-05,0.00011818181818181818,0.0016009999999999998,0.0004816666666666667,0.000992,0.0008248979591836735,0.000385,0.002892413793103448,0.00020727272727272727,0.0,0.0019810752688172043,0.0010775,0.00044,0.0,0.0004497222222222223,0.00113,0.0007006666666666667,0.0004816129032258064,0.000307037037037037,0.004698558558558557,0.0003533333333333333,0.00048,0.0027966666666666665,8.166666666666667e-05,7.999999999999999e-05,0.0002150649350649351,0.0016742857142857145,0.003083548387096774,0.0,0.00046025210084033616,0.00083
281000,0.001256,0.0007474074074074075,0.0015658333333333334,0.003783538461538462,0.0024465822784810122,0.0012742857142857141,0.0020924193548387095,0.0016471052631578946,0.0016041772151898735,0.002836875,0.004112222222222222,0.000656938775510204,0.004475757575757576,0.0018506060606060606,0.0009439999999999997,3.583333333333333e-05,0.0016998809523809523,0.005059113924050633,0.0043467857142857145,0.0015777333333333334,0.0017615384615384613,0.0005889285714285713,0.0029529333333333336,0.0017766666666666666,0.004174920634920635,0.000308,0.002362741935483871,0.0031095833333333336,0.00850870588235294,0.0016795161290322582,0.0013871999999999999,0.006038076923076923,0.04626807692307692,0.004208536585365854,0.0016661111111111113,0.001408392857142857,0.0007053947368421054,0.0007818181818181818,8.493975903614457e-05,0.000143125,0.00045571428571428575,0.003417659574468085,0.00135125,0.000139,0.004906842105263157,0.00046936842105263157,0.0008144285714285714,0.0023154385964912283,0.00020125,0.0025919827586206898,0.000212,0.00013545454545454546,0.0018786923076923078,0.0005608333333333333,0.001375,0.0008263265306122448,0.000405,0.003796896551724138,0.00027181818181818177,0.0,0.0022090322580645165,0.00120375,0.00041000000000000005,0.0,0.0004883333333333332,0.001379076923076923,0.0011966666666666666,0.000773225806451613,0.00039194444444444444,0.006382972972972974,0.0007611111111111112,0.0009116666666666666,0.00349,6e-05,7.857142857142858e-05,0.0005722077922077922,0.0015099999999999998,0.003298870967741936,0.0,0.000644873949579832,0.001749
282000,0.0015325333333333334,0.0013707407407407407,0.00227,0.0041389230769230765,0.003885696202531645,0.002351428571428571,0.0037685483870967735,0.002081447368421052,0.002038227848101266,0.0038156249999999996,0.0035387654320987653,0.0009508163265306123,0.005956969696969697,0.0021265151515151514,0.0013961176470588235,6.125000000000001e-05,0.002321904761904762,0.006923544303797468,0.005323214285714286,0.0016296,0.0028761538461538464,0.0007437499999999999,0.004269866666666667,0.002392,0.0042973015873015875,0.00037600000000000003,0.002686935483870968,0.0037718750000000005,0.010961411764705883,0.0017461290322580644,0.001980266666666667,0.007260769230769231,0.05125115384615385,0.005178048780487805,0.0018272222222222223,0.0016207142857142859,0.0009506578947368418,0.0012090909090909092,6.096385542168675e-05,0.000170625,0.0004457142857142858,0.004331595744680851,0.0015362499999999999,0.00013,0.006071052631578947,0.0007005263157894737,0.0009981428571428572,0.003220526315789474,0.000200625,0.0035480172413793107,0.000214,0.00014363636363636366,0.0019261538461538459,0.0006941666666666667,0.001846,0.0008346938775510204,0.000565,0.004768620689655173,0.00043090909090909096,0.0,0.002636451612903226,0.00134,0.0005700000000000001,0.0,0.0006005555555555555,0.0012939999999999998,0.0012540000000000001,0.000770537634408602,0.0003625,0.008691351351351352,0.000688888888888889,0.0007633333333333333,0.0039566666666666665,6.333333333333333e-05,9.142857142857143e-05,0.000766883116883117,0.001412142857142857,0.004453387096774194,0.0,0.0005925210084033614,0.0014349999999999999
283000,0.0016749333333333334,0.0012233333333333332,0.001640833333333333,0.004954769230769231,0.0026031645569620254,0.0019357142857142856,0.002428225806451612,0.0019605263157894738,0.0017025316455696203,0.003248125,0.00249283950617284,0.0011336734693877552,0.0059654545454545455,0.001776060606060606,0.0011290588235294116,2.125e-05,0.0017527380952380952,0.006916075949367089,0.0053575,0.0015234666666666668,0.002212461538461538,0.0007369642857142858,0.004016666666666666,0.001759,0.0038398412698412696,0.000248,0.002896290322580645,0.0037495833333333335,0.010432823529411765,0.0016164516129032259,0.0013386666666666666,0.006333461538461538,0.04836788461538461,0.005452317073170732,0.0015644444444444445,0.0014739285714285716,0.0007667105263157895,0.0005709090909090909,6.987951807228916e-05,9.3125e-05,0.0003785714285714286,0.003221170212765957,0.0010362499999999998,3.8e-05,0.0044952631578947366,0.0005501052631578946,0.0005965714285714285,0.0019094736842105262,8.687500000000001e-05,0.0027739655172413797,0.000194,6.181818181818182e-05,0.002182538461538462,0.00040083333333333334,0.001477,0.0008642857142857142,0.000195,0.004014827586206896,0.00023818181818181818,0.0,0.0024841935483870966,0.00128,0.0004166666666666667,0.0,0.0004102777777777778,0.001295076923076923,0.0010013333333333332,0.0006465591397849463,0.0003558333333333333,0.006596306306306306,0.00057,0.00035,0.00436,0.0,0.00011142857142857143,0.00028766233766233765,0.0015942857142857143,0.004205887096774195,0.0,0.00047386554621848734,0.00144
284000,0.0012952,0.0011751851851851851,0.0017424999999999995,0.004706307692307692,0.0027786075949367095,0.001972857142857143,0.003164677419354838,0.001928684210526316,0.0017182278481012651,0.003555,0.002415679012345679,0.000723061224489796,0.005896060606060606,0.0021789393939393937,0.001249764705882353,0.0,0.001892857142857143,0.006784936708860759,0.0059210714285714275,0.0016790666666666669,0.0024046153846153844,0.000874642857142857,0.0036772,0.0020949999999999996,0.004328730158730158,0.000328,0.002739354838709677,0.0034941666666666663,0.009573764705882355,0.002150806451612903,0.0014761333333333333,0.005755384615384615,0.04661807692307693,0.004929512195121951,0.0020944444444444443,0.0013526785714285717,0.0005377631578947368,0.0005636363636363636,4.542168674698795e-05,0.000115,0.00057,0.002874468085106383,0.0011250000000000001,4.1e-05,0.0046684210526315795,0.00044715789473684223,0.0004635714285714286,0.0016482456140350878,9.999999999999999e-05,0.0023932758620689655,0.000328,9.818181818181818e-05,0.0018479230769230769,0.0006633333333333332,0.00143,0.0008406122448979591,0.00028,0.0033255172413793103,0.00015636363636363637,0.0,0.002679784946236559,0.0010262499999999998,0.00030166666666666666,0.0,0.0005452777777777778,0.001291076923076923,0.0009586666666666668,0.0007264516129032259,0.0004216666666666667,0.006313783783783784,0.00024222222222222223,0.00033833333333333334,0.002853333333333333,0.0,0.00011857142857142858,0.00030675324675324674,0.0018657142857142859,0.003643467741935484,0.0,0.0005958823529411764,0.0008240000000000001
285000,0.0010889333333333332,0.0009325925925925926,0.0018558333333333328,0.003996923076923077,0.002341645569620253,0.0014571428571428572,0.0024391935483870967,0.001381184210526316,0.0013124050632911393,0.002451875,0.001998888888888889,0.0008322448979591838,0.0045042424242424245,0.0015950000000000003,0.0009500000000000002,6.25e-05,0.001391190476190476,0.004732025316455696,0.003888928571428572,0.0011290666666666667,0.0017744615384615383,0.00060375,0.0030750666666666667,0.0015350000000000001,0.003318888888888889,0.000174,0.002395967741935484,0.0030741666666666665,0.007529529411764707,0.0015969354838709677,0.0014738666666666666,0.004780384615384615,0.035063461538461536,0.003909878048780488,0.001305,0.0011619642857142857,0.0004697368421052632,0.0007527272727272726,7.325301204819276e-05,0.00013937499999999999,0.0003528571428571429,0.0018744680851063833,0.0008224999999999999,3.3e-05,0.003315263157894737,0.00045547368421052626,0.0004922857142857143,0.0014014912280701753,8.78125e-05,0.0016298275862068965,0.0001,4.454545454545455e-05,0.0016823846153846155,0.0002491666666666667,0.0013540000000000002,0.0005793877551020408,0.00043,0.0025320689655172414,2.727272727272727e-05,0.0,0.00166741935483871,0.00108875,0.000395,0.0,0.0003019444444444444,0.0008893846153846152,0.0009986666666666666,0.0005559139784946237,0.0003271296296296297,0.0037100900900900904,0.00021444444444444446,0.00035,0.0017666666666666666,0.0,5.2857142857142855e-05,0.00025337662337662336,0.0012164285714285712,0.0025283870967741937,0.0,0.0004585714285714286,0.00092
286000,0.0010680000000000002,0.000812962962962963,0.0014483333333333334,0.0032776923076923074,0.002095316455696202,0.0013814285714285714,0.0017046774193548388,0.0014397368421052632,0.0012787341772151901,0.00283375,0.0025914814814814815,0.0007379591836734694,0.004253636363636364,0.0016025757575757575,0.0008261176470588234,1.875e-05,0.0014821428571428572,0.004035569620253165,0.004210714285714286,0.0012302666666666666,0.0017393846153846155,0.0004919642857142858,0.003186666666666667,0.0013383333333333335,0.003841111111111111,0.00020600000000000002,0.0022406451612903234,0.002786041666666667,0.006241882352941177,0.001646774193548387,0.0014834666666666667,0.006530384615384617,0.029366730769230777,0.003588658536585366,0.0013088888888888887,0.0011746428571428572,0.0005686842105263159,0.0005954545454545455,6.024096385542168e-05,0.000145625,0.00023857142857142857,0.0021467021276595746,0.0008625,0.00012000000000000002,0.003681052631578947,0.0004476842105263158,0.0006444285714285715,0.0013652631578947368,0.000134375,0.0019500000000000001,0.00018999999999999998,0.00011636363636363637,0.0015541538461538462,0.0003491666666666667,0.0013679999999999999,0.0006853061224489797,0.000325,0.002805862068965517,0.00012363636363636364,0.0,0.0018184946236559135,0.00069625,0.00034,0.0,0.00045083333333333325,0.0010269230769230767,0.0010373333333333335,0.0007227956989247312,0.00039981481481481476,0.003785315315315315,0.0003477777777777778,0.00036999999999999994,0.0015033333333333333,6.5e-05,0.00020428571428571428,0.00027467532467532465,0.0012371428571428572,0.0027831451612903226,0.0,0.0005847058823529411,0.000928
287000,0.001467333333333333,0.0012155555555555557,0.0022366666666666663,0.00479,0.0032435443037974678,0.0021371428571428574,0.002834838709677419,0.002108157894736842,0.0018040506329113925,0.004585624999999999,0.00399395061728395,0.0010224489795918367,0.007299393939393939,0.0023568181818181813,0.001123058823529412,3.875e-05,0.0020948809523809527,0.006401518987341772,0.006968928571428571,0.0018609333333333333,0.002593076923076923,0.0007396428571428571,0.004937866666666666,0.0017693333333333335,0.0051773015873015854,0.00027400000000000005,0.002990645161290323,0.004402291666666666,0.011682117647058824,0.0024219354838709677,0.0017888000000000003,0.008498461538461538,0.04672442307692307,0.004957926829268293,0.0018105555555555557,0.0018399999999999998,0.0005486842105263158,0.000730909090909091,5.542168674698795e-05,6.25e-05,0.00015428571428571428,0.003204574468085106,0.0012062499999999999,8.8e-05,0.004997894736842105,0.000458,0.000682142857142857,0.0019248245614035086,0.00027062500000000003,0.002816810344827586,0.000268,5.272727272727273e-05,0.002000230769230769,0.00042249999999999997,0.0015359999999999998,0.000923265306122449,0.000435,0.0035179310344827584,0.00025454545454545456,0.0,0.002101505376344086,0.000795,0.00048666666666666666,0.0,0.00043,0.0011940000000000002,0.0009973333333333331,0.0006951612903225807,0.0004725925925925926,0.006214234234234234,0.0003555555555555555,0.0005033333333333334,0.0019933333333333335,0.0,0.00012571428571428572,0.0004,0.0020064285714285713,0.003903548387096774,0.0,0.0005614285714285713,0.000817
288000,0.0011021333333333333,0.0009159259259259258,0.0014691666666666666,0.0032606153846153844,0.0022945569620253163,0.0016728571428571426,0.002246451612903226,0.0016861842105263156,0.001449620253164557,0.002659375,0.0024935802469135803,0.0006993877551020409,0.005213333333333334,0.0018519696969696968,0.0008888235294117646,0.0,0.0016748809523809522,0.005167088607594936,0.004532500000000001,0.0013736,0.0019083076923076922,0.000612857142857143,0.0029532,0.001752666666666667,0.003441428571428572,0.00024000000000000003,0.0027027419354838707,0.0028875,0.007988705882352941,0.0014146774193548389,0.001690266666666667,0.005245384615384615,0.046529423076923065,0.00426890243902439,0.0018844444444444447,0.001376607142857143,0.0006060526315789473,0.0008472727272727273,4.108433734939759e-05,0.00017499999999999997,0.00031571428571428576,0.002820106382978724,0.00113375,9.6e-05,0.005000526315789473,0.0005162105263157895,0.0006777142857142857,0.0020592105263157892,0.00021999999999999998,0.0026542241379310344,0.000148,0.00011454545454545455,0.001659923076923077,0.0003725,0.001166,0.0006451020408163265,0.000275,0.0030203448275862074,0.0001990909090909091,0.0,0.0019533333333333334,0.00075125,0.0003433333333333333,0.0,0.00042194444444444446,0.001166153846153846,0.0009606666666666667,0.0006221505376344086,0.0003944444444444445,0.005331531531531531,0.00037555555555555557,0.00044,0.002596666666666667,0.0,8.571428571428571e-05,0.00021610389610389612,0.001322142857142857,0.003439677419354839,0.0,0.0004441176470588235,0.00131
289000,0.0011506666666666666,0.0010122222222222223,0.0018516666666666666,0.003661384615384615,0.0024996202531645567,0.0019342857142857143,0.0027712903225806445,0.001900394736842105,0.0017758227848101269,0.00383,0.003772592592592593,0.0012446938775510204,0.006008181818181818,0.0022381818181818184,0.0011250588235294117,5.4166666666666664e-05,0.0018520238095238093,0.006594683544303796,0.00604857142857143,0.0018384,0.0025972307692307696,0.0006426785714285713,0.0035761333333333336,0.0019866666666666665,0.004736984126984128,0.000302,0.003546129032258064,0.004135208333333334,0.010585764705882354,0.002288548387096774,0.002002266666666667,0.006677692307692307,0.05841192307692308,0.004222926829268293,0.0018922222222222222,0.0014226785714285713,0.0005867105263157894,0.0007799999999999999,4.807228915662651e-05,0.00024375,0.0005057142857142857,0.00309,0.0010925,0.000157,0.004699473684210527,0.0006158947368421053,0.0008725714285714286,0.0018943859649122809,0.00011875,0.0025830172413793106,0.000304,0.00012363636363636364,0.001808769230769231,0.00045666666666666664,0.0015879999999999998,0.0006851020408163265,0.000455,0.0035731034482758624,0.0003309090909090909,0.0,0.0023136559139784944,0.00103125,0.00039333333333333337,0.0,0.0005233333333333333,0.0011518461538461537,0.0010986666666666668,0.0006806451612903226,0.0003950925925925926,0.006489639639639639,0.0003955555555555555,0.000745,0.0019933333333333335,6.833333333333333e-05,7.428571428571427e-05,0.0003907792207792208,0.0019357142857142858,0.0035093548387096773,0.0,0.0005447899159663866,0.0010890000000000001
290000,0.0013596,0.0012107407407407405,0.001983333333333333,0.004448461538461539,0.0031407594936708858,0.0015300000000000001,0.002701935483870968,0.0017960526315789471,0.0016020253164556963,0.0029075000000000004,0.0023060493827160495,0.0008059183673469388,0.005548787878787879,0.002022727272727273,0.0011894117647058824,7.166666666666667e-05,0.0019294047619047617,0.005557215189873419,0.0052846428571428575,0.0019641333333333334,0.002136615384615385,0.0007657142857142857,0.003916133333333333,0.0016046666666666668,0.003757142857142857,0.00020400000000000003,0.002866451612903226,0.003473958333333333,0.008285294117647059,0.0016669354838709676,0.0017213333333333336,0.004575769230769231,0.04979711538461539,0.004351585365853659,0.001343333333333333,0.0011194642857142857,0.0005856578947368421,0.0007618181818181819,3.6987951807228916e-05,0.00018187500000000002,0.00036571428571428573,0.00258936170212766,0.0012162499999999999,6.2e-05,0.0038510526315789473,0.0004521052631578947,0.0006645714285714285,0.001984736842105263,0.00011624999999999999,0.0022937931034482757,0.000208,5.363636363636364e-05,0.002061923076923077,0.0004758333333333333,0.00118,0.0008581632653061223,0.00027,0.0031200000000000004,2.818181818181818e-05,0.0,0.0018986021505376345,0.0008774999999999999,0.0004,0.0,0.0005480555555555555,0.001064307692307692,0.0011986666666666669,0.000718494623655914,0.00042546296296296294,0.005041531531531531,0.0003711111111111111,0.0004383333333333333,0.0011133333333333334,0.0,9.714285714285715e-05,0.0003677922077922078,0.0009649999999999998,0.00329733870967742,0.0,0.0004973109243697479,0.0012790000000000002
291000,0.0012148,0.000961111111111111,0.0028966666666666667,0.00343476923076923,0.002670379746835443,0.0019457142857142856,0.0026204838709677413,0.0018119736842105263,0.0018545569620253169,0.003385,0.003536913580246914,0.0009808163265306123,0.0062415151515151516,0.0024863636363636364,0.0009331764705882353,3.291666666666667e-05,0.0019125000000000001,0.005459113924050633,0.005681785714285716,0.0016341333333333334,0.0025306153846153846,0.0006453571428571428,0.004072666666666667,0.0019230000000000002,0.005153015873015873,0.000252,0.003156612903225806,0.0037162500000000004,0.010205176470588233,0.0019338709677419355,0.0015157333333333332,0.008531153846153846,0.04633557692307691,0.003636585365853658,0.001911111111111111,0.0014089285714285714,0.00048171052631578945,0.0008281818181818182,3.963855421686747e-05,0.000116875,0.00034428571428571434,0.0026622340425531913,0.00111375,0.000151,0.0041352631578947365,0.0003311578947368421,0.00045385714285714284,0.0017930701754385965,0.00024531250000000003,0.0024175,0.000124,7.272727272727273e-05,0.0017748461538461538,0.0005341666666666667,0.0014389999999999997,0.0007169387755102041,0.00039,0.0034141379310344824,3.818181818181818e-05,0.0,0.002149569892473118,0.0009212499999999999,0.000545,0.0,0.0006105555555555556,0.0012898461538461538,0.0009493333333333333,0.0007646236559139786,0.00039342592592592587,0.0052699999999999995,0.0005244444444444445,0.0009283333333333334,0.0028766666666666667,7.166666666666667e-05,8.428571428571429e-05,0.00040545454545454543,0.0012885714285714286,0.0033263709677419356,0.0,0.0006614285714285714,0.000878
292000,0.0011682666666666664,0.0007762962962962962,0.0017108333333333333,0.003644923076923077,0.002040632911392405,0.001547142857142857,0.0020433870967741935,0.0014234210526315788,0.0014606329113924052,0.002211875,0.0031318518518518522,0.0006806122448979592,0.004395151515151515,0.0019554545454545454,0.0008101176470588238,0.0,0.0014438095238095239,0.0047820253164556955,0.004010714285714286,0.0012142666666666666,0.0018543076923076922,0.0004766071428571428,0.0030966666666666664,0.0014253333333333334,0.0036687301587301586,0.00021000000000000004,0.002517741935483871,0.0030422916666666667,0.008285764705882352,0.0017448387096774196,0.0013816000000000002,0.0058034615384615395,0.04880673076923076,0.004202317073170732,0.001385,0.0013442857142857145,0.0004046052631578948,0.0007800000000000001,3.542168674698795e-05,0.000143125,0.00025,0.002729893617021277,0.0011025,6.400000000000001e-05,0.004560526315789474,0.00041063157894736846,0.0005829999999999999,0.0016569298245614032,8.75e-05,0.002420258620689655,0.00023,0.00011727272727272727,0.001600769230769231,0.00045583333333333326,0.001153,0.0007112244897959183,0.00019,0.003103448275862069,0.0001918181818181818,0.0,0.0017339784946236558,0.0008425,0.00036500000000000004,0.0,0.00041138888888888887,0.0010332307692307691,0.001106,0.0005888172043010751,0.00035222222222222225,0.004889099099099099,0.0002844444444444444,0.0009199999999999999,0.0023,5.1666666666666664e-05,0.00010142857142857143,0.0003815584415584416,0.0013464285714285711,0.003179274193548387,0.0,0.00047781512605042013,0.0009680000000000001
293000,0.0009513333333333331,0.000742222222222222,0.001563333333333333,0.003549846153846154,0.00174,0.001635714285714286,0.002472903225806452,0.001556842105263158,0.0013049367088607594,0.002286875,0.002506543209876543,0.0006310204081632653,0.004935454545454545,0.0016515151515151517,0.0007227058823529412,1.2916666666666666e-05,0.001389642857142857,0.004754303797468353,0.004121071428571429,0.0011394666666666668,0.0018099999999999998,0.0004342857142857143,0.003079866666666667,0.001299,0.003514920634920635,0.000214,0.0023180645161290326,0.002721458333333334,0.008498705882352941,0.001508064516129032,0.0009101333333333332,0.004359230769230769,0.04002846153846154,0.003539390243902439,0.0013333333333333333,0.0017123214285714287,0.0004863157894736842,0.0007999999999999999,6.963855421686748e-05,0.00025625,0.0004971428571428571,0.002903297872340426,0.00122625,7.1e-05,0.0052242105263157895,0.0005797894736842106,0.0008047142857142857,0.0016353508771929826,0.000153125,0.002188879310344828,0.00042000000000000007,8e-05,0.001768307692307692,0.00042249999999999997,0.001693,0.0007161224489795919,0.00029,0.0031106896551724135,0.0002290909090909091,0.0,0.0023605376344086023,0.0012162499999999999,0.0006266666666666665,0.0,0.0005608333333333333,0.001217230769230769,0.0009513333333333333,0.0006500000000000001,0.0003733333333333334,0.003921261261261261,0.00041,0.0004166666666666667,0.0021833333333333336,9.666666666666667e-05,0.00010428571428571428,0.0005642857142857143,0.0011442857142857142,0.0033813709677419355,0.0,0.0005816806722689076,0.001004
294000,0.0011118666666666667,0.0006951851851851851,0.0016433333333333332,0.003924923076923076,0.0016998734177215188,0.0018414285714285713,0.0020048387096774194,0.0015607894736842103,0.0014329113924050631,0.00309375,0.0033650617283950616,0.0008222448979591837,0.005081818181818182,0.0018472727272727276,0.0007324705882352941,3.208333333333333e-05,0.001501190476190476,0.004586708860759494,0.004398928571428572,0.0013907999999999998,0.001697846153846154,0.0003896428571428571,0.0031114666666666665,0.0014956666666666664,0.003975238095238095,0.000152,0.002757580645161291,0.0027502083333333337,0.008543882352941179,0.0015020967741935483,0.001608933333333333,0.006121923076923076,0.05098115384615384,0.003830731707317074,0.001388888888888889,0.0014508928571428572,0.0005136842105263157,0.0007299999999999999,4.4216867469879516e-05,0.00010812500000000001,0.00036857142857142855,0.002802021276595744,0.00103375,6.1e-05,0.003918947368421053,0.00042294736842105263,0.0008242857142857142,0.001937719298245614,7.3125e-05,0.0022580172413793104,0.00028599999999999996,4.3636363636363636e-05,0.0017736923076923075,0.0006366666666666668,0.0015400000000000001,0.0008540816326530611,0.000455,0.0036806896551724137,0.00014272727272727272,0.0,0.0018278494623655917,0.0009962500000000002,0.0005966666666666667,0.0,0.0006013888888888888,0.0009744615384615384,0.0007893333333333333,0.0006416129032258065,0.0003342592592592592,0.006697297297297296,0.00032111111111111115,0.000545,0.0027433333333333337,0.0,9.571428571428571e-05,0.00041870129870129867,0.0008942857142857144,0.003626693548387097,0.0,0.0005121848739495799,0.001284
295000,0.0011481333333333333,0.0008762962962962965,0.001956666666666667,0.0035081538461538457,0.002391518987341772,0.0016785714285714286,0.002725806451612903,0.001789473684210526,0.0018137974683544301,0.003635625,0.004427901234567901,0.0009599999999999999,0.005602424242424242,0.0019542424242424243,0.0009280000000000001,4.7499999999999996e-05,0.0017545238095238096,0.005669873417721519,0.004493214285714286,0.0015185333333333335,0.0019704615384615386,0.0006798214285714287,0.0035559999999999997,0.0017853333333333334,0.005292698412698412,0.00028599999999999996,0.0031177419354838708,0.0032289583333333337,0.009980941176470587,0.0020525806451612903,0.0017525333333333333,0.009303846153846152,0.05187615384615384,0.004591951219512195,0.0014299999999999998,0.0014332142857142857,0.0004973684210526315,0.0007872727272727274,7.265060240963855e-05,0.00013375000000000003,0.0002871428571428572,0.0027384042553191493,0.00135625,0.000128,0.0046115789473684205,0.0005232631578947369,0.0005391428571428572,0.0017270175438596493,9.375e-05,0.0024679310344827583,0.00038399999999999996,8.818181818181818e-05,0.0018273846153846153,0.0005975,0.001578,0.0007887755102040816,0.00029,0.003148620689655172,0.00014,0.0,0.0019706451612903223,0.0009449999999999999,0.00057,0.0,0.0005788888888888889,0.0013178461538461536,0.0010853333333333333,0.0006251612903225807,0.0003431481481481481,0.005041531531531532,0.0003177777777777778,0.000785,0.002433333333333333,0.0,0.00013142857142857143,0.0003212987012987013,0.0013121428571428572,0.0033576612903225803,0.0,0.0005141176470588235,0.0008529999999999999
296000,0.0015093333333333332,0.001004814814814815,0.0022758333333333333,0.004607999999999999,0.0030282278481012655,0.0018885714285714285,0.0036033870967741933,0.0019373684210526316,0.0019232911392405066,0.004512499999999999,0.003490617283950617,0.0009538775510204082,0.00589969696969697,0.0023360606060606063,0.0012212941176470587,2.5833333333333332e-05,0.002130238095238095,0.006898481012658225,0.0054089285714285715,0.0018816,0.002227384615384616,0.000655,0.004266,0.0016926666666666665,0.0048060317460317465,0.00022199999999999998,0.0034240322580645164,0.0041131250000000005,0.01062870588235294,0.0019074193548387099,0.0019177333333333332,0.007534615384615384,0.06560134615384615,0.005171707317073172,0.0020055555555555556,0.0015603571428571426,0.00048552631578947374,0.0008409090909090911,3.843373493975904e-05,0.00015625,0.0003142857142857143,0.00248531914893617,0.00115,6.1e-05,0.00614,0.00038631578947368427,0.0005432857142857142,0.0018164912280701755,0.0001171875,0.0029306896551724135,0.00028599999999999996,5.636363636363636e-05,0.0020305384615384617,0.000385,0.001567,0.0006642857142857142,0.000215,0.0033986206896551726,0.00014727272727272725,0.0,0.0020894623655913973,0.0007800000000000001,0.0005216666666666667,0.0,0.0006675000000000001,0.0011744615384615385,0.0011700000000000002,0.0007752688172043009,0.0004626851851851853,0.0057904504504504494,0.0003088888888888889,0.0006316666666666667,0.0028199999999999996,6.666666666666667e-05,9.142857142857143e-05,0.0003342857142857143,0.0016057142857142854,0.003716048387096774,0.0,0.0005148739495798319,0.001166
297000,0.0009892,0.0005985185185185185,0.0011658333333333334,0.0031864615384615386,0.0017713924050632912,0.001377142857142857,0.0023462903225806445,0.0014310526315789475,0.0012829113924050632,0.00241625,0.002047407407407407,0.0005959183673469388,0.003700909090909091,0.0013110606060606062,0.0007848235294117648,2.4166666666666667e-05,0.0014444047619047622,0.004287468354430379,0.0032982142857142863,0.0012578666666666666,0.001498153846153846,0.0005239285714285713,0.0025538666666666664,0.0014586666666666667,0.0038549206349206356,0.00020400000000000003,0.0022964516129032253,0.002637916666666667,0.007437882352941176,0.0011861290322580645,0.0015745333333333333,0.004356538461538462,0.03598730769230769,0.0037303658536585373,0.0014044444444444447,0.0011001785714285714,0.0004310526315789474,0.0006509090909090909,6.879518072289158e-05,0.000129375,0.00014571428571428572,0.00252436170212766,0.0007962500000000001,3.8e-05,0.003539473684210526,0.0005026315789473685,0.0006119999999999999,0.0014468421052631578,8.125e-05,0.002113103448275862,0.000282,4e-05,0.001419153846153846,0.00043833333333333327,0.001514,0.0006120408163265307,0.00021,0.00270551724137931,0.00016181818181818184,0.0,0.0018931182795698927,0.0007775,0.0002566666666666667,0.0,0.00035083333333333337,0.0007081538461538463,0.0006913333333333333,0.0005572043010752689,0.00030064814814814814,0.004527837837837839,0.0003866666666666667,0.00028833333333333337,0.00176,0.0,7.142857142857143e-05,0.0002801298701298701,0.00132,0.0029101612903225807,0.0,0.00040974789915966385,0.000806
298000,0.0014037333333333333,0.0011655555555555557,0.0021191666666666663,0.004024307692307692,0.0026213924050632917,0.0017242857142857144,0.0025801612903225807,0.0021626315789473687,0.0016102531645569619,0.003020625,0.003270864197530864,0.0011153061224489795,0.005596666666666667,0.0022586363636363633,0.0011507058823529408,3.375e-05,0.001925833333333333,0.0061545569620253164,0.005600714285714286,0.001863866666666667,0.001921230769230769,0.0006876785714285715,0.0038265333333333336,0.0018173333333333336,0.005034603174603175,0.000274,0.0031575806451612904,0.003713541666666667,0.010621058823529412,0.002027903225806452,0.0019256,0.007051153846153846,0.043417307692307686,0.004775243902439024,0.0017205555555555555,0.0017273214285714288,0.0005757894736842105,0.00096,4.614457831325301e-05,0.00015875,0.0002814285714285714,0.0030942553191489366,0.00112125,5e-05,0.004311052631578947,0.0005422105263157895,0.0005962857142857142,0.002022368421052631,0.000199375,0.002603362068965517,0.00023,6.454545454545455e-05,0.0018465384615384615,0.0006433333333333333,0.001404,0.0008993877551020409,0.000345,0.0032465517241379313,0.0002590909090909091,0.0,0.0023850537634408607,0.0011637499999999999,0.00038833333333333336,0.0,0.000563888888888889,0.0010626153846153845,0.0008666666666666667,0.0007321505376344086,0.00044314814814814813,0.005253243243243244,0.0003011111111111111,0.00044666666666666666,0.0022333333333333333,0.0,0.00015571428571428572,0.0002522077922077922,0.0019271428571428575,0.003901290322580645,0.0,0.0005615126050420167,0.001289
299000,0.0012812,0.0010307407407407407,0.00201,0.004361230769230768,0.003119493670886076,0.0015828571428571428,0.002343064516129032,0.0017123684210526313,0.0015327848101265825,0.003565625,0.00232641975308642,0.0007920408163265306,0.006126363636363636,0.0021322727272727274,0.0010351764705882353,0.0,0.0018052380952380952,0.005027974683544304,0.005565714285714286,0.0014528,0.002300307692307692,0.0006905357142857142,0.0029469333333333333,0.0015913333333333333,0.0039519047619047615,0.00027800000000000004,0.0025383870967741937,0.0032268749999999993,0.00844741176470588,0.0016219354838709677,0.0014554666666666666,0.006464230769230769,0.04150115384615384,0.004545121951219513,0.001618888888888889,0.0017664285714285716,0.0005731578947368423,0.0008227272727272728,5.674698795180724e-05,0.00019312500000000002,0.00030571428571428573,0.003102446808510638,0.0009975000000000001,0.000106,0.005159473684210526,0.0004287368421052631,0.0006252857142857144,0.001999122807017544,7.093750000000001e-05,0.0025711206896551725,0.00024000000000000003,5.7272727272727274e-05,0.0019078461538461536,0.0005283333333333333,0.001272,0.0008951020408163266,0.000345,0.003462758620689655,0.0003218181818181818,0.0,0.002242688172043011,0.00116125,0.0004766666666666667,0.0,0.0006136111111111112,0.0011755384615384614,0.0009046666666666666,0.0006649462365591398,0.0003900925925925926,0.005783423423423424,0.0005966666666666667,0.0005616666666666666,0.002203333333333333,9.166666666666667e-05,0.00013285714285714284,0.00035597402597402594,0.0017192857142857142,0.0035743548387096777,0.0,0.0006469747899159664,0.0014269999999999999
300000,0.001237466666666667,0.0009725925925925925,0.002300833333333333,0.00414923076923077,0.0018741772151898734,0.0012885714285714286,0.002874677419354839,0.0018586842105263162,0.0015588607594936707,0.0037087500000000002,0.0036116049382716054,0.0009395918367346938,0.006583333333333333,0.002066060606060606,0.0010358823529411764,3.958333333333333e-05,0.001953452380952381,0.005892658227848101,0.005538214285714285,0.0015272,0.002345846153846154,0.000648392857142857,0.0033856,0.0016830000000000003,0.005006507936507936,0.00023600000000000002,0.004089677419354839,0.0034431249999999996,0.008545294117647059,0.001784032258064516,0.0013521333333333333,0.006235769230769231,0.0615398076923077,0.005314756097560976,0.001397777777777778,0.001887142857142857,0.0006218421052631578,0.0008918181818181819,6.674698795180724e-05,0.00014375,0.0005514285714285714,0.003482446808510638,0.00120125,6.5e-05,0.005480526315789474,0.0006411578947368421,0.0008795714285714285,0.0021107894736842104,0.000148125,0.0028016379310344826,0.000264,0.00010636363636363637,0.0018006153846153842,0.00044249999999999997,0.0019820000000000003,0.0008483673469387756,0.00039,0.003746551724137931,0.0002836363636363636,0.0,0.002856129032258064,0.0014650000000000002,0.0005866666666666667,0.0,0.0007855555555555555,0.001300923076923077,0.0013166666666666667,0.0008015053763440858,0.00042083333333333333,0.00700018018018018,0.0005477777777777778,0.00055,0.0022833333333333334,6.833333333333333e-05,0.00011714285714285714,0.00045337662337662334,0.0015750000000000002,0.003860887096774193,0.0,0.0006607563025210084,0.0016990000000000002
301000,0.0012529333333333335,0.0009311111111111112,0.0014466666666666666,0.003836769230769231,0.0022506329113924054,0.0013314285714285715,0.002990161290322581,0.0016689473684210524,0.001569493670886076,0.00303375,0.0028913580246913585,0.000856938775510204,0.004543939393939394,0.0020153030303030305,0.0010282352941176469,0.0,0.001636666666666667,0.005015443037974682,0.0042025,0.0013566666666666668,0.0018529230769230769,0.0006783928571428572,0.0029433333333333325,0.0016373333333333335,0.0031957142857142852,0.000256,0.00265,0.002945416666666666,0.009247764705882351,0.001541451612903226,0.0012124,0.005975384615384615,0.04490211538461539,0.00412,0.00141,0.0014923214285714286,0.000456578947368421,0.0006527272727272728,4.6265060240963854e-05,0.00017062500000000001,0.0003171428571428571,0.00296744680851064,0.00088625,6.6e-05,0.003968421052631579,0.0004932631578947369,0.0007462857142857142,0.0014323684210526314,0.00017125000000000002,0.002185948275862069,0.00022399999999999997,0.00012545454545454546,0.0016743846153846153,0.00045499999999999995,0.0015769999999999998,0.0007524489795918369,0.00046499999999999997,0.0033037931034482753,0.00024363636363636365,0.0,0.0018661290322580647,0.0012300000000000002,0.00047,0.0,0.0005033333333333334,0.0008773846153846155,0.0010013333333333335,0.00047387096774193546,0.00033851851851851854,0.005657387387387388,0.0002877777777777778,0.00051,0.0018666666666666666,9.333333333333333e-05,9.857142857142856e-05,0.00035324675324675326,0.0011414285714285712,0.0033704032258064518,0.0,0.0004073109243697479,0.001029
302000,0.0011564000000000001,0.0009688888888888888,0.00206,0.004193384615384615,0.0022578481012658232,0.0013171428571428572,0.002645,0.0016960526315789475,0.0016608860759493671,0.003216875,0.0027075308641975305,0.0009083673469387755,0.006045757575757577,0.0019956060606060606,0.0010944705882352942,8.75e-05,0.001671904761904762,0.005681772151898734,0.005091785714285714,0.0016813333333333333,0.002144769230769231,0.0006376785714285715,0.003581066666666667,0.001798,0.003731111111111111,0.00026199999999999997,0.0027845161290322583,0.0033797916666666664,0.008949058823529414,0.0015766129032258065,0.0016958666666666666,0.006612307692307693,0.06463826923076924,0.004341219512195122,0.001615,0.001800714285714286,0.0005293421052631579,0.0008081818181818182,5.4457831325301205e-05,0.00018312500000000002,0.00047714285714285713,0.0035501063829787233,0.00102375,0.00014,0.006259999999999999,0.0004723157894736842,0.0008725714285714286,0.0017017543859649124,0.0001071875,0.002295172413793104,0.000398,0.00011272727272727272,0.0019657692307692306,0.0005700000000000001,0.0017759999999999998,0.0008651020408163266,0.00022,0.003692413793103449,0.00020363636363636363,0.0,0.0022222580645161285,0.00134,0.0003983333333333333,0.0,0.0004522222222222223,0.0009935384615384615,0.0009486666666666667,0.0005993548387096774,0.00040462962962962957,0.006025045045045046,0.00027111111111111113,0.0004233333333333333,0.00299,6.333333333333333e-05,5.5714285714285715e-05,0.0004554545454545455,0.0009385714285714286,0.0038193548387096777,0.0,0.0005163865546218487,0.0013709999999999998
303000,0.001098,0.0007948148148148148,0.0014083333333333335,0.0036479999999999998,0.0027387341772151896,0.0014800000000000002,0.002214193548387097,0.0015773684210526318,0.0013901265822784813,0.003270625,0.002248518518518518,0.0008573469387755103,0.005131818181818182,0.0018687878787878786,0.0009049411764705883,5.6250000000000005e-05,0.0016464285714285713,0.005813291139240506,0.005030714285714285,0.0014166666666666666,0.002072,0.0005105357142857143,0.003145066666666667,0.0013889999999999998,0.003561587301587302,0.000216,0.0026127419354838714,0.0035956250000000003,0.009384117647058824,0.001452258064516129,0.0016316000000000002,0.005893846153846154,0.04600788461538462,0.004135243902439025,0.0013049999999999997,0.0013326785714285715,0.0003875,0.0007627272727272727,6.048192771084337e-05,8.687500000000001e-05,0.0002814285714285714,0.0031161702127659578,0.00101,0.00012000000000000002,0.004014736842105264,0.0004054736842105264,0.0006512857142857143,0.0015109649122807016,9.84375e-05,0.0021095689655172413,0.000172,4.909090909090909e-05,0.0017259999999999999,0.00033749999999999996,0.001612,0.0006648979591836736,0.00037,0.002697241379310345,3.181818181818182e-05,0.0,0.001859677419354839,0.00121125,0.0004966666666666666,0.0,0.000518888888888889,0.000888,0.0008100000000000001,0.0005451612903225807,0.0003187962962962963,0.005203963963963964,0.0001866666666666667,0.0006183333333333333,0.0028233333333333335,5.333333333333334e-05,0.00011857142857142858,0.0003818181818181818,0.0009428571428571427,0.003253387096774194,0.0,0.0005063865546218487,0.001202
304000,0.0012473333333333336,0.0009237037037037037,0.0019091666666666664,0.003894,0.0022967088607594934,0.001492857142857143,0.002688387096774194,0.0019806578947368426,0.0016782278481012659,0.0032312499999999997,0.003284197530864197,0.0009393877551020409,0.006341818181818182,0.0019104545454545455,0.001088,1.2916666666666666e-05,0.0017811904761904761,0.0061934177215189875,0.006161071428571428,0.0016973333333333332,0.0020558461538461538,0.0007117857142857143,0.003564533333333333,0.0018666666666666664,0.0037382539682539687,0.00031200000000000005,0.0030562903225806455,0.003741458333333333,0.00957929411764706,0.0018719354838709677,0.0017694666666666669,0.00678423076923077,0.04785173076923077,0.004319756097560975,0.0014833333333333332,0.0016392857142857142,0.0006263157894736841,0.0010072727272727273,5.7831325301204826e-05,6.625e-05,9.714285714285715e-05,0.002723085106382979,0.00122,4e-05,0.004555263157894737,0.00047221052631578954,0.0005828571428571429,0.001812719298245614,0.0002034375,0.00265448275862069,0.00011199999999999998,6.090909090909091e-05,0.0018958461538461536,0.0004691666666666666,0.0016979999999999999,0.0007408163265306124,0.000495,0.003407241379310346,4e-05,0.0,0.002104623655913979,0.00103,0.0004583333333333333,0.0,0.000636388888888889,0.0010343076923076922,0.000884,0.0007484946236559139,0.0003716666666666667,0.0052017117117117125,0.00025333333333333333,0.00039,0.0027566666666666672,6.333333333333333e-05,6.571428571428571e-05,0.0003346753246753247,0.0010714285714285715,0.0037770161290322578,0.0,0.0006105042016806722,0.001144
305000,0.001325466666666667,0.0009607407407407406,0.002415833333333333,0.004198,0.002348987341772152,0.0014671428571428572,0.0027953225806451616,0.0017410526315789472,0.00185253164556962,0.0030956250000000003,0.003128024691358025,0.000746326530612245,0.005456666666666667,0.0021046969696969695,0.001138470588235294,3.4166666666666666e-05,0.0018576190476190478,0.005743291139240506,0.005000714285714286,0.0016224,0.002569230769230769,0.0006496428571428571,0.0037748000000000005,0.001808333333333333,0.0036296825396825395,0.000296,0.0031841935483870967,0.0035791666666666667,0.00964235294117647,0.0019470967741935486,0.0014724,0.005959999999999999,0.04748923076923076,0.004140365853658537,0.0017822222222222222,0.0016564285714285715,0.00048223684210526316,0.0008372727272727274,5.036144578313253e-05,0.00017312500000000002,0.00031571428571428576,0.0027094680851063825,0.00097125,5.3e-05,0.004169473684210526,0.00046115789473684214,0.0007281428571428571,0.0017704385964912282,0.000224375,0.0023494827586206892,0.000216,7.09090909090909e-05,0.0017838461538461539,0.00043,0.001586,0.0006934693877551021,0.000335,0.0032155172413793104,0.0002909090909090909,0.0,0.0017686021505376342,0.0009287499999999999,0.00046666666666666666,0.0,0.000546388888888889,0.0010906153846153845,0.0010533333333333334,0.0006591397849462366,0.0003806481481481481,0.00507891891891892,0.0006788888888888889,0.00047999999999999996,0.0025399999999999997,8.166666666666667e-05,7.857142857142858e-05,0.000397012987012987,0.0010207142857142858,0.0033895967741935486,0.00010125,0.0004948739495798319,0.001049
306000,0.0012257333333333333,0.0009533333333333333,0.0019208333333333334,0.003517846153846154,0.0028479746835443037,0.0015757142857142858,0.002570322580645161,0.0016940789473684208,0.0015192405063291137,0.0032549999999999996,0.003684197530864198,0.0007981632653061226,0.0059921212121212125,0.0026516666666666668,0.0010331764705882353,5.7499999999999995e-05,0.0017854761904761904,0.005949873417721518,0.005949642857142857,0.0015958666666666668,0.002601538461538461,0.0006316071428571428,0.003641733333333334,0.0018473333333333332,0.004012380952380953,0.000306,0.002803064516129033,0.0034652083333333336,0.010557176470588236,0.0017217741935483873,0.001332666666666667,0.007027307692307692,0.05078384615384615,0.004443048780487804,0.00125,0.001653035714285714,0.00048657894736842106,0.0011036363636363637,4.759036144578314e-05,0.000144375,0.00015571428571428572,0.0027755319148936165,0.0011875,6.9e-05,0.006283157894736841,0.0003678947368421052,0.00058,0.002236754385964912,4.21875e-05,0.0024952586206896553,0.000216,5.545454545454545e-05,0.0019147692307692305,0.0005241666666666667,0.001559,0.00084,0.000195,0.003837586206896551,3.090909090909091e-05,0.0,0.0020398924731182795,0.0011787500000000001,0.00036833333333333336,0.0,0.000613611111111111,0.001091230769230769,0.001277333333333333,0.0008248387096774193,0.0005087962962962963,0.0049721621621621635,0.0005466666666666668,0.0005616666666666667,0.0034566666666666665,5.1666666666666664e-05,9.428571428571429e-05,0.0003194805194805195,0.001062857142857143,0.003662338709677419,0.0,0.0005014285714285714,0.0016989999999999998
307000,0.0010815999999999998,0.0010340740740740742,0.0018408333333333332,0.003314615384615384,0.0026058227848101264,0.0012828571428571429,0.0025140322580645157,0.001740921052631579,0.0016715189873417722,0.003963125,0.0026450617283950615,0.0009238775510204082,0.0050096969696969695,0.0020704545454545455,0.0010931764705882352,0.00010291666666666667,0.001859761904761905,0.006224303797468354,0.005069285714285714,0.0015394666666666665,0.002097692307692308,0.0007835714285714285,0.0033442666666666666,0.0015959999999999998,0.0038114285714285715,0.00023600000000000002,0.0024099999999999994,0.0038081250000000003,0.010005647058823529,0.001450967741935484,0.0017340000000000003,0.004988076923076923,0.04172653846153847,0.004020365853658537,0.0017516666666666668,0.0011580357142857143,0.0004561842105263159,0.0006881818181818183,6.132530120481928e-05,0.00011437499999999999,0.00024142857142857145,0.002368936170212766,0.000945,5.5e-05,0.0038526315789473692,0.00035494736842105255,0.0004651428571428571,0.0013007017543859645,7.40625e-05,0.001834655172413793,0.00015999999999999999,4.909090909090909e-05,0.0014737692307692308,0.00041999999999999996,0.0013909999999999999,0.0005920408163265306,0.000265,0.002561379310344828,0.0002372727272727273,0.0,0.0016403225806451611,0.00086,0.0003966666666666667,0.0,0.0004977777777777778,0.0010493846153846152,0.0006479999999999999,0.000491505376344086,0.00024398148148148147,0.003310180180180181,0.00022999999999999998,0.00036833333333333336,0.003153333333333333,0.0,6.285714285714286e-05,0.0001916883116883117,0.000992142857142857,0.0027149193548387093,0.0,0.0004626050420168067,0.000698
308000,0.0012432,0.0009277777777777779,0.0018583333333333334,0.0036735384615384616,0.0026722784810126582,0.0017757142857142856,0.002334677419354839,0.001471578947368421,0.001438481012658228,0.00239375,0.002311851851851852,0.0008091836734693877,0.005446363636363636,0.002023484848484849,0.0009952941176470588,3.375e-05,0.0016877380952380952,0.004440506329113923,0.004055714285714286,0.001449066666666667,0.001971846153846154,0.0006285714285714286,0.0032662666666666666,0.0015026666666666665,0.004086825396825398,0.000216,0.0023041935483870965,0.003081875,0.007829999999999998,0.0013633870967741937,0.0014821333333333334,0.005606923076923077,0.043909615384615394,0.00426280487804878,0.0015577777777777777,0.0013205357142857144,0.00043776315789473687,0.0008427272727272728,3.325301204819277e-05,4e-05,0.00029571428571428576,0.002622127659574468,0.0008849999999999999,6.2e-05,0.004385263157894737,0.0004861052631578948,0.0004892857142857143,0.0020758771929824562,5.6875e-05,0.002255689655172413,0.00018800000000000002,4.2727272727272724e-05,0.0017948461538461538,0.00067,0.0013920000000000002,0.000776734693877551,0.000255,0.003326551724137931,0.00013272727272727272,0.0,0.0019768817204301077,0.0009325,0.00031499999999999996,0.0,0.00048555555555555553,0.0009263076923076923,0.000854,0.000566989247311828,0.0004143518518518518,0.004825675675675675,0.0002722222222222222,0.00028166666666666666,0.0019233333333333333,0.0,6.285714285714286e-05,0.00019545454545454548,0.0011714285714285713,0.0035438709677419354,0.0,0.00044067226890756296,0.00101
309000,0.0013733333333333334,0.001011111111111111,0.001845,0.0044175384615384615,0.0024762025316455694,0.0014257142857142858,0.002816774193548387,0.0017505263157894736,0.0018749367088607592,0.003225625,0.00342641975308642,0.0012804081632653062,0.006462727272727272,0.002378939393939394,0.0010556470588235292,8.458333333333333e-05,0.0018184523809523807,0.004971518987341771,0.005826785714285716,0.0018209333333333336,0.0021824615384615385,0.0005569642857142857,0.0035553333333333335,0.0015146666666666668,0.004848730158730158,0.000248,0.003543709677419354,0.003465625,0.008996823529411765,0.0018967741935483871,0.001609866666666667,0.008433076923076923,0.05690038461538462,0.004545853658536585,0.0019116666666666668,0.0015658928571428573,0.0007124999999999999,0.0008818181818181816,7.783132530120482e-05,0.00017875,0.0003128571428571429,0.002787340425531915,0.0011125,7.4e-05,0.006566315789473685,0.0006436842105263157,0.0007572857142857144,0.002218157894736842,8.750000000000001e-05,0.0024818103448275867,0.000272,7e-05,0.0022066153846153846,0.0008183333333333332,0.001414,0.0009840816326530612,0.000395,0.0036072413793103446,0.00018272727272727275,0.0,0.0025470967741935482,0.00108625,0.00044500000000000003,0.0,0.0004294444444444444,0.0012253846153846154,0.001106,0.0006796774193548388,0.0006026851851851853,0.005644594594594594,0.0004422222222222222,0.00041833333333333333,0.002466666666666667,7.000000000000001e-05,0.00012857142857142858,0.00035233766233766235,0.0013785714285714284,0.0034066935483870967,0.0,0.0005835294117647058,0.001303
310000,0.0011242666666666668,0.0008040740740740741,0.0027658333333333333,0.003562153846153846,0.0023658227848101262,0.0012457142857142858,0.002047258064516129,0.0015184210526315788,0.0013631645569620254,0.003098125,0.003562469135802469,0.0008616326530612245,0.005435151515151514,0.0019016666666666667,0.0008351764705882352,4.916666666666667e-05,0.0015767857142857144,0.004935443037974684,0.005121428571428571,0.0014085333333333334,0.0015623076923076923,0.0005439285714285714,0.0034309333333333333,0.001427,0.004397142857142858,0.00019199999999999998,0.0023853225806451618,0.0029327083333333327,0.007938470588235293,0.001556774193548387,0.0014656,0.007699230769230769,0.04032153846153845,0.003954878048780488,0.0013577777777777776,0.0010169642857142858,0.0005114473684210526,0.0006209090909090908,6.53012048192771e-05,0.000104375,0.00017714285714285713,0.0020130851063829783,0.00084125,0.00019199999999999998,0.0037710526315789476,0.00046136842105263154,0.0006395714285714286,0.001245964912280702,0.0001034375,0.0019342241379310347,0.000352,4.909090909090909e-05,0.0017521538461538462,0.00044666666666666666,0.001264,0.0006404081632653061,0.000315,0.002719655172413793,5.363636363636364e-05,0.0,0.0016636559139784942,0.00108875,0.0004116666666666667,0.0,0.0004955555555555555,0.0009552307692307691,0.0009873333333333333,0.0006141935483870968,0.0003560185185185185,0.0036135135135135126,0.00022333333333333333,0.0004133333333333333,0.0018166666666666667,7.333333333333333e-05,0.00013428571428571428,0.00022532467532467533,0.000792857142857143,0.0027407258064516137,0.0,0.000504873949579832,0.001218
311000,0.0010810666666666666,0.0008603703703703704,0.0022075000000000003,0.0033978461538461536,0.0022041772151898736,0.001392857142857143,0.0019558064516129034,0.001523815789473684,0.0012665822784810126,0.002615,0.002742222222222222,0.0008391836734693876,0.0058330303030303034,0.0018046969696969696,0.000862941176470588,3.0833333333333335e-05,0.0014770238095238096,0.004550632911392405,0.004389642857142858,0.0013497333333333333,0.0019500000000000001,0.00046124999999999996,0.003326133333333334,0.0013213333333333332,0.003181428571428572,0.000184,0.0025370967741935486,0.0029564583333333335,0.0076985882352941185,0.0015017741935483874,0.001256,0.005423076923076924,0.04424769230769231,0.003830975609756098,0.0011550000000000002,0.0009373214285714286,0.0005056578947368421,0.0007063636363636365,5.108433734939759e-05,6.6875e-05,0.00030857142857142856,0.0021869148936170214,0.00095,0.000129,0.00420157894736842,0.0004032631578947369,0.0005154285714285715,0.0012330701754385965,9.5e-05,0.0020298275862068965,0.000238,5.545454545454545e-05,0.0015190769230769231,0.0004083333333333333,0.001192,0.0005730612244897958,0.00043,0.00240103448275862,3.181818181818182e-05,0.0,0.0018235483870967738,0.000845,0.0005433333333333333,0.0,0.0003186111111111111,0.0009478461538461538,0.0008806666666666666,0.0005225806451612903,0.0003516666666666667,0.004157297297297297,0.00021444444444444446,0.00032,0.00183,5.5e-05,6.142857142857142e-05,0.0002503896103896104,0.0014907142857142858,0.002544112903225806,0.0,0.000469327731092437,0.0009090000000000001
312000,0.0012063999999999998,0.0009907407407407408,0.0017425000000000001,0.0038244615384615387,0.002093417721518987,0.00149,0.0030954838709677415,0.0015732894736842106,0.0016131645569620254,0.0029325,0.0033072839506172835,0.0008446938775510203,0.005580303030303031,0.0019086363636363637,0.0009231764705882351,5.9999999999999995e-05,0.0016017857142857142,0.00547379746835443,0.004563571428571429,0.0015493333333333331,0.0022500000000000003,0.0006551785714285714,0.003923599999999999,0.0016946666666666668,0.0038179365079365085,0.00027,0.0034743548387096775,0.0033956250000000006,0.009208117647058821,0.0018125806451612905,0.0015270666666666664,0.0060715384615384616,0.052505769230769224,0.00467329268292683,0.0016722222222222223,0.00117875,0.0004576315789473685,0.0007018181818181818,4.325301204819277e-05,5.25e-05,8.857142857142857e-05,0.00235436170212766,0.0008525,0.0,0.004123157894736842,0.0004342105263157895,0.00044257142857142856,0.001597456140350877,0.00013,0.002132413793103448,0.0002,0.0,0.0016362307692307694,0.00018,0.001114,0.0005712244897959184,0.00033,0.002897931034482759,3.090909090909091e-05,0.0,0.0019147311827956987,0.00071125,0.00049,0.0,0.0003363888888888889,0.0008523076923076922,0.000734,0.00048784946236559134,0.00023814814814814817,0.005139729729729728,0.00023666666666666665,0.000525,0.00117,0.0,4.714285714285714e-05,0.00020961038961038963,0.001165,0.0031244354838709677,0.0,0.0004623529411764706,0.001082
313000,0.0013002666666666663,0.0010362962962962962,0.0026541666666666662,0.0046490769230769224,0.002358354430379746,0.001745714285714286,0.003073709677419354,0.0017063157894736845,0.0017729113924050627,0.0027556250000000003,0.002820246913580247,0.0008948979591836734,0.00687,0.0021196969696969698,0.0010883529411764706,6.25e-05,0.0019351190476190477,0.006949620253164558,0.005044285714285714,0.0016148,0.002241846153846154,0.0007535714285714286,0.003597733333333333,0.0017093333333333335,0.0037250793650793652,0.00024400000000000002,0.0029346774193548387,0.004063125,0.011307764705882354,0.0016738709677419355,0.0017928,0.0056526923076923065,0.06349846153846153,0.005021951219512194,0.0014222222222222225,0.0015328571428571429,0.0006221052631578946,0.0008445454545454545,4.493975903614458e-05,9.625000000000001e-05,0.0004828571428571429,0.002562553191489362,0.00122,0.000173,0.006189473684210527,0.0005987368421052631,0.000812,0.0018087719298245611,0.0004125,0.002809568965517242,0.00022399999999999997,0.00011181818181818184,0.002233846153846154,0.0006041666666666667,0.001486,0.0006759183673469387,0.000375,0.003349310344827586,3.818181818181818e-05,0.0,0.001802258064516129,0.0009975000000000001,0.00059,0.0,0.0006213888888888889,0.0012086153846153846,0.0011206666666666665,0.0009218279569892474,0.0004238888888888889,0.005627207207207207,0.0004955555555555556,0.0005266666666666667,0.0019233333333333333,0.00012833333333333333,6.285714285714286e-05,0.0004451948051948052,0.0011178571428571429,0.0033690322580645165,0.0,0.0005346218487394958,0.00101
314000,0.0011065333333333334,0.0009466666666666666,0.0018941666666666666,0.004068307692307692,0.0023412658227848103,0.0015214285714285714,0.0029693548387096772,0.0015914473684210527,0.0017702531645569617,0.00318625,0.0029022222222222223,0.001050408163265306,0.006313333333333333,0.0019083333333333335,0.0008321176470588234,5.208333333333334e-05,0.0017639285714285715,0.005585443037974684,0.005148214285714285,0.0014317333333333335,0.00216,0.0006432142857142857,0.0032224000000000003,0.0015026666666666665,0.0040939682539682535,0.00024200000000000003,0.002508225806451613,0.0033991666666666667,0.009448588235294118,0.0017653225806451615,0.0015774666666666666,0.006299615384615385,0.06054730769230769,0.004780975609756098,0.0014622222222222222,0.0014498214285714286,0.0007082894736842104,0.0010227272727272728,6.602409638554217e-05,0.00019625,0.00046285714285714284,0.002970212765957447,0.00109125,0.00014299999999999998,0.005089473684210526,0.0005796842105263157,0.0008372857142857141,0.0018411403508771932,0.0001865625,0.0023875000000000003,0.000518,0.00012909090909090908,0.0017567692307692306,0.0005816666666666666,0.001618,0.0008077551020408163,0.0004,0.003118275862068965,0.00014818181818181816,0.0,0.0020422580645161293,0.00125125,0.0007216666666666668,0.0,0.0006533333333333335,0.0011272307692307693,0.001108,0.0006791397849462366,0.0004361111111111111,0.005874504504504506,0.00048555555555555553,0.0006833333333333332,0.0030466666666666667,0.00013333333333333334,5.142857142857143e-05,0.0003694805194805195,0.0015885714285714286,0.003317258064516128,0.0,0.0006053781512605043,0.001205
315000,0.0010492000000000001,0.0009085185185185187,0.0018166666666666667,0.003887538461538461,0.0022782278481012657,0.0012757142857142858,0.0028479032258064522,0.0017648684210526315,0.0016075949367088608,0.0032918749999999997,0.0027653086419753086,0.0006953061224489797,0.005761818181818182,0.001961363636363636,0.0010356470588235294,4.791666666666667e-05,0.0016034523809523808,0.004708860759493671,0.005163571428571428,0.0013179999999999997,0.002296153846153846,0.0005744642857142857,0.003221866666666666,0.0014846666666666665,0.004161428571428573,0.000268,0.002798870967741936,0.0029200000000000003,0.008288235294117647,0.0020027419354838706,0.0015849333333333333,0.007327307692307693,0.05382288461538461,0.005080243902439025,0.0015505555555555557,0.001343214285714286,0.0004330263157894737,0.0007563636363636365,3.19277108433735e-05,0.00010625000000000001,0.00026857142857142856,0.0030193617021276593,0.00115125,0.000134,0.005261578947368421,0.00041284210526315796,0.0006194285714285714,0.0018476315789473685,0.0001009375,0.002476293103448276,0.000226,5.272727272727273e-05,0.0018696153846153845,0.0007991666666666667,0.0013669999999999997,0.0008875510204081633,0.00039,0.003764137931034483,0.0001618181818181818,0.0,0.002226774193548387,0.00089375,0.0004516666666666666,0.0,0.0005411111111111111,0.001028,0.0010166666666666668,0.0006633333333333333,0.00047990740740740746,0.006216306306306306,0.0002977777777777778,0.0004783333333333334,0.0025233333333333336,6.166666666666667e-05,9.142857142857143e-05,0.00032987012987012985,0.0014999999999999998,0.003372096774193549,0.0,0.0005850420168067227,0.001218
316000,0.0013293333333333332,0.001048888888888889,0.002183333333333333,0.004494461538461538,0.0024748101265822785,0.0014857142857142857,0.0030599999999999994,0.0018501315789473682,0.001733164556962025,0.003164375,0.0028765432098765437,0.0008230612244897958,0.005407272727272728,0.0020865151515151517,0.0011827058823529412,5.916666666666667e-05,0.0017865476190476192,0.005891645569620254,0.0048089285714285725,0.0015390666666666665,0.002093692307692308,0.0006746428571428572,0.0034801333333333334,0.0017206666666666668,0.003633174603174604,0.00020800000000000001,0.0028045161290322584,0.0034060416666666666,0.00807070588235294,0.0014154838709677419,0.0015538666666666664,0.006442307692307692,0.06991480769230768,0.005070731707317073,0.0017083333333333334,0.0017239285714285711,0.0005339473684210526,0.0009618181818181818,3.819277108433735e-05,0.000109375,0.0003328571428571429,0.002851702127659574,0.00112875,0.00024199999999999997,0.006350526315789474,0.0005213684210526316,0.0005402857142857143,0.002014912280701754,9.65625e-05,0.002895344827586207,0.00024200000000000003,0.00014363636363636363,0.0019072307692307691,0.0006825,0.0015140000000000002,0.0008777551020408165,0.000385,0.003747586206896552,4e-05,0.0,0.002436344086021506,0.0008875,0.000905,0.0,0.0007727777777777777,0.0012961538461538462,0.0014173333333333334,0.0008126881720430107,0.0005258333333333333,0.006273063063063063,0.00039444444444444444,0.0009516666666666666,0.00278,9.499999999999999e-05,7.999999999999999e-05,0.00042467532467532467,0.001462142857142857,0.003813790322580645,0.0,0.0007280672268907563,0.001178
317000,0.0014021333333333332,0.0012411111111111112,0.0017891666666666666,0.004666461538461538,0.002318607594936709,0.00156,0.002871774193548387,0.0019253947368421055,0.0017273417721518987,0.00331375,0.002730246913580247,0.000723265306122449,0.006060606060606061,0.002547727272727273,0.0012504705882352943,0.00010833333333333333,0.0019450000000000003,0.005839367088607595,0.005548928571428571,0.0016758666666666666,0.001912,0.0008278571428571429,0.003508533333333334,0.001888333333333333,0.00450047619047619,0.00028399999999999996,0.0027380645161290324,0.0035806250000000005,0.008953647058823531,0.0017662903225806454,0.0015094666666666666,0.005607307692307693,0.05330826923076922,0.005415121951219513,0.0018716666666666664,0.001961607142857143,0.0006227631578947368,0.0011972727272727272,4.0481927710843375e-05,0.00025,0.00032857142857142856,0.002705212765957447,0.0011937500000000001,0.00021999999999999998,0.006428421052631579,0.000501157894736842,0.0006737142857142858,0.0021857017543859647,0.000170625,0.0029975000000000006,0.00031,7.636363636363636e-05,0.002370076923076923,0.0007341666666666667,0.001598,0.0010475510204081633,0.00022,0.0037382758620689662,0.00014000000000000001,0.0,0.002493225806451613,0.00086875,0.000325,0.0,0.0006813888888888889,0.0013698461538461538,0.001142,0.000793763440860215,0.0005755555555555555,0.005537927927927927,0.0005333333333333334,0.0009516666666666666,0.0029933333333333335,8.5e-05,0.00016142857142857143,0.0003222077922077922,0.0016800000000000003,0.003904032258064516,0.0,0.0006757983193277312,0.0011589999999999999
318000,0.0013117333333333334,0.0009666666666666668,0.00222,0.004193846153846154,0.0021669620253164557,0.0018128571428571427,0.0026383870967741935,0.0017301315789473683,0.0017402531645569616,0.0032275,0.003672345679012345,0.000869591836734694,0.006301818181818182,0.002194090909090909,0.0009829411764705881,3.791666666666667e-05,0.0017195238095238092,0.005559113924050632,0.004925357142857143,0.0014678666666666665,0.0022607692307692307,0.0005560714285714286,0.0039115999999999995,0.0016943333333333333,0.004183174603174603,0.000198,0.002978709677419355,0.003343958333333333,0.008869411764705884,0.001915,0.0012518666666666664,0.0065638461538461545,0.05968346153846154,0.005050609756097561,0.0018555555555555556,0.0014076785714285712,0.0006610526315789474,0.0010072727272727273,8.301204819277109e-05,7.4375e-05,0.00032857142857142856,0.0028794680851063825,0.000685,6.6e-05,0.007222631578947367,0.0005869473684210526,0.0006458571428571428,0.0019108771929824562,0.0001409375,0.002490775862068965,0.000226,9.818181818181818e-05,0.002107692307692308,0.0007391666666666666,0.001378,0.000746734693877551,0.00047,0.003243448275862069,0.00021727272727272725,0.0,0.001916236559139785,0.00090875,0.0004766666666666667,0.0,0.0004380555555555555,0.000966,0.0012006666666666665,0.0005997849462365593,0.0003790740740740741,0.006091621621621622,0.0003244444444444444,0.0006216666666666667,0.002433333333333334,6.666666666666667e-05,5.5714285714285715e-05,0.00045623376623376617,0.001666428571428571,0.0030578225806451613,0.0,0.0004965546218487395,0.001044
319000,0.0013093333333333334,0.000815185185185185,0.0018575000000000004,0.0044481538461538465,0.0026311392405063286,0.0013942857142857144,0.002715322580645161,0.001513157894736842,0.0016699999999999998,0.0025918749999999996,0.0036202469135802463,0.0009087755102040817,0.00539030303030303,0.0018821212121212124,0.0009605882352941175,4.041666666666666e-05,0.0014965476190476191,0.00607493670886076,0.004208571428571429,0.0013773333333333333,0.001929230769230769,0.00059125,0.0033082666666666666,0.0014643333333333335,0.003422698412698413,0.000212,0.0028924193548387094,0.003663541666666667,0.009405294117647059,0.0015356451612903224,0.0010242666666666666,0.005640769230769231,0.056659615384615385,0.004871097560975609,0.0013611111111111111,0.0012519642857142857,0.0004860526315789474,0.0007209090909090908,4.228915662650602e-05,0.0001275,0.0003185714285714286,0.002564148936170213,0.00092625,4.7e-05,0.005351578947368422,0.0004836842105263157,0.0005482857142857142,0.001652456140350877,6e-05,0.002107413793103448,0.000232,4.636363636363637e-05,0.0017052307692307692,0.0004116666666666667,0.00117,0.0007606122448979593,0.000275,0.003005862068965517,0.00013545454545454546,0.0,0.0018631182795698928,0.0009449999999999999,0.0004933333333333334,0.0,0.00040222222222222216,0.0008926153846153845,0.001096,0.0006025806451612903,0.00037824074074074073,0.005592792792792795,0.00047111111111111117,0.00018333333333333334,0.00158,0.0,8.428571428571429e-05,0.0004076623376623377,0.0013199999999999998,0.0028876612903225808,0.0,0.00044941176470588237,0.000907
320000,0.0011914666666666665,0.001042962962962963,0.0020858333333333336,0.004394769230769231,0.0027102531645569624,0.0017228571428571427,0.0024653225806451607,0.0019355263157894741,0.0014065822784810125,0.0033375,0.0028951851851851855,0.0009008163265306123,0.006178181818181818,0.002369090909090909,0.0010223529411764708,3.0833333333333335e-05,0.001920952380952381,0.006222911392405063,0.005987857142857143,0.001546,0.002468153846153846,0.0007,0.0037493333333333333,0.0017683333333333333,0.00393079365079365,0.00034,0.0026770967741935486,0.00398375,0.011017764705882355,0.0017751612903225808,0.001566533333333333,0.00543076923076923,0.04478423076923077,0.0047207317073170735,0.0015088888888888886,0.00151125,0.0006647368421052631,0.0008809090909090909,8.036144578313252e-05,0.0002175,0.0004885714285714286,0.00238872340425532,0.00130875,7.2e-05,0.005690526315789474,0.0005457894736842104,0.0005648571428571428,0.0018691228070175437,9.281249999999999e-05,0.002393103448275862,0.000234,0.0001009090909090909,0.0020618461538461537,0.0005466666666666667,0.001852,0.000860204081632653,0.000405,0.003032758620689655,0.00027454545454545456,0.0,0.0021310752688172042,0.00107375,0.0006299999999999999,0.0,0.0006702777777777779,0.0012079999999999997,0.0010206666666666667,0.0007023655913978495,0.0004521296296296297,0.005139369369369368,0.00035777777777777777,0.0004916666666666666,0.002146666666666667,6e-05,0.00013571428571428572,0.0004140259740259741,0.0011035714285714286,0.0033763709677419357,0.0,0.0006489915966386555,0.001361
321000,0.0013302666666666666,0.0010862962962962961,0.0018691666666666668,0.0041306153846153845,0.0027530379746835447,0.0014385714285714284,0.002549193548387096,0.0016286842105263156,0.0019230379746835442,0.0029224999999999998,0.0033414814814814817,0.0007977551020408164,0.005557878787878789,0.0021893939393939394,0.0010088235294117647,8.75e-05,0.001896904761904762,0.005273417721518988,0.005193928571428572,0.0016353333333333337,0.0019584615384615383,0.0005762499999999998,0.0034182666666666664,0.0019386666666666664,0.00480047619047619,0.000268,0.0025635483870967745,0.003969583333333333,0.00871729411764706,0.0018533870967741939,0.002009066666666666,0.008394615384615386,0.04741576923076921,0.003959146341463414,0.0018699999999999997,0.0016857142857142854,0.0006232894736842105,0.0009045454545454546,3.8915662650602416e-05,0.00015125,0.00033714285714285714,0.002574468085106383,0.00103,9.4e-05,0.005792631578947369,0.0004944210526315789,0.0006088571428571429,0.001754122807017544,0.0001509375,0.002624913793103448,0.000342,5.090909090909091e-05,0.002195384615384615,0.0005116666666666667,0.0016609999999999997,0.0008022448979591836,0.00052,0.0034396551724137927,3.454545454545455e-05,0.0,0.0020581720430107526,0.0006637500000000001,0.00041,0.0,0.000588611111111111,0.0011601538461538461,0.00144,0.0006878494623655914,0.0004698148148148148,0.005216216216216216,0.0006299999999999999,0.00039333333333333337,0.002416666666666667,0.0,0.00010285714285714284,0.00042285714285714295,0.001272142857142857,0.0033985483870967743,0.0,0.0005402521008403362,0.001338
322000,0.0012474666666666666,0.0009866666666666667,0.0017341666666666668,0.004279538461538462,0.0025859493670886075,0.0017557142857142858,0.0027087096774193547,0.0019814473684210522,0.0015062025316455697,0.002765,0.0031144444444444444,0.0008875510204081631,0.005553030303030303,0.0020250000000000003,0.0009631764705882353,0.0,0.0016758333333333334,0.005191645569620253,0.005118214285714284,0.0014478666666666669,0.0020244615384615383,0.00067125,0.0033970666666666666,0.001315,0.003921587301587302,0.000286,0.0026867741935483872,0.003141458333333333,0.007499058823529412,0.0017304838709677418,0.0016081333333333335,0.005876538461538461,0.046644807692307694,0.0045902439024390245,0.0022583333333333335,0.001658035714285714,0.0004576315789473684,0.0011072727272727274,5.156626506024096e-05,0.00030187499999999995,0.0004157142857142857,0.0029786170212765957,0.0014337500000000001,0.00011199999999999998,0.006288947368421053,0.0005916842105263159,0.0006771428571428571,0.0024463157894736845,0.0001715625,0.0027637068965517247,0.00031199999999999994,0.00018545454545454548,0.0021862307692307693,0.0006941666666666667,0.001808,0.0009669387755102041,0.000515,0.0033724137931034483,0.0004572727272727272,0.0,0.0022649462365591402,0.0008937499999999999,0.0007300000000000001,0.0,0.0006530555555555556,0.001284,0.001482,0.0008750537634408603,0.000735,0.006477207207207208,0.0007077777777777778,0.0005666666666666666,0.0024,0.00011333333333333334,0.00018,0.0005902597402597402,0.001972142857142857,0.0033255645161290328,0.0,0.0006991596638655461,0.001644
323000,0.0014317333333333333,0.0010866666666666666,0.0019008333333333334,0.004374615384615385,0.0025772151898734172,0.0016514285714285715,0.0028198387096774196,0.0017822368421052633,0.0019234177215189878,0.00290875,0.003754197530864197,0.0008381632653061225,0.005536666666666667,0.0018486363636363635,0.0011295294117647059,2.7083333333333332e-05,0.0018596428571428572,0.005624556962025316,0.004921428571428571,0.0015044,0.0020743076923076926,0.0006267857142857143,0.0040308,0.0015583333333333332,0.00392015873015873,0.00022399999999999997,0.002858709677419355,0.0031750000000000003,0.009603529411764705,0.0015382258064516128,0.0012384,0.00523,0.0501873076923077,0.004610853658536586,0.0016872222222222221,0.0016875,0.0005698684210526317,0.0007681818181818181,2.6506024096385545e-05,0.00012875,0.0003628571428571428,0.0025665957446808513,0.0008012500000000001,6.400000000000001e-05,0.0045442105263157895,0.00041863157894736833,0.0005899999999999999,0.0017399122807017543,0.0001528125,0.0024925000000000004,0.000188,6.454545454545455e-05,0.0017326923076923077,0.0006016666666666667,0.001476,0.0007620408163265307,0.00036,0.003432068965517242,0.0003772727272727273,0.0,0.0018849462365591392,0.00087375,0.0005083333333333333,0.0,0.0006308333333333334,0.0010258461538461539,0.0010586666666666665,0.0006198924731182796,0.000497962962962963,0.00678045045045045,0.0003544444444444444,0.00039,0.0020933333333333338,6e-05,6.285714285714286e-05,0.00036220779220779223,0.000742857142857143,0.00320508064516129,0.0,0.0004960504201680672,0.0012660000000000002
324000,0.0014289333333333334,0.0011681481481481478,0.0024433333333333334,0.005361538461538462,0.0034051898734177213,0.001757142857142857,0.002524354838709677,0.002093815789473684,0.0019059493670886074,0.002965625,0.003130617283950617,0.0010336734693877552,0.005235454545454546,0.002248030303030303,0.0012958823529411762,7.083333333333334e-05,0.0019336904761904764,0.006139746835443038,0.006016785714285713,0.001773866666666667,0.0022893846153846154,0.0007935714285714284,0.0038948,0.0018016666666666667,0.004729206349206349,0.000304,0.0031135483870967755,0.004192916666666667,0.010661058823529412,0.0018116129032258062,0.0019015999999999996,0.007894615384615385,0.06227288461538461,0.0050799999999999994,0.001785,0.002161071428571429,0.0008663157894736841,0.0015600000000000002,8.481927710843374e-05,0.000235,0.0004357142857142857,0.00426,0.00142875,0.000167,0.007416315789473683,0.0007538947368421054,0.001028,0.002635701754385965,0.000145625,0.0031039655172413793,0.00040999999999999994,7.09090909090909e-05,0.0025269999999999997,0.0007383333333333331,0.002102,0.0012230612244897958,0.000525,0.0042758620689655165,0.0001909090909090909,0.0,0.0032401075268817204,0.0016549999999999998,0.00055,0.0,0.0008888888888888889,0.0014324615384615387,0.0014133333333333333,0.0010116129032258063,0.0006923148148148149,0.0067855855855855855,0.000881111111111111,0.000725,0.002846666666666667,0.00011166666666666667,0.00018428571428571428,0.0005472727272727272,0.001737857142857143,0.00433241935483871,0.0,0.0008521848739495799,0.002107
325000,0.0011950666666666666,0.0009096296296296296,0.0015475,0.004158153846153846,0.0021429113924050633,0.0015342857142857142,0.0025840322580645164,0.0016403947368421052,0.0015140506329113922,0.002225625,0.0026376543209876546,0.0007042857142857143,0.004162121212121213,0.0022030303030303035,0.0008542352941176472,5.6250000000000005e-05,0.0015414285714285716,0.005295949367088608,0.003942857142857143,0.0013377333333333332,0.0021215384615384616,0.0005439285714285714,0.0033437333333333334,0.0014866666666666667,0.003918412698412697,0.000248,0.002938064516129032,0.0032789583333333334,0.008635411764705883,0.0015430645161290325,0.0012041333333333334,0.0043761538461538465,0.042232692307692304,0.004802073170731707,0.001978888888888889,0.0014944642857142858,0.0007835526315789474,0.0009927272727272727,5.16867469879518e-05,0.000124375,0.0005028571428571429,0.00321436170212766,0.0009400000000000001,0.000216,0.004428947368421053,0.0005735789473684211,0.0007677142857142857,0.002029736842105263,0.000125,0.0029329310344827593,0.00025,0.00015272727272727272,0.002029,0.0007008333333333334,0.0017329999999999997,0.0009079591836734694,0.00023,0.00385,0.0001690909090909091,0.0,0.002460860215053763,0.0013024999999999998,0.0005433333333333333,0.0,0.0006694444444444444,0.0011233846153846155,0.0012933333333333334,0.0008075268817204302,0.0005198148148148149,0.0060253153153153145,0.0005755555555555555,0.00036833333333333336,0.00259,0.0,7.571428571428571e-05,0.0004189610389610389,0.0015814285714285715,0.0037312903225806444,0.0,0.0006199159663865546,0.001428
326000,0.0011532,0.0008281481481481482,0.002105,0.0046867692307692305,0.002455949367088608,0.0018957142857142857,0.002380967741935484,0.0018825000000000005,0.001637341772151899,0.003155,0.0033135802469135807,0.000990612244897959,0.005075151515151515,0.0020818181818181816,0.000832,4.25e-05,0.0016779761904761905,0.005089620253164557,0.005487142857142857,0.0015365333333333335,0.0017927692307692306,0.0006057142857142857,0.0040728,0.0015553333333333333,0.0048015873015873015,0.000278,0.002556451612903226,0.0033225000000000004,0.008966,0.0020395161290322583,0.0015198666666666667,0.007315769230769231,0.05406596153846154,0.0047391463414634145,0.0020388888888888887,0.0018244642857142858,0.0006985526315789474,0.0011400000000000002,5.6867469879518076e-05,0.00025375,0.0004057142857142857,0.0034281914893617023,0.00110875,0.000199,0.006204736842105263,0.0005998947368421051,0.0006704285714285714,0.002198859649122807,0.00014625,0.002664224137931034,0.000496,0.00013727272727272728,0.002305923076923077,0.0007925000000000001,0.002269,0.0011183673469387756,0.00063,0.0036541379310344826,0.00019727272727272728,0.0,0.0029477419354838707,0.00131125,0.0007266666666666667,0.0,0.0007536111111111111,0.0012453846153846152,0.0017133333333333334,0.0009830107526881723,0.0006199999999999999,0.006024234234234233,0.0006633333333333333,0.0007866666666666667,0.0036599999999999996,8e-05,0.00014,0.0005412987012987014,0.0017657142857142856,0.003759032258064517,0.0,0.0008188235294117647,0.001653
327000,0.0011578666666666668,0.0009270370370370372,0.0018158333333333334,0.0037430769230769228,0.0026312658227848106,0.0020671428571428572,0.0024822580645161288,0.0017055263157894735,0.0016393670886075949,0.003553125,0.002974567901234568,0.0007575510204081631,0.006393333333333333,0.0021459090909090907,0.0010943529411764706,4.708333333333333e-05,0.001805,0.00622367088607595,0.0054342857142857135,0.0014954666666666665,0.002036769230769231,0.0006319642857142858,0.0040454666666666665,0.0016396666666666667,0.004394444444444444,0.00024199999999999997,0.003221290322580645,0.003908541666666667,0.00961505882352941,0.0020311290322580643,0.001358,0.006409230769230769,0.046609807692307686,0.004564878048780488,0.0016016666666666668,0.0017873214285714285,0.00048657894736842106,0.0007236363636363638,3.9759036144578314e-05,0.00020250000000000004,0.00032285714285714285,0.002771808510638298,0.00115,0.00016099999999999998,0.004875789473684211,0.0005282105263157894,0.0007641428571428571,0.001729122807017544,8.4375e-05,0.002701551724137931,0.000214,0.00014181818181818184,0.0018295384615384614,0.0005808333333333333,0.001754,0.0007575510204081633,0.000465,0.0034789655172413796,3.545454545454545e-05,0.0,0.0019225806451612904,0.0007675,0.00047333333333333336,0.0,0.0005880555555555555,0.0010664615384615383,0.001452,0.0007463440860215054,0.0004628703703703704,0.005808918918918918,0.0002988888888888889,0.0006016666666666667,0.00235,0.0,7.142857142857143e-05,0.0004371428571428572,0.0012957142857142857,0.0036277419354838712,0.0,0.0005184873949579831,0.001112
328000,0.0011492000000000002,0.0007807407407407407,0.0018974999999999999,0.004120769230769232,0.0025810126582278482,0.0014857142857142857,0.002195483870967742,0.001787368421052632,0.0016060759493670888,0.00377125,0.0034432098765432096,0.0008979591836734694,0.005245151515151515,0.00204939393939394,0.0009322352941176468,6.416666666666668e-05,0.0017450000000000002,0.005703924050632912,0.004903214285714286,0.001387866666666667,0.0017667692307692308,0.0006385714285714286,0.0037682666666666673,0.0014503333333333334,0.004038412698412698,0.00024400000000000002,0.003069193548387097,0.0033472916666666664,0.00978894117647059,0.0022337096774193545,0.0014665333333333333,0.00716576923076923,0.04526884615384616,0.004611951219512195,0.0016905555555555556,0.0015816071428571428,0.0005393421052631579,0.0008045454545454546,5.192771084337349e-05,0.000191875,0.0003428571428571429,0.0026441489361702128,0.00104875,0.000148,0.00426578947368421,0.00048378947368421055,0.0008082857142857144,0.0015833333333333333,0.00016437500000000002,0.002339741379310344,0.000278,0.0001309090909090909,0.0018233846153846152,0.0005958333333333333,0.001812,0.0008348979591836734,0.0004,0.002854827586206897,0.00014727272727272725,0.0,0.0017436559139784947,0.0011737499999999999,0.000735,0.0,0.0007941666666666665,0.0010133846153846156,0.0012913333333333331,0.000793763440860215,0.0004632407407407408,0.005308198198198198,0.0002922222222222222,0.0006549999999999999,0.0032033333333333328,0.0,0.00013285714285714287,0.0004010389610389611,0.0014864285714285715,0.0031261290322580643,0.0,0.0005674789915966387,0.001096
329000,0.0011550666666666665,0.000815925925925926,0.0017958333333333333,0.0038079999999999998,0.002777594936708861,0.0014428571428571429,0.002394032258064516,0.0014882894736842106,0.0016724050632911391,0.0029831249999999997,0.0026479012345679014,0.0006022448979591836,0.005566969696969696,0.0019704545454545456,0.0009330588235294118,4.041666666666667e-05,0.0015791666666666667,0.005568987341772152,0.005191428571428572,0.0014623999999999998,0.0019170769230769233,0.0006326785714285715,0.003205333333333333,0.0012936666666666665,0.003466666666666667,0.000248,0.0027104838709677416,0.00337,0.009403764705882353,0.0012411290322580648,0.0011937333333333336,0.004691538461538461,0.046187307692307694,0.004964390243902439,0.0014827777777777777,0.001717857142857143,0.0004923684210526316,0.0006681818181818182,5.156626506024096e-05,5.2499999999999995e-05,0.0003328571428571429,0.0026670212765957445,0.0008862499999999999,7e-05,0.0061200000000000004,0.0003843157894736842,0.0006801428571428572,0.00157780701754386,2.8125e-05,0.002984137931034483,0.000304,8.727272727272727e-05,0.001699230769230769,0.0005508333333333333,0.001457,0.0008097959183673469,0.00034,0.0034503448275862076,0.0001581818181818182,0.0,0.0018399999999999996,0.0010325,0.00046666666666666666,0.0,0.0004097222222222223,0.0009249230769230769,0.0013533333333333333,0.0005248387096774194,0.0003835185185185185,0.006415765765765766,0.00026000000000000003,0.0005933333333333333,0.0021833333333333336,0.0,0.00012857142857142858,0.00031428571428571427,0.0015135714285714286,0.003649596774193548,0.0,0.0004503361344537815,0.001062
330000,0.0012141333333333332,0.0009266666666666668,0.0017233333333333334,0.004728923076923077,0.0023058227848101265,0.0018914285714285712,0.002480967741935484,0.001735,0.0018150632911392408,0.00259125,0.00275,0.0008912244897959184,0.005506060606060607,0.0019778787878787884,0.0010941176470588233,6.041666666666666e-05,0.0016692857142857145,0.005687088607594937,0.004503571428571429,0.0016658666666666663,0.0018427692307692305,0.0005891071428571428,0.0036366666666666665,0.0016193333333333335,0.0034906349206349206,0.000272,0.0029145161290322578,0.0036643750000000005,0.009270941176470588,0.00156,0.0015444000000000002,0.004888461538461538,0.05664461538461538,0.005214146341463414,0.0018366666666666666,0.0016871428571428573,0.0007176315789473684,0.0007372727272727271,6.19277108433735e-05,0.000116875,0.00033,0.003560851063829787,0.00106375,5.8e-05,0.005715789473684211,0.0005942105263157895,0.0006127142857142858,0.002305614035087719,0.000115625,0.0028165517241379306,0.00019199999999999998,6.727272727272727e-05,0.001979076923076923,0.0005308333333333334,0.001582,0.0008130612244897959,0.000465,0.0034868965517241375,3e-05,0.0,0.0022001075268817203,0.00095375,0.0004833333333333333,0.0,0.0005049999999999999,0.0011701538461538462,0.001274,0.0007302150537634408,0.000418425925925926,0.006621441441441443,0.0003333333333333333,0.00061,0.0023966666666666667,7.000000000000001e-05,9.142857142857143e-05,0.0003714285714285715,0.001264285714285714,0.0037125806451612903,0.0,0.0006194957983193278,0.0014399999999999999
331000,0.0013752,0.001062962962962963,0.0018091666666666666,0.004280000000000001,0.0026797468354430383,0.00183,0.0023553225806451613,0.0019709210526315793,0.0016549367088607599,0.002881875,0.0036050617283950623,0.0008799999999999999,0.005984545454545454,0.0024618181818181818,0.0010894117647058826,5.750000000000001e-05,0.0018652380952380952,0.0059250632911392416,0.0057821428571428555,0.0017150666666666666,0.0020390769230769234,0.0007087500000000001,0.0038750666666666667,0.0015956666666666667,0.004724920634920635,0.00025199999999999995,0.0027767741935483866,0.0037360416666666666,0.009975294117647058,0.00177,0.0013994666666666664,0.00513,0.04313307692307692,0.004479512195121951,0.0019183333333333333,0.001604642857142857,0.0005853947368421053,0.0007481818181818183,7.253012048192772e-05,8.5e-05,0.0003785714285714285,0.0030515957446808515,0.00084875,0.00010600000000000002,0.005590526315789474,0.0005164210526315789,0.0006039999999999999,0.001756228070175439,0.000125,0.0023595689655172415,0.00023,5.454545454545454e-05,0.0018683076923076923,0.0005966666666666667,0.0013520000000000001,0.0007889795918367349,0.000365,0.0031189655172413795,2.818181818181818e-05,0.0,0.002267956989247312,0.00107625,0.0004966666666666666,0.0,0.0004525,0.0009713846153846152,0.0012306666666666666,0.0005006451612903227,0.00035342592592592587,0.005986126126126127,0.00039,0.00036666666666666667,0.0022,5.833333333333333e-05,0.00011428571428571427,0.000355974025974026,0.0013335714285714285,0.003398145161290323,0.0,0.0005132773109243697,0.001457
332000,0.0013550666666666664,0.0010481481481481483,0.0015175,0.0038427692307692308,0.00249126582278481,0.0016071428571428571,0.0025953225806451615,0.0015799999999999998,0.0016508860759493669,0.002195,0.0024487654320987655,0.0010136734693877553,0.0052166666666666655,0.002205151515151515,0.001156470588235294,4.541666666666667e-05,0.001753095238095238,0.005437848101265823,0.004455714285714286,0.001690666666666667,0.0018307692307692309,0.0007133928571428571,0.0032138666666666664,0.0016596666666666667,0.0033766666666666667,0.00031,0.0027662903225806456,0.002893125,0.008532705882352942,0.0014703225806451611,0.0013516000000000001,0.005586538461538462,0.04461115384615385,0.004151707317073171,0.0015350000000000001,0.0015066071428571429,0.0006939473684210527,0.0006636363636363636,6.674698795180722e-05,6.4375e-05,0.0004342857142857143,0.0030957446808510636,0.0008575,0.000158,0.005521578947368422,0.0005417894736842105,0.0006894285714285714,0.0020879824561403507,0.0001215625,0.0026750862068965517,0.00021999999999999998,0.00010727272727272728,0.0016029230769230769,0.0006075000000000001,0.0013809999999999998,0.0007714285714285716,0.000395,0.0035531034482758623,0.00013,0.0,0.0020037634408602155,0.00097875,0.0005383333333333334,0.0,0.00046888888888888886,0.0009869230769230769,0.0011,0.0006593548387096774,0.0004271296296296297,0.0060684684684684685,0.0004766666666666667,0.00041,0.0019633333333333334,6.5e-05,8.142857142857142e-05,0.0003625974025974026,0.0012235714285714287,0.0035793548387096775,0.0,0.0005021008403361345,0.001859
333000,0.0012197333333333331,0.0009048148148148148,0.0017466666666666665,0.0040019999999999995,0.002058607594936709,0.0016142857142857142,0.0022632258064516127,0.0015157894736842106,0.0015834177215189875,0.0025775,0.0029620987654320986,0.000606122448979592,0.005055757575757576,0.00196060606060606,0.0009185882352941177,4.7499999999999996e-05,0.0015282142857142855,0.004778354430379748,0.004526428571428571,0.0013710666666666667,0.0019961538461538463,0.0005882142857142857,0.0032278666666666666,0.0012773333333333337,0.0034107936507936512,0.00023,0.0027551612903225805,0.0030316666666666673,0.00792870588235294,0.0014662903225806454,0.0013677333333333335,0.004093461538461539,0.03634038461538462,0.004785975609756097,0.0017533333333333333,0.0013592857142857144,0.00046513157894736843,0.0007090909090909091,4.80722891566265e-05,0.000176875,0.0003885714285714286,0.0028741489361702134,0.00098,7.8e-05,0.0047236842105263166,0.0004007368421052631,0.0006372857142857141,0.0017373684210526315,0.0002,0.0022381034482758617,0.000194,0.0001,0.001907846153846154,0.0005516666666666667,0.001306,0.0008395918367346939,0.000425,0.002618965517241379,0.0002809090909090909,0.0,0.001820430107526882,0.0009587500000000001,0.0004166666666666667,0.0,0.0005152777777777778,0.0009603076923076924,0.0011873333333333332,0.0007839784946236558,0.00046398148148148145,0.004992162162162161,0.0006122222222222221,0.00072,0.00241,0.00011833333333333334,0.0001342857142857143,0.0003737662337662338,0.0010728571428571428,0.0029866129032258067,0.0,0.0005541176470588235,0.001276
334000,0.0012096,0.0009144444444444446,0.0018991666666666668,0.004095384615384615,0.002000632911392405,0.0017385714285714285,0.002673387096774194,0.0016246052631578947,0.0016258227848101265,0.0022343750000000002,0.0030695061728395062,0.0009273469387755102,0.005056666666666668,0.0020236363636363637,0.0011263529411764707,0.0,0.001528452380952381,0.00571126582278481,0.0046471428571428575,0.0013918666666666668,0.0018801538461538463,0.0006867857142857143,0.0032208,0.0016513333333333334,0.0033479365079365072,0.000246,0.0027196774193548384,0.0031806249999999994,0.009517882352941176,0.0015780645161290326,0.0012985333333333335,0.005734615384615384,0.04769076923076922,0.004724146341463415,0.0016222222222222222,0.0016044642857142857,0.0006110526315789473,0.0008118181818181819,8.409638554216867e-05,0.000119375,0.0004371428571428572,0.003116170212765958,0.00111375,5.9999999999999995e-05,0.004331052631578948,0.0004905263157894737,0.0004711428571428572,0.0017305263157894738,0.0001009375,0.0025400862068965524,0.000276,0.00013454545454545455,0.001992230769230769,0.0007500000000000001,0.001399,0.0009820408163265307,0.000315,0.0032855172413793106,0.00023818181818181818,0.0,0.002272150537634409,0.00103,0.0005266666666666666,0.0,0.0005161111111111111,0.0011749230769230769,0.0012746666666666668,0.0006023655913978494,0.0004889814814814814,0.005453513513513513,0.0004322222222222222,0.0005133333333333334,0.0024566666666666665,5.833333333333333e-05,0.0001,0.0003664935064935065,0.0013199999999999998,0.003471854838709677,0.0,0.0006573109243697479,0.001186
335000,0.0010787999999999998,0.0008137037037037037,0.00166,0.004124153846153846,0.002080379746835443,0.0016957142857142859,0.002551774193548387,0.0016099999999999999,0.0014830379746835444,0.003044375,0.0026748148148148148,0.0007755102040816326,0.005090909090909091,0.002001818181818182,0.0009268235294117645,4.4166666666666665e-05,0.0016460714285714284,0.005297848101265823,0.005477500000000001,0.0013733333333333334,0.0020943076923076918,0.00063375,0.0037058666666666663,0.0014676666666666666,0.004135396825396825,0.000282,0.002746774193548387,0.0033168750000000004,0.00973670588235294,0.0017543548387096773,0.0014441333333333332,0.005641538461538462,0.042128846153846156,0.004862560975609756,0.0015472222222222222,0.0015764285714285713,0.0008053947368421052,0.0007554545454545456,7.963855421686747e-05,0.00012124999999999999,0.0003585714285714286,0.002715212765957447,0.00107,5.1000000000000006e-05,0.00485,0.0005526315789473685,0.0005504285714285715,0.001741842105263158,0.000129375,0.0026662068965517247,0.000246,0.00012454545454545455,0.002057923076923077,0.00042416666666666666,0.001931,0.0007708163265306122,0.00023,0.0034793103448275864,3.090909090909091e-05,0.0,0.0023468817204301074,0.0011025,0.0005266666666666667,0.0,0.0004947222222222222,0.001128769230769231,0.001526,0.0007810752688172043,0.0004593518518518518,0.005453333333333334,0.00043888888888888884,0.00059,0.0017666666666666666,6.166666666666667e-05,0.00011571428571428571,0.0004355844155844156,0.0014092857142857143,0.003629193548387097,0.0,0.0005956302521008403,0.0013280000000000002
336000,0.0011212000000000001,0.0009344444444444444,0.0020308333333333333,0.0039747692307692305,0.0025727848101265824,0.0016285714285714284,0.0023914516129032257,0.0016410526315789472,0.0016601265822784811,0.0033474999999999998,0.003706913580246914,0.0007383673469387756,0.005193030303030303,0.00248030303030303,0.0010299999999999999,4.375e-05,0.0017632142857142857,0.005136329113924052,0.005379285714285713,0.0014598666666666665,0.001984923076923077,0.0006476785714285714,0.0035353333333333335,0.0015766666666666668,0.0033869841269841268,0.000246,0.002556290322580645,0.0032222916666666667,0.009578588235294117,0.0016248387096774192,0.0013792000000000001,0.006686153846153846,0.054621153846153854,0.004401829268292683,0.0016327777777777777,0.0012873214285714287,0.0005898684210526316,0.0007863636363636364,9.445783132530121e-05,0.00018000000000000004,0.00034142857142857146,0.002821489361702128,0.00096375,5.6999999999999996e-05,0.005723157894736842,0.0005323157894736842,0.0008708571428571428,0.0016780701754385964,0.00014,0.002469827586206897,0.00023999999999999998,0.00016363636363636363,0.0017756153846153844,0.0004083333333333333,0.00173,0.0007342857142857142,0.000305,0.003209655172413793,0.00018272727272727275,0.0,0.0019276344086021503,0.00115875,0.0005866666666666667,0.0,0.0006250000000000001,0.001049230769230769,0.0010986666666666668,0.000724731182795699,0.00040453703703703696,0.0046251351351351356,0.00035222222222222225,0.00043166666666666673,0.0017800000000000001,7.166666666666667e-05,7.428571428571427e-05,0.000395974025974026,0.0013514285714285713,0.0032937096774193547,0.0,0.0006314285714285714,0.001462
337000,0.0011264,0.0009429629629629628,0.0017466666666666665,0.004007846153846154,0.0020056962025316455,0.0016557142857142858,0.0022953225806451607,0.0016631578947368419,0.0015968354430379748,0.00246125,0.0026070370370370375,0.0010348979591836734,0.004940909090909091,0.002031212121212121,0.0009450588235294119,0.0,0.001551904761904762,0.005365949367088609,0.0050660714285714285,0.0013441333333333336,0.0019538461538461537,0.0006217857142857143,0.0029125333333333333,0.001513,0.0034107936507936512,0.0002,0.002623548387096774,0.0031870833333333334,0.009443529411764705,0.0016012903225806454,0.0012194666666666667,0.005556153846153846,0.04733038461538461,0.004999024390243902,0.0016944444444444448,0.001600357142857143,0.0006226315789473685,0.0007581818181818182,7.19277108433735e-05,0.000146875,0.00010714285714285715,0.0029847872340425536,0.0011375,6.400000000000001e-05,0.0048352631578947374,0.0005293684210526316,0.0006068571428571428,0.0014993859649122807,9.125e-05,0.0022573275862068968,0.000282,0.00012272727272727272,0.0019913076923076924,0.0007316666666666666,0.001522,0.0008106122448979592,0.000265,0.002949655172413793,0.00018090909090909092,0.0,0.00215752688172043,0.001065,0.0004266666666666666,0.0,0.000568888888888889,0.0010763076923076924,0.0010586666666666665,0.0007197849462365592,0.0004515740740740741,0.004716306306306307,0.0002888888888888889,0.000385,0.0023266666666666666,6.166666666666667e-05,5.5714285714285715e-05,0.0002887012987012987,0.0010385714285714284,0.003179112903225806,0.0,0.0006068067226890756,0.0010320000000000001
338000,0.0010981333333333334,0.0009581481481481482,0.0018616666666666669,0.004016615384615385,0.002172405063291139,0.0015842857142857145,0.0025353225806451617,0.001581578947368421,0.0016444303797468354,0.00269375,0.002905802469135802,0.0007069387755102041,0.004813939393939394,0.001973333333333333,0.000973294117647059,4.541666666666667e-05,0.0016233333333333332,0.00496253164556962,0.004431428571428571,0.0015169333333333332,0.0019180000000000002,0.0006305357142857143,0.0034502666666666668,0.0015143333333333335,0.003643809523809524,0.00022799999999999999,0.002644516129032259,0.0029397916666666665,0.009288,0.0014514516129032259,0.0013678666666666664,0.004865769230769231,0.05051557692307692,0.003870731707317074,0.001631111111111111,0.0013196428571428573,0.0005889473684210526,0.0007372727272727271,4.566265060240964e-05,8.999999999999999e-05,0.00026857142857142856,0.002877978723404255,0.000855,5e-05,0.006059999999999999,0.00035936842105263155,0.0005888571428571429,0.0019403508771929825,0.000101875,0.0021976724137931034,0.000248,5.8181818181818185e-05,0.0017846153846153847,0.0005325000000000001,0.001274,0.0006573469387755103,0.000295,0.0032213793103448283,0.00016272727272727272,0.0,0.00183,0.00084625,0.00041999999999999996,0.0,0.00047777777777777776,0.0008886153846153847,0.0007686666666666668,0.0005611827956989247,0.00034731481481481484,0.005440360360360359,0.0002811111111111111,0.0004133333333333333,0.00201,0.0,0.00013,0.0002890909090909091,0.00114,0.003272177419354839,0.0,0.00048554621848739495,0.000979
339000,0.0013387999999999998,0.0010144444444444446,0.002456666666666667,0.004417692307692307,0.0025536708860759492,0.001927142857142857,0.002398709677419355,0.001650263157894737,0.0016158227848101267,0.00294875,0.0032418518518518525,0.0008412244897959182,0.00552939393939394,0.002350909090909091,0.0011921176470588238,6.208333333333333e-05,0.0016947619047619049,0.0051159493670886085,0.0048339285714285715,0.0013816,0.0020736923076923076,0.0006292857142857143,0.0041068,0.0014483333333333332,0.004187301587301588,0.00026,0.0028975806451612906,0.00331125,0.008883294117647057,0.0016212903225806454,0.0011566666666666665,0.007159615384615385,0.043835961538461525,0.0043141463414634144,0.0016955555555555556,0.0015875000000000002,0.0006575,0.00098,4.9397590361445786e-05,0.000221875,0.00041000000000000005,0.002512553191489362,0.00108,7.1e-05,0.005177894736842106,0.0005061052631578947,0.0006081428571428572,0.0018156140350877195,7.78125e-05,0.002435172413793103,0.00023,6e-05,0.0020302307692307694,0.0006541666666666666,0.0013930000000000001,0.0008846938775510204,0.000315,0.0033320689655172418,0.0001281818181818182,0.0,0.0021407526881720433,0.00098875,0.00047333333333333326,0.0,0.0005911111111111112,0.0010473846153846154,0.0011413333333333334,0.0006995698924731182,0.00046564814814814814,0.004966396396396395,0.0005600000000000001,0.0004816666666666667,0.0020466666666666667,7.166666666666667e-05,0.00011571428571428571,0.00033220779220779226,0.0011192857142857144,0.0034207258064516124,0.0,0.0006557983193277311,0.001386
340000,0.001182,0.0010277777777777778,0.0019533333333333334,0.003979538461538461,0.003151772151898734,0.0016342857142857142,0.0028188709677419354,0.0016428947368421053,0.0018350632911392406,0.002896875,0.00344679012345679,0.0007442857142857141,0.005608787878787879,0.0021603030303030306,0.0011571764705882353,5.333333333333334e-05,0.00193,0.005509746835443037,0.004783214285714286,0.0017501333333333332,0.002224,0.0006205357142857143,0.0041098666666666665,0.0016646666666666665,0.003851428571428571,0.000256,0.003197903225806451,0.003449166666666667,0.009995764705882355,0.0019304838709677417,0.0017262666666666671,0.006535,0.05509,0.004624756097560976,0.0014683333333333332,0.0015964285714285716,0.0007617105263157894,0.0008127272727272727,6.963855421686748e-05,0.000169375,0.0003042857142857143,0.003207553191489362,0.00095875,5.8e-05,0.005878947368421053,0.0005526315789473684,0.0007452857142857143,0.0019107894736842105,8.65625e-05,0.002676637931034482,0.000196,6.727272727272727e-05,0.002008076923076923,0.0005675,0.001574,0.0007816326530612246,0.00038,0.003433793103448276,0.0002890909090909091,0.0,0.0021654838709677425,0.0009262500000000001,0.0006883333333333333,0.0,0.0005638888888888888,0.0010246153846153847,0.00128,0.0005884946236559139,0.0004935185185185186,0.005512792792792793,0.0003133333333333333,0.00036500000000000004,0.0022766666666666664,5.666666666666667e-05,0.00010428571428571428,0.00041181818181818187,0.0013021428571428572,0.0035648387096774196,0.0,0.000511344537815126,0.001416
341000,0.0012265333333333333,0.0009803703703703704,0.0025075,0.004146615384615385,0.0022658227848101264,0.001942857142857143,0.0027114516129032253,0.0016475000000000003,0.0014783544303797467,0.00286625,0.0036864197530864203,0.0008802040816326531,0.006247272727272726,0.002296060606060606,0.001105529411764706,7.833333333333334e-05,0.001779047619047619,0.0056970886075949365,0.004738214285714286,0.0014446666666666668,0.002248615384615385,0.0005996428571428571,0.003985333333333333,0.0017929999999999997,0.0037874603174603183,0.00025,0.0031287096774193545,0.0035052083333333337,0.010210588235294115,0.0018482258064516132,0.0012561333333333334,0.0069984615384615385,0.05198057692307691,0.0050758536585365855,0.001348888888888889,0.0016526785714285717,0.0007044736842105263,0.0006336363636363637,4.6144578313253016e-05,0.000144375,0.00013428571428571428,0.0028381914893617025,0.0008562499999999999,5.9000000000000004e-05,0.005353157894736842,0.0005441052631578948,0.0005834285714285714,0.00199780701754386,8.5e-05,0.002724741379310345,0.00024200000000000003,5.181818181818182e-05,0.0019746923076923075,0.0005258333333333333,0.0017809999999999996,0.000839795918367347,0.000345,0.003538965517241379,0.00027909090909090906,0.0,0.002274516129032258,0.0006187499999999999,0.0005566666666666667,0.0,0.0005108333333333333,0.0009333846153846153,0.001148,0.0006137634408602151,0.0005164814814814815,0.00671891891891892,0.0003222222222222222,0.0003316666666666667,0.00177,6.333333333333333e-05,6.285714285714286e-05,0.0004022077922077922,0.0008285714285714286,0.0036709677419354833,0.0,0.0005578991596638655,0.001449
342000,0.0012254666666666667,0.0008811111111111112,0.00208,0.003829076923076923,0.002600126582278481,0.0013171428571428572,0.002530806451612904,0.0015478947368421053,0.0019440506329113931,0.0029368750000000002,0.0035800000000000003,0.0008824489795918368,0.005620909090909091,0.0025975757575757573,0.0010705882352941174,4.25e-05,0.001707738095238095,0.005208987341772152,0.005309642857142858,0.0014991999999999998,0.0021033846153846155,0.0005880357142857143,0.0039692,0.001302,0.0037253968253968253,0.000192,0.0027703225806451613,0.003008333333333333,0.010326235294117646,0.0017575806451612902,0.0014458666666666668,0.005706923076923077,0.04904769230769231,0.004772804878048781,0.0013405555555555556,0.0014432142857142857,0.0006398684210526317,0.0006872727272727273,7.63855421686747e-05,0.0001125,0.00024,0.0027308510638297864,0.00105,0.000123,0.005182105263157894,0.0005751578947368421,0.0005974285714285715,0.0016446491228070174,0.00010437499999999999,0.0024367241379310346,0.000218,5.454545454545454e-05,0.0021136153846153844,0.0004675,0.0017580000000000002,0.0007175510204081632,0.000285,0.0032055172413793104,5.090909090909091e-05,0.0,0.0021919354838709675,0.00096375,0.000565,0.0,0.0004552777777777778,0.0010604615384615383,0.001012,0.0006611827956989247,0.00039981481481481476,0.005312162162162161,0.0002844444444444444,0.0005916666666666667,0.0029533333333333334,0.0,8.571428571428571e-05,0.0003579220779220779,0.0010135714285714286,0.0035729838709677416,0.0,0.0005676470588235294,0.00118
343000,0.0011001333333333333,0.0007962962962962964,0.0016474999999999999,0.0038463076923076923,0.002049240506329113,0.0014199999999999998,0.002195967741935484,0.0014971052631578947,0.0015113924050632911,0.0027324999999999997,0.0024648148148148146,0.0006885714285714286,0.004685757575757576,0.0018599999999999997,0.0009789411764705885,2.8749999999999997e-05,0.001525595238095238,0.00536113924050633,0.004160714285714286,0.0012064,0.0016295384615384616,0.0005085714285714285,0.003173466666666667,0.0013109999999999999,0.0031777777777777776,0.000258,0.0022208064516129034,0.0029445833333333333,0.00904564705882353,0.00117741935483871,0.0010846666666666665,0.005088076923076923,0.039976346153846154,0.004169390243902438,0.0012511111111111113,0.0013103571428571428,0.0005294736842105263,0.0006336363636363636,3.91566265060241e-05,8.499999999999999e-05,0.00034142857142857146,0.0026487234042553184,0.00073125,0.00012000000000000002,0.003919473684210526,0.00040778947368421054,0.0005702857142857144,0.001477280701754386,7.1875e-05,0.0019504310344827587,0.000238,9.090909090909092e-05,0.0015338461538461536,0.00045000000000000004,0.0010760000000000001,0.00069,0.00029,0.0025006896551724132,0.00014363636363636363,0.0,0.0018343010752688172,0.0008875,0.0003366666666666667,0.0,0.00040027777777777783,0.0007326153846153846,0.0009499999999999999,0.00052752688172043,0.00041175925925925923,0.004692972972972973,0.00044555555555555554,0.00030833333333333337,0.0018799999999999997,0.0,8.142857142857142e-05,0.0003068831168831169,0.0011121428571428571,0.0025776612903225813,0.0,0.0003961344537815126,0.001337
344000,0.0011557333333333335,0.0008570370370370371,0.0017991666666666666,0.004187538461538461,0.0025886075949367086,0.0018442857142857143,0.002489516129032258,0.0018032894736842101,0.0016648101265822782,0.0027568749999999998,0.0030860493827160494,0.000833877551020408,0.005552121212121211,0.002013484848484848,0.001016941176470588,0.0,0.0017002380952380954,0.005781772151898735,0.005090357142857144,0.0014821333333333334,0.002214153846153846,0.000625,0.0040504,0.001449666666666667,0.0032877777777777775,0.000254,0.003069032258064516,0.0034952083333333332,0.010439176470588235,0.001801451612903226,0.0012607999999999999,0.005255,0.052134038461538454,0.00470109756097561,0.00147,0.00154,0.0006269736842105264,0.0006645454545454546,5.7710843373493975e-05,0.00013937499999999999,0.00023428571428571427,0.0027190425531914897,0.0009624999999999999,5.1000000000000006e-05,0.004802631578947367,0.0005342105263157896,0.0005342857142857145,0.001875438596491228,0.0001353125,0.002443793103448276,0.000248,5.454545454545454e-05,0.0016984615384615384,0.0004958333333333333,0.001822,0.0008040816326530611,0.00033,0.0031506896551724136,0.00017272727272727272,0.0,0.0019483870967741933,0.0009824999999999999,0.00048666666666666666,0.0,0.0004494444444444444,0.000997076923076923,0.0009153333333333333,0.0005629032258064516,0.00045611111111111107,0.0051309009009009,0.0002922222222222222,0.00041000000000000005,0.00229,6e-05,0.00013,0.0003077922077922078,0.001155,0.0033792741935483863,0.0,0.0005929411764705882,0.001507
345000,0.0012597333333333335,0.0010077777777777778,0.001590833333333333,0.003927384615384616,0.002886455696202532,0.0018271428571428573,0.002842903225806452,0.001736842105263158,0.0017139240506329112,0.00277,0.003105308641975308,0.0008075510204081633,0.005681818181818181,0.002209848484848485,0.0010041176470588237,4.125e-05,0.0016251190476190478,0.005935696202531645,0.005482857142857143,0.0013633333333333332,0.002043076923076923,0.0006453571428571428,0.003641333333333334,0.00142,0.0035546031746031747,0.00028599999999999996,0.0027225806451612903,0.003404375,0.009683764705882352,0.001550806451612903,0.001158266666666667,0.005015384615384616,0.043921538461538456,0.005247439024390245,0.0012911111111111111,0.0014780357142857145,0.0006315789473684211,0.0005963636363636363,7.048192771084337e-05,6.25e-05,0.00025714285714285715,0.002621914893617021,0.0011225,8e-05,0.004538947368421052,0.0005196842105263157,0.0006352857142857143,0.001946578947368421,8.156250000000001e-05,0.0026344827586206893,0.00021200000000000003,0.0001081818181818182,0.002031769230769231,0.0006283333333333333,0.001641,0.0008740816326530612,0.00037,0.0033655172413793104,2.818181818181818e-05,0.0,0.0020455913978494624,0.00107,0.0005466666666666667,0.0,0.0005388888888888889,0.0010549230769230768,0.0007953333333333333,0.0006795698924731184,0.00045999999999999996,0.005747927927927928,0.0003011111111111111,0.00041999999999999996,0.002203333333333333,7.000000000000001e-05,9e-05,0.00029818181818181815,0.0012142857142857144,0.0035073387096774193,0.0,0.0005958823529411766,0.0015539999999999998
346000,0.0013392,0.0011188888888888889,0.0023291666666666665,0.004624461538461538,0.0025989873417721515,0.001757142857142857,0.003029193548387097,0.0016497368421052635,0.0017455696202531648,0.00305125,0.003367901234567901,0.000686734693877551,0.005310303030303031,0.002127878787878788,0.0011121176470588233,4.1666666666666665e-05,0.001904047619047619,0.005433670886075949,0.005413214285714285,0.0016317333333333334,0.0021490769230769233,0.0007805357142857143,0.003963333333333333,0.0015879999999999998,0.0046338095238095236,0.000278,0.002936612903225806,0.00348875,0.009174235294117648,0.0018408064516129033,0.0014425333333333331,0.006165,0.05525769230769229,0.004665853658536586,0.0015283333333333334,0.0015412499999999999,0.0007328947368421052,0.0008272727272727273,5.819277108433735e-05,0.000139375,0.0003342857142857143,0.0029608510638297874,0.0009450000000000001,0.000158,0.005945789473684211,0.0005042105263157895,0.0006055714285714285,0.002007017543859649,3.0625e-05,0.0024972413793103447,0.00025,5.8181818181818185e-05,0.0021694615384615385,0.0005475,0.0014579999999999999,0.0008104081632653062,0.000325,0.00343448275862069,0.00017545454545454545,0.0,0.002145913978494624,0.0007749999999999999,0.0006133333333333334,0.0,0.00047611111111111107,0.0010144615384615385,0.0010299999999999999,0.0007489247311827957,0.00047203703703703714,0.005687477477477476,0.00046999999999999993,0.00055,0.001766666666666667,6.5e-05,7.857142857142858e-05,0.0003702597402597403,0.001055,0.0034280645161290325,0.0,0.0005460504201680672,0.0019779999999999997
347000,0.0015286666666666665,0.0011796296296296296,0.0027083333333333334,0.005239846153846154,0.0026568354430379745,0.0020914285714285713,0.002810161290322581,0.0020621052631578946,0.001897848101265823,0.003074375,0.004290246913580246,0.0007334693877551021,0.0065130303030303035,0.002523333333333333,0.001152235294117647,3.625e-05,0.0020378571428571425,0.006353037974683544,0.005412857142857144,0.0016764000000000002,0.0025035384615384616,0.0007033928571428571,0.004094400000000001,0.001561,0.004109206349206349,0.00027,0.003358870967741936,0.0037558333333333332,0.010366470588235295,0.0017308064516129034,0.0016242666666666666,0.006139230769230768,0.051716346153846154,0.005584268292682927,0.0017944444444444442,0.0018323214285714284,0.0008767105263157894,0.0006981818181818182,5.91566265060241e-05,0.00010625000000000001,0.00045,0.003036170212765958,0.00096125,7.4e-05,0.006386842105263158,0.0005956842105263158,0.0006357142857142857,0.0019810526315789476,7.15625e-05,0.0031105172413793108,0.00031800000000000003,5.454545454545454e-05,0.0021368461538461537,0.0005391666666666666,0.001653,0.0008600000000000001,0.000445,0.003889655172413793,0.00026999999999999995,0.0,0.0023547311827956992,0.00104375,0.0006816666666666667,0.0,0.00046416666666666666,0.001147846153846154,0.0013366666666666666,0.0006790322580645161,0.00044018518518518517,0.006906036036036036,0.0005499999999999999,0.0005366666666666666,0.002316666666666667,6.5e-05,0.00012714285714285714,0.00048610389610389616,0.001660714285714286,0.004009032258064516,0.0,0.000566890756302521,0.001032
348000,0.001104,0.001028148148148148,0.0017075,0.0038049230769230773,0.002050253164556962,0.00127,0.0024262903225806443,0.001598421052631579,0.0015896202531645565,0.002611875,0.003125308641975309,0.0006573469387755101,0.005545757575757575,0.0021865151515151515,0.0009274117647058824,3.791666666666667e-05,0.0016765476190476192,0.004856835443037975,0.0047432142857142855,0.0013496,0.0019420000000000001,0.0005901785714285714,0.003643333333333333,0.001493,0.004002222222222222,0.00022399999999999997,0.0025979032258064516,0.0032156249999999997,0.008810117647058824,0.001551451612903226,0.0014604,0.005475769230769232,0.043899615384615384,0.004311585365853658,0.0014516666666666664,0.0015526785714285714,0.0005964473684210526,0.0008254545454545456,6.16867469879518e-05,0.0001225,0.0003985714285714286,0.0025881914893617023,0.0009437499999999999,4.7e-05,0.004468947368421052,0.0005667368421052631,0.000666,0.0017340350877192983,4.4374999999999994e-05,0.00247198275862069,0.000294,0.00012545454545454546,0.0019236923076923075,0.0005358333333333334,0.001624,0.000743061224489796,0.00031,0.003225862068965518,0.00031363636363636365,0.0,0.002128817204301075,0.00114,0.000735,0.0,0.0005797222222222222,0.001027846153846154,0.0011746666666666667,0.000619247311827957,0.0004580555555555555,0.005444684684684685,0.00036666666666666667,0.00037833333333333333,0.001556666666666667,6.166666666666667e-05,0.00010857142857142858,0.0003224675324675324,0.0011635714285714285,0.0034964516129032254,0.0,0.0005790756302521008,0.001291
349000,0.0012066666666666667,0.0009648148148148148,0.0021791666666666665,0.004892153846153846,0.0028550632911392405,0.00186,0.0027877419354838708,0.0019017105263157894,0.0019739240506329112,0.0035018749999999998,0.004513086419753086,0.0007914285714285713,0.006713030303030303,0.0027915151515151516,0.001042,3.708333333333333e-05,0.0018960714285714286,0.006272278481012657,0.005706785714285715,0.0015128,0.0024816923076923076,0.0005882142857142857,0.0044507999999999995,0.0015489999999999998,0.004677936507936507,0.00020400000000000003,0.003497741935483871,0.003543125,0.01128529411764706,0.002258225806451613,0.0014566666666666664,0.008022692307692309,0.05031057692307693,0.005214878048780488,0.0015149999999999999,0.0019307142857142858,0.0006644736842105263,0.0009718181818181818,6.602409638554217e-05,0.0001625,0.0004714285714285714,0.002946063829787233,0.0010075000000000001,0.000125,0.005931578947368421,0.000516421052631579,0.0007311428571428572,0.002007017543859649,7.84375e-05,0.0027018103448275864,0.000296,0.0001290909090909091,0.0023315384615384617,0.0006291666666666667,0.00182,0.0008906122448979592,0.000305,0.0037458620689655177,0.00046363636363636366,0.0,0.00226752688172043,0.00096375,0.00077,0.0,0.0006916666666666666,0.0010449230769230768,0.0014,0.0008526881720430107,0.0006108333333333333,0.005935675675675676,0.0007333333333333333,0.000545,0.0024166666666666664,0.0,0.00018714285714285713,0.00046649350649350643,0.001437142857142857,0.0038572580645161295,0.0,0.0006711764705882353,0.0018179999999999997
350000,0.001369866666666667,0.0011648148148148147,0.002384166666666667,0.005130153846153846,0.002835696202531645,0.0022600000000000003,0.003066290322580645,0.002051578947368421,0.0018451898734177217,0.0036818750000000003,0.003168641975308642,0.0008487755102040815,0.005845151515151515,0.0024772727272727273,0.0012681176470588237,0.00011041666666666666,0.002148214285714286,0.006043037974683543,0.005924642857142858,0.0017356000000000001,0.002315384615384616,0.0006685714285714286,0.003938400000000001,0.001875666666666667,0.0043341269841269845,0.000278,0.0031119354838709677,0.003914375,0.010030235294117645,0.0020743548387096773,0.0019456,0.005805,0.05283730769230769,0.005195487804878048,0.0018677777777777777,0.002067857142857143,0.0009169736842105262,0.0011054545454545453,8.228915662650603e-05,0.00034312499999999995,0.00045571428571428575,0.0034627659574468085,0.0011137500000000002,0.000115,0.005998421052631577,0.0007566315789473685,0.0008085714285714287,0.002046052631578947,0.00010093750000000001,0.0028557758620689653,0.000332,0.00017454545454545454,0.0021087692307692305,0.0008591666666666666,0.002096,0.001023265306122449,0.00043,0.003736551724137931,0.00059,0.0,0.002309462365591398,0.00129875,0.0008783333333333334,0.0,0.0007452777777777776,0.0013264615384615385,0.001698,0.0009396774193548387,0.0005678703703703704,0.006762792792792793,0.0010077777777777778,0.00066,0.0027233333333333332,0.00019333333333333333,0.00013571428571428572,0.0005032467532467532,0.001462142857142857,0.003732580645161291,0.0,0.0007682352941176472,0.001756
351000,0.0013578666666666666,0.001088888888888889,0.0026216666666666667,0.005029692307692308,0.002500379746835443,0.0018985714285714285,0.0030537096774193545,0.0020509210526315795,0.002025443037974683,0.0035912500000000007,0.003757654320987655,0.0008042857142857143,0.0059015151515151515,0.002351060606060606,0.0012168235294117648,5.708333333333333e-05,0.0019999999999999996,0.005675189873417721,0.005803571428571429,0.0018242666666666667,0.002385846153846154,0.0005771428571428571,0.004362266666666667,0.0018406666666666667,0.0049982539682539694,0.00028599999999999996,0.0032830645161290323,0.0035879166666666663,0.010028352941176473,0.002258870967741936,0.0018824000000000004,0.007012307692307693,0.05189384615384615,0.005719756097560976,0.0016033333333333333,0.002025,0.0007338157894736843,0.0010036363636363637,9.698795180722891e-05,0.000214375,0.00033142857142857144,0.0035424468085106377,0.0011975000000000002,7.6e-05,0.007828947368421053,0.0006696842105263157,0.0007784285714285715,0.0026278947368421042,8.53125e-05,0.0030475862068965512,0.000294,0.00014454545454545452,0.0025190769230769234,0.0007108333333333333,0.0021420000000000002,0.0009348979591836734,0.0003,0.004609310344827587,0.0002681818181818182,0.0,0.002496989247311828,0.001425,0.0007233333333333333,0.0,0.0006199999999999999,0.001282,0.0011946666666666668,0.0008755913978494624,0.0005766666666666667,0.007325135135135135,0.0003644444444444444,0.0006566666666666666,0.0031433333333333335,7.5e-05,0.0001142857142857143,0.00038467532467532467,0.0015414285714285716,0.004485564516129031,0.0,0.0008811764705882354,0.0018579999999999998
352000,0.0011204000000000001,0.000871851851851852,0.002111666666666667,0.004343846153846154,0.0025284810126582277,0.0019628571428571425,0.0023903225806451616,0.001825526315789474,0.0016556962025316457,0.00321,0.0032038271604938272,0.0006346938775510204,0.005129696969696969,0.0022954545454545454,0.001007058823529412,2.666666666666667e-05,0.0016977380952380955,0.005425822784810128,0.005946071428571428,0.0013642666666666666,0.001815846153846154,0.0005291071428571428,0.003949066666666667,0.00123,0.00454126984126984,0.00026199999999999997,0.0026170967741935484,0.003388958333333333,0.009569647058823528,0.0019187096774193545,0.0014834666666666664,0.005294230769230769,0.047018846153846154,0.004936951219512195,0.0016366666666666667,0.001662857142857143,0.0003715789473684211,0.0008472727272727273,7.216867469879518e-05,0.00022437500000000002,0.00037000000000000005,0.002755638297872341,0.00103875,6.8e-05,0.004656842105263158,0.0005848421052631579,0.0006827142857142858,0.0015783333333333335,4.4374999999999994e-05,0.00243,0.000272,8e-05,0.001920923076923077,0.00039416666666666663,0.001804,0.0007753061224489797,0.000315,0.0033500000000000005,0.00021727272727272725,0.0,0.0022558064516129033,0.001155,0.0004716666666666667,0.0,0.0005058333333333334,0.0010944615384615383,0.0012206666666666666,0.000623010752688172,0.00046037037037037037,0.005982702702702703,0.00035777777777777777,0.0004266666666666666,0.0023666666666666667,9e-05,0.00014428571428571428,0.0003875324675324675,0.001222142857142857,0.0033524193548387098,0.0,0.0006314285714285715,0.0014140000000000001
353000,0.0011612,0.0008422222222222221,0.002106666666666667,0.004435076923076922,0.002163670886075949,0.0012785714285714286,0.002195,0.0017357894736842107,0.0016358227848101267,0.00264625,0.0032511111111111113,0.0009738775510204082,0.0059609090909090905,0.0022234848484848483,0.0009411764705882351,2.75e-05,0.0017708333333333337,0.004694810126582277,0.005107857142857143,0.0013526666666666667,0.0019416923076923075,0.0005791071428571428,0.0036660000000000004,0.0013820000000000002,0.003937142857142857,0.00027600000000000004,0.0030537096774193545,0.0029339583333333336,0.008583411764705881,0.0018130645161290322,0.0015234666666666668,0.005690769230769231,0.05474269230769231,0.004630853658536585,0.0014422222222222223,0.0014733928571428571,0.0005071052631578947,0.0006599999999999999,6.240963855421686e-05,0.00010625000000000001,0.00024,0.002968829787234043,0.00086875,5.4e-05,0.005596315789473684,0.0005276842105263158,0.0006052857142857142,0.0016265789473684212,3.1875e-05,0.002260689655172414,0.000232,0.0001081818181818182,0.0019066153846153844,0.0005958333333333333,0.0014550000000000001,0.0007540816326530612,0.000345,0.0032879310344827582,3.3636363636363636e-05,0.0,0.0022103225806451615,0.00100875,0.00045499999999999995,0.0,0.0005180555555555555,0.0009807692307692308,0.0008626666666666666,0.0005606451612903226,0.0004193518518518518,0.005697207207207208,0.0003344444444444444,0.00046833333333333335,0.002003333333333333,0.0,7.571428571428571e-05,0.0003076623376623377,0.0009964285714285713,0.003368629032258065,0.0,0.000492857142857143,0.002117
354000,0.0010533333333333334,0.0009255555555555554,0.0025658333333333336,0.0039286153846153846,0.002567721518987342,0.001877142857142857,0.0028159677419354844,0.0017302631578947365,0.001708227848101266,0.002783125,0.0035949382716049384,0.0007516326530612245,0.006494848484848484,0.002040757575757576,0.0011276470588235294,4.291666666666667e-05,0.001813214285714286,0.005190253164556962,0.005966071428571429,0.0012725333333333333,0.002357846153846154,0.0005166071428571429,0.0036806666666666663,0.0015470000000000002,0.004324444444444445,0.00025,0.003149032258064516,0.003147083333333333,0.010135882352941177,0.0017806451612903229,0.001446,0.006318076923076923,0.059689230769230786,0.004668048780487805,0.001443888888888889,0.0014764285714285715,0.0005982894736842105,0.0007427272727272729,6.120481927710844e-05,0.00011375,0.0002614285714285714,0.002797553191489362,0.0010075000000000001,0.000117,0.0060431578947368406,0.0006622105263157896,0.0006684285714285714,0.0016959649122807018,7.65625e-05,0.0024521551724137934,0.000186,5.363636363636364e-05,0.0021175384615384615,0.0005458333333333334,0.0016739999999999997,0.000713265306122449,0.000265,0.003678620689655173,3.272727272727273e-05,0.0,0.002210645161290323,0.00116125,0.0005283333333333333,0.0,0.0004644444444444445,0.0010046153846153846,0.001118,0.0007274193548387098,0.0004,0.0058122522522522525,0.00028333333333333335,0.0006033333333333333,0.0021899999999999997,0.0,8.857142857142857e-05,0.0003571428571428571,0.001072857142857143,0.003638790322580645,0.0,0.0006082352941176472,0.001327
355000,0.0010773333333333334,0.000815925925925926,0.002108333333333333,0.004362923076923077,0.0021865822784810133,0.0015014285714285715,0.0021261290322580647,0.0016957894736842104,0.0016835443037974684,0.002773125,0.0036124691358024688,0.0007546938775510204,0.005832727272727272,0.002657878787878788,0.0009943529411764705,3e-05,0.0016358333333333333,0.005013291139240507,0.005195,0.0012489333333333334,0.0020313846153846155,0.0005737499999999999,0.0036504000000000003,0.0014833333333333335,0.00427920634920635,0.000226,0.0028683870967741937,0.0028350000000000003,0.00830964705882353,0.0018456451612903226,0.0012307999999999998,0.00592576923076923,0.04788711538461539,0.0046790243902439035,0.001245,0.0016207142857142859,0.000749078947368421,0.0007345454545454544,7.433734939759036e-05,0.00017749999999999998,0.00038857142857142855,0.0031522340425531913,0.00097375,0.000166,0.006563684210526316,0.000639578947368421,0.000813857142857143,0.001725438596491228,0.00011593749999999999,0.002527586206896552,0.00027,0.00013363636363636363,0.0020463846153846153,0.0005233333333333334,0.001922,0.0007987755102040815,0.00048,0.0033362068965517243,0.00021727272727272725,0.0,0.0021689247311827953,0.00121875,0.0005566666666666667,0.0,0.0005027777777777778,0.001102,0.0011339999999999998,0.0007450537634408601,0.00043953703703703695,0.006219999999999999,0.00045,0.0009183333333333332,0.002213333333333333,0.00010166666666666667,0.00014285714285714287,0.0005206493506493507,0.0012035714285714286,0.0034816935483870967,0.0,0.0006626050420168066,0.001711
356000,0.001196933333333333,0.0009737037037037038,0.001840833333333333,0.004361384615384616,0.0025037974683544306,0.0016042857142857143,0.0025296774193548383,0.0017796052631578949,0.0017530379746835446,0.0027618750000000004,0.0028983950617283948,0.0010324489795918367,0.0064245454545454545,0.0020433333333333336,0.0009948235294117646,2.2083333333333333e-05,0.0017995238095238095,0.006097721518987342,0.0061275,0.0014210666666666667,0.0019210769230769231,0.0006655357142857142,0.003579466666666666,0.0013980000000000002,0.0039439682539682535,0.000306,0.003305,0.0035997916666666665,0.010016470588235293,0.0016922580645161293,0.0012618666666666667,0.005648846153846154,0.04945557692307693,0.004801951219512195,0.0014205555555555558,0.0016505357142857144,0.0006628947368421053,0.0009718181818181818,5.819277108433735e-05,0.00014375,0.00031142857142857144,0.0032564893617021274,0.000985,8e-05,0.0056821052631578954,0.0005765263157894737,0.0006758571428571428,0.0018007894736842105,9.90625e-05,0.002556724137931034,0.000254,0.00013,0.002020538461538461,0.00071,0.001872,0.0009042857142857142,0.0006,0.0037131034482758623,0.0002836363636363637,0.0,0.0022429032258064517,0.00132375,0.0005583333333333333,0.0,0.0005908333333333334,0.0010936923076923077,0.0012006666666666667,0.0006153763440860214,0.0004883333333333333,0.005948018018018019,0.00043111111111111106,0.0005783333333333334,0.002776666666666667,0.0,9.142857142857143e-05,0.0003735064935064935,0.0013542857142857141,0.003772096774193548,0.0,0.0005796638655462185,0.001504
357000,0.0010649333333333333,0.0007311111111111111,0.00164,0.0035812307692307693,0.001762911392405063,0.0015828571428571428,0.0020595161290322584,0.0015014473684210527,0.0013932911392405063,0.00268375,0.0026648148148148147,0.0007359183673469387,0.0053,0.0018056060606060605,0.0008151764705882352,5.0416666666666675e-05,0.0014510714285714283,0.004847721518987341,0.004615,0.0012928000000000002,0.0017193846153846155,0.0005355357142857143,0.003097333333333333,0.0014346666666666666,0.003438888888888889,0.000238,0.0023970967741935487,0.0028575000000000002,0.008541882352941177,0.0014443548387096776,0.0012594666666666669,0.005258076923076924,0.043699038461538456,0.004121585365853659,0.0014077777777777778,0.0013217857142857144,0.0005099999999999999,0.0007163636363636364,4.783132530120481e-05,7.25e-05,0.00029857142857142853,0.0023505319148936165,0.00086375,6.2e-05,0.004422105263157896,0.0004855789473684212,0.0006157142857142858,0.0014064912280701755,8.031250000000001e-05,0.002116034482758621,0.00022799999999999999,5.7272727272727274e-05,0.0016796153846153847,0.0005016666666666666,0.001499,0.0006957142857142856,0.0003,0.0030148275862068963,0.0001581818181818182,0.0,0.001769784946236559,0.00105,0.0004883333333333333,0.0,0.00033166666666666663,0.0008864615384615385,0.0009153333333333333,0.0005555913978494624,0.00033805555555555547,0.005227657657657658,0.00032777777777777775,0.0005200000000000001,0.00214,0.0,6.142857142857142e-05,0.0003394805194805195,0.0009485714285714285,0.0030715322580645156,0.0,0.00038277310924369746,0.001284
358000,0.0011916000000000001,0.0009292592592592593,0.002041666666666667,0.004359538461538462,0.0023283544303797465,0.0017542857142857145,0.0026169354838709675,0.001809736842105263,0.0016982278481012662,0.0033624999999999996,0.003367654320987654,0.0009295918367346939,0.006320303030303029,0.0022672727272727267,0.0010011764705882356,4.125e-05,0.0020338095238095237,0.0055470886075949365,0.0055503571428571425,0.0015174666666666668,0.0021193846153846154,0.0006794642857142857,0.004296933333333334,0.0018139999999999996,0.004895873015873017,0.000284,0.0031424193548387097,0.0035814583333333336,0.00986,0.0022251612903225805,0.0015134666666666667,0.007341538461538463,0.0522375,0.004814878048780488,0.0017094444444444444,0.001632857142857143,0.0005810526315789473,0.0008136363636363636,4.831325301204819e-05,0.000155625,0.0003257142857142857,0.0027932978723404257,0.00114,7.7e-05,0.005730000000000001,0.0005420000000000001,0.0005932857142857143,0.0016047368421052632,7.40625e-05,0.0024707758620689654,0.000272,6.090909090909091e-05,0.002181,0.0006033333333333334,0.0016480000000000002,0.0008381632653061224,0.00067,0.0034996551724137933,4.818181818181818e-05,0.0,0.0019505376344086025,0.0010025,0.0006566666666666666,0.0,0.00046277777777777783,0.0010680000000000002,0.0009953333333333333,0.000663010752688172,0.00045935185185185174,0.005802162162162162,0.0003477777777777778,0.0005733333333333334,0.0022933333333333334,0.0,8.142857142857142e-05,0.00037675324675324676,0.0011942857142857141,0.003540322580645161,0.0,0.0005626050420168067,0.001223
359000,0.0012561333333333331,0.0009918518518518518,0.0023216666666666668,0.004898,0.002486708860759493,0.0017157142857142857,0.0024498387096774195,0.0018113157894736843,0.0016486075949367085,0.0032050000000000004,0.0033732098765432094,0.0009116326530612246,0.005684242424242424,0.0022125757575757574,0.0011236470588235296,5.458333333333333e-05,0.0018526190476190478,0.005443037974683544,0.005254285714285713,0.001482,0.0019392307692307695,0.0006344642857142857,0.0038092,0.0018040000000000003,0.004272380952380953,0.000258,0.0027359677419354837,0.0033239583333333337,0.009124,0.0017606451612903226,0.0014830666666666666,0.006567307692307692,0.05395769230769231,0.004935487804878049,0.0015355555555555554,0.0018296428571428572,0.0007151315789473685,0.001060909090909091,7.216867469879518e-05,0.00015250000000000002,0.00034857142857142856,0.0033332978723404254,0.0012274999999999999,8.2e-05,0.006049473684210527,0.0007014736842105263,0.0007254285714285714,0.0019380701754385964,9.65625e-05,0.0027025862068965514,0.00032199999999999997,0.00012090909090909091,0.0022049999999999995,0.0007791666666666667,0.0018839999999999998,0.0010502040816326532,0.00052,0.004021379310344828,0.00044090909090909093,0.0,0.002703010752688172,0.00109125,0.0007166666666666667,0.0,0.000705,0.0012764615384615386,0.001198,0.0007476344086021507,0.0006557407407407407,0.007130720720720721,0.0004433333333333334,0.0006733333333333334,0.0027266666666666667,8.333333333333333e-05,6.428571428571429e-05,0.0004976623376623377,0.00156,0.003861532258064516,0.0,0.0007035294117647059,0.0019349999999999999
360000,0.0012873333333333333,0.0010003703703703702,0.0019591666666666668,0.004503846153846154,0.002563291139240506,0.0015771428571428573,0.0026191935483870967,0.0017580263157894738,0.0016800000000000005,0.002874375,0.0035214814814814813,0.0007626530612244899,0.006463030303030303,0.0020834848484848484,0.0010351764705882355,2.4583333333333336e-05,0.0017935714285714287,0.005686835443037975,0.005863571428571429,0.0014024,0.002232307692307692,0.000595,0.0038797333333333334,0.0015023333333333334,0.0038261904761904757,0.00024200000000000003,0.0030483870967741938,0.0037837500000000002,0.010288941176470588,0.0016541935483870966,0.0013733333333333334,0.0072226923076923084,0.060688076923076935,0.004863780487804877,0.0017072222222222222,0.0015014285714285715,0.0006411842105263158,0.0008136363636363636,8.313253012048193e-05,0.0001475,0.0003028571428571429,0.0030702127659574478,0.0009725000000000001,6.6e-05,0.005177368421052632,0.0006573684210526315,0.0006732857142857143,0.0017690350877192984,0.0001253125,0.002398189655172414,0.00033,0.00011909090909090909,0.002121076923076923,0.0005641666666666667,0.0015880000000000002,0.0008755102040816327,0.000365,0.0032855172413793106,0.0001990909090909091,0.0,0.002209462365591398,0.0010275,0.0005899999999999999,0.0,0.0005197222222222222,0.0010669230769230769,0.0012799999999999999,0.0006997849462365591,0.00047240740740740744,0.005887387387387387,0.0005566666666666667,0.0005316666666666667,0.002203333333333333,7.333333333333333e-05,0.0001,0.0004044155844155844,0.0012242857142857142,0.0033885483870967742,0.0,0.0006406722689075631,0.0016070000000000001
361000,0.0011498666666666666,0.0009822222222222222,0.0018958333333333338,0.004061538461538462,0.0023805063291139237,0.0014957142857142858,0.002620161290322581,0.0015298684210526318,0.0015862025316455697,0.002731875,0.0026890123456790125,0.0007026530612244898,0.005476363636363638,0.0022689393939393943,0.0010230588235294118,2.8333333333333335e-05,0.0016853571428571432,0.005115316455696203,0.004959285714285714,0.0014822666666666666,0.0019087692307692308,0.00055625,0.0034530666666666657,0.0015309999999999998,0.0035473015873015872,0.000234,0.00269483870967742,0.0031808333333333337,0.009237294117647057,0.0015420967741935484,0.0010695999999999998,0.00604,0.058478846153846145,0.004303414634146342,0.0015766666666666668,0.0014701785714285715,0.0006552631578947369,0.0006754545454545455,6.795180722891567e-05,0.00013062500000000002,0.00031999999999999997,0.0029022340425531915,0.0010362499999999998,6.9e-05,0.005941578947368421,0.00048199999999999995,0.0005685714285714286,0.0016058771929824563,7.59375e-05,0.0022976724137931033,0.00028799999999999995,9.363636363636365e-05,0.0019973846153846153,0.0007450000000000001,0.001467,0.0008716326530612245,0.00033,0.00349448275862069,0.0001409090909090909,0.0,0.0019873118279569893,0.00107,0.0005883333333333334,0.0,0.00046638888888888896,0.000871076923076923,0.0010346666666666666,0.0006673118279569893,0.0005076851851851851,0.005911891891891891,0.00026000000000000003,0.0004383333333333333,0.0024633333333333334,4.8333333333333334e-05,8.142857142857142e-05,0.0004519480519480519,0.000877142857142857,0.0034751612903225803,0.0,0.0005453781512605042,0.0014169999999999999
362000,0.0011282666666666665,0.0009633333333333333,0.0021841666666666667,0.004143076923076923,0.0023196202531645567,0.00154,0.002764838709677419,0.0017243421052631576,0.001759746835443038,0.003281875,0.003650493827160494,0.0008620408163265306,0.0062612121212121214,0.0025243939393939396,0.0009510588235294115,3.25e-05,0.0017801190476190475,0.005774683544303797,0.005901428571428572,0.0014954666666666665,0.0019978461538461534,0.0006669642857142857,0.0037324000000000007,0.0016596666666666665,0.004143015873015873,0.000342,0.003089677419354839,0.003276875,0.009633764705882352,0.0018975806451612901,0.0014372,0.007989615384615385,0.04634096153846154,0.0045217073170731705,0.0016438888888888887,0.001377857142857143,0.0005086842105263158,0.000740909090909091,4.8554216867469874e-05,0.0001025,0.00026571428571428574,0.0028222340425531917,0.000915,6.6e-05,0.004299473684210527,0.0004667368421052631,0.00048485714285714283,0.001537105263157895,2.78125e-05,0.00209,0.000212,4.909090909090909e-05,0.0018955384615384613,0.000395,0.00142,0.0008059183673469388,0.00016,0.0030872413793103454,3.909090909090909e-05,0.0,0.0018956989247311826,0.00082375,0.00045999999999999996,0.0,0.0003941666666666666,0.0008575384615384616,0.0008486666666666666,0.0005964516129032259,0.0004145370370370371,0.005242342342342344,0.0002477777777777778,0.00022666666666666668,0.0022833333333333334,0.0,5.5714285714285715e-05,0.0003874025974025974,0.00046,0.0031487903225806448,0.0,0.0004407563025210084,0.000897
363000,0.0011494666666666668,0.0009148148148148149,0.0022408333333333334,0.004518307692307692,0.002341392405063291,0.0017700000000000003,0.0026925806451612907,0.001711315789473684,0.0017339240506329112,0.003078125,0.003674814814814815,0.0008724489795918369,0.0053718181818181825,0.0022206060606060605,0.0009609411764705881,2.7916666666666666e-05,0.0017441666666666667,0.005195949367088607,0.005541071428571428,0.0014318666666666667,0.002026615384615385,0.0006055357142857142,0.0033640000000000002,0.001522,0.005316031746031745,0.00027,0.002807258064516129,0.0032022916666666662,0.009600823529411764,0.0017532258064516127,0.0013117333333333334,0.006808846153846155,0.054203269230769235,0.004305975609756097,0.0015161111111111113,0.0015616071428571428,0.0006671052631578948,0.00084,8.265060240963857e-05,0.000155,0.0003571428571428571,0.0032385106382978725,0.0010987500000000001,7.2e-05,0.005102105263157896,0.000623578947368421,0.0005219999999999999,0.0015378947368421053,9.437499999999999e-05,0.002469741379310345,0.00026,0.00013454545454545455,0.0022113076923076925,0.00044333333333333334,0.0018540000000000002,0.0008904081632653062,0.00035,0.003682758620689655,0.00026727272727272727,0.0,0.002267311827956989,0.001225,0.0007583333333333334,0.0,0.0006311111111111112,0.0011333846153846153,0.0012806666666666667,0.0007584946236559142,0.0004568518518518519,0.006741171171171171,0.0004188888888888889,0.0005316666666666667,0.0024066666666666668,7.166666666666667e-05,5.857142857142857e-05,0.0004594805194805195,0.00076,0.003587499999999999,0.0,0.0006169747899159664,0.0015270000000000001
364000,0.0013137333333333332,0.001128888888888889,0.0021616666666666663,0.00456,0.0025054430379746837,0.001772857142857143,0.0027380645161290316,0.0017728947368421052,0.0016448101265822785,0.00276,0.0035664197530864195,0.0008557142857142857,0.00524939393939394,0.0022684848484848487,0.0012042352941176472,6.166666666666667e-05,0.0019294047619047617,0.006034936708860759,0.005168214285714285,0.0015517333333333332,0.0019070769230769228,0.0006673214285714286,0.003499999999999999,0.0017373333333333331,0.0034687301587301585,0.000264,0.0028312903225806447,0.00367375,0.009379294117647055,0.0017298387096774193,0.001404133333333333,0.00643423076923077,0.04886461538461538,0.004737926829268293,0.001406111111111111,0.0015110714285714287,0.0005359210526315789,0.0006663636363636364,6.313253012048193e-05,5.4374999999999994e-05,0.0002957142857142857,0.002652127659574468,0.00089875,6.6e-05,0.005015789473684211,0.0006140000000000001,0.0006205714285714286,0.0016653508771929824,8e-05,0.0023236206896551726,0.00021999999999999998,6.727272727272727e-05,0.0019156923076923075,0.00043249999999999994,0.001508,0.0006963265306122448,0.00025,0.003605862068965517,4e-05,0.0,0.0021221505376344085,0.0008850000000000002,0.00055,0.0,0.0004638888888888889,0.0010313846153846154,0.0009806666666666668,0.0006072043010752687,0.00041425925925925924,0.00580864864864865,0.0003011111111111111,0.0004216666666666667,0.0018033333333333332,5.833333333333333e-05,6.857142857142857e-05,0.0003354545454545454,0.0009707142857142857,0.0035549193548387098,0.0,0.0005108403361344539,0.00165
365000,0.0013797333333333331,0.0011148148148148148,0.0022375000000000003,0.005426307692307693,0.00261379746835443,0.0019185714285714288,0.002575161290322581,0.002164473684210526,0.0017336708860759497,0.0031975,0.0033265432098765436,0.0008873469387755101,0.005787272727272728,0.0026025757575757575,0.0011674117647058825,8.750000000000001e-05,0.0020495238095238097,0.0058853164556962045,0.006367857142857143,0.0017077333333333333,0.0021766153846153845,0.0007332142857142857,0.0039329333333333345,0.0019036666666666666,0.004415714285714286,0.000266,0.002991935483870968,0.0035658333333333327,0.010437411764705884,0.0020080645161290327,0.0015066666666666666,0.0066311538461538465,0.04980961538461538,0.005175121951219512,0.0017227777777777775,0.0019255357142857143,0.0007793421052631578,0.0008999999999999999,6.91566265060241e-05,0.00014437499999999997,0.00046857142857142855,0.003732021276595745,0.0011200000000000001,0.000101,0.005770526315789473,0.0006030526315789473,0.0007908571428571427,0.0020867543859649125,0.000145,0.0027695689655172417,0.000296,0.00013727272727272728,0.0022479230769230775,0.0007875,0.0017180000000000001,0.0010228571428571428,0.000485,0.0036693103448275856,0.0003190909090909091,0.0,0.0025950537634408604,0.0014337500000000001,0.0007233333333333333,0.0,0.0006591666666666666,0.0012224615384615384,0.00127,0.0008802150537634407,0.0005952777777777778,0.007176216216216216,0.0004366666666666667,0.0006016666666666667,0.002193333333333333,7.333333333333333e-05,0.00010142857142857143,0.00038571428571428567,0.0014642857142857144,0.003743951612903226,0.0,0.0006639495798319327,0.00156
366000,0.0011614666666666666,0.0008651851851851851,0.002145,0.004471384615384616,0.0025282278481012655,0.0019414285714285714,0.0024875806451612904,0.001590657894736842,0.001560126582278481,0.00289,0.0032451851851851856,0.0006400000000000002,0.005075151515151515,0.0023003030303030306,0.0010634117647058824,3.4166666666666666e-05,0.0017114285714285714,0.005192911392405063,0.005606428571428572,0.001432666666666667,0.0019140000000000003,0.0005994642857142857,0.003622666666666667,0.001385666666666667,0.0038738095238095237,0.0002,0.0025349999999999995,0.003051458333333333,0.008794117647058822,0.0014461290322580643,0.0014596000000000001,0.005536153846153847,0.04844519230769232,0.004525853658536585,0.0014177777777777778,0.0011866071428571431,0.000574078947368421,0.0006045454545454546,4.27710843373494e-05,0.00013125,4.8571428571428576e-05,0.002485851063829787,0.0009325,7.3e-05,0.005703157894736842,0.0003710526315789474,0.0005001428571428571,0.0015040350877192983,5.75e-05,0.0021006034482758617,0.00022399999999999997,6.181818181818182e-05,0.0020623076923076923,0.0004633333333333334,0.001332,0.00065,0.000245,0.00287551724137931,3.272727272727273e-05,0.0,0.0016905376344086025,0.00082375,0.0004833333333333334,0.0,0.00039472222222222225,0.0008560000000000001,0.0009226666666666667,0.0005637634408602151,0.00036574074074074075,0.0051609909909909905,0.00029666666666666665,0.000355,0.0018833333333333334,7.000000000000001e-05,6.142857142857142e-05,0.0002148051948051948,0.0007171428571428571,0.0031859677419354845,0.0,0.0005146218487394957,0.001228
367000,0.0012008,0.0010085185185185186,0.0019133333333333335,0.004299538461538461,0.00239126582278481,0.0018428571428571428,0.0025317741935483866,0.001959473684210526,0.0017210126582278477,0.0033481249999999995,0.0035411111111111108,0.0009887755102040816,0.006063636363636364,0.00243469696969697,0.001044235294117647,3.291666666666667e-05,0.0018772619047619048,0.005625949367088607,0.006404642857142858,0.0015300000000000001,0.002151230769230769,0.0006514285714285714,0.0035181333333333324,0.0016670000000000003,0.004500793650793651,0.00022199999999999998,0.0031191935483870967,0.003505,0.009279294117647061,0.0017283870967741935,0.0013753333333333332,0.0073276923076923085,0.05538038461538462,0.004727317073170732,0.0016022222222222221,0.0016835714285714286,0.0006923684210526316,0.0010618181818181818,5.6144578313253015e-05,0.00020187499999999996,0.0003657142857142857,0.0027563829787234035,0.00095875,7.3e-05,0.00534,0.0005933684210526315,0.0007501428571428572,0.0017521929824561404,9.84375e-05,0.0024913793103448273,0.000292,0.0001390909090909091,0.002105769230769231,0.0007391666666666666,0.001678,0.000940204081632653,0.00027,0.0032324137931034483,0.0002481818181818182,0.0,0.0020707526881720423,0.0012175,0.0006216666666666666,0.0,0.0005822222222222223,0.0009972307692307691,0.001182,0.000738494623655914,0.0005406481481481482,0.0055875675675675675,0.0005755555555555555,0.00046833333333333335,0.00231,0.0,0.00015857142857142855,0.0004336363636363636,0.0011471428571428572,0.0033646774193548386,0.0,0.0006276470588235293,0.0011680000000000002
368000,0.0012384,0.0010444444444444446,0.0024100000000000002,0.00418276923076923,0.0027730379746835447,0.0018042857142857142,0.0024366129032258065,0.001997894736842105,0.0017236708860759492,0.003528125,0.003450617283950618,0.0009551020408163264,0.00647969696969697,0.0028012121212121215,0.0012228235294117647,6.625e-05,0.0020708333333333334,0.005821139240506329,0.007109285714285715,0.0015899999999999998,0.002066461538461538,0.0007164285714285715,0.0042428,0.001753,0.00500095238095238,0.00025199999999999995,0.002894999999999999,0.003915625,0.009718941176470588,0.0017246774193548384,0.0014107999999999998,0.007033461538461538,0.04624769230769231,0.0043648780487804874,0.0013344444444444445,0.0015085714285714286,0.0006305263157894736,0.0008545454545454544,6.578313253012048e-05,8.9375e-05,0.0003728571428571428,0.002847127659574468,0.00096625,6.400000000000001e-05,0.004855263157894737,0.0005629473684210526,0.000509,0.00160640350877193,8.71875e-05,0.0023023275862068962,0.000272,9.454545454545456e-05,0.002113384615384615,0.000635,0.001565,0.0009224489795918367,0.000265,0.003254827586206896,0.00017636363636363637,0.0,0.0023646236559139782,0.0009224999999999999,0.0005683333333333333,0.0,0.0005136111111111112,0.0011123076923076924,0.0012920000000000002,0.0006712903225806452,0.00047074074074074075,0.005787027027027026,0.0004488888888888889,0.0005533333333333333,0.0021533333333333335,0.0,0.00016428571428571428,0.0003501298701298702,0.0010064285714285715,0.0034481451612903224,0.0,0.00062109243697479,0.001307
369000,0.0012050666666666666,0.001005925925925926,0.0023200000000000004,0.004289999999999999,0.0025551898734177216,0.0015885714285714288,0.002465483870967742,0.0017722368421052633,0.0015574683544303798,0.002795625,0.002747901234567901,0.0007340816326530613,0.005222121212121212,0.001961060606060606,0.0010468235294117645,3.6666666666666666e-05,0.0017266666666666667,0.005226455696202531,0.005408928571428572,0.0014201333333333332,0.001955230769230769,0.0006385714285714286,0.0035725333333333333,0.001549666666666667,0.0037201587301587307,0.00020600000000000002,0.002665645161290322,0.0031687499999999993,0.009007294117647058,0.0015720967741935483,0.0014328,0.005045,0.04475653846153846,0.0046908536585365855,0.001261111111111111,0.0016748214285714285,0.0006569736842105264,0.0008372727272727272,4.8554216867469874e-05,0.000144375,0.0004014285714285714,0.0027393617021276603,0.00106625,8.099999999999999e-05,0.005228947368421053,0.0006085263157894736,0.0005322857142857143,0.0017783333333333336,9.093750000000001e-05,0.0024063793103448277,0.000306,5.272727272727273e-05,0.002151846153846154,0.0005958333333333334,0.0015769999999999998,0.0009028571428571429,0.000245,0.003543103448275862,0.00018,0.0,0.002184516129032258,0.00109,0.0006233333333333333,0.0,0.0005505555555555554,0.0010964615384615386,0.0011226666666666668,0.0007209677419354838,0.0005361111111111111,0.005697207207207207,0.0003222222222222222,0.0006733333333333334,0.0021333333333333334,0.00011666666666666667,0.00015857142857142855,0.0003528571428571429,0.0011278571428571427,0.0034379032258064516,0.0,0.0006507563025210086,0.0017250000000000002
370000,0.0012762666666666664,0.0011288888888888887,0.00218,0.004423076923076923,0.0024156962025316453,0.0019042857142857145,0.0025912903225806462,0.0018028947368421058,0.001730632911392405,0.0034037500000000005,0.0036176543209876545,0.0007806122448979592,0.005500303030303032,0.0021925757575757578,0.0011245882352941175,3.0416666666666666e-05,0.0019042857142857143,0.005600126582278481,0.005541428571428572,0.0013673333333333335,0.002222,0.0006271428571428571,0.003565199999999999,0.001667666666666667,0.00435126984126984,0.000226,0.002804193548387097,0.003161666666666667,0.00959364705882353,0.0016133870967741935,0.0012877333333333335,0.0055615384615384615,0.04898865384615385,0.004872073170731707,0.001446111111111111,0.0014783928571428572,0.0007602631578947368,0.0006745454545454545,6.240963855421687e-05,0.000124375,0.00036,0.0026314893617021278,0.0009599999999999999,7.500000000000001e-05,0.004821052631578947,0.0005961052631578948,0.000496,0.0017828070175438598,8.5e-05,0.0022517241379310343,0.000256,5.909090909090909e-05,0.0018785384615384617,0.00048416666666666665,0.001754,0.0007687755102040815,0.00032,0.003198620689655173,0.0001790909090909091,0.0,0.002085268817204301,0.00089875,0.0005916666666666667,0.0,0.0004791666666666668,0.0010903076923076923,0.0009253333333333332,0.0006303225806451614,0.00043805555555555546,0.005733693693693693,0.0003477777777777778,0.0005366666666666667,0.0021866666666666666,6.166666666666667e-05,5.714285714285715e-05,0.00035571428571428576,0.0011064285714285714,0.0032283064516129036,0.0,0.0005625210084033613,0.001502
371000,0.0010729333333333335,0.0009177777777777779,0.0022441666666666664,0.004030000000000001,0.0025210126582278477,0.0014914285714285713,0.002565483870967742,0.001551315789473684,0.0015644303797468354,0.0033549999999999995,0.002929382716049383,0.0006348979591836734,0.005392727272727273,0.0019812121212121215,0.000944235294117647,3.4166666666666666e-05,0.0016658333333333336,0.005473037974683545,0.005504642857142856,0.001358,0.002081846153846154,0.0005591071428571428,0.0034769333333333325,0.001526,0.004282222222222221,0.00018600000000000002,0.0030211290322580647,0.003252708333333333,0.009613529411764705,0.0015846774193548389,0.0013866666666666667,0.006144615384615384,0.046419038461538456,0.004299878048780488,0.001271111111111111,0.0012580357142857144,0.0005360526315789472,0.0006727272727272728,4.903614457831325e-05,8.874999999999999e-05,0.00027428571428571427,0.0023240425531914893,0.00083125,4.9e-05,0.0044736842105263155,0.0004430526315789474,0.000482,0.0014599999999999997,3.9375e-05,0.001935431034482759,0.00020400000000000003,4.2727272727272724e-05,0.0018512307692307693,0.00046750000000000003,0.001356,0.0006320408163265305,0.000145,0.002850344827586207,0.00014636363636363637,0.0,0.0016586021505376348,0.0007725,0.0004216666666666667,0.0,0.00036166666666666666,0.0008329230769230769,0.0006753333333333333,0.0005146236559139786,0.00034222222222222217,0.0046559459459459464,0.0003133333333333333,0.00019166666666666667,0.00196,0.0,5.2857142857142855e-05,0.0002033766233766234,0.0008200000000000001,0.002997661290322581,0.0,0.0004172268907563025,0.0009569999999999998
372000,0.0011789333333333334,0.0009855555555555557,0.0019266666666666666,0.004022615384615385,0.0023339240506329113,0.0015285714285714284,0.002801129032258065,0.0018397368421052631,0.001682151898734177,0.002973125,0.0033858024691358025,0.0009126530612244898,0.006198787878787879,0.002171363636363636,0.0010568235294117648,3.5000000000000004e-05,0.0018741666666666666,0.005601518987341772,0.0054971428571428576,0.0014709333333333334,0.002085384615384615,0.0007198214285714285,0.003853866666666667,0.0015983333333333333,0.004277619047619047,0.000212,0.0030890322580645157,0.0033991666666666662,0.009796941176470588,0.0016920967741935484,0.0012992,0.005511538461538462,0.05230557692307693,0.004778658536585365,0.0015733333333333333,0.0017835714285714289,0.0006722368421052632,0.0008445454545454545,6.265060240963855e-05,0.00012124999999999999,0.00039428571428571426,0.00269063829787234,0.0010187500000000001,6.9e-05,0.005217894736842105,0.0005310526315789473,0.0006117142857142856,0.0017006140350877194,0.0001125,0.0024955172413793107,0.00027400000000000005,0.00011090909090909093,0.002013,0.0005966666666666667,0.001735,0.0008585714285714285,0.00031,0.0033568965517241393,0.0003118181818181818,0.0,0.0022125806451612903,0.0012025,0.0005533333333333333,0.0,0.00046833333333333335,0.0010873846153846153,0.001016,0.0006184946236559139,0.0005188888888888888,0.005913873873873875,0.0006677777777777779,0.0005700000000000001,0.0022833333333333334,6e-05,6.285714285714286e-05,0.0003919480519480519,0.0010407142857142857,0.0033537903225806446,0.0,0.0006215966386554623,0.001487
373000,0.0012708,0.0010192592592592593,0.0017333333333333335,0.004735846153846154,0.0026413924050632913,0.0016857142857142856,0.0025870967741935483,0.001834736842105263,0.0017489873417721514,0.002929375,0.002822222222222222,0.0007271428571428572,0.005562727272727273,0.002195757575757576,0.0010985882352941177,3.208333333333333e-05,0.0018414285714285715,0.005540759493670886,0.005687857142857141,0.0015136,0.0021915384615384613,0.0007280357142857143,0.003594000000000001,0.0015956666666666665,0.0038382539682539677,0.00023600000000000002,0.0027154838709677422,0.0034245833333333337,0.009735882352941178,0.0017122580645161291,0.0014154666666666665,0.00590923076923077,0.05059865384615385,0.004633902439024391,0.00151,0.0014449999999999999,0.0006839473684210525,0.0008218181818181819,7.759036144578313e-05,0.00011625,0.00027,0.002758829787234043,0.00100375,7.9e-05,0.0049715789473684215,0.0004942105263157895,0.0005807142857142858,0.0015785087719298245,9.59375e-05,0.0022051724137931035,0.000332,0.00010545454545454546,0.001953923076923077,0.0005549999999999999,0.0015530000000000001,0.0009444897959183674,0.000285,0.00301,3.818181818181818e-05,0.0,0.002161720430107527,0.00098375,0.0003983333333333333,0.0,0.00048194444444444446,0.0009915384615384617,0.0009506666666666668,0.0006726881720430108,0.00043361111111111107,0.005008558558558558,0.0003677777777777778,0.00038833333333333336,0.00235,6.166666666666667e-05,7.714285714285714e-05,0.000312987012987013,0.0013821428571428572,0.0031569354838709676,0.0,0.000562436974789916,0.0013
374000,0.0011985333333333333,0.0010018518518518519,0.0019241666666666667,0.004318615384615384,0.002229240506329114,0.0014800000000000002,0.002262903225806452,0.0018307894736842103,0.0016470886075949365,0.002710625,0.002948395061728395,0.0007516326530612245,0.0057248484848484845,0.0023204545454545453,0.0010057647058823531,2.2083333333333333e-05,0.001769047619047619,0.005319493670886076,0.005758928571428572,0.0014162666666666665,0.0018987692307692308,0.0005889285714285713,0.003795733333333334,0.0014409999999999994,0.0035307936507936503,0.000218,0.002667741935483871,0.003233333333333333,0.009639882352941175,0.001722903225806452,0.0011521333333333334,0.005706153846153846,0.046569423076923085,0.004540121951219513,0.0012000000000000001,0.0015846428571428572,0.0005931578947368421,0.0008354545454545454,5.289156626506024e-05,0.00011625,0.0003185714285714286,0.0030394680851063833,0.0009725000000000001,8.400000000000001e-05,0.00544,0.0006004210526315789,0.0005735714285714285,0.001953859649122807,0.00011375,0.0026850000000000008,0.00033800000000000003,0.0001090909090909091,0.002008230769230769,0.0004991666666666667,0.00178,0.0008291836734693877,0.000375,0.0035355172413793104,0.00035272727272727273,0.0,0.0024358064516129033,0.0012637500000000001,0.0005816666666666666,0.0,0.000503888888888889,0.0010907692307692307,0.0010473333333333335,0.0007503225806451614,0.0005218518518518519,0.0065265765765765765,0.0006166666666666667,0.0005716666666666666,0.00233,5.333333333333334e-05,7.999999999999999e-05,0.0005805194805194805,0.0011107142857142856,0.003671774193548387,0.0,0.0005491596638655462,0.002
375000,0.0012501333333333334,0.0010496296296296295,0.0023675000000000002,0.004422769230769231,0.0023936708860759492,0.0015642857142857142,0.0026354838709677416,0.001681842105263158,0.0017900000000000001,0.0032768750000000003,0.00366074074074074,0.0009589795918367347,0.006042121212121211,0.002326060606060606,0.001002705882352941,2.2083333333333333e-05,0.0018486904761904764,0.005737848101265823,0.005394285714285714,0.0014770666666666667,0.0021472307692307693,0.0006166071428571429,0.003667466666666666,0.0015046666666666667,0.0038576190476190477,0.00023,0.0029095161290322584,0.003433333333333333,0.00970670588235294,0.0016396774193548388,0.0013692,0.006463461538461539,0.052686538461538465,0.004605609756097561,0.0013144444444444445,0.0016191071428571428,0.0006627631578947367,0.0008363636363636364,7.783132530120483e-05,9.812500000000001e-05,0.00033,0.002895744680851064,0.00081875,7.4e-05,0.005827894736842106,0.0005757894736842106,0.0005737142857142857,0.0018491228070175439,9.062500000000001e-05,0.002477413793103448,0.00031800000000000003,0.00011818181818181818,0.0019182307692307693,0.0006016666666666667,0.0018389999999999997,0.000856938775510204,0.000245,0.003563103448275862,0.0003981818181818182,0.0,0.002162795698924732,0.00108875,0.0007466666666666667,0.0,0.0004869444444444446,0.0010138461538461538,0.000996,0.0005780645161290324,0.00046203703703703706,0.006003423423423423,0.0003477777777777778,0.00062,0.0018833333333333334,6.166666666666667e-05,6.142857142857142e-05,0.0003963636363636363,0.0014750000000000002,0.003386854838709678,0.0,0.0005278151260504202,0.001768
376000,0.0012909333333333333,0.0010377777777777779,0.0022158333333333335,0.004629076923076923,0.002683924050632912,0.0016614285714285717,0.002681290322580645,0.0016509210526315789,0.0016721518987341771,0.0033775000000000003,0.0026553086419753087,0.0007883673469387754,0.005803030303030303,0.0023015151515151516,0.001139764705882353,3.541666666666666e-05,0.001799642857142857,0.0054893670886075946,0.005055,0.0014488,0.002023076923076923,0.0006010714285714285,0.0037459999999999998,0.0014606666666666665,0.003861587301587302,0.0002,0.0028037096774193547,0.003231875,0.009727647058823528,0.0013843548387096776,0.0013716,0.006380384615384616,0.049400961538461546,0.0043034146341463415,0.0015988888888888888,0.0014530357142857142,0.0007552631578947368,0.000910909090909091,8.313253012048193e-05,0.00017750000000000003,0.00030857142857142856,0.0028343617021276595,0.0009275,7.1e-05,0.00562421052631579,0.0005814736842105263,0.0006837142857142858,0.001625701754385965,9.8125e-05,0.0023925,0.00033600000000000004,6.363636363636364e-05,0.0019639230769230766,0.0005366666666666666,0.0018280000000000002,0.0008379591836734693,0.00036,0.002989310344827586,0.0002509090909090909,0.0,0.002247311827956989,0.0010400000000000001,0.0007183333333333333,0.0,0.0006019444444444444,0.0010475384615384615,0.0010533333333333334,0.000684516129032258,0.0004453703703703704,0.005421441441441442,0.00035555555555555557,0.00042500000000000003,0.0022433333333333333,7.166666666666667e-05,7.285714285714286e-05,0.00040259740259740255,0.0011649999999999998,0.00310758064516129,0.0,0.0005310084033613445,0.001382
377000,0.001191333333333333,0.001007037037037037,0.0020091666666666665,0.004305076923076924,0.002393164556962025,0.0017942857142857142,0.0025622580645161285,0.001786315789473684,0.0015137974683544304,0.003389375,0.003324074074074073,0.0008883673469387755,0.005255151515151515,0.002311060606060606,0.0010568235294117646,3.5833333333333335e-05,0.0017776190476190476,0.005314177215189873,0.005338571428571428,0.0014098666666666664,0.0019573846153846156,0.0006146428571428571,0.003649466666666666,0.0016496666666666667,0.004624920634920635,0.000246,0.0028619354838709675,0.0031458333333333334,0.009287882352941177,0.001545,0.0017624000000000003,0.006948461538461538,0.04876961538461539,0.004408048780487805,0.00157,0.0013962500000000001,0.000531578947368421,0.000801818181818182,6.686746987951809e-05,0.00014187500000000002,0.00026285714285714286,0.0027453191489361702,0.0009249999999999999,6.400000000000001e-05,0.004771052631578947,0.0005102105263157895,0.0005905714285714286,0.0015920175438596492,8.4375e-05,0.0022057758620689654,0.000272,5e-05,0.001966153846153846,0.0004266666666666667,0.0015379999999999999,0.000713469387755102,0.000285,0.002962413793103447,0.00013636363636363637,0.0,0.002094301075268817,0.00093,0.0005616666666666666,0.0,0.0005574999999999999,0.0009173846153846153,0.0009233333333333333,0.0007010752688172043,0.0004349074074074074,0.004917657657657658,0.0003311111111111111,0.000285,0.001996666666666667,0.0,7.428571428571427e-05,0.00035389610389610393,0.0009492857142857143,0.0031019354838709677,0.0,0.0005272268907563026,0.0013260000000000001
378000,0.0011825333333333333,0.001018148148148148,0.0019058333333333338,0.004434615384615384,0.002293291139240506,0.0017042857142857142,0.0026224193548387096,0.0016792105263157896,0.0016426582278481012,0.0029100000000000003,0.002697530864197531,0.0007614285714285715,0.005250909090909091,0.0020809090909090907,0.0010823529411764705,4.6250000000000006e-05,0.0017104761904761904,0.005132658227848102,0.005233928571428572,0.0014144,0.002002461538461538,0.0006425,0.0034496,0.0015276666666666663,0.003557301587301588,0.00021799999999999996,0.002821935483870968,0.003098333333333333,0.009191294117647058,0.0014896774193548388,0.001202,0.00544923076923077,0.04864423076923078,0.004385,0.0015777777777777778,0.0016139285714285713,0.0006436842105263158,0.0008745454545454543,7.289156626506024e-05,0.000148125,0.00023142857142857142,0.0027576595744680846,0.0007825,6.1e-05,0.005586842105263159,0.0005842105263157895,0.0005698571428571428,0.0016943859649122808,0.000101875,0.0024625000000000003,0.00028599999999999996,5.545454545454545e-05,0.002068538461538462,0.00047583333333333337,0.001931,0.0008475510204081632,0.000315,0.0035575862068965513,4.090909090909091e-05,0.0,0.00207,0.00105125,0.0006,0.0,0.0005772222222222221,0.0009730769230769229,0.0011586666666666666,0.000666236559139785,0.00045175925925925933,0.006011351351351353,0.00033666666666666665,0.0003366666666666667,0.0022166666666666667,5.666666666666667e-05,9.857142857142856e-05,0.0003431168831168831,0.001054285714285714,0.003443790322580645,0.0,0.0005590756302521009,0.001375
379000,0.0011137333333333334,0.0008585185185185187,0.002315,0.004088307692307693,0.002194683544303797,0.00167,0.002571935483870967,0.001653421052631579,0.0015450632911392403,0.00309625,0.003007530864197531,0.0007604081632653062,0.0057466666666666655,0.0021613636363636357,0.0009212941176470592,2.9166666666666666e-05,0.0016934523809523812,0.00504506329113924,0.005448214285714285,0.0013022666666666666,0.0019306153846153846,0.0005582142857142858,0.003566133333333333,0.0014370000000000001,0.004317619047619048,0.00021000000000000004,0.0026627419354838706,0.0029929166666666667,0.009257294117647058,0.0016393548387096774,0.0013728000000000002,0.006910384615384615,0.05032019230769231,0.004089634146341463,0.001243888888888889,0.0015828571428571428,0.0006393421052631579,0.0008172727272727272,7.80722891566265e-05,0.00011625,0.00026857142857142856,0.0030039361702127653,0.0007999999999999999,7.3e-05,0.004877368421052632,0.0006027368421052633,0.0005898571428571427,0.0016689473684210524,9.0625e-05,0.0022693965517241376,0.00028599999999999996,0.00010545454545454546,0.002078384615384615,0.0005425,0.0017729999999999998,0.0008102040816326531,0.000255,0.0032786206896551727,3.454545454545455e-05,0.0,0.0019323655913978497,0.0012587499999999999,0.0004766666666666667,0.0,0.0005541666666666668,0.001020153846153846,0.0010626666666666668,0.0006679569892473119,0.0004522222222222223,0.005854504504504504,0.0003133333333333333,0.00044,0.0021566666666666665,0.0,8.428571428571429e-05,0.0003636363636363636,0.0008257142857142857,0.003204596774193549,0.0,0.0005763025210084034,0.001503
380000,0.0011406666666666668,0.0009348148148148149,0.00234,0.003986307692307693,0.0024100000000000002,0.0015414285714285716,0.002695967741935484,0.0016880263157894736,0.0015813924050632913,0.0029993750000000003,0.0030898765432098765,0.0006806122448979592,0.005695151515151514,0.0022236363636363634,0.0009535294117647057,3.625e-05,0.001832261904761905,0.0054746835443037975,0.005460714285714286,0.001457333333333333,0.0018715384615384612,0.0005960714285714286,0.0035785333333333337,0.001566666666666667,0.004076190476190476,0.000218,0.002838225806451613,0.003238333333333334,0.009547176470588234,0.001500967741935484,0.0013395999999999998,0.006001153846153846,0.05104442307692308,0.004201829268292683,0.00141,0.0014969642857142855,0.0005960526315789475,0.0007836363636363635,6.843373493975903e-05,0.0001375,0.00024857142857142857,0.0032497872340425536,0.00084875,8e-05,0.005771052631578948,0.0006236842105263158,0.0005517142857142858,0.0017047368421052632,0.00010875,0.002618965517241379,0.000268,5.909090909090909e-05,0.0019723846153846154,0.0005066666666666667,0.0017330000000000002,0.000733673469387755,0.000395,0.0035155172413793103,0.00017363636363636363,0.0,0.002112688172043011,0.00128125,0.0005899999999999999,0.0,0.000535,0.0010116923076923076,0.0010906666666666667,0.0006153763440860216,0.00044620370370370376,0.006229819819819821,0.0005911111111111112,0.00044500000000000003,0.0019066666666666668,0.00011,8.142857142857142e-05,0.0003955844155844156,0.0010450000000000001,0.003459435483870968,0.0,0.00048151260504201683,0.001476
381000,0.0011941333333333334,0.0009766666666666667,0.0022066666666666667,0.004564153846153846,0.002263164556962025,0.0015128571428571428,0.0026788709677419355,0.00159,0.0015797468354430378,0.0027956250000000004,0.003187407407407407,0.0007030612244897958,0.005482121212121212,0.002001969696969697,0.001003764705882353,3.9166666666666665e-05,0.0017324999999999999,0.005067215189873418,0.005260714285714285,0.0013313333333333335,0.0018783076923076924,0.0005621428571428572,0.0034582666666666674,0.0015020000000000003,0.003868253968253968,0.00022,0.0027693548387096776,0.0030627083333333335,0.008874470588235294,0.0015556451612903225,0.0014165333333333334,0.0058,0.04628557692307693,0.004169268292682927,0.0015172222222222223,0.0014417857142857145,0.000568157894736842,0.0005818181818181818,5.7469879518072286e-05,8.75e-05,0.0002142857142857143,0.002835425531914894,0.0008812499999999999,0.00013700000000000002,0.005886842105263157,0.0005269473684210526,0.0004668571428571429,0.0015704385964912281,9.375e-05,0.002259396551724138,0.000304,5.545454545454545e-05,0.0018579230769230769,0.000505,0.0015869999999999999,0.0007365306122448979,0.000305,0.00302448275862069,0.00012909090909090908,0.0,0.002096774193548387,0.00091625,0.0005466666666666667,0.0,0.00039944444444444446,0.0009652307692307693,0.0009580000000000001,0.0006223655913978494,0.0004030555555555555,0.005534504504504504,0.0002855555555555556,0.00038333333333333334,0.001956666666666667,0.0,7.428571428571427e-05,0.00032142857142857147,0.0006742857142857143,0.0032166935483870967,0.0,0.0005142857142857143,0.001424
382000,0.0012232000000000005,0.0009296296296296296,0.0018641666666666667,0.004478,0.0021235443037974687,0.0017085714285714287,0.002605967741935484,0.0017281578947368423,0.0016434177215189874,0.002956875,0.0029555555555555555,0.0006683673469387756,0.005762727272727272,0.0022433333333333337,0.0009749411764705883,3.25e-05,0.0016263095238095236,0.0051851898734177225,0.005492142857142858,0.0013164,0.001959230769230769,0.0005008928571428571,0.0035739999999999995,0.0014396666666666668,0.003896507936507937,0.00020599999999999997,0.002759516129032258,0.0029341666666666665,0.009300588235294118,0.0015119354838709679,0.0012774666666666666,0.005318076923076924,0.05586134615384616,0.0046532926829268295,0.0016261111111111114,0.0015542857142857144,0.0006036842105263158,0.0006172727272727274,5.927710843373494e-05,0.00010375,0.0003028571428571429,0.0027151063829787235,0.00075625,6.3e-05,0.0053173684210526305,0.000537263157894737,0.0004964285714285715,0.0013894736842105261,7.78125e-05,0.002202586206896552,0.00026,5.909090909090909e-05,0.001829384615384615,0.0005366666666666666,0.0015699999999999998,0.0007818367346938775,0.00041,0.0031779310344827593,0.00015727272727272728,0.0,0.0020459139784946238,0.0009075,0.00046499999999999997,0.0,0.0005022222222222222,0.0008978461538461539,0.0010306666666666667,0.0005419354838709677,0.0004156481481481481,0.0054890990990991,0.0003066666666666667,0.0003966666666666667,0.0018099999999999998,0.0,7.428571428571427e-05,0.000315974025974026,0.0008914285714285714,0.003159032258064517,0.0,0.0004522689075630252,0.0011090000000000002
383000,0.0011883999999999998,0.0009866666666666665,0.00196,0.004329076923076923,0.0023799999999999997,0.0016742857142857143,0.002544193548387097,0.001653026315789474,0.0015787341772151898,0.0026724999999999995,0.0029755555555555555,0.0007646938775510204,0.005568484848484849,0.002318939393939394,0.0009474117647058824,2.9166666666666666e-05,0.0016140476190476187,0.005395063291139241,0.005328571428571428,0.0012748,0.0019764615384615385,0.0005523214285714286,0.0036610666666666673,0.0014526666666666666,0.003576984126984126,0.00020400000000000003,0.0025806451612903226,0.0031316666666666663,0.009299764705882355,0.0015427419354838712,0.0012044,0.006287307692307693,0.049599423076923076,0.004460243902439023,0.0013783333333333332,0.0015228571428571429,0.0005097368421052632,0.0006690909090909091,6.686746987951808e-05,0.000110625,0.0002228571428571429,0.0026036170212765954,0.00092625,5.9999999999999995e-05,0.005247368421052632,0.0004817894736842105,0.00046385714285714286,0.001497456140350877,2.7187500000000004e-05,0.0022395689655172416,0.00022399999999999997,4.454545454545455e-05,0.002043461538461538,0.0005333333333333334,0.0015359999999999998,0.0007983673469387756,0.000305,0.0031789655172413792,0.00016545454545454545,0.0,0.002074516129032258,0.0009875,0.00045000000000000004,0.0,0.0003650000000000001,0.0009164615384615385,0.0009946666666666667,0.0005419354838709678,0.0003812037037037037,0.005612702702702703,0.00027,0.000325,0.0016799999999999999,0.0,6.428571428571429e-05,0.0003041558441558441,0.0008857142857142856,0.0032990322580645167,0.0,0.0004863025210084034,0.0013809999999999998
384000,0.0011802666666666669,0.0009455555555555557,0.0022175,0.004601384615384616,0.0020724050632911395,0.001872857142857143,0.0026333870967741933,0.0015880263157894738,0.0015901265822784812,0.002846875,0.0029170370370370374,0.0007638775510204082,0.006017575757575758,0.0021657575757575757,0.000932,3.208333333333333e-05,0.0016964285714285716,0.00559493670886076,0.005753571428571428,0.0012509333333333332,0.0022178461538461536,0.0005435714285714286,0.003265333333333333,0.0013696666666666668,0.003744761904761905,0.000172,0.0026448387096774193,0.003215833333333333,0.009929294117647059,0.0015430645161290323,0.0012057333333333332,0.006700000000000001,0.05419557692307692,0.0046960975609756095,0.0014705555555555557,0.0013780357142857142,0.000540921052631579,0.0006890909090909091,6.63855421686747e-05,9.4375e-05,0.00026285714285714286,0.002651914893617021,0.0008975,7.500000000000001e-05,0.00604,0.0005530526315789474,0.0005674285714285715,0.0016572807017543858,3.1875e-05,0.0022294827586206893,0.000226,5.272727272727273e-05,0.0020706153846153843,0.0005166666666666667,0.001652,0.0007420408163265307,0.00032,0.0033782758620689657,0.00016545454545454545,0.0,0.0019431182795698926,0.0010025000000000001,0.0004883333333333333,0.0,0.00040305555555555553,0.0008692307692307693,0.0009026666666666665,0.0005993548387096774,0.00039648148148148154,0.005863693693693694,0.00030777777777777775,0.00037666666666666664,0.0018966666666666665,0.0,6.571428571428571e-05,0.0003925974025974026,0.0010557142857142855,0.003281854838709677,0.0,0.0005218487394957983,0.0015
385000,0.0011873333333333332,0.000961851851851852,0.0019566666666666665,0.004338923076923077,0.002315316455696203,0.0016857142857142856,0.002769193548387097,0.001699078947368421,0.0016263291139240507,0.002920625,0.003123456790123457,0.0007175510204081632,0.006222727272727273,0.0022990909090909095,0.0009941176470588235,3.75e-05,0.0017828571428571429,0.005234177215189873,0.005829285714285715,0.0013001333333333333,0.001987692307692308,0.0005796428571428572,0.003673200000000001,0.0014900000000000004,0.004144603174603175,0.00022799999999999999,0.003051935483870968,0.003126458333333333,0.009070235294117648,0.0016437096774193551,0.0012713333333333335,0.006870384615384615,0.04994269230769231,0.0046354878048780485,0.0013572222222222223,0.0016382142857142856,0.0006992105263157895,0.0007945454545454547,8.481927710843374e-05,0.000138125,0.00035,0.002974999999999999,0.0009662500000000001,7.3e-05,0.005112631578947369,0.0006367368421052632,0.000651,0.0018292105263157895,9e-05,0.002284051724137931,0.000308,0.00010181818181818181,0.0020596153846153846,0.0005775,0.001788,0.0007738775510204081,0.000265,0.0031620689655172413,0.0002809090909090909,0.0,0.00212752688172043,0.00107375,0.000595,0.0,0.0005186111111111111,0.0010676923076923075,0.0011553333333333335,0.0006280645161290322,0.0004627777777777777,0.0061442342342342355,0.0005422222222222223,0.0004816666666666667,0.0018033333333333332,5.333333333333334e-05,0.00011142857142857144,0.00041220779220779225,0.0012207142857142857,0.0032346774193548387,0.0,0.0005798319327731092,0.0015990000000000002
386000,0.001286533333333333,0.0010892592592592594,0.0022308333333333334,0.004340923076923076,0.002448101265822785,0.0018571428571428573,0.002806129032258064,0.0018006578947368421,0.0016746835443037977,0.0029425,0.003214938271604938,0.0006773469387755102,0.006490909090909091,0.0022013636363636367,0.001032,3.3333333333333335e-05,0.0017701190476190477,0.005469746835443038,0.005953928571428573,0.0014325333333333335,0.0021904615384615387,0.0006553571428571427,0.003756266666666667,0.0015306666666666667,0.004196984126984127,0.00024200000000000003,0.0030285483870967746,0.0033195833333333337,0.009854235294117646,0.0015575806451612905,0.0012736,0.006407692307692307,0.05321980769230768,0.004731951219512195,0.0014238888888888888,0.001602142857142857,0.0007459210526315789,0.0007136363636363638,8.349397590361445e-05,0.000134375,0.0002585714285714286,0.00312659574468085,0.0009537500000000001,7.2e-05,0.005674736842105264,0.0006587368421052632,0.0005842857142857143,0.001895438596491228,7.843749999999999e-05,0.002308706896551724,0.00027600000000000004,5.272727272727273e-05,0.0021545384615384616,0.0005891666666666667,0.0019099999999999998,0.0008187755102040817,0.00035,0.0032724137931034484,0.00016272727272727272,0.0,0.0021912903225806456,0.0010350000000000001,0.0005316666666666667,0.0,0.0004602777777777778,0.0009695384615384617,0.0010733333333333333,0.000668494623655914,0.00046787037037037045,0.006089369369369369,0.00039666666666666664,0.00047999999999999996,0.0021866666666666666,6.166666666666667e-05,7.999999999999999e-05,0.00037831168831168834,0.0009914285714285713,0.003294354838709677,0.0,0.0005821008403361343,0.0016480000000000002
387000,0.0012790666666666662,0.0010462962962962963,0.0023808333333333338,0.00477476923076923,0.00258126582278481,0.001817142857142857,0.002550161290322581,0.0019119736842105265,0.0017429113924050637,0.0034437499999999998,0.0034117283950617283,0.0007989795918367347,0.006156060606060606,0.0023977272727272727,0.001102235294117647,4.125e-05,0.00195,0.005679746835443037,0.005926071428571428,0.0015430666666666664,0.0022106153846153847,0.0006817857142857144,0.003989866666666667,0.0017093333333333333,0.004539999999999999,0.000226,0.0031167741935483875,0.00357375,0.010042588235294117,0.0018448387096774198,0.0014029333333333335,0.006251153846153846,0.04746557692307693,0.004874268292682927,0.0014005555555555553,0.0017826785714285716,0.0007327631578947368,0.0008127272727272727,8.253012048192771e-05,0.00011062499999999999,0.00026,0.0027960638297872343,0.0010425,7.500000000000001e-05,0.0052073684210526315,0.0006654736842105263,0.0005865714285714286,0.0017964912280701755,0.0001159375,0.00250801724137931,0.00033800000000000003,5.454545454545454e-05,0.0021999999999999997,0.0005275,0.0019890000000000003,0.0008640816326530613,0.000305,0.0037624137931034484,0.00016818181818181816,0.0,0.0022760215053763445,0.00109125,0.0005533333333333333,0.0,0.0004972222222222222,0.0009927692307692309,0.0011426666666666668,0.0007119354838709678,0.0005389814814814814,0.006142342342342341,0.00040666666666666667,0.000495,0.002263333333333333,6e-05,9e-05,0.00038116883116883117,0.0011542857142857142,0.0036869354838709686,0.0,0.0006160504201680674,0.0015890000000000001
388000,0.0011530666666666666,0.0009059259259259261,0.0019383333333333334,0.0041518461538461535,0.0023184810126582276,0.0017457142857142858,0.002355161290322581,0.0017202631578947364,0.0016006329113924052,0.0031118749999999996,0.0030803703703703705,0.0007344897959183672,0.0053872727272727275,0.002288030303030303,0.0009644705882352941,3.5000000000000004e-05,0.0017405952380952381,0.005109493670886076,0.005307142857142857,0.0014210666666666667,0.0019524615384615388,0.000644107142857143,0.003673466666666667,0.0015273333333333332,0.004297142857142856,0.000214,0.0025703225806451616,0.0030102083333333335,0.008948470588235294,0.0016193548387096774,0.001334,0.005843076923076924,0.05001,0.0042576829268292675,0.0013361111111111113,0.0015125,0.0006773684210526317,0.0007972727272727273,6.710843373493976e-05,0.000135625,0.00034857142857142856,0.0026387234042553193,0.0009699999999999999,7.6e-05,0.005107368421052631,0.0006323157894736843,0.0005921428571428572,0.0016157894736842102,9.218750000000001e-05,0.0022489655172413794,0.000274,5.090909090909091e-05,0.0019960000000000004,0.00048416666666666665,0.0018499999999999999,0.0008269387755102041,0.00032,0.0033579310344827584,0.00013363636363636363,0.0,0.00200741935483871,0.0010225,0.0005116666666666667,0.0,0.0005583333333333333,0.0009636923076923078,0.0010153333333333334,0.0006646236559139785,0.0004539814814814815,0.0058301801801801814,0.0003355555555555556,0.00044166666666666665,0.0019666666666666665,0.0,7.857142857142858e-05,0.0003693506493506494,0.0008564285714285715,0.003322016129032258,0.0,0.0005321008403361344,0.001453
389000,0.0011211999999999997,0.0009248148148148149,0.0020033333333333335,0.004246923076923077,0.002330886075949367,0.0016742857142857145,0.0024453225806451615,0.0016893421052631575,0.0015841772151898735,0.0029187500000000003,0.002765679012345679,0.0007493877551020407,0.005556060606060606,0.0025774242424242426,0.0010102352941176469,4e-05,0.0016675,0.00489620253164557,0.005589285714285714,0.0013377333333333334,0.0019989230769230774,0.0005660714285714286,0.0036949333333333337,0.0015270000000000001,0.004179365079365079,0.0002,0.0025972580645161293,0.00287875,0.009257882352941177,0.001768064516129032,0.0014177333333333336,0.00651,0.05046961538461538,0.004276463414634147,0.001425,0.0015126785714285715,0.0005655263157894737,0.0006736363636363637,5.433734939759036e-05,7.999999999999999e-05,0.00027,0.002620957446808511,0.0008049999999999999,6.2e-05,0.004934736842105263,0.0005450526315789473,0.0005271428571428572,0.0015390350877192982,8.5e-05,0.0021635344827586208,0.000218,4.545454545454546e-05,0.0019251538461538462,0.0004391666666666667,0.001719,0.0007646938775510203,0.000285,0.003221034482758622,0.00012181818181818183,0.0,0.001951935483870968,0.0008749999999999999,0.0004916666666666667,0.0,0.0005036111111111113,0.0008576923076923077,0.0009993333333333334,0.0005968817204301076,0.0003943518518518519,0.005814054054054054,0.00028000000000000003,0.000405,0.0019033333333333333,0.0,6.142857142857142e-05,0.0003646753246753246,0.0008085714285714286,0.0032799193548387097,0.0,0.0004902521008403361,0.0015249999999999999
390000,0.0011868000000000002,0.0009507407407407407,0.0019375,0.004398923076923077,0.0024362025316455693,0.001757142857142857,0.002350806451612903,0.0016343421052631578,0.001577341772151899,0.002924375,0.002750987654320988,0.0006624489795918368,0.005292727272727273,0.002322272727272727,0.0009271764705882353,3.5833333333333335e-05,0.0017278571428571427,0.005214050632911393,0.005338571428571429,0.001387066666666667,0.0018793846153846152,0.0005966071428571429,0.0035607999999999994,0.0014443333333333333,0.003832857142857143,0.00020800000000000001,0.002607741935483871,0.0030333333333333336,0.009760117647058824,0.001481451612903226,0.0012847999999999998,0.006053076923076924,0.05124519230769231,0.004513048780487805,0.0013411111111111113,0.0015132142857142857,0.0005281578947368421,0.0007918181818181818,6.686746987951808e-05,8.6875e-05,0.00023142857142857142,0.002622127659574468,0.00083625,6.8e-05,0.005206842105263157,0.0005387368421052631,0.0005239999999999999,0.0015455263157894738,9.34375e-05,0.0021962931034482758,0.000246,5e-05,0.0018739230769230768,0.0004858333333333333,0.001624,0.0007734693877551019,0.000245,0.0032644827586206892,0.00011909090909090909,0.0,0.0019296774193548387,0.000905,0.0005216666666666667,0.0,0.0004786111111111112,0.0008766153846153846,0.0009986666666666666,0.0005969892473118279,0.00038111111111111115,0.005578648648648649,0.00030777777777777775,0.000415,0.0020033333333333335,0.0,7.428571428571427e-05,0.0003183116883116883,0.0009792857142857144,0.0032557258064516126,0.0,0.0005122689075630251,0.001352
391000,0.0012333333333333332,0.0009414814814814815,0.0020833333333333333,0.00432876923076923,0.002309620253164557,0.0016985714285714288,0.002427903225806452,0.0016777631578947366,0.0015477215189873418,0.002976875,0.0027182716049382713,0.0006524489795918367,0.005250606060606061,0.002257121212121212,0.0009276470588235295,3.75e-05,0.001650952380952381,0.005137721518987342,0.005175357142857142,0.001312666666666667,0.001772769230769231,0.0005842857142857143,0.0035908,0.001524,0.0036853968253968256,0.000198,0.00253241935483871,0.0029104166666666666,0.008906117647058823,0.0014709677419354839,0.0012256,0.005826153846153846,0.04886192307692307,0.004453536585365855,0.0013372222222222223,0.0015735714285714287,0.0006249999999999999,0.0007300000000000001,7.686746987951807e-05,0.0001175,0.0002514285714285714,0.0031014893617021273,0.000945,8.099999999999999e-05,0.0056636842105263156,0.0005765263157894737,0.000554857142857143,0.0016960526315789473,8.65625e-05,0.0023840517241379314,0.000258,5.181818181818182e-05,0.001954769230769231,0.0005341666666666666,0.0018029999999999997,0.0008110204081632653,0.00027,0.003383448275862068,0.00015999999999999999,0.0,0.0022237634408602148,0.00101125,0.0005883333333333334,0.0,0.0004866666666666667,0.0009661538461538463,0.0011526666666666666,0.0006149462365591398,0.00043481481481481474,0.006211891891891892,0.00035222222222222225,0.00044500000000000003,0.002003333333333333,0.0,6.571428571428571e-05,0.00037298701298701297,0.0011678571428571428,0.003375887096774193,0.0,0.0005601680672268907,0.0016320000000000002
392000,0.0011670666666666666,0.0009118518518518518,0.002075,0.0042592307692307695,0.0024621518987341775,0.0017014285714285714,0.0024888709677419346,0.0016330263157894739,0.0015615189873417722,0.0028181250000000003,0.003034444444444444,0.0007195918367346939,0.005266969696969697,0.002242727272727273,0.0009983529411764704,3.5833333333333335e-05,0.0017539285714285712,0.004987088607594937,0.005059999999999999,0.0013205333333333334,0.0019913846153846154,0.0005571428571428571,0.003629066666666668,0.0014793333333333332,0.004002857142857143,0.000202,0.0026822580645161293,0.002806666666666667,0.008777411764705883,0.0016137096774193548,0.0012996,0.005994230769230769,0.047280961538461536,0.004496951219512196,0.0014072222222222223,0.0015960714285714283,0.0005819736842105263,0.0007945454545454545,6.855421686746989e-05,0.000140625,0.0002814285714285714,0.002863829787234042,0.00097625,7.1e-05,0.005166315789473684,0.0006014736842105262,0.0005539999999999999,0.0016259649122807014,0.0001021875,0.002296293103448276,0.00027800000000000004,5.8181818181818185e-05,0.0019933076923076927,0.0005291666666666667,0.0018679999999999999,0.0008279591836734693,0.00027,0.0033437931034482763,0.00024090909090909092,0.0,0.0021723655913978494,0.0009925,0.0005716666666666666,0.0,0.0005083333333333334,0.0009784615384615385,0.0011873333333333332,0.0006043010752688172,0.0004471296296296296,0.00588144144144144,0.0003444444444444445,0.0003966666666666667,0.0019266666666666668,6e-05,6.285714285714286e-05,0.0003794805194805195,0.0011407142857142855,0.0032712903225806445,0.0,0.0005808403361344539,0.001575
393000,0.0011773333333333334,0.0009866666666666667,0.0022958333333333333,0.004448153846153847,0.002407721518987342,0.0017442857142857143,0.0026048387096774183,0.0017193421052631576,0.0016231645569620254,0.00295125,0.0032237037037037035,0.0007506122448979592,0.0060051515151515154,0.002410454545454545,0.000987764705882353,3.875e-05,0.0018469047619047623,0.005222911392405063,0.005654642857142857,0.0013726666666666668,0.002146923076923077,0.0006073214285714285,0.003648,0.0014936666666666668,0.004087301587301587,0.00020600000000000002,0.002800806451612903,0.003045208333333334,0.009454705882352941,0.00161,0.0013358666666666668,0.006574230769230771,0.05063346153846153,0.004678536585365854,0.0014927777777777778,0.0016321428571428574,0.0006963157894736842,0.0008263636363636363,6.590361445783133e-05,0.00012625,0.0003128571428571429,0.0029986170212765962,0.0009350000000000001,7.7e-05,0.00597263157894737,0.0006268421052631578,0.0006154285714285713,0.0017495614035087721,9.46875e-05,0.002421293103448276,0.00028,5.454545454545454e-05,0.0020582307692307692,0.0005091666666666666,0.0019660000000000003,0.0008487755102040816,0.00033,0.0035396551724137934,0.0002554545454545455,0.0,0.002198494623655914,0.0010550000000000002,0.00061,0.0,0.0005163888888888889,0.000988923076923077,0.0011313333333333334,0.0006774193548387097,0.00044648148148148146,0.006184414414414416,0.00032888888888888887,0.000475,0.0020199999999999997,0.0,6.571428571428571e-05,0.00039415584415584417,0.0009785714285714285,0.0034524999999999994,0.0,0.0005756302521008404,0.001626
394000,0.0012984,0.001024074074074074,0.00213,0.004833692307692307,0.002451139240506329,0.00186,0.0025319354838709675,0.0017663157894736838,0.0016162025316455695,0.00289,0.002898888888888889,0.0007151020408163266,0.005835454545454546,0.0022543939393939393,0.0010048235294117646,3.458333333333333e-05,0.0018141666666666664,0.005221012658227848,0.005752142857142857,0.0013492,0.0020229230769230767,0.0006349999999999999,0.003761866666666666,0.001525666666666667,0.003927301587301587,0.000226,0.0025943548387096778,0.00298875,0.00922458823529412,0.0015183870967741934,0.0013270666666666668,0.005408076923076923,0.051011346153846164,0.0051048780487804885,0.001458888888888889,0.0017333928571428572,0.0007382894736842105,0.0008018181818181816,8.698795180722891e-05,0.00014,0.00035714285714285714,0.0033401063829787236,0.00092125,8.499999999999999e-05,0.005787894736842106,0.0006330526315789474,0.0006182857142857142,0.0018247368421052633,9.84375e-05,0.002544396551724138,0.000296,6.181818181818182e-05,0.0021294615384615384,0.0006175,0.0020139999999999997,0.000996734693877551,0.000285,0.003756551724137931,0.00031363636363636365,0.0,0.0024203225806451612,0.0011350000000000002,0.0005916666666666667,0.0,0.0005180555555555556,0.0010236923076923077,0.0011733333333333333,0.0006541935483870969,0.0005141666666666667,0.0068237837837837835,0.0003733333333333334,0.0005016666666666666,0.00227,6e-05,6.857142857142857e-05,0.0003820779220779221,0.0010264285714285714,0.003675806451612903,0.0,0.0006015126050420167,0.0017850000000000001
395000,0.0012690666666666664,0.000995925925925926,0.00223,0.004733384615384614,0.0022451898734177217,0.0018300000000000002,0.002629193548387097,0.0017978947368421053,0.0016655696202531646,0.0029381249999999998,0.003038024691358025,0.000706326530612245,0.005873636363636364,0.002278939393939394,0.0010023529411764705,3.625e-05,0.001816428571428571,0.005321139240506329,0.005525357142857143,0.0013565333333333334,0.0020583076923076926,0.0006492857142857143,0.0037106666666666664,0.0015059999999999997,0.004071269841269841,0.00021799999999999996,0.002779677419354839,0.0030231249999999998,0.009264,0.0016887096774193546,0.0013250666666666667,0.006403846153846154,0.050946730769230765,0.004894268292682927,0.0015511111111111112,0.0017328571428571432,0.0006977631578947369,0.0008472727272727273,8.144578313253013e-05,0.00016437500000000002,0.00038,0.00309968085106383,0.00099,8.6e-05,0.005625789473684211,0.0006167368421052632,0.0006364285714285714,0.0017535087719298247,0.00011,0.002461896551724138,0.000302,6.181818181818182e-05,0.0022028461538461538,0.0005383333333333333,0.002061,0.0009724489795918367,0.000335,0.0035924137931034484,0.0003018181818181818,0.0,0.0023470967741935486,0.0012799999999999999,0.0005799999999999999,0.0,0.0005725,0.0010578461538461538,0.0011186666666666667,0.0007072043010752688,0.0005110185185185185,0.006533333333333333,0.0003722222222222222,0.0005516666666666668,0.0023033333333333334,6.5e-05,6.714285714285714e-05,0.0003835064935064935,0.0009814285714285712,0.0036009677419354836,0.0,0.0006531932773109243,0.0016719999999999999
396000,0.0012615999999999999,0.0010255555555555556,0.002205,0.004713384615384615,0.002356835443037975,0.0018685714285714284,0.0026654838709677417,0.0017363157894736837,0.0016767088607594937,0.002869375,0.0032940740740740743,0.0006883673469387756,0.005503333333333334,0.0023386363636363635,0.0010421176470588234,3.625e-05,0.0017828571428571429,0.0054610126582278476,0.0056575,0.0013982666666666668,0.001918,0.0006480357142857144,0.003655600000000001,0.0015509999999999999,0.003668730158730158,0.000226,0.0027140322580645167,0.0031518749999999997,0.00942529411764706,0.0015851612903225805,0.0012937333333333334,0.006635769230769231,0.04799250000000001,0.004947439024390244,0.0014827777777777777,0.0016642857142857143,0.0006580263157894738,0.0008381818181818181,7.987951807228917e-05,0.00015125,0.0003242857142857143,0.0030041489361702124,0.0009075000000000001,7.9e-05,0.005505263157894736,0.0005975789473684211,0.00065,0.0017404385964912283,0.000106875,0.002318706896551724,0.00027600000000000004,5.909090909090909e-05,0.002016230769230769,0.0005216666666666667,0.001919,0.0009020408163265306,0.00032,0.0034858620689655166,0.00027000000000000006,0.0,0.0022536559139784943,0.00111125,0.0005816666666666666,0.0,0.0005633333333333333,0.000989076923076923,0.0010886666666666668,0.0006666666666666668,0.0004919444444444444,0.006287027027027026,0.00035222222222222225,0.000475,0.0020700000000000002,6.166666666666667e-05,6.571428571428571e-05,0.0003925974025974026,0.0010535714285714285,0.0034419354838709673,0.0,0.000580672268907563,0.001531
397000,0.0012758666666666666,0.0010092592592592594,0.0021275,0.004639538461538461,0.0023639240506329114,0.0018257142857142858,0.0025935483870967745,0.0017096052631578947,0.001599873417721519,0.002866875,0.002984320987654321,0.0006528571428571429,0.00544969696969697,0.0022415151515151515,0.0010256470588235296,3.9166666666666665e-05,0.0017980952380952382,0.005322278481012657,0.0055025,0.0014128,0.0019835384615384615,0.0006230357142857143,0.0036813333333333333,0.0015466666666666665,0.0037649206349206336,0.000218,0.002588548387096775,0.0030674999999999995,0.009430235294117646,0.0015519354838709673,0.0013749333333333334,0.006188846153846152,0.04979750000000001,0.004909268292682926,0.0014611111111111112,0.001622857142857143,0.0006577631578947368,0.0008172727272727274,7.421686746987952e-05,0.00012875,0.0002814285714285714,0.0029893617021276597,0.00089625,8.7e-05,0.0056163157894736845,0.000610421052631579,0.0005944285714285714,0.0017617543859649125,0.00010031249999999999,0.00233853448275862,0.00027600000000000004,6e-05,0.002103307692307692,0.0005091666666666667,0.0018259999999999995,0.0008804081632653062,0.0003,0.0035013793103448273,0.0002690909090909091,0.0,0.00221741935483871,0.00106,0.0005533333333333333,0.0,0.0005138888888888888,0.0010158461538461539,0.001056,0.0006703225806451613,0.0004783333333333334,0.006234684684684683,0.0003577777777777778,0.00046166666666666665,0.0020133333333333336,6e-05,6.285714285714286e-05,0.0003346753246753247,0.0009700000000000002,0.0034400806451612897,0.0,0.0005765546218487394,0.0016480000000000002
398000,0.0012056,0.0009570370370370371,0.002061666666666667,0.004340461538461539,0.0021468354430379745,0.0016914285714285714,0.0025879032258064516,0.0016181578947368422,0.0015522784810126583,0.00274375,0.002891728395061728,0.0006461224489795918,0.005438484848484849,0.0021519696969696978,0.0009905882352941177,4.25e-05,0.0017042857142857144,0.005033164556962026,0.0051285714285714285,0.0013209333333333334,0.0018633846153846157,0.0005751785714285714,0.0035286666666666674,0.0014963333333333335,0.0036492063492063495,0.000198,0.0025624193548387103,0.0028747916666666666,0.008822823529411763,0.0014903225806451612,0.0012166666666666667,0.005871538461538462,0.04896519230769232,0.004636829268292683,0.0013872222222222222,0.0014873214285714286,0.0006110526315789474,0.0007636363636363636,6.421686746987952e-05,9.937499999999999e-05,0.0002442857142857143,0.0028954255319148946,0.0008025,7.1e-05,0.00532,0.0005773684210526316,0.0005612857142857143,0.0016956140350877192,8.46875e-05,0.002269827586206896,0.00026,5.363636363636364e-05,0.0019216923076923076,0.00047666666666666663,0.0016599999999999996,0.0007979591836734693,0.000265,0.0034248275862068978,0.00025,0.0,0.002133440860215054,0.0009912500000000002,0.0005266666666666666,0.0,0.00047805555555555557,0.0008969230769230768,0.0009740000000000001,0.0006051612903225806,0.0004159259259259259,0.006253063063063063,0.0003155555555555555,0.00042500000000000003,0.00201,0.0,6.428571428571429e-05,0.00032181818181818185,0.0008557142857142857,0.0033414516129032256,0.0,0.0004884033613445378,0.0015530000000000001
399000,0.0012550666666666667,0.000997037037037037,0.0021583333333333333,0.004572923076923077,0.002285696202531646,0.0018057142857142857,0.00255483870967742,0.0016846052631578944,0.0016253164556962023,0.0029006250000000004,0.0029480246913580247,0.0007044897959183674,0.0055657575757575755,0.002264848484848485,0.001018470588235294,4.0833333333333334e-05,0.001771309523809524,0.005221898734177216,0.005418928571428572,0.0013782666666666667,0.001992153846153846,0.0006180357142857143,0.0036506666666666666,0.001527333333333333,0.003704920634920635,0.000212,0.002651451612903226,0.003040625,0.009237764705882353,0.0015801612903225805,0.0013022666666666666,0.006011153846153846,0.049284038461538456,0.004749512195121952,0.001381666666666667,0.0016451785714285715,0.0006782894736842106,0.0008281818181818181,7.096385542168676e-05,0.000125,0.0002757142857142857,0.002930957446808511,0.0009025,8e-05,0.005618421052631579,0.0006089473684210527,0.0005847142857142856,0.0017769298245614035,8.8125e-05,0.0023630172413793104,0.00028599999999999996,5.545454545454545e-05,0.002109230769230769,0.0005158333333333333,0.001782,0.0008869387755102039,0.000295,0.003528620689655172,0.00026454545454545453,0.0,0.0022291397849462367,0.00103125,0.0005650000000000001,0.0,0.0005194444444444444,0.0009744615384615384,0.0010926666666666665,0.0006739784946236559,0.00047490740740740745,0.006246936936936937,0.00036333333333333335,0.00045499999999999995,0.00222,5.666666666666667e-05,6.428571428571429e-05,0.0003712987012987013,0.0009407142857142857,0.0035079838709677425,0.0,0.0005481512605042017,0.0016120000000000002
400000,0.0012448,0.0009811111111111112,0.0021858333333333335,0.004584769230769231,0.0022807594936708852,0.0018057142857142857,0.0026019354838709673,0.0016901315789473684,0.0016774683544303795,0.00290625,0.0030592592592592594,0.0006995918367346939,0.005677575757575757,0.0023418181818181823,0.0010090588235294122,3.9166666666666665e-05,0.0017779761904761905,0.00533379746835443,0.005515,0.0013882666666666665,0.00203,0.0006348214285714285,0.003692266666666667,0.001519,0.003756666666666667,0.000212,0.002701129032258065,0.003057708333333333,0.009509882352941175,0.0015788709677419356,0.001292,0.006422692307692308,0.05162634615384616,0.0047503658536585365,0.0014055555555555553,0.0016226785714285714,0.0006477631578947369,0.0008345454545454545,7.253012048192771e-05,0.00012687499999999998,0.00033,0.0029188297872340427,0.000905,8.099999999999999e-05,0.005564736842105263,0.0005899999999999999,0.0005895714285714286,0.0017312280701754384,9.125e-05,0.0023451724137931035,0.00027600000000000004,5.545454545454545e-05,0.0020788461538461538,0.0005125,0.001782,0.0008646938775510204,0.0003,0.0034700000000000004,0.00025363636363636365,0.0,0.0021903225806451615,0.00105625,0.0005533333333333333,0.0,0.0005219444444444443,0.0009773846153846154,0.0010826666666666667,0.0006681720430107527,0.0004685185185185185,0.00613108108108108,0.0003433333333333333,0.00046333333333333334,0.00216,5.333333333333334e-05,6.428571428571429e-05,0.00033935064935064935,0.0009242857142857143,0.003479838709677419,0.0,0.0005494957983193277,0.0015960000000000002
