Checkpoint,arrive,ascend,chase,climb,crawl,creep,cross,cycle,dash,depart,descend,drift,flee,float,fly,gallop,glide,go,hasten,hike,hurry,inch,journey,limp,lurch,march,meander,paddle,plunge,race,ride,row,run,rush,sail,scramble,skate,speed,stagger,stumble,swim,taxi,travel,tumble,walk,wander
30,0.0,0.0,0.0,0.0,0.0,0.0,0.0,0.0,0.0,0.0,0.0,0.0,0.0,0.0,0.0,0.0,0.0,0.0,0.0,0.0,0.0,0.0,0.0,0.0,0.0,0.0,0.0,0.0,0.0,0.0,0.0,0.0,0.0,0.0,0.0,0.0,0.0,0.0,0.0,0.0,0.0,0.0,0.0,0.0,0.0,0.0
40,0.0,0.0,0.0,0.0,0.0,0.0,0.0,0.0,0.0,0.0,0.0,0.0,0.0,0.0,0.0,0.0,0.0,0.0,0.0,0.0,0.0,0.0,0.0,0.0,0.0,0.0,0.0,0.0,0.0,0.0,0.0,0.0,0.0,0.0,0.0,0.0,0.0,0.0,0.0,0.0,0.0,0.0,0.0,0.0,0.0,0.0
50,0.0,0.0,0.0,0.0,0.0,0.0,0.0,0.0,0.0,0.0,0.0,0.0,0.0,0.0,0.0,0.0,0.0,0.0,0.0,0.0,0.0,0.0,0.0,0.0,0.0,0.0,0.0,0.0,0.0,0.0,0.0,0.0,0.0,0.0,0.0,0.0,0.0,0.0,0.0,0.0,0.0,0.0,0.0,0.0,0.0,0.0
60,0.0,0.0,0.0,0.0,0.0,0.0,0.0,0.0,0.0,0.0,0.0,0.0,0.0,0.0,0.0,0.0,0.0,0.0,0.0,0.0,0.0,0.0,0.0,0.0,0.0,0.0,0.0,0.0,0.0,0.0,0.0,0.0,0.0,0.0,0.0,0.0,0.0,0.0,0.0,0.0,0.0,0.0,0.0,0.0,0.0,0.0
70,0.0,0.0,0.0,0.0,0.0,0.0,0.0,0.0,0.0,0.0,0.0,0.0,0.0,0.0,0.0,0.0,0.0,0.0,0.0,0.0,0.0,0.0,0.0,0.0,0.0,0.0,0.0,0.0,0.0,0.0,0.0,0.0,0.0,0.0,0.0,0.0,0.0,0.0,0.0,0.0,0.0,0.0,0.0,0.0,0.0,0.0
80,0.0,0.0,0.0,0.0,0.0,0.0,0.0,0.0,0.0,0.0,0.0,0.0,0.0,0.0,0.0,0.0,0.0,0.0,0.0,0.0,0.0,0.0,0.0,0.0,0.0,0.0,0.0,0.0,0.0,0.0,0.0,0.0,0.0,0.0,0.0,0.0,0.0,0.0,0.0,0.0,0.0,0.0,0.0,0.0,0.0,0.0
90,0.0,0.0,0.0,0.0,0.0,0.0,0.0,0.0,0.0,0.0,0.0,0.0,0.0,0.0,0.0,0.0,0.0,0.0,0.0,0.0,0.0,0.0,0.0,0.0,0.0,0.0,0.0,0.0,0.0,0.0,0.0,0.0,0.0,0.0,0.0,0.0,0.0,0.0,0.0,0.0,0.0,0.0,0.0,0.0,0.0,0.0
100,0.0,0.0,0.0,0.0,0.0,0.0,0.0,0.0,0.0,0.0,0.0,0.0,0.0,0.0,0.0,0.0,0.0,0.0,0.0,0.0,0.0,0.0,0.0,0.0,0.0,0.0,0.0,0.0,0.0,0.0,0.0,0.0,0.0,0.0,0.0,0.0,0.0,0.0,0.0,0.0,0.0,0.0,0.0,0.0,0.0,0.0
150,0.0,0.0,0.0,0.0,0.0,0.0,0.0,0.0,0.0,0.0,0.0,0.0,0.0,0.0,0.0,0.0,0.0,0.0,0.0,0.0,0.0,0.0,0.0,0.0,0.0,0.0,0.0,0.0,0.0,0.0,0.0,0.0,0.0,0.0,0.0,0.0,0.0,0.0,0.0,0.0,0.0,0.0,0.0,0.0,0.0,0.0
200,0.0,0.0,0.0,0.0,0.0,0.0,0.0,0.0,0.0,0.0,0.0,0.0,0.0,0.0,0.0,0.0,0.0,0.0,0.0,0.0,0.0,0.0,0.0,0.0,0.0,0.0,0.0,0.0,0.0,0.0,0.0,0.0,0.0,0.0,0.0,0.0,0.0,0.0,0.0,0.0,0.0,0.0,0.0,0.0,0.0,0.0
250,0.0,0.0,0.0,0.0,0.0,0.0,0.0,0.0,0.0,0.0,0.0,0.0,0.0,0.0,0.0,0.0,0.0,0.0,0.0,0.0,0.0,0.0,0.0,0.0,0.0,0.0,0.0,0.0,0.0,0.0,0.0,0.0,0.0,0.0,0.0,0.0,0.0,0.0,0.0,0.0,0.0,0.0,0.0,0.0,0.0,0.0
300,0.0,0.0,0.0,0.0,0.0,0.0,0.0,0.0,0.0,0.0,0.0,0.0,0.0,0.0,0.0,0.0,0.0,0.0,0.0,0.0,0.0,0.0,0.0,0.0,0.0,0.0,0.0,0.0,0.0,0.0,0.0,0.0,0.0,0.0,0.0,0.0,0.0,0.0,0.0,0.0,0.0,0.0,0.0,0.0,0.0,0.0
350,0.0,0.0,0.0,0.0,0.0,0.0,0.0,0.0,0.0,0.0,0.0,0.0,0.0,0.0,0.0,0.0,0.0,0.0,0.0,0.0,0.0,0.0,0.0,0.0,0.0,0.0,0.0,0.0,0.0,0.0,0.0,0.0,0.0,0.0,0.0,0.0,0.0,0.0,0.0,0.0,0.0,0.0,0.0,0.0,0.0,0.0
400,0.0,0.0,0.0,0.0,0.0,0.0,0.0,0.0,0.0,0.0,0.0,0.0,0.0,0.0,0.0,0.0,0.0,0.0,0.0,0.0,0.0,0.0,0.0,0.0,0.0,0.0,0.0,0.0,0.0,0.0,0.0,0.0,0.0,0.0,0.0,0.0,0.0,0.0,0.0,0.0,0.0,0.0,0.0,0.0,0.0,0.0
450,0.0,0.0,0.0,0.0,0.0,0.0,0.0,0.0,0.0,0.0,0.0,0.0,0.0,0.0,0.0,0.0,0.0,0.0,0.0,0.0,0.0,0.0,0.0,0.0,0.0,0.0,0.0,0.0,0.0,0.0,0.0,0.0,0.0,0.0,0.0,0.0,0.0,0.0,0.0,0.0,0.0,0.0,0.0,0.0,0.0,0.0
500,0.0,0.0,0.0,0.0,0.0,0.0,0.0,0.0,0.0,0.0,0.0,0.0,0.0,0.0,0.0,0.0,0.0,0.0,0.0,0.0,0.0,0.0,0.0,0.0,0.0,0.0,0.0,0.0,0.0,0.0,0.0,0.0,0.0,0.0,0.0,0.0,0.0,0.0,0.0,0.0,0.0,0.0,0.0,0.0,0.0,0.0
550,0.0,0.0,0.0,0.0,0.0,0.0,0.0,0.0,0.0,0.0,0.0,0.0,0.0,0.0,0.0,0.0,0.0,0.0,0.0,0.0,0.0,0.0,0.0,0.0,0.0,0.0,0.0,0.0,0.0,0.0,0.0,0.0,0.0,0.0,0.0,0.0,0.0,0.0,0.0,0.0,0.0,0.0,0.0,0.0,0.0,0.0
600,0.0,0.0,0.0,0.0,0.0,0.0,0.0,0.0,0.0,0.0,0.0,0.0,0.0,0.0,0.0,0.0,0.0,0.0,0.0,0.0,0.0,0.0,0.0,0.0,0.0,0.0,0.0,0.0,0.0,0.0,0.0,0.0,0.0,0.0,0.0,0.0,0.0,0.0,0.0,0.0,0.0,0.0,0.0,0.0,0.0,0.0
650,0.0,0.0,0.0,0.0,0.0,0.0,0.0,0.0,0.0,0.0,0.0,0.0,0.0,0.0,0.0,0.0,0.0,0.0,0.0,0.0,0.0,0.0,0.0,0.0,0.0,0.0,0.0,0.0,0.0,0.0,0.0,0.0,0.0,0.0,0.0,0.0,0.0,0.0,0.0,0.0,0.0,0.0,0.0,0.0,0.0,0.0
700,0.0,0.0,0.0,0.0,0.0,0.0,0.0,0.0,0.0,0.0,0.0,0.0,0.0,0.0,0.0,0.0,0.0,0.0,0.0,0.0,0.0,0.0,0.0,0.0,0.0,0.0,0.0,0.0,0.0,0.0,0.0,0.0,0.0,0.0,0.0,0.0,0.0,0.0,0.0,0.0,0.0,0.0,0.0,0.0,0.0,0.0
750,0.0,0.0,0.0,0.0,0.0,0.0,0.0,0.0,0.0,0.0,0.0,0.0,0.0,0.0,0.0,0.0,0.0,0.0,0.0,0.0,0.0,0.0,0.0,0.0,0.0,0.0,0.0,0.0,0.0,0.0,0.0,0.0,0.0,0.0,0.0,0.0,0.0,0.0,0.0,0.0,0.0,0.0,0.0,0.0,0.0,0.0
800,0.0,0.0,0.0,0.0,0.0,0.0,0.0,0.0,0.0,0.0,0.0,0.0,0.0,0.0,0.0,0.0,0.0,0.0,0.0,0.0,0.0,0.0,0.0,0.0,0.0,0.0,0.0,0.0,0.0,0.0,0.0,0.0,0.0,0.0,0.0,0.0,0.0,0.0,0.0,0.0,0.0,0.0,0.0,0.0,0.0,0.0
850,0.0,0.0,0.0,0.0,0.0,0.0,0.0,0.0,0.0,0.0,0.0,0.0,0.0,0.0,0.0,0.0,0.0,0.0,0.0,0.0,0.0,0.0,0.0,0.0,0.0,0.0,0.0,0.0,0.0,0.0,0.0,0.0,0.0,0.0,0.0,0.0,0.0,0.0,0.0,0.0,0.0,0.0,0.0,0.0,0.0,0.0
900,0.0,0.0,0.0,0.0,0.0,0.0,0.0,0.0,0.0,0.0,0.0,0.0,0.0,0.0,0.0,0.0,0.0,0.0,0.0,0.0,0.0,0.0,0.0,0.0,0.0,0.0,0.0,0.0,0.0,0.0,0.0,0.0,0.0,0.0,0.0,0.0,0.0,0.0,0.0,0.0,0.0,0.0,0.0,0.0,0.0,0.0
950,0.0,0.0,0.0,0.0,0.0,0.0,0.0,0.0,0.0,0.0,0.0,0.0,0.0,0.0,0.0,0.0,0.0,0.0,0.0,0.0,0.0,0.0,0.0,0.0,0.0,0.0,0.0,0.0,0.0,0.0,0.0,0.0,0.0,0.0,0.0,0.0,0.0,0.0,0.0,0.0,0.0,0.0,0.0,0.0,0.0,0.0
1000,0.0,0.0,0.0,0.0,0.0,0.0,0.0,0.0,0.0,0.0,0.0,0.0,0.0,0.0,0.0,0.0,0.0,0.0,0.0,0.0,0.0,0.0,0.0,0.0,0.0,0.0,0.0,0.0,0.0,0.0,0.0,0.0,0.0,0.0,0.0,0.0,0.0,0.0,0.0,0.0,0.0,0.0,0.0,0.0,0.0,0.0
1050,0.0,0.0,0.0,0.0,0.0,0.0,0.0,0.0,0.0,0.0,0.0,0.0,0.0,0.0,0.0,0.0,0.0,0.0,0.0,0.0,0.0,0.0,0.0,0.0,0.0,0.0,0.0,0.0,0.0,0.0,0.0,0.0,0.0,0.0,0.0,0.0,0.0,0.0,0.0,0.0,0.0,0.0,0.0,0.0,0.0,0.0
1100,0.0,0.0,0.0,0.0,0.0,0.0,0.0,0.0,0.0,0.0,0.0,0.0,0.0,0.0,0.0,0.0,0.0,0.0,0.0,0.0,0.0,0.0,0.0,0.0,0.0,0.0,0.0,0.0,0.0,0.0,0.0,0.0,0.0,0.0,0.0,0.0,0.0,0.0,0.0,0.0,0.0,0.0,0.0,0.0,0.0,0.0
1150,0.0,0.0,0.0,0.0,0.0,0.0,0.0,0.0,0.0,0.0,0.0,0.0,0.0,0.0,0.0,0.0,0.0,0.0,0.0,0.0,0.0,0.0,0.0,0.0,0.0,0.0,0.0,0.0,0.0,0.0,0.0,0.0,0.0,0.0,0.0,0.0,0.0,0.0,0.0,0.0,0.0,0.0,0.0,0.0,0.0,0.0
1200,0.0,0.0,0.0,0.0,0.0,0.0,0.0,0.0,0.0,0.0,0.0,0.0,0.0,0.0,0.0,0.0,0.0,0.0,0.0,0.0,0.0,0.0,0.0,0.0,0.0,0.0,0.0,0.0,0.0,0.0,0.0,0.0,0.0,0.0,0.0,0.0,0.0,0.0,0.0,0.0,0.0,0.0,0.0,0.0,0.0,0.0
1250,0.0,0.0,0.0,0.0,0.0,0.0,0.0,0.0,0.0,0.0,0.0,0.0,0.0,0.0,0.0,0.0,0.0,0.0,0.0,0.0,0.0,0.0,0.0,0.0,0.0,0.0,0.0,0.0,0.0,0.0,0.0,0.0,0.0,0.0,0.0,0.0,0.0,0.0,0.0,0.0,0.0,0.0,0.0,0.0,0.0,0.0
1300,0.0,0.0,0.0,0.0,0.0,0.0,0.0,0.0,0.0,0.0,0.0,0.0,0.0,0.0,0.0,0.0,0.0,0.0970873786407767,0.0,0.0,0.0,0.0,0.0,0.0,0.0,0.0,0.0,0.0,0.0,0.0,0.0,0.0,0.0,0.0,0.0,0.0,0.0,0.0,0.0,0.0,0.0,0.0,0.0,0.0,0.0,0.0
1350,0.0,0.0,0.0,0.0,0.0,0.0,0.0,0.0,0.0,0.0,0.0,0.0,0.0,0.0,0.0,0.0,0.0,0.0,0.0,0.0,0.0,0.0,0.0,0.0,0.0,0.0,0.0,0.0,0.0,0.0,0.0,0.0,0.0,0.0,0.0,0.0,0.0,0.0,0.0,0.0,0.0,0.0,0.0,0.0,0.0,0.0
1400,0.0,0.0,0.0,0.0,0.0,0.0,0.0,0.0,0.0,0.0,0.0,0.0,0.0,0.0,0.0,0.0,0.0,0.0,0.0,0.0,0.0,0.0,0.0,0.0,0.0,0.0,0.0,0.0,0.0,0.0,0.0,0.0,0.0,0.0,0.0,0.0,0.0,0.0,0.0,0.0,0.0,0.0,0.0,0.0,0.0,0.0
1450,0.0,0.0,0.0,0.0,0.0,0.0,0.0,0.0,0.0,0.0,0.0,0.0,0.0,0.0,0.0,0.0,0.0,0.08737864077669903,0.0,0.0,0.0,0.0,0.0,0.0,0.0,0.0,0.0,0.0,0.0,0.0,0.0,0.0,0.0,0.0,0.0,0.0,0.0,0.0,0.0,0.0,0.0,0.0,0.0,0.0,0.0,0.0
1500,0.07692307692307693,0.0,0.0,0.0,0.0,0.0,0.0,0.0,0.0,0.0,0.029850746268656716,0.14285714285714285,0.0,0.0,0.0,0.0,0.0,0.49514563106796117,0.0,0.0,0.0,0.0,0.0,0.0,0.0,0.0,0.0,0.0,0.0,0.0,0.0,0.0,0.04054054054054054,0.0,0.0,0.0,0.0,0.0,0.0,0.3333333333333333,0.0,0.0,0.010869565217391304,0.0,0.09302325581395349,0.1111111111111111
1550,0.0,0.0,0.0,0.0,0.0,0.0,0.0,0.0,0.0,0.0,0.0,0.0,0.0,0.0,0.0,0.0,0.0,0.07766990291262135,0.0,0.0,0.0,0.0,0.0,0.0,0.0,0.0,0.0,0.0,0.0,0.0,0.0,0.0,0.0,0.0,0.0,0.0,0.0,0.0,0.0,0.0,0.0,0.0,0.0,0.0,0.0,0.0
1600,0.0,0.0,0.0,0.0,0.0,0.0,0.0,0.0,0.0,0.0,0.0,0.0,0.0,0.0,0.0,0.0,0.0,0.4077669902912621,0.0,0.0,0.0,0.0,0.0,0.0,0.0,0.0,0.0,0.0,0.0,0.0,0.0,0.0,0.04054054054054054,0.0,0.0,0.0,0.0,0.0,0.0,0.0,0.0,0.0,0.0,0.0,0.011627906976744186,0.1111111111111111
1650,0.1282051282051282,0.0,0.0,0.0,0.0,0.0,0.0,0.0,0.0,0.0,0.0,0.0,0.0,0.0,0.0,0.0,0.0,0.47572815533980584,0.0,0.0,0.0,0.0,0.0,0.0,0.0,0.0,0.0,0.0,0.0,0.0,0.0,0.0,0.04054054054054054,0.0,0.0,0.0,0.0,0.0,0.0,0.0,0.0,0.0,0.0,0.0,0.046511627906976744,0.0
1700,0.0,0.0,0.0,0.0,0.0,0.0,0.0,0.0,0.0,0.0,0.0,0.0,0.0,0.0,0.0,0.0,0.0,0.0,0.0,0.0,0.0,0.0,0.0,0.0,0.0,0.0,0.0,0.0,0.0,0.0,0.0,0.0,0.0,0.0,0.0,0.0,0.0,0.0,0.0,0.0,0.0,0.0,0.0,0.0,0.0,0.0
1750,0.0,0.0,0.0,0.0,0.0,0.0,0.0,0.0,0.0,0.0,0.0,0.0,0.0,0.0,0.0,0.0,0.0,0.0,0.0,0.0,0.0,0.0,0.0,0.0,0.0,0.0,0.0,0.0,0.0,0.0,0.0,0.0,0.0,0.0,0.0,0.0,0.0,0.0,0.0,0.0,0.0,0.0,0.0,0.0,0.0,0.0
1800,0.0,0.0,0.0,0.0,0.0,0.0,0.0,0.0,0.0,0.0,0.0,0.0,0.0,0.0,0.0,0.0,0.0,0.0,0.0,0.0,0.0,0.0,0.0,0.0,0.0,0.0,0.0,0.0,0.0,0.0,0.0,0.0,0.0,0.0,0.0,0.0,0.0,0.0,0.0,0.0,0.0,0.0,0.0,0.0,0.0,0.0
1850,0.0,0.0,0.0,0.0,0.0,0.0,0.0,0.0,0.0,0.0,0.0,0.0,0.0,0.0,0.0,0.0,0.0,0.06796116504854369,0.0,0.0,0.0,0.0,0.0,0.0,0.0,0.0,0.0,0.0,0.0,0.0,0.0,0.0,0.0,0.0,0.0,0.0,0.0,0.0,0.0,0.0,0.0,0.0,0.0,0.0,0.03488372093023256,0.0
1900,0.02564102564102564,0.0,0.0,0.0,0.0,0.0,0.0,0.0,0.0,0.0,0.0,0.0,0.0,0.0,0.0,0.0,0.0,0.08737864077669903,0.0,0.0,0.0,0.0,0.0,0.0,0.0,0.0,0.0,0.0,0.0,0.0,0.0,0.0,0.04054054054054054,0.0,0.0,0.0,0.0,0.0,0.0,0.0,0.0,0.0,0.0,0.0,0.06976744186046512,0.0
1950,0.02564102564102564,0.0,0.0,0.0,0.0,0.0,0.0,0.0,0.0,0.0,0.0,0.0,0.0,0.0,0.0,0.0,0.0,0.0970873786407767,0.0,0.0,0.0,0.0,0.0,0.0,0.0,0.0,0.0,0.0,0.0,0.0,0.0,0.0,0.04054054054054054,0.0,0.0,0.0,0.0,0.0,0.0,0.0,0.0,0.0,0.010869565217391304,0.0,0.023255813953488372,0.0
2000,0.0,0.0,0.0,0.0,0.0,0.0,0.0,0.0,0.0,0.0,0.0,0.0,0.0,0.0,0.0,0.0,0.0,0.5825242718446602,0.0,0.0,0.0,0.0,0.0,0.0,0.0,0.0,0.0,0.0,0.0,0.0,0.020833333333333332,0.0,0.04054054054054054,0.0,0.0,0.0,0.0,0.0,0.0,0.0,0.0,0.0,0.021739130434782608,0.0,0.05813953488372093,0.1111111111111111
2100,0.1282051282051282,0.0,0.0,0.017857142857142856,0.06666666666666667,0.0,0.0,0.0,0.0,0.0,0.0,0.0,0.0,0.0,0.0,0.0,0.0,0.6116504854368932,0.0,0.0,0.0,0.0,0.0,0.0,0.0,0.0,0.0,0.0,0.0,0.0,0.020833333333333332,0.0,0.04054054054054054,0.0,0.0,0.0,0.0,0.0,0.0,0.0,0.0,0.0,0.010869565217391304,0.0,0.4418604651162791,0.2222222222222222
2200,0.1282051282051282,0.0,0.0,0.0,0.0,0.0,0.0,0.0,0.0,0.0,0.0,0.0,0.0,0.0,0.0,0.0,0.0,0.42718446601941745,0.0,0.0,0.0,0.0,0.0,0.0,0.0,0.0,0.0,0.0,0.0,0.0,0.0,0.0,0.0,0.0,0.0,0.0,0.0,0.0,0.0,0.0,0.0,0.0,0.0,0.0,0.05813953488372093,0.1111111111111111
2300,0.0,0.0,0.0,0.0,0.0,0.0,0.0,0.0,0.0,0.0,0.0,0.0,0.0,0.0,0.0,0.0,0.0,0.07766990291262135,0.0,0.0,0.0,0.0,0.0,0.0,0.0,0.0,0.0,0.0,0.0,0.0,0.0,0.0,0.0,0.0,0.0,0.0,0.0,0.0,0.0,0.0,0.0,0.0,0.0,0.0,0.03488372093023256,0.0
2400,0.20512820512820512,0.0,0.0,0.0,0.0,0.0,0.0,0.0,0.0,0.0,0.0,0.0,0.0,0.0,0.0,0.0,0.0,0.7378640776699029,0.0,0.0,0.0,0.0,0.0,0.0,0.0,0.0,0.0,0.0,0.0,0.0,0.0,0.0,0.04054054054054054,0.0,0.0,0.0,0.0,0.0,0.0,0.0,0.0,0.0,0.2391304347826087,0.0,0.5813953488372093,0.5555555555555556
2500,0.0,0.0,0.0,0.0,0.0,0.0,0.0,0.0,0.0,0.0,0.0,0.0,0.0,0.0,0.0,0.0,0.0,0.34951456310679613,0.0,0.0,0.0,0.0,0.0,0.0,0.0,0.0,0.0,0.0,0.0,0.0,0.0,0.0,0.04054054054054054,0.0,0.0,0.0,0.0,0.0,0.0,0.0,0.0,0.0,0.03260869565217391,0.0,0.43023255813953487,0.3333333333333333
2600,0.3076923076923077,0.0,0.0,0.03571428571428571,0.0,0.2,0.0,0.0,0.0,0.0,0.0,0.0,0.0,0.0,0.0,0.0,0.0,0.7669902912621359,0.0,0.0,0.0,0.0,0.0,0.0,0.0,0.0136986301369863,0.0,0.0,0.0,0.0,0.0,0.0,0.04054054054054054,0.0,0.0,0.0,0.0,0.0,0.0,0.16666666666666666,0.0,0.0,0.08695652173913043,0.0,0.4418604651162791,0.3333333333333333
2700,0.3333333333333333,0.0,0.0,0.017857142857142856,0.06666666666666667,0.2,0.0,0.0,0.0,0.0,0.014925373134328358,0.16071428571428573,0.10144927536231885,0.0,0.011111111111111112,0.0,0.0,0.8543689320388349,0.0,0.0,0.0,0.0,0.0,0.0,0.0,0.0410958904109589,0.0,0.0,0.0,0.02857142857142857,0.08333333333333333,0.0,0.24324324324324326,0.0,0.0,0.0,0.0,0.0,0.0,0.5,0.0,0.0,0.31521739130434784,0.0,0.7558139534883721,0.7777777777777778
2800,0.23076923076923078,0.0,0.0,0.017857142857142856,0.13333333333333333,0.0,0.0,0.0,0.0,0.0,0.0,0.0,0.0,0.0,0.0,0.0,0.0,0.7184466019417476,0.0,0.0,0.0,0.0,0.0,0.0,0.0,0.0273972602739726,0.0,0.0,0.0,0.02857142857142857,0.08333333333333333,0.0,0.28378378378378377,0.010101010101010102,0.0,0.0,0.0,0.0,0.0,0.5,0.0,0.0,0.2826086956521739,0.0,0.7209302325581395,0.5555555555555556
2900,0.23076923076923078,0.1,0.0,0.017857142857142856,0.0,0.0,0.0,0.0,0.0,0.0,0.0,0.017857142857142856,0.0,0.0,0.0,0.0,0.0,0.8349514563106796,0.0,0.0,0.0,0.0,0.0,0.0,0.0,0.0273972602739726,0.0,0.0,0.0,0.0,0.0,0.0,0.24324324324324326,0.0,0.0,0.0,0.0,0.0,0.0,0.3333333333333333,0.0,0.0,0.2608695652173913,0.0,0.7558139534883721,0.5555555555555556
3000,0.02564102564102564,0.0,0.0,0.017857142857142856,0.0,0.0,0.0,0.0,0.0,0.0,0.0,0.0,0.0,0.0,0.0,0.0,0.0,0.6699029126213593,0.0,0.0,0.0,0.0,0.0,0.0,0.0,0.0136986301369863,0.0,0.0,0.0,0.0,0.0,0.0,0.04054054054054054,0.0,0.0,0.0,0.0,0.0,0.0,0.0,0.0,0.0,0.05434782608695652,0.0,0.686046511627907,0.5555555555555556
3100,0.1794871794871795,0.0,0.0,0.14285714285714285,0.0,0.0,0.0,0.0,0.0,0.0,0.029850746268656716,0.23214285714285715,0.30434782608695654,0.0,0.022222222222222223,0.0,0.0,0.8737864077669902,0.0,0.0,0.0,0.0,0.0,0.0,0.0,0.1232876712328767,0.0,0.0,0.0,0.0,0.08333333333333333,0.0,0.2702702702702703,0.0,0.0,0.0,0.0,0.0,0.0,0.3333333333333333,0.0,0.0,0.5760869565217391,0.0,0.9186046511627907,0.8888888888888888
3200,0.20512820512820512,0.0,0.0,0.017857142857142856,0.06666666666666667,0.2,0.0,0.0,0.0,0.0,0.0,0.0,0.014492753623188406,0.0,0.0,0.0,0.0,0.8543689320388349,0.0,0.0,0.0,0.0,0.0,0.0,0.0,0.1232876712328767,0.0,0.0,0.0,0.0,0.0,0.0,0.22972972972972974,0.0,0.0,0.0,0.0,0.0,0.0,0.5,0.0,0.0,0.31521739130434784,0.0,0.813953488372093,0.5555555555555556
3300,0.46153846153846156,0.2,0.0,0.125,0.13333333333333333,0.2,0.0,0.0,0.0,0.0,0.0,0.0,0.2898550724637681,0.0,0.3333333333333333,0.0,0.0,0.912621359223301,0.0,0.0,0.0,0.0,0.09523809523809523,0.0,0.0,0.1232876712328767,0.0,0.0,0.0,0.02857142857142857,0.08333333333333333,0.0,0.28378378378378377,0.0,0.08139534883720931,0.0,0.0,0.0,0.0,0.5,0.0,0.0,0.4891304347826087,0.0,0.8604651162790697,0.7777777777777778
3400,0.5128205128205128,0.0,0.0,0.0,0.06666666666666667,0.0,0.0,0.0,0.0,0.0,0.0,0.0,0.391304347826087,0.0,0.0,0.0,0.0,0.8252427184466019,0.0,0.0,0.0,0.0,0.0,0.0,0.0,0.0136986301369863,0.0,0.0,0.0,0.0,0.0,0.0,0.04054054054054054,0.0,0.0,0.0,0.0,0.0,0.0,0.5,0.0,0.0,0.43478260869565216,0.0,0.7558139534883721,0.5555555555555556
3500,0.4358974358974359,0.075,0.0,0.0,0.06666666666666667,0.0,0.0,0.0,0.0,0.0,0.2537313432835821,0.4642857142857143,0.463768115942029,0.0,0.05555555555555555,0.0,0.0,0.8155339805825242,0.0,0.0,0.0,0.0,0.2857142857142857,0.0,0.0,0.136986301369863,0.0,0.0,0.0,0.02857142857142857,0.16666666666666666,0.0,0.21621621621621623,0.0,0.0,0.0,0.0,0.0,0.0,0.5,0.0,0.0,0.45652173913043476,0.0,0.7209302325581395,0.7777777777777778
3600,0.28205128205128205,0.175,0.0,0.017857142857142856,0.13333333333333333,0.0,0.0,0.0,0.0,0.0,0.1044776119402985,0.42857142857142855,0.3188405797101449,0.0,0.044444444444444446,0.0,0.0,0.8252427184466019,0.0,0.0,0.0,0.0,0.23809523809523808,0.0,0.0,0.136986301369863,0.0,0.0,0.0,0.0,0.0,0.0,0.22972972972972974,0.0,0.18604651162790697,0.0,0.0,0.0,0.0,0.5,0.0,0.0,0.41304347826086957,0.0,0.8488372093023255,0.7777777777777778
3700,0.5128205128205128,0.225,0.0,0.3392857142857143,0.2,0.2,0.0,0.0,0.0,0.0,0.2835820895522388,0.6785714285714286,0.5942028985507246,0.0,0.5,0.0,0.0,0.8737864077669902,0.0,0.0,0.0,0.0,0.42857142857142855,0.0,0.0,0.3424657534246575,0.0,0.0,0.0,0.0,0.16666666666666666,0.0,0.5,0.010101010101010102,0.37209302325581395,0.0,0.0,0.0,0.0,0.5,0.0,0.0,0.532608695652174,0.0,0.9069767441860465,0.7777777777777778
3800,0.5128205128205128,0.0,0.0,0.017857142857142856,0.13333333333333333,0.0,0.0,0.0,0.0,0.0,0.13432835820895522,0.4642857142857143,0.5797101449275363,0.0,0.4222222222222222,0.0,0.0,0.9611650485436893,0.0,0.125,0.0,0.0,0.09523809523809523,0.0,0.0,0.1232876712328767,0.0,0.0,0.0,0.0,0.020833333333333332,0.0,0.20270270270270271,0.0,0.05813953488372093,0.0,0.0,0.0,0.0,0.5,0.0,0.0,0.4891304347826087,0.0,0.8953488372093024,0.7777777777777778
3900,0.0,0.0,0.0,0.017857142857142856,0.13333333333333333,0.0,0.0,0.0,0.0,0.0,0.0,0.3392857142857143,0.08695652173913043,0.0,0.044444444444444446,0.0,0.0,0.8640776699029126,0.0,0.0,0.0,0.0,0.047619047619047616,0.0,0.0,0.0273972602739726,0.0,0.0,0.0,0.0,0.0,0.0,0.04054054054054054,0.0,0.0,0.0,0.0,0.0,0.0,0.5,0.0,0.0,0.33695652173913043,0.0,0.5581395348837209,0.5555555555555556
4000,0.0,0.0,0.0,0.0,0.13333333333333333,0.0,0.0,0.0,0.0,0.0,0.0,0.017857142857142856,0.057971014492753624,0.0,0.03333333333333333,0.0,0.0,0.883495145631068,0.0,0.0,0.0,0.0,0.0,0.0,0.0,0.0136986301369863,0.0,0.0,0.0,0.0,0.0,0.0,0.05405405405405406,0.0,0.011627906976744186,0.0,0.0,0.0,0.0,0.5,0.0,0.0,0.42391304347826086,0.0,0.6976744186046512,0.7777777777777778
4100,0.1282051282051282,0.0,0.0,0.08928571428571429,0.0,0.0,0.0,0.0,0.0,0.0,0.208955223880597,0.10714285714285714,0.0,0.0,0.0,0.0,0.0,0.8155339805825242,0.0,0.0,0.0,0.0,0.09523809523809523,0.0,0.0,0.0136986301369863,0.0,0.0,0.0,0.0,0.0,0.0,0.04054054054054054,0.0,0.0,0.0,0.0,0.0,0.0,0.3333333333333333,0.0,0.0,0.41304347826086957,0.0,0.7674418604651163,0.4444444444444444
4200,0.5128205128205128,0.25,0.0,0.2857142857142857,0.6,0.2,0.04918032786885246,0.0,0.0,0.0,0.2537313432835821,0.7321428571428571,0.7246376811594203,0.0,0.5777777777777777,0.0,0.0,0.9320388349514563,0.0,0.0,0.0,0.0,0.42857142857142855,0.3333333333333333,0.0,0.3287671232876712,0.0,0.0,0.0,0.02857142857142857,0.1875,0.0,0.6081081081081081,0.32323232323232326,0.37209302325581395,0.0,0.0,0.0,0.0,0.5,0.46808510638297873,0.0,0.6956521739130435,0.0,0.9418604651162791,0.8888888888888888
4300,0.1282051282051282,0.0,0.0,0.017857142857142856,0.13333333333333333,0.0,0.0,0.0,0.0,0.0,0.029850746268656716,0.017857142857142856,0.4057971014492754,0.0,0.022222222222222223,0.0,0.0,0.883495145631068,0.0,0.0,0.0,0.0,0.047619047619047616,0.0,0.0,0.136986301369863,0.0,0.0,0.0,0.0,0.10416666666666667,0.0,0.24324324324324326,0.0,0.0,0.0,0.0,0.0,0.0,0.5,0.0,0.0,0.532608695652174,0.0,0.7790697674418605,0.7777777777777778
4400,0.0,0.0,0.0,0.017857142857142856,0.13333333333333333,0.0,0.0,0.0,0.0,0.0,0.0,0.05357142857142857,0.028985507246376812,0.0,0.022222222222222223,0.0,0.0,0.8349514563106796,0.0,0.0,0.0,0.0,0.09523809523809523,0.0,0.0,0.0410958904109589,0.0,0.0,0.0,0.0,0.0,0.0,0.04054054054054054,0.0,0.011627906976744186,0.0,0.0,0.0,0.0,0.5,0.0,0.0,0.5217391304347826,0.0,0.8255813953488372,0.7777777777777778
4500,0.15384615384615385,0.025,0.0,0.017857142857142856,0.2,0.2,0.0,0.0,0.0,0.0,0.0,0.3392857142857143,0.08695652173913043,0.0,0.08888888888888889,0.0,0.0,0.8446601941747572,0.0,0.0,0.0,0.0,0.047619047619047616,0.0,0.0,0.0136986301369863,0.0,0.0,0.0,0.0,0.020833333333333332,0.0,0.17567567567567569,0.0,0.023255813953488372,0.0,0.0,0.0,0.0,0.5,0.0,0.0,0.5217391304347826,0.0,0.7906976744186046,0.7777777777777778
4600,0.02564102564102564,0.0,0.0,0.0,0.13333333333333333,0.0,0.0,0.0,0.0,0.0,0.0,0.0,0.42028985507246375,0.0,0.17777777777777778,0.0,0.0,0.8640776699029126,0.0,0.0,0.0,0.0,0.23809523809523808,0.0,0.0,0.0136986301369863,0.0,0.0,0.0,0.0,0.0,0.0,0.12162162162162163,0.0,0.0,0.0,0.0,0.0,0.0,0.3333333333333333,0.0,0.0,0.5978260869565217,0.0,0.813953488372093,0.7777777777777778
4700,0.6410256410256411,0.3,0.0,0.14285714285714285,0.6,0.0,0.0,0.0,0.0,0.0,0.22388059701492538,0.7678571428571429,0.7101449275362319,0.045454545454545456,0.6777777777777778,0.0,0.0,0.970873786407767,0.0,0.5,0.0,0.0,0.42857142857142855,0.0,0.0,0.3287671232876712,0.0,0.0,0.0,0.02857142857142857,0.14583333333333334,0.0,0.6081081081081081,0.010101010101010102,0.5930232558139535,0.0,0.0,0.0,0.0,0.8333333333333334,0.0425531914893617,0.0,0.6956521739130435,0.0,0.9534883720930233,0.8888888888888888
4800,0.0,0.075,0.0,0.017857142857142856,0.2,0.0,0.0,0.0,0.0,0.0,0.0,0.23214285714285715,0.4927536231884058,0.0,0.4777777777777778,0.0,0.0,0.8737864077669902,0.0,0.0,0.0,0.0,0.2857142857142857,0.0,0.0,0.1780821917808219,0.0,0.0,0.0,0.0,0.0,0.0,0.32432432432432434,0.0,0.2558139534883721,0.0,0.0,0.0,0.0,0.5,0.0,0.0,0.6630434782608695,0.0,0.813953488372093,0.5555555555555556
4900,0.38461538461538464,0.025,0.0,0.017857142857142856,0.13333333333333333,0.0,0.0,0.0,0.0,0.0,0.0,0.6785714285714286,0.5072463768115942,0.0,0.5111111111111111,0.0,0.0,0.9223300970873787,0.0,0.0,0.0,0.0,0.23809523809523808,0.0,0.0,0.1506849315068493,0.0,0.0,0.0,0.0,0.0,0.0,0.581081081081081,0.020202020202020204,0.046511627906976744,0.0,0.0,0.0,0.0,0.5,0.0,0.0,0.75,0.0,0.8953488372093024,0.7777777777777778
5000,0.48717948717948717,0.1,0.0,0.017857142857142856,0.4,0.4,0.0,0.0,0.0,0.0,0.08955223880597014,0.7857142857142857,0.15942028985507245,0.0,0.4,0.0,0.0,0.883495145631068,0.0,0.0,0.0,0.0,0.09523809523809523,0.0,0.0,0.1643835616438356,0.0,0.0,0.0,0.02857142857142857,0.020833333333333332,0.0,0.6621621621621622,0.010101010101010102,0.023255813953488372,0.0,0.0,0.0,0.0,0.6666666666666666,0.0,0.0,0.6739130434782609,0.0,0.9069767441860465,0.8888888888888888
5100,0.38461538461538464,0.225,0.0,0.23214285714285715,0.6666666666666666,0.4,0.0,0.5,0.0,0.0,0.208955223880597,0.7321428571428571,0.6231884057971014,0.09090909090909091,0.7,0.0,0.0,0.883495145631068,0.0,0.25,0.0,0.0,0.5238095238095238,0.1111111111111111,0.0,0.4520547945205479,0.0,0.2,0.0,0.22857142857142856,0.4166666666666667,0.0,0.7297297297297297,0.010101010101010102,0.4186046511627907,0.0,0.0,0.0,0.0,0.5,0.23404255319148937,0.0,0.7717391304347826,0.14285714285714285,0.9418604651162791,0.8888888888888888
5200,0.15384615384615385,0.0,0.0,0.017857142857142856,0.13333333333333333,0.0,0.0,0.0,0.0,0.0,0.029850746268656716,0.75,0.7101449275362319,0.0,0.4444444444444444,0.0,0.0,0.8932038834951457,0.0,0.0,0.0,0.0,0.09523809523809523,0.0,0.0,0.2465753424657534,0.0,0.0,0.0,0.02857142857142857,0.3333333333333333,0.0,0.581081081081081,0.08080808080808081,0.023255813953488372,0.0,0.0,0.0,0.0,0.6666666666666666,0.0425531914893617,0.0,0.6847826086956522,0.0,0.9186046511627907,0.8888888888888888
5300,0.20512820512820512,0.0,0.0,0.0,0.06666666666666667,0.0,0.0,0.0,0.0,0.0,0.0,0.42857142857142855,0.5217391304347826,0.0,0.32222222222222224,0.0,0.0,0.8932038834951457,0.0,0.0,0.0,0.0,0.19047619047619047,0.0,0.0,0.1232876712328767,0.0,0.0,0.0,0.0,0.020833333333333332,0.0,0.24324324324324326,0.0,0.03488372093023256,0.0,0.0,0.0,0.0,0.5,0.0,0.0,0.6739130434782609,0.0,0.8488372093023255,0.8888888888888888
5400,0.3333333333333333,0.0,0.0,0.017857142857142856,0.13333333333333333,0.0,0.0,0.0,0.0,0.0,0.05970149253731343,0.6071428571428571,0.6231884057971014,0.0,0.5777777777777777,0.0,0.0,0.8446601941747572,0.0,0.125,0.0,0.0,0.5714285714285714,0.0,0.0,0.2054794520547945,0.0,0.0,0.0,0.0,0.0,0.0,0.2972972972972973,0.010101010101010102,0.09302325581395349,0.0,0.0,0.0,0.0,0.0,0.0,0.0,0.7391304347826086,0.0,0.8953488372093024,0.8888888888888888
5500,0.4358974358974359,0.0,0.0,0.017857142857142856,0.4,0.0,0.0,0.0,0.0,0.0,0.23880597014925373,0.7321428571428571,0.5652173913043478,0.0,0.6333333333333333,0.0,0.0,0.8640776699029126,0.0,0.375,0.0,0.0,0.5238095238095238,0.0,0.0,0.3561643835616438,0.0,0.0,0.0,0.0,0.0,0.0,0.28378378378378377,0.3333333333333333,0.2558139534883721,0.0,0.25,0.0,0.0,0.5,0.0,0.0,0.75,0.0,0.9534883720930233,0.8888888888888888
5600,0.41025641025641024,0.025,0.0,0.0,0.0,0.0,0.0,0.0,0.0,0.0,0.29850746268656714,0.8214285714285714,0.6376811594202898,0.0,0.5222222222222223,0.0,0.0,0.8737864077669902,0.0,0.125,0.0,0.0,0.5238095238095238,0.0,0.0,0.410958904109589,0.0,0.0,0.0,0.0,0.08333333333333333,0.0,0.1891891891891892,0.0,0.29069767441860467,0.0,0.0,0.0,0.0,0.0,0.0,0.0,0.782608695652174,0.0,0.8604651162790697,0.8888888888888888
5700,0.3076923076923077,0.525,0.0,0.14285714285714285,0.7333333333333333,0.2,0.0,0.6666666666666666,0.1111111111111111,0.07692307692307693,0.582089552238806,0.8571428571428571,0.8405797101449275,0.18181818181818182,0.7111111111111111,0.3333333333333333,0.3333333333333333,0.912621359223301,0.0,0.5,0.0,0.0,0.5714285714285714,0.6666666666666666,0.0,0.6712328767123288,0.0,1.0,0.0,0.2571428571428571,0.14583333333333334,0.7142857142857143,0.8243243243243243,0.13131313131313133,0.5813953488372093,0.0,1.0,0.0,0.0,0.6666666666666666,0.1276595744680851,0.2857142857142857,0.7608695652173914,0.42857142857142855,0.9651162790697675,1.0
5800,0.07692307692307693,0.35,0.0,0.07142857142857142,0.3333333333333333,0.0,0.01639344262295082,0.0,0.0,0.0,0.14925373134328357,0.75,0.8260869565217391,0.0,0.6,0.0,0.0,0.9223300970873787,0.0,0.375,0.0,0.0,0.42857142857142855,0.0,0.0,0.5342465753424658,0.0,0.0,0.0,0.0,0.08333333333333333,0.0,0.7972972972972973,0.010101010101010102,0.5930232558139535,0.0,0.25,0.0,0.0,0.8333333333333334,0.0,0.0,0.782608695652174,0.0,0.9651162790697675,1.0
5900,0.0,0.0,0.0,0.0,0.06666666666666667,0.0,0.0,0.0,0.0,0.0,0.0,0.5178571428571429,0.15942028985507245,0.0,0.06666666666666667,0.0,0.0,0.7281553398058253,0.0,0.125,0.0,0.0,0.0,0.0,0.0,0.0273972602739726,0.0,0.0,0.0,0.0,0.0,0.0,0.013513513513513514,0.0,0.0,0.0,0.0,0.0,0.0,0.5,0.0,0.0,0.07608695652173914,0.0,0.6627906976744186,0.5555555555555556
6000,0.358974358974359,0.375,0.0,0.26785714285714285,0.8666666666666667,0.6,0.03278688524590164,0.8333333333333334,0.0,0.15384615384615385,0.4626865671641791,0.8214285714285714,0.782608695652174,0.09090909090909091,0.7222222222222222,0.0,0.3333333333333333,0.912621359223301,0.0,0.5,0.0,0.0,0.5238095238095238,0.1111111111111111,0.0,0.6438356164383562,0.0,0.2,0.0,0.2571428571428571,0.4583333333333333,0.14285714285714285,0.7297297297297297,0.020202020202020204,0.686046511627907,0.0,1.0,0.0,0.0,0.6666666666666666,0.0,0.0,0.8152173913043478,0.0,0.9534883720930233,1.0
6100,0.0,0.025,0.0,0.017857142857142856,0.26666666666666666,0.0,0.0,0.0,0.0,0.0,0.04477611940298507,0.6964285714285714,0.37681159420289856,0.0,0.4444444444444444,0.0,0.0,0.8349514563106796,0.0,0.125,0.0,0.0,0.42857142857142855,0.0,0.0,0.2328767123287671,0.0,0.0,0.0,0.02857142857142857,0.20833333333333334,0.0,0.5540540540540541,0.010101010101010102,0.11627906976744186,0.0,0.0,0.0,0.0,0.5,0.0,0.0,0.6739130434782609,0.0,0.9534883720930233,0.8888888888888888
6200,0.20512820512820512,0.0,0.0,0.21428571428571427,0.8666666666666667,0.6,0.0,0.5,0.0,0.0,0.373134328358209,0.8214285714285714,0.9130434782608695,0.13636363636363635,0.7333333333333333,0.3333333333333333,0.0,0.9611650485436893,0.0,0.75,0.0,0.0,0.7142857142857143,0.2222222222222222,0.0,0.6438356164383562,0.125,0.4,0.0,0.4,0.22916666666666666,0.8571428571428571,0.7972972972972973,0.020202020202020204,0.5348837209302325,0.0,1.0,0.0,0.0,0.6666666666666666,0.2127659574468085,0.0,0.7934782608695652,0.0,0.9651162790697675,1.0
6300,0.5641025641025641,0.675,0.0,0.32142857142857145,0.4666666666666667,0.0,0.01639344262295082,0.5,0.0,0.23076923076923078,0.4925373134328358,0.7678571428571429,0.8405797101449275,0.09090909090909091,0.7777777777777778,0.3333333333333333,0.0,0.9514563106796117,0.0,0.875,0.0,0.0,0.7619047619047619,0.2222222222222222,0.0,0.7123287671232876,0.0,0.2,0.0,0.5142857142857142,0.4583333333333333,0.07142857142857142,0.7972972972972973,0.18181818181818182,0.5930232558139535,0.0,0.75,0.0,0.0,0.5,0.0,0.0,0.8913043478260869,0.0,0.9651162790697675,0.8888888888888888
6400,0.0,0.0,0.0,0.0,0.0,0.0,0.0,0.0,0.0,0.0,0.0,0.0,0.0,0.0,0.0,0.0,0.0,0.0,0.0,0.0,0.0,0.0,0.0,0.0,0.0,0.0,0.0,0.0,0.0,0.0,0.0,0.0,0.0,0.0,0.0,0.0,0.0,0.0,0.0,0.0,0.0,0.0,0.0,0.0,0.0,0.0
6500,0.0,0.0,0.0,0.0,0.0,0.0,0.0,0.0,0.0,0.0,0.0,0.0,0.0,0.0,0.0,0.0,0.0,0.0,0.0,0.0,0.0,0.0,0.0,0.0,0.0,0.0,0.0,0.0,0.0,0.0,0.0,0.0,0.0,0.0,0.0,0.0,0.0,0.0,0.0,0.0,0.0,0.0,0.0,0.0,0.0,0.0
6600,0.0,0.0,0.0,0.0,0.0,0.0,0.0,0.0,0.0,0.0,0.0,0.0,0.0,0.0,0.0,0.0,0.0,0.0,0.0,0.0,0.0,0.0,0.0,0.0,0.0,0.0,0.0,0.0,0.0,0.0,0.0,0.0,0.0,0.0,0.0,0.0,0.0,0.0,0.0,0.0,0.0,0.0,0.0,0.0,0.0,0.0
6700,0.0,0.0,0.0,0.017857142857142856,0.06666666666666667,0.0,0.0,0.0,0.0,0.0,0.0,0.0,0.014492753623188406,0.0,0.011111111111111112,0.0,0.0,0.2815533980582524,0.0,0.0,0.0,0.0,0.0,0.0,0.0,0.0136986301369863,0.0,0.0,0.0,0.0,0.0,0.0,0.0,0.0,0.011627906976744186,0.0,0.0,0.0,0.0,0.0,0.0,0.0,0.4673913043478261,0.0,0.05813953488372093,0.1111111111111111
6800,0.05128205128205128,0.0,0.0,0.017857142857142856,0.13333333333333333,0.0,0.0,0.0,0.0,0.0,0.029850746268656716,0.6428571428571429,0.391304347826087,0.0,0.5,0.0,0.0,0.9223300970873787,0.0,0.125,0.0,0.0,0.23809523809523808,0.1111111111111111,0.0,0.0136986301369863,0.0,0.0,0.0,0.0,0.0,0.0,0.08108108108108109,0.010101010101010102,0.12790697674418605,0.0,0.0,0.0,0.0,0.5,0.02127659574468085,0.0,0.6956521739130435,0.0,0.5,0.5555555555555556
6900,0.4358974358974359,0.175,0.0,0.6071428571428571,0.5333333333333333,0.0,0.01639344262295082,0.0,0.0,0.0,0.11940298507462686,0.6607142857142857,0.5072463768115942,0.045454545454545456,0.5444444444444444,0.0,0.0,0.9223300970873787,0.0,0.625,0.0,0.0,0.42857142857142855,0.3333333333333333,0.0,0.3287671232876712,0.0,0.0,0.0,0.0,0.0625,0.0,0.6621621621621622,0.5959595959595959,0.38372093023255816,0.0,0.0,0.0,0.0,0.6666666666666666,0.02127659574468085,0.0,0.7391304347826086,0.0,0.8837209302325582,0.7777777777777778
7000,0.0,0.025,0.0,0.0,0.0,0.0,0.0,0.0,0.0,0.0,0.0,0.17857142857142858,0.13043478260869565,0.0,0.2111111111111111,0.0,0.0,0.883495145631068,0.0,0.0,0.0,0.0,0.047619047619047616,0.0,0.0,0.1232876712328767,0.0,0.0,0.0,0.0,0.0,0.0,0.05405405405405406,0.0,0.08139534883720931,0.0,0.0,0.0,0.0,0.0,0.0,0.0,0.532608695652174,0.0,0.19767441860465115,0.1111111111111111
7100,0.07692307692307693,0.0,0.0,0.03571428571428571,0.26666666666666666,0.0,0.0,0.0,0.0,0.0,0.07462686567164178,0.6071428571428571,0.6666666666666666,0.045454545454545456,0.6777777777777778,0.0,0.0,0.9320388349514563,0.0,0.25,0.0,0.0,0.5238095238095238,0.0,0.0,0.410958904109589,0.0,0.0,0.0,0.0,0.0,0.0,0.7432432432432432,0.1111111111111111,0.3023255813953488,0.0,0.25,0.0,0.0,0.5,0.0425531914893617,0.0,0.7608695652173914,0.0,0.9186046511627907,1.0
7200,0.05128205128205128,0.1,0.0,0.26785714285714285,0.6,0.0,0.0,0.0,0.0,0.0,0.13432835820895522,0.8392857142857143,0.8115942028985508,0.13636363636363635,0.7,0.0,0.0,0.970873786407767,0.0,0.25,0.0,0.0,0.42857142857142855,0.1111111111111111,0.0,0.4246575342465753,0.0,0.0,0.0,0.0,0.0,0.0,0.8243243243243243,0.010101010101010102,0.686046511627907,0.0,0.5,0.0,0.0,0.5,0.02127659574468085,0.0,0.8586956521739131,0.0,0.9302325581395349,1.0
7300,0.7948717948717948,0.1,0.0,0.10714285714285714,0.7333333333333333,0.0,0.0,0.0,0.0,0.0,0.417910447761194,0.8392857142857143,0.8405797101449275,0.36363636363636365,0.8,0.0,0.5,0.970873786407767,0.0,0.375,0.0,0.0,0.7142857142857143,0.5555555555555556,0.0,0.589041095890411,0.125,0.6,0.0,0.11428571428571428,0.6041666666666666,0.07142857142857142,0.9054054054054054,0.696969696969697,0.7441860465116279,0.0,0.5,0.0,0.0,0.6666666666666666,0.2978723404255319,0.0,0.9347826086956522,0.0,0.9767441860465116,1.0
7400,0.23076923076923078,0.0,0.0,0.03571428571428571,0.6666666666666666,0.0,0.0,0.0,0.0,0.07692307692307693,0.34328358208955223,0.7857142857142857,0.8115942028985508,0.045454545454545456,0.6888888888888889,0.0,0.5,0.9514563106796117,0.0,0.75,0.0,0.0,0.6190476190476191,0.0,0.0,0.5616438356164384,0.0,0.0,0.0,0.0,0.08333333333333333,0.07142857142857142,0.8918918918918919,0.21212121212121213,0.627906976744186,0.0,0.5,0.0,0.0,0.5,0.0,0.0,0.8586956521739131,0.0,0.9651162790697675,1.0
7500,0.717948717948718,0.75,0.0,0.8571428571428571,0.9333333333333333,0.8,0.01639344262295082,0.0,0.0,0.3076923076923077,0.2835820895522388,0.875,0.9420289855072463,0.3181818181818182,0.8555555555555555,0.0,0.6666666666666666,0.9805825242718447,0.0,0.875,0.0,0.0,0.8095238095238095,0.6666666666666666,0.0,0.6438356164383562,0.0,0.4,0.0,0.7142857142857143,0.08333333333333333,0.0,0.918918918918919,0.6464646464646465,0.7906976744186046,0.14285714285714285,0.5,0.0,0.0,0.6666666666666666,0.14893617021276595,0.0,0.9456521739130435,0.0,0.9767441860465116,1.0
7600,0.15384615384615385,0.075,0.0,0.44642857142857145,0.7333333333333333,0.0,0.0,0.16666666666666666,0.0,0.0,0.07462686567164178,0.8214285714285714,0.9130434782608695,0.09090909090909091,0.7,0.0,0.0,0.9611650485436893,0.0,0.625,0.0,0.0,0.7142857142857143,0.6666666666666666,0.0,0.4931506849315068,0.0,0.0,0.0,0.2571428571428571,0.020833333333333332,0.0,0.9324324324324325,0.5151515151515151,0.6046511627906976,0.0,0.25,0.0,0.0,0.5,0.0,0.0,0.8913043478260869,0.0,0.9651162790697675,1.0
7700,0.8205128205128205,0.725,0.0,0.8035714285714286,0.9333333333333333,0.8,0.01639344262295082,1.0,0.6666666666666666,0.8461538461538461,0.6716417910447762,0.8928571428571429,0.9710144927536232,0.36363636363636365,0.8888888888888888,0.3333333333333333,1.0,0.9805825242718447,0.0,0.875,0.6190476190476191,0.0,0.8095238095238095,1.0,1.0,0.7397260273972602,0.0,1.0,0.16666666666666666,0.8,0.020833333333333332,0.2857142857142857,0.9459459459459459,0.8888888888888888,0.8255813953488372,0.5714285714285714,1.0,0.0,0.6,0.8333333333333334,0.7872340425531915,0.5714285714285714,0.9347826086956522,0.2857142857142857,0.9767441860465116,1.0
7800,0.0,0.0,0.0,0.017857142857142856,0.06666666666666667,0.0,0.0,0.0,0.0,0.0,0.08955223880597014,0.7142857142857143,0.3188405797101449,0.0,0.5888888888888889,0.0,0.0,0.883495145631068,0.0,0.0,0.0,0.0,0.47619047619047616,0.0,0.0,0.2465753424657534,0.0,0.0,0.0,0.0,0.0,0.0,0.7432432432432432,0.04040404040404041,0.05813953488372093,0.0,0.25,0.0,0.0,0.5,0.0,0.0,0.6847826086956522,0.0,0.7209302325581395,0.7777777777777778
7900,0.2564102564102564,0.325,0.0,0.21428571428571427,0.6,0.2,0.0,0.6666666666666666,0.0,0.23076923076923078,0.5970149253731343,0.8392857142857143,0.9565217391304348,0.045454545454545456,0.6888888888888889,0.0,0.0,0.9029126213592233,0.0,0.875,0.0,0.0,0.5714285714285714,0.8888888888888888,0.5,0.4657534246575342,0.0,0.6,0.0,0.2571428571428571,0.020833333333333332,0.0,0.9324324324324325,0.43434343434343436,0.5348837209302325,0.0,1.0,0.0,0.0,0.5,0.2978723404255319,0.0,0.75,0.0,0.9418604651162791,1.0
8000,0.07692307692307693,0.075,0.0,0.017857142857142856,0.26666666666666666,0.4,0.0,0.0,0.0,0.07692307692307693,0.3880597014925373,0.7857142857142857,0.9710144927536232,0.0,0.7,0.0,0.0,0.941747572815534,0.0,0.25,0.0,0.0,0.5238095238095238,0.8888888888888888,0.0,0.5342465753424658,0.0,0.0,0.0,0.11428571428571428,0.0,0.07142857142857142,0.8918918918918919,0.18181818181818182,0.5465116279069767,0.0,0.5,0.0,0.0,0.5,0.40425531914893614,0.0,0.8152173913043478,0.0,0.9418604651162791,1.0
8100,0.2564102564102564,0.025,0.0,0.017857142857142856,0.7333333333333333,0.2,0.0,0.8333333333333334,0.0,0.15384615384615385,0.373134328358209,0.8392857142857143,0.9710144927536232,0.22727272727272727,0.7444444444444445,0.0,0.0,0.970873786407767,0.0,0.5,0.0,0.0,0.7142857142857143,0.8888888888888888,0.0,0.5205479452054794,0.0,0.2,0.0,0.5428571428571428,0.375,0.0,0.918918918918919,0.2727272727272727,0.686046511627907,0.0,1.0,0.0,0.0,0.5,0.02127659574468085,0.14285714285714285,0.8478260869565217,0.0,0.9534883720930233,1.0
8200,0.05128205128205128,0.0,0.0,0.017857142857142856,0.13333333333333333,0.0,0.0,0.0,0.0,0.0,0.0,0.44642857142857145,0.7536231884057971,0.0,0.5111111111111111,0.0,0.0,0.9223300970873787,0.0,0.0,0.0,0.0,0.2857142857142857,0.0,0.0,0.1232876712328767,0.0,0.0,0.0,0.0,0.0,0.0,0.6891891891891891,0.010101010101010102,0.08139534883720931,0.0,0.0,0.0,0.0,0.0,0.0,0.0,0.6413043478260869,0.0,0.37209302325581395,0.8888888888888888
8300,0.6923076923076923,0.025,0.0,0.125,0.8,0.4,0.01639344262295082,0.3333333333333333,0.0,0.15384615384615385,0.1044776119402985,0.8214285714285714,0.9710144927536232,0.2727272727272727,0.7888888888888889,0.0,0.0,0.9514563106796117,0.0,0.625,0.07142857142857142,0.0,0.7619047619047619,0.5555555555555556,0.0,0.6438356164383562,0.0,0.6,0.0,0.14285714285714285,0.020833333333333332,0.21428571428571427,0.7297297297297297,0.6868686868686869,0.7325581395348837,0.14285714285714285,0.5,0.0,0.0,0.6666666666666666,0.574468085106383,0.0,0.9021739130434783,0.0,0.9534883720930233,1.0
8400,0.38461538461538464,0.025,0.0,0.017857142857142856,0.26666666666666666,0.2,0.0,0.16666666666666666,0.0,0.0,0.26865671641791045,0.8571428571428571,0.9710144927536232,0.13636363636363635,0.7666666666666667,0.0,0.0,0.9514563106796117,0.0,0.75,0.0,0.0,0.5238095238095238,0.8888888888888888,0.0,0.6027397260273972,0.0,0.0,0.0,0.0,0.0,0.0,0.7027027027027027,0.30303030303030304,0.4883720930232558,0.0,0.5,0.0,0.0,0.6666666666666666,0.0,0.0,0.8478260869565217,0.0,0.7906976744186046,1.0
8500,0.15384615384615385,0.0,0.0,0.017857142857142856,0.6,0.4,0.0,0.0,0.0,0.0,0.0,0.8571428571428571,0.9420289855072463,0.3181818181818182,0.7444444444444445,0.0,0.0,0.9320388349514563,0.0,0.75,0.047619047619047616,0.0,0.5238095238095238,0.8888888888888888,0.0,0.5753424657534246,0.0,0.0,0.0,0.02857142857142857,0.041666666666666664,0.0,0.8108108108108109,0.6363636363636364,0.6511627906976745,0.0,0.5,0.0,0.0,0.5,0.23404255319148937,0.0,0.8260869565217391,0.0,0.8837209302325582,1.0
8600,0.0,0.025,0.0,0.0,0.06666666666666667,0.0,0.0,0.0,0.0,0.0,0.0,0.8392857142857143,0.8695652173913043,0.0,0.36666666666666664,0.0,0.0,0.7864077669902912,0.0,0.375,0.0,0.0,0.14285714285714285,0.0,0.0,0.1643835616438356,0.0,0.0,0.0,0.0,0.0,0.0,0.7432432432432432,0.0,0.09302325581395349,0.0,0.25,0.0,0.0,0.16666666666666666,0.0,0.0,0.6956521739130435,0.0,0.4069767441860465,0.8888888888888888
8700,0.5128205128205128,0.0,0.0,0.017857142857142856,0.4,0.0,0.0,0.0,0.0,0.0,0.07462686567164178,0.8392857142857143,0.9565217391304348,0.13636363636363635,0.7444444444444445,0.0,0.0,0.9320388349514563,0.0,0.25,0.0,0.0,0.6190476190476191,0.7777777777777778,0.0,0.5753424657534246,0.0,0.0,0.0,0.17142857142857143,0.020833333333333332,0.0,0.8783783783783784,0.010101010101010102,0.6395348837209303,0.0,0.5,0.0,0.0,0.5,0.0,0.0,0.8695652173913043,0.0,0.9069767441860465,1.0
8800,0.0,0.0,0.0,0.0,0.0,0.0,0.0,0.0,0.0,0.0,0.0,0.5178571428571429,0.5652173913043478,0.0,0.6111111111111112,0.0,0.0,0.8543689320388349,0.0,0.125,0.0,0.0,0.3333333333333333,0.4444444444444444,0.0,0.1232876712328767,0.0,0.0,0.0,0.0,0.0,0.0,0.7432432432432432,0.0,0.19767441860465115,0.0,0.0,0.0,0.0,0.5,0.0,0.0,0.75,0.0,0.1744186046511628,1.0
8900,0.48717948717948717,0.475,0.0,0.5714285714285714,0.8666666666666667,0.6,0.04918032786885246,0.8333333333333334,0.5555555555555556,0.46153846153846156,0.47761194029850745,0.8571428571428571,0.9710144927536232,0.13636363636363635,0.7666666666666667,0.0,0.6666666666666666,0.941747572815534,0.0,0.625,0.09523809523809523,0.0,0.5714285714285714,1.0,0.0,0.7397260273972602,0.0,0.6,0.0,0.6,0.0625,0.14285714285714285,0.8783783783783784,0.6464646464646465,0.6511627906976745,0.14285714285714285,0.5,0.0,0.8,0.6666666666666666,0.10638297872340426,0.2857142857142857,0.8695652173913043,0.0,0.9767441860465116,1.0
9000,0.0,0.0,0.0,0.03571428571428571,0.4666666666666667,0.0,0.0,0.0,0.0,0.0,0.014925373134328358,0.7857142857142857,0.927536231884058,0.0,0.6444444444444445,0.0,0.0,0.8252427184466019,0.0,0.125,0.0,0.0,0.2857142857142857,0.4444444444444444,0.0,0.5342465753424658,0.0,0.0,0.0,0.02857142857142857,0.0,0.0,0.8108108108108109,0.010101010101010102,0.5697674418604651,0.0,0.25,0.0,0.0,0.5,0.0,0.0,0.7608695652173914,0.0,0.9186046511627907,0.8888888888888888
9100,0.41025641025641024,0.275,0.0,0.44642857142857145,0.8666666666666667,0.8,0.19672131147540983,0.6666666666666666,0.0,0.46153846153846156,0.3880597014925373,0.875,0.9710144927536232,0.2727272727272727,0.8111111111111111,0.0,0.3333333333333333,0.970873786407767,0.0,0.875,0.047619047619047616,0.0,0.7142857142857143,0.7777777777777778,0.5,0.6712328767123288,0.0,0.8,0.5,0.6571428571428571,0.041666666666666664,0.07142857142857142,0.8918918918918919,0.2727272727272727,0.7790697674418605,0.0,0.75,0.0,0.0,0.6666666666666666,0.3829787234042553,0.0,0.9021739130434783,0.0,0.9651162790697675,1.0
9200,0.5897435897435898,0.45,0.0,0.4107142857142857,0.8666666666666667,0.8,0.0,1.0,0.0,0.07692307692307693,0.417910447761194,0.875,0.9565217391304348,0.22727272727272727,0.6666666666666666,0.0,0.3333333333333333,0.970873786407767,0.0,0.75,0.09523809523809523,0.0,0.6666666666666666,0.7777777777777778,1.0,0.7671232876712328,0.0,0.0,0.16666666666666666,0.6857142857142857,0.020833333333333332,0.21428571428571427,0.9054054054054054,0.6767676767676768,0.6395348837209303,0.14285714285714285,1.0,0.0,0.0,0.8333333333333334,0.0,0.0,0.782608695652174,0.14285714285714285,0.9534883720930233,1.0
9300,0.5384615384615384,0.1,0.0,0.30357142857142855,0.8666666666666667,0.6,0.03278688524590164,0.8333333333333334,0.1111111111111111,0.0,0.14925373134328357,0.8214285714285714,0.9710144927536232,0.09090909090909091,0.7555555555555555,0.0,0.0,0.9805825242718447,0.0,1.0,0.0,0.0,0.6666666666666666,0.6666666666666666,0.0,0.7397260273972602,0.0,0.0,0.0,0.6,0.14583333333333334,0.07142857142857142,0.8918918918918919,0.5959595959595959,0.6976744186046512,0.0,0.5,0.0,0.0,0.5,0.1276595744680851,0.0,0.8586956521739131,0.0,0.9767441860465116,1.0
9400,0.3333333333333333,0.025,0.0,0.14285714285714285,0.8666666666666667,0.8,0.2786885245901639,0.8333333333333334,0.5555555555555556,0.23076923076923078,0.5671641791044776,0.8214285714285714,0.9565217391304348,0.36363636363636365,0.7111111111111111,0.6666666666666666,0.6666666666666666,0.970873786407767,0.0,0.625,0.07142857142857142,0.0,0.7142857142857143,0.6666666666666666,0.0,0.7808219178082192,0.0,0.6,0.3333333333333333,0.5428571428571428,0.041666666666666664,0.21428571428571427,0.9054054054054054,0.5656565656565656,0.7093023255813954,0.0,1.0,0.0,0.0,0.5,0.1276595744680851,0.0,0.8369565217391305,0.42857142857142855,0.9767441860465116,1.0
9500,0.3076923076923077,0.325,0.0,0.26785714285714285,0.8666666666666667,0.8,0.0,0.8333333333333334,0.5555555555555556,0.15384615384615385,0.3283582089552239,0.8214285714285714,0.927536231884058,0.18181818181818182,0.7333333333333333,0.3333333333333333,0.3333333333333333,0.970873786407767,0.0,0.75,0.0,0.0,0.7142857142857143,0.7777777777777778,0.0,0.6986301369863014,0.0,0.4,0.0,0.3142857142857143,0.0,0.07142857142857142,0.8648648648648649,0.40404040404040403,0.6744186046511628,0.0,0.75,0.0,0.0,0.5,0.3191489361702128,0.0,0.8369565217391305,0.0,0.9767441860465116,1.0
9600,0.05128205128205128,0.0,0.0,0.03571428571428571,0.8,0.0,0.0,0.16666666666666666,0.0,0.0,0.31343283582089554,0.7857142857142857,0.927536231884058,0.18181818181818182,0.6666666666666666,0.0,0.0,0.8932038834951457,0.0,0.5,0.023809523809523808,0.0,0.6190476190476191,0.5555555555555556,0.0,0.6712328767123288,0.0,0.0,0.0,0.4857142857142857,0.0,0.07142857142857142,0.8378378378378378,0.24242424242424243,0.5930232558139535,0.0,0.25,0.0,0.0,0.5,0.0425531914893617,0.0,0.75,0.0,0.9418604651162791,0.8888888888888888
9700,0.5128205128205128,0.2,0.0,0.75,0.8666666666666667,0.8,0.03278688524590164,1.0,0.5555555555555556,0.38461538461538464,0.5074626865671642,0.8928571428571429,0.9420289855072463,0.4090909090909091,0.8555555555555555,0.6666666666666666,0.6666666666666666,0.9902912621359223,0.0,1.0,0.14285714285714285,0.0,0.6666666666666666,0.8888888888888888,0.5,0.7534246575342466,0.0,0.0,0.0,0.8,0.0625,0.21428571428571427,0.9594594594594594,0.7171717171717171,0.7674418604651163,0.2857142857142857,1.0,0.0,0.2,0.8333333333333334,0.06382978723404255,0.0,0.9456521739130435,0.5714285714285714,0.9534883720930233,1.0
9800,0.7692307692307693,0.575,0.125,0.8392857142857143,0.8666666666666667,0.8,0.3770491803278688,1.0,0.5555555555555556,0.6153846153846154,0.6119402985074627,0.875,0.9710144927536232,0.2727272727272727,0.9,0.6666666666666666,1.0,0.9902912621359223,0.0,1.0,0.6190476190476191,0.0,0.7619047619047619,1.0,0.0,0.863013698630137,0.0,1.0,0.6666666666666666,0.8571428571428571,0.7291666666666666,0.35714285714285715,0.9459459459459459,0.7777777777777778,0.8372093023255814,0.14285714285714285,1.0,1.0,0.0,0.8333333333333334,0.7021276595744681,0.0,0.9347826086956522,0.5714285714285714,0.9883720930232558,1.0
9900,0.5897435897435898,0.175,0.0,0.08928571428571429,0.8666666666666667,0.8,0.01639344262295082,0.6666666666666666,0.1111111111111111,0.3076923076923077,0.44776119402985076,0.8571428571428571,0.9420289855072463,0.22727272727272727,0.8555555555555555,0.0,0.6666666666666666,0.9902912621359223,0.0,1.0,0.09523809523809523,0.0,0.7142857142857143,0.8888888888888888,0.5,0.6986301369863014,0.0,0.6,0.0,0.7142857142857143,0.125,0.07142857142857142,0.9459459459459459,0.7272727272727273,0.8023255813953488,0.14285714285714285,1.0,0.0,0.0,0.6666666666666666,0.10638297872340426,0.0,0.9021739130434783,0.5714285714285714,0.9651162790697675,1.0
10000,0.6666666666666666,0.425,0.625,0.3392857142857143,0.8666666666666667,0.8,0.0,1.0,0.5555555555555556,0.07692307692307693,0.40298507462686567,0.8214285714285714,0.927536231884058,0.22727272727272727,0.8333333333333334,0.3333333333333333,0.6666666666666666,0.9902912621359223,0.0,1.0,0.47619047619047616,0.0,0.7142857142857143,0.7777777777777778,1.0,0.8356164383561644,0.0,0.8,0.0,0.8285714285714286,0.75,0.21428571428571427,0.9324324324324325,0.797979797979798,0.7790697674418605,0.14285714285714285,1.0,0.0,0.8,0.8333333333333334,0.425531914893617,0.0,0.8913043478260869,0.42857142857142855,0.9767441860465116,1.0
10100,0.28205128205128205,0.25,0.0,0.16071428571428573,0.7333333333333333,0.6,0.01639344262295082,1.0,0.1111111111111111,0.38461538461538464,0.3582089552238806,0.8571428571428571,0.9420289855072463,0.3181818181818182,0.8222222222222222,0.6666666666666666,0.16666666666666666,0.9805825242718447,0.0,1.0,0.19047619047619047,0.0,0.6190476190476191,0.6666666666666666,0.0,0.7397260273972602,0.0,0.6,0.16666666666666666,0.7428571428571429,0.4166666666666667,0.07142857142857142,0.9324324324324325,0.5959595959595959,0.7790697674418605,0.0,0.75,0.0,0.2,0.6666666666666666,0.0,0.0,0.8804347826086957,0.14285714285714285,0.9767441860465116,1.0
10200,0.1282051282051282,0.0,0.0,0.0,0.2,0.0,0.0,0.0,0.0,0.0,0.0,0.5892857142857143,0.7536231884057971,0.09090909090909091,0.5111111111111111,0.0,0.0,0.4854368932038835,0.0,0.375,0.0,0.0,0.14285714285714285,0.0,0.0,0.2602739726027397,0.0,0.0,0.0,0.0,0.0,0.0,0.581081081081081,0.020202020202020204,0.1511627906976744,0.0,0.25,0.0,0.0,0.5,0.0,0.0,0.782608695652174,0.0,0.32558139534883723,1.0
10300,0.5384615384615384,0.025,0.0,0.017857142857142856,0.3333333333333333,0.8,0.0,0.6666666666666666,0.0,0.3076923076923077,0.19402985074626866,0.8214285714285714,0.927536231884058,0.18181818181818182,0.7111111111111111,0.0,0.0,0.9514563106796117,0.0,1.0,0.07142857142857142,0.0,0.6190476190476191,0.5555555555555556,0.0,0.7808219178082192,0.0,0.0,0.0,0.7428571428571429,0.08333333333333333,0.0,0.9054054054054054,0.6868686868686869,0.6511627906976745,0.14285714285714285,0.5,0.0,0.0,0.8333333333333334,0.0,0.0,0.8152173913043478,0.0,0.9651162790697675,1.0
10400,0.6666666666666666,0.225,0.0,0.2857142857142857,0.8666666666666667,0.8,0.0,1.0,0.5555555555555556,0.3076923076923077,0.417910447761194,0.9107142857142857,0.9710144927536232,0.4090909090909091,0.8444444444444444,0.0,1.0,0.9805825242718447,0.0,1.0,0.2857142857142857,0.0,0.6666666666666666,0.7777777777777778,1.0,0.8356164383561644,0.0,0.4,0.16666666666666666,0.7714285714285715,0.020833333333333332,0.07142857142857142,0.8783783783783784,0.7171717171717171,0.813953488372093,0.5714285714285714,1.0,1.0,0.0,0.8333333333333334,0.44680851063829785,0.0,0.9021739130434783,0.2857142857142857,0.9767441860465116,1.0
10500,0.5384615384615384,0.1,0.0,0.17857142857142858,0.8666666666666667,0.8,0.0,1.0,0.0,0.3076923076923077,0.1791044776119403,0.8214285714285714,0.9565217391304348,0.4090909090909091,0.8,0.0,0.8333333333333334,0.9514563106796117,0.0,1.0,0.42857142857142855,0.0,0.7619047619047619,0.8888888888888888,0.0,0.7945205479452054,0.0,0.8,0.0,0.5714285714285714,0.08333333333333333,0.07142857142857142,0.9324324324324325,0.8080808080808081,0.7790697674418605,0.2857142857142857,1.0,1.0,0.2,0.6666666666666666,0.3191489361702128,0.0,0.9565217391304348,0.0,0.9883720930232558,1.0
10600,0.358974358974359,0.0,0.0,0.03571428571428571,0.8666666666666667,0.8,0.0,1.0,0.0,0.46153846153846156,0.29850746268656714,0.875,0.9420289855072463,0.09090909090909091,0.7777777777777778,0.0,0.3333333333333333,0.9805825242718447,0.0,1.0,0.6428571428571429,0.0,0.6666666666666666,0.6666666666666666,0.0,0.8493150684931506,0.0,1.0,0.3333333333333333,0.7428571428571429,0.020833333333333332,0.07142857142857142,0.9054054054054054,0.7373737373737373,0.8023255813953488,0.14285714285714285,0.5,0.0,0.0,0.8333333333333334,0.06382978723404255,0.0,0.9021739130434783,0.14285714285714285,0.9883720930232558,1.0
10700,0.6153846153846154,0.15,0.25,0.5,0.8666666666666667,0.8,0.06557377049180328,1.0,0.1111111111111111,0.6153846153846154,0.3880597014925373,0.8571428571428571,0.9565217391304348,0.4090909090909091,0.8444444444444444,0.0,1.0,0.9805825242718447,0.0,1.0,0.3333333333333333,0.0,0.6190476190476191,0.7777777777777778,1.0,0.863013698630137,0.25,1.0,0.5,0.7714285714285715,0.22916666666666666,0.6428571428571429,0.9054054054054054,0.8181818181818182,0.7790697674418605,0.2857142857142857,1.0,1.0,0.8,0.8333333333333334,0.2765957446808511,0.0,0.8804347826086957,0.14285714285714285,0.9883720930232558,1.0
10800,0.6923076923076923,0.4,0.375,0.6785714285714286,0.8666666666666667,0.8,0.22950819672131148,1.0,0.5555555555555556,0.46153846153846156,0.6567164179104478,0.8928571428571429,0.9420289855072463,0.5,0.8777777777777778,0.6666666666666666,1.0,0.9902912621359223,0.0,1.0,0.40476190476190477,0.0,0.8095238095238095,1.0,1.0,0.863013698630137,0.5,1.0,0.8333333333333334,0.8285714285714286,0.5625,0.7857142857142857,0.9054054054054054,0.7474747474747475,0.8255813953488372,0.42857142857142855,1.0,1.0,0.8,0.8333333333333334,0.2127659574468085,0.0,0.9130434782608695,0.7142857142857143,0.9767441860465116,1.0
10900,0.5641025641025641,0.325,0.0,0.23214285714285715,0.8666666666666667,0.8,0.06557377049180328,1.0,0.1111111111111111,0.23076923076923078,0.3880597014925373,0.8214285714285714,0.8840579710144928,0.18181818181818182,0.7444444444444445,0.0,0.8333333333333334,0.9805825242718447,0.0,1.0,0.2619047619047619,0.0,0.7142857142857143,0.6666666666666666,0.0,0.7123287671232876,0.0,1.0,0.0,0.6571428571428571,0.0,0.0,0.8918918918918919,0.7171717171717171,0.7674418604651163,0.0,0.75,0.0,0.0,0.5,0.0,0.0,0.8913043478260869,0.0,0.9534883720930233,1.0
11000,0.3333333333333333,0.1,0.0,0.125,0.5333333333333333,0.2,0.0,0.16666666666666666,0.0,0.07692307692307693,0.34328358208955223,0.8392857142857143,0.9130434782608695,0.13636363636363635,0.7,0.0,0.3333333333333333,0.970873786407767,0.0,1.0,0.047619047619047616,0.0,0.5238095238095238,0.5555555555555556,0.0,0.726027397260274,0.0,0.6,0.0,0.14285714285714285,0.0,0.0,0.8513513513513513,0.494949494949495,0.6511627906976745,0.0,0.5,0.0,0.0,0.6666666666666666,0.10638297872340426,0.0,0.8152173913043478,0.0,0.9534883720930233,1.0
11100,0.1282051282051282,0.0,0.0,0.017857142857142856,0.5333333333333333,0.6,0.0,0.16666666666666666,0.5555555555555556,0.0,0.08955223880597014,0.8571428571428571,0.8115942028985508,0.045454545454545456,0.6777777777777778,0.0,0.5,0.9805825242718447,0.0,0.75,0.4523809523809524,0.0,0.5714285714285714,0.8888888888888888,0.0,0.7808219178082192,0.0,0.0,0.0,0.02857142857142857,0.0,0.0,0.7972972972972973,0.7171717171717171,0.5813953488372093,0.14285714285714285,0.5,0.0,0.0,0.5,0.0851063829787234,0.0,0.8043478260869565,0.0,0.9651162790697675,1.0
11200,0.5641025641025641,0.15,0.0,0.17857142857142858,0.8,0.6,0.16393442622950818,0.8333333333333334,0.5555555555555556,0.15384615384615385,0.5074626865671642,0.8571428571428571,0.8985507246376812,0.2727272727272727,0.8111111111111111,0.0,1.0,0.9805825242718447,0.0,0.75,0.07142857142857142,0.0,0.6190476190476191,0.5555555555555556,0.0,0.6575342465753424,0.0,1.0,0.0,0.6857142857142857,0.0,0.07142857142857142,0.9054054054054054,0.6363636363636364,0.8023255813953488,0.42857142857142855,1.0,0.0,0.0,0.5,0.3404255319148936,0.0,0.8804347826086957,0.0,0.9767441860465116,1.0
11300,0.07692307692307693,0.0,0.0,0.017857142857142856,0.3333333333333333,0.0,0.0,0.16666666666666666,0.0,0.0,0.0,0.6607142857142857,0.2608695652173913,0.0,0.6222222222222222,0.0,0.0,0.8737864077669902,0.0,0.625,0.0,0.0,0.3333333333333333,0.2222222222222222,0.0,0.589041095890411,0.0,0.0,0.0,0.02857142857142857,0.0,0.0,0.5135135135135135,0.04040404040404041,0.4883720930232558,0.0,0.0,0.0,0.0,0.5,0.0,0.0,0.7065217391304348,0.0,0.8255813953488372,0.8888888888888888
11400,0.3333333333333333,0.725,0.625,0.5535714285714286,0.9333333333333333,0.8,0.3770491803278688,1.0,0.6666666666666666,0.8461538461538461,0.5074626865671642,0.8928571428571429,0.9855072463768116,0.36363636363636365,0.8444444444444444,0.6666666666666666,1.0,1.0,0.0,1.0,0.35714285714285715,0.0,0.8095238095238095,1.0,1.0,0.9178082191780822,0.375,1.0,0.8333333333333334,0.8857142857142857,0.3958333333333333,0.07142857142857142,0.9459459459459459,0.8383838383838383,0.8372093023255814,0.7142857142857143,1.0,1.0,0.8,1.0,0.48936170212765956,0.0,0.9565217391304348,0.0,1.0,1.0
11500,0.358974358974359,0.25,0.0,0.14285714285714285,0.8666666666666667,0.4,0.01639344262295082,0.6666666666666666,0.5555555555555556,0.07692307692307693,0.3880597014925373,0.875,0.927536231884058,0.36363636363636365,0.7777777777777778,0.0,1.0,0.9514563106796117,0.0,1.0,0.11904761904761904,0.0,0.5714285714285714,0.8888888888888888,0.0,0.8082191780821918,0.125,0.0,0.0,0.05714285714285714,0.0,0.0,0.6486486486486487,0.5252525252525253,0.627906976744186,0.14285714285714285,1.0,0.0,0.0,0.5,0.2978723404255319,0.0,0.8804347826086957,0.0,0.9534883720930233,1.0
11600,0.8461538461538461,0.7,0.0,0.6607142857142857,0.8666666666666667,0.8,0.18032786885245902,1.0,0.5555555555555556,0.6153846153846154,0.6417910447761194,0.8571428571428571,0.9420289855072463,0.5,0.8666666666666667,0.6666666666666666,1.0,0.9902912621359223,0.0,1.0,0.3333333333333333,0.0,0.7619047619047619,0.8888888888888888,1.0,0.8493150684931506,0.375,1.0,0.8333333333333334,0.6571428571428571,0.041666666666666664,0.2857142857142857,0.9459459459459459,0.7676767676767676,0.8372093023255814,0.42857142857142855,1.0,0.0,0.6,0.8333333333333334,0.574468085106383,0.0,0.9130434782608695,0.0,0.9767441860465116,1.0
11700,0.46153846153846156,0.125,0.0,0.2857142857142857,0.5333333333333333,0.4,0.06557377049180328,0.6666666666666666,0.5555555555555556,0.23076923076923078,0.34328358208955223,0.8392857142857143,0.8840579710144928,0.18181818181818182,0.7666666666666667,0.0,0.6666666666666666,0.941747572815534,0.0,1.0,0.0,0.0,0.6666666666666666,0.7777777777777778,0.0,0.7123287671232876,0.0,0.0,0.0,0.4,0.0,0.07142857142857142,0.8243243243243243,0.48484848484848486,0.7093023255813954,0.0,0.75,0.0,0.0,0.6666666666666666,0.0,0.0,0.8695652173913043,0.0,0.9186046511627907,1.0
11800,0.05128205128205128,0.675,0.0,0.4107142857142857,0.06666666666666667,0.0,0.06557377049180328,0.6666666666666666,0.0,0.15384615384615385,0.40298507462686567,0.2857142857142857,0.8985507246376812,0.18181818181818182,0.6888888888888889,0.0,0.0,0.8737864077669902,0.0,0.875,0.023809523809523808,0.0,0.0,0.4444444444444444,0.0,0.5616438356164384,0.0,0.4,0.0,0.17142857142857143,0.14583333333333334,0.0,0.6486486486486487,0.08080808080808081,0.5348837209302325,0.0,0.0,0.0,0.0,0.0,0.0,0.0,0.5543478260869565,0.0,0.19767441860465115,0.5555555555555556
11900,0.7692307692307693,0.8,0.0,0.625,0.8666666666666667,0.8,0.19672131147540983,1.0,0.5555555555555556,0.7692307692307693,0.6865671641791045,0.9107142857142857,0.9710144927536232,0.4090909090909091,0.9222222222222223,0.6666666666666666,1.0,0.9902912621359223,0.0,1.0,0.7857142857142857,0.0,0.8095238095238095,1.0,0.0,0.9041095890410958,0.0,1.0,0.8333333333333334,0.8285714285714286,0.7916666666666666,0.5714285714285714,0.9324324324324325,0.8585858585858586,0.813953488372093,0.42857142857142855,1.0,0.0,1.0,1.0,0.46808510638297873,0.0,0.9347826086956522,0.42857142857142855,1.0,1.0
12000,0.6666666666666666,0.475,0.0,0.5535714285714286,0.8666666666666667,0.8,0.3114754098360656,1.0,0.5555555555555556,0.9230769230769231,0.6716417910447762,0.8928571428571429,0.9565217391304348,0.36363636363636365,0.8555555555555555,0.6666666666666666,1.0,0.9805825242718447,0.0,1.0,0.11904761904761904,0.0,0.8095238095238095,1.0,1.0,0.863013698630137,0.0,1.0,0.8333333333333334,0.7428571428571429,0.875,0.9285714285714286,0.918918918918919,0.7777777777777778,0.8023255813953488,0.42857142857142855,1.0,0.0,0.0,0.5,0.425531914893617,0.42857142857142855,0.9456521739130435,0.42857142857142855,0.9883720930232558,1.0
12100,0.7948717948717948,0.7,0.125,0.8928571428571429,0.8666666666666667,0.8,0.3442622950819672,1.0,0.5555555555555556,0.38461538461538464,0.3880597014925373,0.8571428571428571,0.9420289855072463,0.45454545454545453,0.9,0.6666666666666666,1.0,0.9902912621359223,0.0,1.0,0.5476190476190477,0.0,0.7142857142857143,1.0,0.0,0.8082191780821918,0.0,1.0,0.6666666666666666,0.6571428571428571,0.7916666666666666,0.07142857142857142,0.9054054054054054,0.7272727272727273,0.7906976744186046,0.14285714285714285,1.0,1.0,0.2,0.6666666666666666,0.2553191489361702,0.0,0.9565217391304348,0.5714285714285714,0.9883720930232558,1.0
12200,0.0,0.0,0.0,0.017857142857142856,0.4,0.0,0.0,0.0,0.5555555555555556,0.0,0.0,0.7321428571428571,0.6231884057971014,0.045454545454545456,0.6888888888888889,0.0,0.3333333333333333,0.7378640776699029,0.0,0.5,0.0,0.0,0.19047619047619047,0.3333333333333333,0.0,0.0273972602739726,0.0,0.0,0.0,0.0,0.0,0.0,0.3918918918918919,0.020202020202020204,0.023255813953488372,0.0,0.25,0.0,0.0,0.0,0.0,0.0,0.6956521739130435,0.0,0.4186046511627907,1.0
12300,0.0,0.225,0.0,0.5892857142857143,0.7333333333333333,0.6,0.0,0.8333333333333334,0.5555555555555556,0.0,0.417910447761194,0.8392857142857143,0.9130434782608695,0.0,0.8222222222222222,0.3333333333333333,0.6666666666666666,0.970873786407767,0.0,1.0,0.0,0.0,0.6190476190476191,0.7777777777777778,0.0,0.6986301369863014,0.0,0.4,0.5,0.0,0.08333333333333333,0.0,0.7162162162162162,0.31313131313131315,0.5348837209302325,0.0,1.0,0.0,0.0,0.16666666666666666,0.0,0.0,0.9130434782608695,0.14285714285714285,0.9767441860465116,1.0
12400,0.0,0.0,0.0,0.0,0.06666666666666667,0.0,0.0,0.16666666666666666,0.0,0.0,0.0,0.6964285714285714,0.7101449275362319,0.0,0.7444444444444445,0.0,0.0,0.8640776699029126,0.0,0.5,0.0,0.0,0.38095238095238093,0.5555555555555556,0.0,0.4520547945205479,0.0,0.0,0.0,0.0,0.0,0.0,0.5945945945945946,0.26262626262626265,0.3488372093023256,0.0,0.75,0.0,0.0,0.5,0.0,0.0,0.7282608695652174,0.0,0.872093023255814,1.0
12500,0.4358974358974359,0.0,0.0,0.03571428571428571,0.6,0.2,0.0,0.16666666666666666,0.1111111111111111,0.07692307692307693,0.1044776119402985,0.8571428571428571,0.8840579710144928,0.0,0.8111111111111111,0.0,0.3333333333333333,0.9902912621359223,0.0,1.0,0.047619047619047616,0.0,0.6666666666666666,0.7777777777777778,0.0,0.7671232876712328,0.0,0.0,0.0,0.05714285714285714,0.0,0.0,0.7837837837837838,0.5555555555555556,0.5116279069767442,0.0,0.75,0.0,0.0,0.5,0.0,0.0,0.8804347826086957,0.0,0.9883720930232558,1.0
12600,0.05128205128205128,0.0,0.0,0.125,0.8,0.2,0.0,0.5,0.1111111111111111,0.07692307692307693,0.2537313432835821,0.8392857142857143,0.7536231884057971,0.18181818181818182,0.8111111111111111,0.0,0.5,0.912621359223301,0.0,0.625,0.023809523809523808,0.0,0.5238095238095238,0.6666666666666666,0.0,0.5068493150684932,0.0,0.0,0.0,0.05714285714285714,0.020833333333333332,0.0,0.7837837837837838,0.41414141414141414,0.3953488372093023,0.0,0.5,0.0,0.0,0.16666666666666666,0.0,0.0,0.7934782608695652,0.0,0.8953488372093024,1.0
12700,0.05128205128205128,0.0,0.0,0.03571428571428571,0.8,0.0,0.0,0.5,0.0,0.15384615384615385,0.5223880597014925,0.875,0.9130434782608695,0.18181818181818182,0.8,0.0,0.5,0.9320388349514563,0.0,0.875,0.07142857142857142,0.0,0.6666666666666666,0.7777777777777778,0.0,0.6575342465753424,0.0,0.0,0.0,0.17142857142857143,0.0,0.0,0.7297297297297297,0.2727272727272727,0.47674418604651164,0.14285714285714285,0.75,0.0,0.0,0.6666666666666666,0.0425531914893617,0.0,0.7934782608695652,0.14285714285714285,0.872093023255814,1.0
12800,0.07692307692307693,0.025,0.0,0.03571428571428571,0.13333333333333333,0.0,0.0,0.0,0.0,0.0,0.07462686567164178,0.8035714285714286,0.5652173913043478,0.13636363636363635,0.7777777777777778,0.0,0.0,0.9611650485436893,0.0,0.75,0.023809523809523808,0.0,0.47619047619047616,0.1111111111111111,0.0,0.6986301369863014,0.0,0.0,0.0,0.0,0.0,0.0,0.7297297297297297,0.1111111111111111,0.6046511627906976,0.0,0.25,0.0,0.0,0.16666666666666666,0.0,0.0,0.8586956521739131,0.14285714285714285,0.872093023255814,1.0
12900,0.02564102564102564,0.0,0.0,0.0,0.8666666666666667,0.0,0.0,0.0,0.0,0.15384615384615385,0.14925373134328357,0.6071428571428571,0.855072463768116,0.0,0.7333333333333333,0.0,0.0,0.912621359223301,0.0,0.25,0.023809523809523808,0.0,0.5238095238095238,0.0,0.0,0.0684931506849315,0.0,0.0,0.0,0.14285714285714285,0.0,0.0,0.8378378378378378,0.1111111111111111,0.7093023255813954,0.0,0.0,0.0,0.0,0.16666666666666666,0.0,0.0,0.782608695652174,0.0,0.8372093023255814,1.0
13000,0.48717948717948717,0.025,0.0,0.03571428571428571,0.8,0.0,0.0,0.0,0.0,0.07692307692307693,0.373134328358209,0.5357142857142857,0.7391304347826086,0.0,0.7222222222222222,0.0,0.16666666666666666,0.941747572815534,0.0,0.375,0.0,0.0,0.42857142857142855,0.0,0.0,0.5753424657534246,0.0,0.0,0.0,0.2857142857142857,0.0,0.0,0.7297297297297297,0.09090909090909091,0.5348837209302325,0.0,0.25,0.0,0.0,0.5,0.0,0.0,0.7608695652173914,0.0,0.8604651162790697,1.0
13100,0.6153846153846154,0.225,0.0,0.4107142857142857,0.8666666666666667,0.2,0.04918032786885246,1.0,0.5555555555555556,0.9230769230769231,0.6567164179104478,0.875,0.9420289855072463,0.3181818181818182,0.8777777777777778,0.6666666666666666,1.0,0.9902912621359223,0.0,1.0,0.2857142857142857,0.0,0.8095238095238095,0.6666666666666666,0.5,0.7945205479452054,0.0,1.0,0.5,0.8571428571428571,0.0625,0.35714285714285715,0.8918918918918919,0.7676767676767676,0.8255813953488372,0.2857142857142857,1.0,0.0,0.0,0.8333333333333334,0.3829787234042553,0.0,0.9130434782608695,0.42857142857142855,0.9767441860465116,1.0
13200,0.10256410256410256,0.0,0.0,0.017857142857142856,0.2,0.0,0.0,0.0,0.1111111111111111,0.07692307692307693,0.04477611940298507,0.6428571428571429,0.8840579710144928,0.0,0.6,0.0,0.0,0.8349514563106796,0.0,0.125,0.023809523809523808,0.0,0.42857142857142855,0.0,0.0,0.2328767123287671,0.0,0.0,0.0,0.11428571428571428,0.0,0.0,0.6216216216216216,0.050505050505050504,0.5348837209302325,0.0,0.25,0.0,0.0,0.0,0.0,0.0,0.75,0.0,0.8023255813953488,1.0
13300,0.23076923076923078,0.025,0.0,0.05357142857142857,0.2,0.0,0.0,0.5,0.0,0.07692307692307693,0.417910447761194,0.8214285714285714,0.927536231884058,0.045454545454545456,0.7444444444444445,0.0,0.16666666666666666,0.9611650485436893,0.0,0.75,0.0,0.0,0.6190476190476191,0.4444444444444444,0.0,0.3287671232876712,0.0,0.0,0.0,0.0,0.0,0.0,0.6486486486486487,0.1111111111111111,0.5697674418604651,0.0,0.75,0.0,0.0,0.0,0.0,0.0,0.8478260869565217,0.14285714285714285,0.7674418604651163,1.0
13400,0.6923076923076923,0.325,0.0,0.19642857142857142,0.8666666666666667,0.4,0.18032786885245902,1.0,0.5555555555555556,0.46153846153846156,0.6865671641791045,0.875,0.927536231884058,0.22727272727272727,0.8444444444444444,0.6666666666666666,1.0,0.9805825242718447,0.0,1.0,0.14285714285714285,0.0,0.7142857142857143,0.8888888888888888,1.0,0.6301369863013698,0.125,0.6,0.5,0.4857142857142857,0.041666666666666664,0.2857142857142857,0.8513513513513513,0.6565656565656566,0.7441860465116279,0.5714285714285714,1.0,0.0,0.0,0.6666666666666666,0.2978723404255319,0.0,0.9021739130434783,0.42857142857142855,0.9534883720930233,1.0
13500,0.6410256410256411,0.375,0.0,0.3392857142857143,0.8666666666666667,0.4,0.03278688524590164,1.0,0.5555555555555556,0.6923076923076923,0.6716417910447762,0.8928571428571429,0.9420289855072463,0.5909090909090909,0.9,0.6666666666666666,1.0,0.9902912621359223,0.0,1.0,0.14285714285714285,0.0,0.7619047619047619,0.8888888888888888,0.5,0.8082191780821918,0.0,1.0,0.5,0.45714285714285713,0.020833333333333332,0.2857142857142857,0.7702702702702703,0.7373737373737373,0.8372093023255814,0.2857142857142857,1.0,1.0,0.0,0.8333333333333334,0.40425531914893614,0.0,0.9347826086956522,0.2857142857142857,0.9883720930232558,1.0
13600,0.0,0.0,0.0,0.0,0.0,0.0,0.0,0.0,0.0,0.0,0.0,0.08928571428571429,0.8695652173913043,0.0,0.03333333333333333,0.0,0.0,0.34951456310679613,0.0,0.125,0.0,0.0,0.0,0.0,0.0,0.0821917808219178,0.0,0.0,0.0,0.0,0.0,0.0,0.013513513513513514,0.010101010101010102,0.011627906976744186,0.0,0.25,0.0,0.0,0.0,0.0,0.0,0.5543478260869565,0.0,0.13953488372093023,0.6666666666666666
13700,0.38461538461538464,0.025,0.0,0.017857142857142856,0.13333333333333333,0.2,0.0,0.16666666666666666,0.0,0.0,0.14925373134328357,0.5892857142857143,0.9130434782608695,0.045454545454545456,0.7222222222222222,0.0,0.0,0.9514563106796117,0.0,0.375,0.0,0.0,0.38095238095238093,0.3333333333333333,0.0,0.6575342465753424,0.0,0.0,0.0,0.05714285714285714,0.020833333333333332,0.0,0.5945945945945946,0.09090909090909091,0.6627906976744186,0.0,0.25,0.0,0.0,0.3333333333333333,0.0,0.0,0.8586956521739131,0.0,0.872093023255814,1.0
13800,0.7692307692307693,0.4,0.0,0.44642857142857145,0.7333333333333333,0.8,0.03278688524590164,1.0,0.5555555555555556,0.7692307692307693,0.6268656716417911,0.875,0.9565217391304348,0.3181818181818182,0.9222222222222223,0.3333333333333333,1.0,0.9805825242718447,0.0,1.0,0.14285714285714285,0.0,0.7619047619047619,0.7777777777777778,0.0,0.8767123287671232,0.0,1.0,0.6666666666666666,0.4,0.08333333333333333,0.21428571428571427,0.7837837837837838,0.7171717171717171,0.8255813953488372,0.0,1.0,0.0,0.0,0.6666666666666666,0.06382978723404255,0.0,0.9891304347826086,0.0,0.9651162790697675,1.0
13900,0.6410256410256411,0.275,0.0,0.21428571428571427,0.8666666666666667,0.8,0.01639344262295082,1.0,0.0,0.6923076923076923,0.7313432835820896,0.8571428571428571,0.927536231884058,0.45454545454545453,0.8333333333333334,0.3333333333333333,0.6666666666666666,1.0,0.0,0.75,0.09523809523809523,0.0,0.7619047619047619,0.3333333333333333,0.5,0.7671232876712328,0.0,0.6,0.3333333333333333,0.7714285714285715,0.020833333333333332,0.35714285714285715,0.8378378378378378,0.696969696969697,0.7790697674418605,0.0,1.0,0.0,0.0,0.8333333333333334,0.2553191489361702,0.0,0.9347826086956522,0.2857142857142857,0.9534883720930233,1.0
14000,0.7692307692307693,0.65,0.0,0.6428571428571429,0.9333333333333333,0.8,0.06557377049180328,1.0,0.1111111111111111,0.9230769230769231,0.746268656716418,0.8928571428571429,0.9565217391304348,0.4090909090909091,0.9,0.6666666666666666,1.0,0.9902912621359223,0.0,1.0,0.23809523809523808,0.0,0.8095238095238095,1.0,1.0,0.821917808219178,0.25,1.0,0.5,0.7714285714285715,0.16666666666666666,0.6428571428571429,0.8918918918918919,0.8080808080808081,0.872093023255814,0.14285714285714285,1.0,0.0,0.0,1.0,0.574468085106383,0.0,0.9782608695652174,0.14285714285714285,0.9767441860465116,1.0
14100,0.8461538461538461,0.85,0.0,0.6428571428571429,0.8666666666666667,0.8,0.06557377049180328,1.0,0.7777777777777778,0.9230769230769231,0.7910447761194029,0.9285714285714286,0.9565217391304348,0.5454545454545454,0.9333333333333333,0.6666666666666666,1.0,0.9902912621359223,0.0,1.0,0.6190476190476191,0.0,0.8095238095238095,1.0,1.0,0.8356164383561644,0.5,1.0,0.8333333333333334,0.8,0.3541666666666667,0.2857142857142857,0.918918918918919,0.8080808080808081,0.872093023255814,0.14285714285714285,1.0,1.0,0.0,1.0,0.6382978723404256,0.0,0.9782608695652174,0.5714285714285714,0.9651162790697675,1.0
14200,0.48717948717948717,0.1,0.0,0.10714285714285714,0.8,0.6,0.08196721311475409,0.8333333333333334,0.1111111111111111,0.8461538461538461,0.5373134328358209,0.875,0.9565217391304348,0.09090909090909091,0.8222222222222222,0.6666666666666666,0.6666666666666666,0.9029126213592233,0.0,1.0,0.14285714285714285,0.0,0.7619047619047619,1.0,0.5,0.7397260273972602,0.0,0.8,0.8333333333333334,0.2857142857142857,0.020833333333333332,0.07142857142857142,0.7702702702702703,0.09090909090909091,0.7325581395348837,0.0,0.25,0.0,0.0,0.8333333333333334,0.0,0.0,0.9239130434782609,0.2857142857142857,0.9186046511627907,1.0
14300,0.717948717948718,0.3,0.75,0.7142857142857143,0.8,0.8,0.26229508196721313,1.0,0.7777777777777778,0.9230769230769231,0.7164179104477612,0.9107142857142857,0.9710144927536232,0.5,0.9111111111111111,0.6666666666666666,0.6666666666666666,1.0,0.0,1.0,0.11904761904761904,0.0,0.8095238095238095,1.0,1.0,0.8356164383561644,0.0,1.0,0.8333333333333334,0.7142857142857143,0.8333333333333334,0.07142857142857142,0.9594594594594594,0.7474747474747475,0.8488372093023255,0.0,1.0,0.0,0.0,0.8333333333333334,0.2553191489361702,0.0,0.9782608695652174,0.2857142857142857,0.9883720930232558,1.0
14400,0.8461538461538461,0.85,0.0,0.8928571428571429,0.9333333333333333,0.8,0.01639344262295082,1.0,0.7777777777777778,0.9230769230769231,0.7313432835820896,0.8928571428571429,0.9710144927536232,0.45454545454545453,0.9111111111111111,0.6666666666666666,0.6666666666666666,1.0,0.0,1.0,0.30952380952380953,0.0,0.8095238095238095,1.0,1.0,0.8767123287671232,0.0,1.0,0.8333333333333334,0.9142857142857143,0.9375,0.42857142857142855,0.972972972972973,0.7474747474747475,0.8604651162790697,0.0,1.0,0.0,0.0,0.8333333333333334,0.7021276595744681,0.0,0.9782608695652174,0.5714285714285714,0.9883720930232558,1.0
14500,0.7948717948717948,0.1,0.0,0.21428571428571427,0.7333333333333333,0.8,0.0,1.0,0.7777777777777778,0.9230769230769231,0.7164179104477612,0.8928571428571429,0.9710144927536232,0.45454545454545453,0.8666666666666667,0.6666666666666666,0.6666666666666666,1.0,0.0,1.0,0.6190476190476191,0.0,0.8095238095238095,1.0,1.0,0.8493150684931506,0.0,1.0,0.8333333333333334,0.6,0.25,0.2857142857142857,0.9459459459459459,0.7474747474747475,0.813953488372093,0.0,1.0,0.0,0.0,0.8333333333333334,0.5531914893617021,0.0,0.9456521739130435,0.5714285714285714,1.0,1.0
14600,0.41025641025641024,0.425,0.0,0.48214285714285715,0.8,0.8,0.0,1.0,0.7777777777777778,0.8461538461538461,0.7164179104477612,0.875,0.9565217391304348,0.3181818181818182,0.8666666666666667,0.6666666666666666,0.6666666666666666,0.9902912621359223,0.0,1.0,0.30952380952380953,0.0,0.7619047619047619,1.0,1.0,0.8493150684931506,0.0,0.6,0.5,0.6571428571428571,0.0625,0.21428571428571427,0.918918918918919,0.6666666666666666,0.7790697674418605,0.0,1.0,0.0,0.0,0.8333333333333334,0.40425531914893614,0.0,0.9565217391304348,0.2857142857142857,0.9767441860465116,1.0
14700,0.6666666666666666,0.4,0.0,0.16071428571428573,0.4,0.8,0.0,0.8333333333333334,0.5555555555555556,0.38461538461538464,0.6417910447761194,0.8392857142857143,0.8985507246376812,0.13636363636363635,0.7666666666666667,0.6666666666666666,0.3333333333333333,0.941747572815534,0.0,0.625,0.09523809523809523,0.0,0.7142857142857143,0.6666666666666666,1.0,0.6301369863013698,0.0,0.4,0.6666666666666666,0.6571428571428571,0.0,0.0,0.7972972972972973,0.16161616161616163,0.6976744186046512,0.0,1.0,0.0,0.0,0.8333333333333334,0.2553191489361702,0.0,0.9130434782608695,0.0,0.8837209302325582,1.0
14800,0.6923076923076923,0.1,0.0,0.07142857142857142,0.13333333333333333,0.6,0.0,0.6666666666666666,0.7777777777777778,0.9230769230769231,0.7014925373134329,0.75,0.9565217391304348,0.18181818181818182,0.7111111111111111,0.0,0.3333333333333333,0.9902912621359223,0.0,0.625,0.2619047619047619,0.0,0.8095238095238095,0.5555555555555556,0.0,0.821917808219178,0.0,0.0,0.0,0.6571428571428571,0.1875,0.0,0.8783783783783784,0.7373737373737373,0.7558139534883721,0.0,0.5,0.0,0.0,0.8333333333333334,0.02127659574468085,0.0,0.967391304347826,0.0,0.9767441860465116,1.0
14900,0.15384615384615385,0.25,0.0,0.32142857142857145,0.7333333333333333,0.8,0.0,0.6666666666666666,0.5555555555555556,0.9230769230769231,0.417910447761194,0.875,0.9565217391304348,0.18181818181818182,0.7888888888888889,0.0,0.16666666666666666,0.970873786407767,0.0,0.75,0.07142857142857142,0.0,0.8095238095238095,1.0,0.0,0.7534246575342466,0.0,0.6,0.16666666666666666,0.08571428571428572,0.041666666666666664,0.2857142857142857,0.8378378378378378,0.20202020202020202,0.7325581395348837,0.0,0.75,0.0,0.0,0.6666666666666666,0.40425531914893614,0.0,0.9565217391304348,0.2857142857142857,0.9651162790697675,1.0
15000,0.717948717948718,0.325,0.0,0.14285714285714285,0.8666666666666667,0.8,0.0,1.0,0.6666666666666666,0.9230769230769231,0.6716417910447762,0.875,0.9565217391304348,0.22727272727272727,0.8111111111111111,0.3333333333333333,0.6666666666666666,0.970873786407767,0.0,0.875,0.5952380952380952,0.0,0.7619047619047619,1.0,1.0,0.8082191780821918,0.0,0.6,0.5,0.34285714285714286,0.2916666666666667,0.07142857142857142,0.8918918918918919,0.6868686868686869,0.7906976744186046,0.14285714285714285,1.0,0.0,0.0,1.0,0.46808510638297873,0.0,0.9565217391304348,0.2857142857142857,0.9883720930232558,1.0
15100,0.6923076923076923,0.275,0.0,0.17857142857142858,0.8,0.8,0.0,1.0,0.5555555555555556,0.6923076923076923,0.6268656716417911,0.875,0.9565217391304348,0.4090909090909091,0.8333333333333334,0.0,1.0,0.9514563106796117,0.0,1.0,0.16666666666666666,0.0,0.7619047619047619,0.8888888888888888,1.0,0.8493150684931506,0.0,0.6,0.6666666666666666,0.4,0.0,0.2857142857142857,0.918918918918919,0.6363636363636364,0.7906976744186046,0.0,0.75,1.0,0.0,0.8333333333333334,0.46808510638297873,0.0,0.9782608695652174,0.14285714285714285,0.9767441860465116,1.0
15200,0.7692307692307693,0.675,0.0,0.5892857142857143,0.8666666666666667,0.8,0.14754098360655737,1.0,0.6666666666666666,0.6153846153846154,0.4925373134328358,0.8214285714285714,0.8985507246376812,0.2727272727272727,0.7777777777777778,0.6666666666666666,1.0,0.941747572815534,0.0,1.0,0.40476190476190477,0.0,0.7619047619047619,0.8888888888888888,1.0,0.821917808219178,0.0,1.0,0.5,0.8285714285714286,0.125,0.2857142857142857,0.8783783783783784,0.7777777777777778,0.7906976744186046,0.2857142857142857,1.0,1.0,0.0,0.8333333333333334,0.02127659574468085,0.0,0.9347826086956522,0.0,0.9883720930232558,1.0
15300,0.6410256410256411,0.575,0.0,0.25,0.8666666666666667,0.8,0.01639344262295082,0.8333333333333334,0.5555555555555556,1.0,0.6268656716417911,0.8571428571428571,0.9565217391304348,0.3181818181818182,0.8222222222222222,0.0,0.6666666666666666,0.970873786407767,0.0,0.75,0.16666666666666666,0.0,0.7619047619047619,0.7777777777777778,0.5,0.7945205479452054,0.0,0.0,0.3333333333333333,0.45714285714285713,0.0625,0.07142857142857142,0.7837837837837838,0.7373737373737373,0.7674418604651163,0.0,0.25,0.0,0.0,0.8333333333333334,0.14893617021276595,0.0,0.9565217391304348,0.0,0.9534883720930233,1.0
15400,0.8205128205128205,0.5,0.0,0.07142857142857142,0.8666666666666667,0.8,0.03278688524590164,0.8333333333333334,0.5555555555555556,1.0,0.7164179104477612,0.8392857142857143,0.9855072463768116,0.22727272727272727,0.8555555555555555,0.0,0.6666666666666666,0.9902912621359223,0.0,0.75,0.16666666666666666,0.0,0.8095238095238095,0.8888888888888888,1.0,0.821917808219178,0.0,0.4,0.0,0.08571428571428572,0.020833333333333332,0.07142857142857142,0.8918918918918919,0.7777777777777778,0.813953488372093,0.14285714285714285,0.25,0.0,0.0,1.0,0.2553191489361702,0.0,0.9782608695652174,0.0,0.9418604651162791,1.0
15500,0.1282051282051282,0.05,0.0,0.03571428571428571,0.2,0.2,0.0,0.6666666666666666,0.5555555555555556,0.6923076923076923,0.44776119402985076,0.7857142857142857,0.9420289855072463,0.09090909090909091,0.7888888888888889,0.0,0.3333333333333333,0.8737864077669902,0.0,0.625,0.047619047619047616,0.0,0.6666666666666666,0.6666666666666666,0.0,0.4931506849315068,0.0,0.0,0.0,0.05714285714285714,0.0,0.07142857142857142,0.8243243243243243,0.1414141414141414,0.6511627906976745,0.0,0.75,0.0,0.0,1.0,0.0,0.0,0.8695652173913043,0.14285714285714285,0.46511627906976744,1.0
15600,0.07692307692307693,0.025,0.0,0.017857142857142856,0.2,0.6,0.0,0.16666666666666666,0.1111111111111111,0.9230769230769231,0.44776119402985076,0.875,0.9710144927536232,0.22727272727272727,0.8222222222222222,0.0,0.16666666666666666,0.9514563106796117,0.0,0.375,0.0,0.0,0.7142857142857143,0.1111111111111111,0.5,0.3972602739726027,0.0,0.0,0.0,0.0,0.0,0.07142857142857142,0.7162162162162162,0.0707070707070707,0.7441860465116279,0.0,0.5,0.0,0.0,0.16666666666666666,0.02127659574468085,0.0,0.8913043478260869,0.0,0.5697674418604651,1.0
15700,0.6153846153846154,0.45,0.0,0.5535714285714286,0.8,0.6,0.03278688524590164,1.0,0.5555555555555556,0.6923076923076923,0.6417910447761194,0.8392857142857143,0.927536231884058,0.2727272727272727,0.8666666666666667,0.6666666666666666,0.6666666666666666,1.0,0.0,0.875,0.023809523809523808,0.0,0.7619047619047619,0.8888888888888888,0.5,0.7808219178082192,0.0,0.6,0.8333333333333334,0.4,0.020833333333333332,0.2857142857142857,0.9054054054054054,0.6161616161616161,0.7441860465116279,0.14285714285714285,1.0,0.0,0.0,0.8333333333333334,0.5531914893617021,0.0,0.9456521739130435,0.14285714285714285,0.9534883720930233,1.0
15800,0.07692307692307693,0.05,0.0,0.0,0.4,0.6,0.01639344262295082,0.0,0.1111111111111111,0.6923076923076923,0.29850746268656714,0.8571428571428571,0.9420289855072463,0.0,0.7777777777777778,0.0,0.16666666666666666,0.8932038834951457,0.0,0.625,0.0,0.0,0.6666666666666666,0.1111111111111111,0.0,0.3287671232876712,0.0,0.0,0.0,0.0,0.0,0.0,0.5135135135135135,0.23232323232323232,0.6627906976744186,0.0,0.0,0.0,0.0,0.3333333333333333,0.06382978723404255,0.0,0.8804347826086957,0.0,0.5581395348837209,1.0
15900,0.07692307692307693,0.05,0.0,0.017857142857142856,0.4,0.6,0.0,0.16666666666666666,0.0,0.07692307692307693,0.11940298507462686,0.8035714285714286,0.8985507246376812,0.0,0.7777777777777778,0.0,0.16666666666666666,0.9223300970873787,0.0,0.625,0.0,0.0,0.38095238095238093,0.4444444444444444,0.5,0.136986301369863,0.0,0.0,0.0,0.0,0.0,0.0,0.6081081081081081,0.06060606060606061,0.5,0.0,0.0,0.0,0.0,0.16666666666666666,0.0,0.0,0.8586956521739131,0.14285714285714285,0.3372093023255814,1.0
16000,0.6410256410256411,0.35,0.0,0.5714285714285714,0.8666666666666667,0.6,0.11475409836065574,0.8333333333333334,0.5555555555555556,0.9230769230769231,0.6716417910447762,0.8214285714285714,0.9565217391304348,0.09090909090909091,0.8222222222222222,0.3333333333333333,0.6666666666666666,0.941747572815534,0.0,1.0,0.0,0.0,0.7619047619047619,1.0,1.0,0.8082191780821918,0.0,0.8,0.6666666666666666,0.17142857142857143,0.020833333333333332,0.2857142857142857,0.8918918918918919,0.4444444444444444,0.7674418604651163,0.0,1.0,0.0,0.0,0.6666666666666666,0.46808510638297873,0.0,0.9347826086956522,0.14285714285714285,0.9767441860465116,1.0
16100,0.10256410256410256,0.025,0.0,0.017857142857142856,0.3333333333333333,0.2,0.04918032786885246,0.16666666666666666,0.0,0.8461538461538461,0.5671641791044776,0.5,0.9565217391304348,0.0,0.8333333333333334,0.0,0.0,0.9805825242718447,0.0,1.0,0.0,0.0,0.5238095238095238,1.0,0.5,0.6301369863013698,0.0,0.0,0.0,0.05714285714285714,0.0,0.07142857142857142,0.7027027027027027,0.20202020202020202,0.7558139534883721,0.0,0.5,0.0,0.0,0.3333333333333333,0.02127659574468085,0.0,0.9130434782608695,0.0,0.6511627906976745,1.0
16200,0.8205128205128205,0.525,0.125,0.8392857142857143,0.8666666666666667,0.8,0.7049180327868853,1.0,0.7777777777777778,1.0,0.7014925373134329,0.9107142857142857,0.9855072463768116,0.5,0.8666666666666667,0.6666666666666666,1.0,0.9902912621359223,0.0,1.0,0.7380952380952381,0.0,0.8095238095238095,1.0,1.0,0.863013698630137,0.0,1.0,0.8333333333333334,0.8285714285714286,0.375,0.6428571428571429,0.972972972972973,0.8383838383838383,0.872093023255814,0.7142857142857143,1.0,0.0,0.0,0.8333333333333334,0.7872340425531915,0.0,0.9782608695652174,0.5714285714285714,0.9883720930232558,1.0
16300,0.7692307692307693,0.575,0.0,0.7678571428571429,0.8666666666666667,0.6,0.5245901639344263,1.0,0.6666666666666666,0.9230769230769231,0.746268656716418,0.9107142857142857,0.9710144927536232,0.2727272727272727,0.8555555555555555,0.6666666666666666,1.0,0.9611650485436893,0.0,1.0,0.5,0.0,0.8571428571428571,1.0,0.5,0.821917808219178,0.125,0.8,0.8333333333333334,0.22857142857142856,0.125,0.2857142857142857,0.9054054054054054,0.8787878787878788,0.813953488372093,0.14285714285714285,1.0,0.0,0.0,1.0,0.7446808510638298,0.0,0.9565217391304348,0.5714285714285714,0.9883720930232558,1.0
16400,0.6666666666666666,0.6,0.0,0.05357142857142857,0.4666666666666667,0.2,0.13114754098360656,0.8333333333333334,0.1111111111111111,0.9230769230769231,0.6865671641791045,0.5,0.9710144927536232,0.18181818181818182,0.7888888888888889,0.0,0.6666666666666666,0.9320388349514563,0.0,1.0,0.30952380952380953,0.0,0.8095238095238095,0.7777777777777778,1.0,0.7808219178082192,0.0,0.6,0.16666666666666666,0.08571428571428572,0.0,0.07142857142857142,0.8648648648648649,0.6363636363636364,0.7790697674418605,0.14285714285714285,0.75,0.0,0.0,1.0,0.19148936170212766,0.0,0.967391304347826,0.14285714285714285,0.9418604651162791,1.0
16500,0.5897435897435898,0.075,0.0,0.19642857142857142,0.8666666666666667,0.6,0.04918032786885246,0.8333333333333334,0.6666666666666666,0.9230769230769231,0.6119402985074627,0.6428571428571429,0.927536231884058,0.18181818181818182,0.8,0.3333333333333333,0.6666666666666666,0.9902912621359223,0.0,1.0,0.23809523809523808,0.0,0.7142857142857143,0.6666666666666666,1.0,0.7945205479452054,0.0,0.0,0.5,0.2,0.0,0.07142857142857142,0.9324324324324325,0.6565656565656566,0.7093023255813954,0.14285714285714285,0.75,0.0,0.0,0.6666666666666666,0.14893617021276595,0.0,0.8913043478260869,0.2857142857142857,0.9883720930232558,1.0
16600,0.8461538461538461,0.525,0.0,0.875,0.8666666666666667,0.8,0.6065573770491803,1.0,0.7777777777777778,1.0,0.8208955223880597,0.8928571428571429,0.9710144927536232,0.4090909090909091,0.8888888888888888,0.6666666666666666,1.0,1.0,0.0,1.0,0.2857142857142857,0.0,0.8095238095238095,1.0,1.0,0.8356164383561644,0.5,1.0,0.8333333333333334,0.7142857142857143,0.20833333333333334,0.8571428571428571,0.9594594594594594,0.7373737373737373,0.8604651162790697,0.7142857142857143,1.0,0.0,1.0,1.0,0.851063829787234,0.14285714285714285,0.9891304347826086,0.42857142857142855,1.0,1.0
16700,0.7692307692307693,0.175,0.0,0.44642857142857145,0.8666666666666667,0.8,0.2459016393442623,1.0,0.7777777777777778,1.0,0.7313432835820896,0.8928571428571429,0.9565217391304348,0.22727272727272727,0.8888888888888888,0.6666666666666666,1.0,1.0,0.0,1.0,0.14285714285714285,0.0,0.8095238095238095,1.0,0.0,0.8356164383561644,0.0,0.6,0.5,0.6857142857142857,0.14583333333333334,0.2857142857142857,0.9459459459459459,0.6363636363636364,0.8255813953488372,0.14285714285714285,1.0,0.0,0.0,1.0,0.8085106382978723,0.0,0.9565217391304348,0.14285714285714285,0.9883720930232558,1.0
16800,0.6410256410256411,0.325,0.0,0.2857142857142857,0.8,0.6,0.0,1.0,0.2222222222222222,1.0,0.6716417910447762,0.8571428571428571,0.9710144927536232,0.2727272727272727,0.8222222222222222,0.0,0.6666666666666666,0.9320388349514563,0.0,1.0,0.30952380952380953,0.0,0.7142857142857143,0.8888888888888888,0.5,0.6712328767123288,0.0,0.0,0.16666666666666666,0.22857142857142856,0.0,0.0,0.8648648648648649,0.6161616161616161,0.7325581395348837,0.0,1.0,0.0,0.0,0.5,0.6382978723404256,0.0,0.8804347826086957,0.0,0.9883720930232558,1.0
16900,0.38461538461538464,0.0,0.0,0.05357142857142857,0.4,0.8,0.03278688524590164,0.8333333333333334,0.5555555555555556,0.7692307692307693,0.5671641791044776,0.7857142857142857,0.9565217391304348,0.36363636363636365,0.8,0.0,0.6666666666666666,0.970873786407767,0.0,1.0,0.09523809523809523,0.0,0.6666666666666666,0.7777777777777778,0.0,0.7671232876712328,0.0,0.4,0.0,0.14285714285714285,0.0,0.07142857142857142,0.7972972972972973,0.5454545454545454,0.7209302325581395,0.14285714285714285,0.5,0.0,0.0,0.16666666666666666,0.06382978723404255,0.0,0.8369565217391305,0.14285714285714285,0.9767441860465116,1.0
17000,0.38461538461538464,0.375,0.0,0.625,0.8666666666666667,0.8,0.0,0.8333333333333334,0.5555555555555556,0.6153846153846154,0.6716417910447762,0.8571428571428571,0.9565217391304348,0.2727272727272727,0.8555555555555555,0.3333333333333333,0.6666666666666666,0.970873786407767,0.0,1.0,0.42857142857142855,0.0,0.6190476190476191,0.8888888888888888,0.0,0.821917808219178,0.0,0.8,0.3333333333333333,0.14285714285714285,0.0625,0.07142857142857142,0.9324324324324325,0.7474747474747475,0.7325581395348837,0.0,1.0,0.0,0.0,0.5,0.6382978723404256,0.0,0.8804347826086957,0.14285714285714285,0.9883720930232558,1.0
17100,0.7692307692307693,0.525,0.25,0.875,0.8666666666666667,0.8,0.3442622950819672,1.0,0.6666666666666666,0.9230769230769231,0.7761194029850746,0.9285714285714286,0.9710144927536232,0.5,0.9111111111111111,0.6666666666666666,1.0,0.9805825242718447,0.0,1.0,0.7380952380952381,0.0,0.8095238095238095,0.8888888888888888,0.5,0.8493150684931506,0.0,1.0,0.8333333333333334,0.6285714285714286,0.14583333333333334,0.7857142857142857,0.9594594594594594,0.8282828282828283,0.8488372093023255,0.7142857142857143,1.0,1.0,1.0,1.0,0.8723404255319149,0.0,0.9565217391304348,0.5714285714285714,0.9883720930232558,1.0
17200,0.23076923076923078,0.075,0.0,0.44642857142857145,0.8666666666666667,0.8,0.29508196721311475,0.6666666666666666,0.5555555555555556,1.0,0.7611940298507462,0.8928571428571429,0.9710144927536232,0.4090909090909091,0.8555555555555555,0.0,0.5,0.9514563106796117,0.0,1.0,0.07142857142857142,0.0,0.5714285714285714,0.7777777777777778,0.5,0.7534246575342466,0.0,0.6,0.16666666666666666,0.42857142857142855,0.125,0.07142857142857142,0.8648648648648649,0.6565656565656566,0.7674418604651163,0.0,1.0,0.0,0.0,0.6666666666666666,0.46808510638297873,0.0,0.9565217391304348,0.14285714285714285,0.9767441860465116,1.0
17300,0.05128205128205128,0.05,0.0,0.39285714285714285,0.7333333333333333,0.6,0.16393442622950818,0.6666666666666666,0.0,0.8461538461538461,0.6716417910447762,0.8392857142857143,0.927536231884058,0.3181818181818182,0.7,0.0,0.16666666666666666,0.9514563106796117,0.0,0.625,0.047619047619047616,0.0,0.09523809523809523,0.4444444444444444,0.5,0.6164383561643836,0.0,0.4,0.0,0.0,0.0,0.0,0.8108108108108109,0.0707070707070707,0.6511627906976745,0.0,0.0,0.0,0.0,0.3333333333333333,0.0,0.0,0.7717391304347826,0.14285714285714285,0.9418604651162791,1.0
17400,0.23076923076923078,0.0,0.0,0.35714285714285715,0.8666666666666667,0.6,0.21311475409836064,0.8333333333333334,0.5555555555555556,0.9230769230769231,0.6716417910447762,0.8214285714285714,0.927536231884058,0.22727272727272727,0.8111111111111111,0.0,0.0,0.9320388349514563,0.0,1.0,0.047619047619047616,0.0,0.7142857142857143,0.7777777777777778,1.0,0.6301369863013698,0.0,0.6,0.0,0.08571428571428572,0.0,0.2857142857142857,0.918918918918919,0.2222222222222222,0.813953488372093,0.0,0.75,0.0,0.0,0.6666666666666666,0.0851063829787234,0.0,0.9456521739130435,0.0,0.9767441860465116,1.0
17500,0.46153846153846156,0.4,0.125,0.48214285714285715,0.8666666666666667,0.8,0.2459016393442623,1.0,0.6666666666666666,1.0,0.7313432835820896,0.9107142857142857,0.9420289855072463,0.36363636363636365,0.8444444444444444,0.6666666666666666,0.6666666666666666,0.9805825242718447,0.0,1.0,0.19047619047619047,0.0,0.6666666666666666,0.8888888888888888,1.0,0.8356164383561644,0.0,0.6,0.3333333333333333,0.5428571428571428,0.7916666666666666,0.0,0.9459459459459459,0.6464646464646465,0.8604651162790697,0.0,1.0,0.0,0.0,1.0,0.5319148936170213,0.0,0.9021739130434783,0.2857142857142857,0.9767441860465116,1.0
17600,0.0,0.025,0.0,0.03571428571428571,0.0,0.0,0.0,0.0,0.0,0.5384615384615384,0.47761194029850745,0.6607142857142857,0.9130434782608695,0.0,0.5,0.0,0.0,0.8640776699029126,0.0,0.625,0.0,0.0,0.2857142857142857,0.0,0.0,0.1095890410958904,0.0,0.0,0.0,0.0,0.0,0.0,0.7567567567567568,0.06060606060606061,0.11627906976744186,0.0,0.0,0.0,0.0,0.3333333333333333,0.02127659574468085,0.0,0.6630434782608695,0.0,0.19767441860465115,1.0
17700,0.5128205128205128,0.05,0.0,0.16071428571428573,0.8666666666666667,0.6,0.18032786885245902,0.8333333333333334,0.1111111111111111,1.0,0.6567164179104478,0.8392857142857143,0.9710144927536232,0.22727272727272727,0.8333333333333334,0.0,0.6666666666666666,0.9805825242718447,0.0,1.0,0.5238095238095238,0.0,0.8571428571428571,0.8888888888888888,1.0,0.821917808219178,0.0,0.4,0.0,0.11428571428571428,0.0625,0.07142857142857142,0.8648648648648649,0.6060606060606061,0.813953488372093,0.0,1.0,0.0,0.0,1.0,0.10638297872340426,0.0,0.9782608695652174,0.14285714285714285,0.9651162790697675,1.0
17800,0.6923076923076923,0.3,0.0,0.6964285714285714,0.8666666666666667,0.8,0.0,1.0,0.5555555555555556,0.9230769230769231,0.7014925373134329,0.875,0.9710144927536232,0.22727272727272727,0.8,0.0,0.6666666666666666,0.970873786407767,0.0,1.0,0.42857142857142855,0.0,0.7619047619047619,0.7777777777777778,1.0,0.8082191780821918,0.0,0.4,0.16666666666666666,0.11428571428571428,0.0,0.0,0.972972972972973,0.36363636363636365,0.8372093023255814,0.0,1.0,0.0,0.0,1.0,0.0425531914893617,0.0,0.9021739130434783,0.14285714285714285,0.9767441860465116,1.0
17900,0.07692307692307693,0.625,0.0,0.7678571428571429,0.7333333333333333,0.6,0.5901639344262295,0.6666666666666666,0.6666666666666666,1.0,0.7761194029850746,0.8928571428571429,0.9710144927536232,0.36363636363636365,0.8,0.0,0.6666666666666666,0.9805825242718447,0.0,1.0,0.09523809523809523,0.0,0.7619047619047619,0.7777777777777778,0.5,0.7945205479452054,0.0,0.4,0.16666666666666666,0.02857142857142857,0.0,0.0,0.9054054054054054,0.12121212121212122,0.7906976744186046,0.0,0.75,0.0,0.0,1.0,0.48936170212765956,0.0,0.9130434782608695,0.14285714285714285,0.8953488372093024,1.0
18000,0.6410256410256411,0.8,0.0,0.7678571428571429,0.8666666666666667,0.6,0.3770491803278688,1.0,0.7777777777777778,1.0,0.7761194029850746,0.9107142857142857,0.9710144927536232,0.4090909090909091,0.8444444444444444,0.6666666666666666,0.6666666666666666,0.9902912621359223,0.0,1.0,0.5952380952380952,0.0,0.8095238095238095,1.0,0.5,0.8356164383561644,0.0,0.8,0.16666666666666666,0.17142857142857143,0.3125,0.07142857142857142,0.972972972972973,0.7272727272727273,0.8604651162790697,0.0,1.0,1.0,0.0,1.0,0.7446808510638298,0.0,0.9891304347826086,0.14285714285714285,0.9883720930232558,1.0
18100,0.48717948717948717,0.225,0.0,0.26785714285714285,0.5333333333333333,0.0,0.2786885245901639,1.0,0.7777777777777778,1.0,0.6716417910447762,0.9107142857142857,0.9710144927536232,0.2727272727272727,0.8111111111111111,0.3333333333333333,0.3333333333333333,0.9029126213592233,0.0,0.75,0.14285714285714285,0.0,0.8095238095238095,0.8888888888888888,0.0,0.7671232876712328,0.0,0.4,0.16666666666666666,0.2,0.041666666666666664,0.07142857142857142,0.9594594594594594,0.36363636363636365,0.7906976744186046,0.0,0.25,1.0,0.0,0.6666666666666666,0.3617021276595745,0.0,0.9347826086956522,0.2857142857142857,0.9651162790697675,1.0
18200,0.05128205128205128,0.025,0.0,0.03571428571428571,0.6,0.0,0.0,0.6666666666666666,0.6666666666666666,0.9230769230769231,0.4925373134328358,0.6785714285714286,0.9565217391304348,0.18181818181818182,0.7888888888888889,0.0,0.0,0.9320388349514563,0.0,0.875,0.0,0.0,0.6666666666666666,0.3333333333333333,0.0,0.5616438356164384,0.0,0.0,0.0,0.0,0.0,0.0,0.7972972972972973,0.36363636363636365,0.7209302325581395,0.0,0.5,0.0,0.0,0.16666666666666666,0.0425531914893617,0.0,0.8913043478260869,0.0,0.8953488372093024,1.0
18300,0.3076923076923077,0.05,0.0,0.017857142857142856,0.8666666666666667,0.8,0.14754098360655737,0.6666666666666666,0.7777777777777778,0.9230769230769231,0.6716417910447762,0.9107142857142857,0.9710144927536232,0.36363636363636365,0.8555555555555555,0.0,0.3333333333333333,0.9902912621359223,0.0,0.75,0.09523809523809523,0.0,0.7619047619047619,0.8888888888888888,0.0,0.7534246575342466,0.0,0.4,0.0,0.08571428571428572,0.14583333333333334,0.0,0.9459459459459459,0.25252525252525254,0.7790697674418605,0.0,0.75,0.0,0.0,1.0,0.0851063829787234,0.0,0.9239130434782609,0.0,0.9767441860465116,1.0
18400,0.3333333333333333,0.0,0.0,0.0,0.06666666666666667,0.0,0.01639344262295082,0.6666666666666666,0.1111111111111111,0.6923076923076923,0.2835820895522388,0.4642857142857143,0.9710144927536232,0.0,0.7444444444444445,0.0,0.0,0.9223300970873787,0.0,0.5,0.0,0.0,0.7142857142857143,0.5555555555555556,0.0,0.6164383561643836,0.0,0.0,0.0,0.02857142857142857,0.0,0.0,0.7702702702702703,0.2828282828282828,0.6395348837209303,0.0,0.0,0.0,0.0,0.5,0.02127659574468085,0.0,0.8586956521739131,0.0,0.872093023255814,1.0
18500,0.7692307692307693,0.55,0.0,0.32142857142857145,0.8666666666666667,0.8,0.3114754098360656,0.6666666666666666,0.7777777777777778,0.9230769230769231,0.6567164179104478,0.8928571428571429,0.9855072463768116,0.45454545454545453,0.8666666666666667,0.0,0.6666666666666666,0.9805825242718447,0.0,1.0,0.09523809523809523,0.0,0.8095238095238095,1.0,0.5,0.8356164383561644,0.375,1.0,0.0,0.2857142857142857,0.6666666666666666,0.0,0.9324324324324325,0.5555555555555556,0.8488372093023255,0.0,1.0,0.0,0.0,0.5,0.48936170212765956,0.0,0.9782608695652174,0.0,0.9767441860465116,1.0
18600,0.46153846153846156,0.45,0.0,0.14285714285714285,0.8666666666666667,0.2,0.0,0.6666666666666666,0.6666666666666666,1.0,0.6567164179104478,0.875,0.9710144927536232,0.2727272727272727,0.7777777777777778,0.0,0.16666666666666666,0.9029126213592233,0.0,0.625,0.07142857142857142,0.0,0.7142857142857143,0.7777777777777778,0.0,0.821917808219178,0.25,0.4,0.16666666666666666,0.14285714285714285,0.0,0.0,0.918918918918919,0.5757575757575758,0.7790697674418605,0.0,0.0,0.0,0.0,0.6666666666666666,0.2978723404255319,0.0,0.9130434782608695,0.0,0.9651162790697675,1.0
18700,0.8205128205128205,0.85,0.0,0.7678571428571429,0.8666666666666667,0.8,0.4098360655737705,1.0,0.6666666666666666,1.0,0.7014925373134329,0.9107142857142857,0.9855072463768116,0.3181818181818182,0.9222222222222223,0.6666666666666666,0.6666666666666666,1.0,0.0,1.0,0.6666666666666666,0.0,0.8571428571428571,1.0,0.5,0.8767123287671232,0.0,1.0,0.3333333333333333,0.6857142857142857,0.7083333333333334,0.07142857142857142,0.9594594594594594,0.8181818181818182,0.8837209302325582,0.0,1.0,0.0,0.0,0.8333333333333334,0.8085106382978723,0.0,0.9891304347826086,0.0,1.0,1.0
18800,0.6410256410256411,0.775,0.0,0.30357142857142855,0.8666666666666667,0.8,0.3114754098360656,1.0,0.7777777777777778,1.0,0.746268656716418,0.8928571428571429,0.9855072463768116,0.3181818181818182,0.8222222222222222,0.0,0.6666666666666666,0.9514563106796117,0.0,0.875,0.11904761904761904,0.0,0.8095238095238095,0.7777777777777778,1.0,0.7671232876712328,0.0,0.6,0.16666666666666666,0.2,0.0,0.07142857142857142,0.9324324324324325,0.6767676767676768,0.7558139534883721,0.14285714285714285,0.75,0.0,0.0,0.8333333333333334,0.44680851063829785,0.0,0.967391304347826,0.0,0.9883720930232558,1.0
18900,0.20512820512820512,0.05,0.0,0.08928571428571429,0.8666666666666667,0.8,0.18032786885245902,0.6666666666666666,0.7777777777777778,1.0,0.5970149253731343,0.9107142857142857,0.9710144927536232,0.22727272727272727,0.8444444444444444,0.3333333333333333,0.6666666666666666,0.6699029126213593,0.0,0.5,0.3333333333333333,0.0,0.6666666666666666,0.8888888888888888,0.0,0.7123287671232876,0.0,0.6,0.0,0.0,0.0,0.0,0.8783783783783784,0.29292929292929293,0.813953488372093,0.0,0.0,0.0,0.0,0.5,0.6170212765957447,0.0,0.8913043478260869,0.0,0.8837209302325582,1.0
19000,0.15384615384615385,0.175,0.0,0.10714285714285714,0.6666666666666666,0.2,0.0,0.6666666666666666,0.5555555555555556,1.0,0.7313432835820896,0.875,0.9710144927536232,0.22727272727272727,0.8111111111111111,0.0,0.6666666666666666,0.9029126213592233,0.0,0.625,0.2619047619047619,0.0,0.7142857142857143,0.8888888888888888,0.5,0.6301369863013698,0.0,0.6,0.16666666666666666,0.05714285714285714,0.0,0.0,0.8513513513513513,0.5252525252525253,0.7906976744186046,0.0,0.75,0.0,0.0,0.8333333333333334,0.5319148936170213,0.0,0.9130434782608695,0.0,0.7441860465116279,1.0
19100,0.07692307692307693,0.025,0.0,0.017857142857142856,0.7333333333333333,0.8,0.01639344262295082,1.0,0.0,0.9230769230769231,0.5671641791044776,0.7857142857142857,0.9420289855072463,0.0,0.7777777777777778,0.0,0.16666666666666666,0.9320388349514563,0.0,0.5,0.23809523809523808,0.0,0.7619047619047619,0.4444444444444444,0.0,0.3698630136986301,0.0,0.0,0.0,0.05714285714285714,0.0,0.0,0.8108108108108109,0.696969696969697,0.5930232558139535,0.0,0.0,0.0,0.0,0.16666666666666666,0.48936170212765956,0.0,0.8369565217391305,0.0,0.7674418604651163,1.0
19200,0.1794871794871795,0.325,0.0,0.42857142857142855,0.8666666666666667,0.4,0.08196721311475409,0.6666666666666666,0.0,0.7692307692307693,0.7014925373134329,0.8214285714285714,0.9710144927536232,0.18181818181818182,0.7888888888888889,0.0,0.16666666666666666,0.9029126213592233,0.0,0.75,0.21428571428571427,0.0,0.8095238095238095,0.8888888888888888,0.0,0.589041095890411,0.0,0.4,0.0,0.11428571428571428,0.0,0.0,0.7972972972972973,0.35353535353535354,0.7209302325581395,0.0,0.5,0.0,0.0,0.3333333333333333,0.10638297872340426,0.0,0.9021739130434783,0.0,0.9302325581395349,1.0
19300,0.5897435897435898,0.425,0.0,0.2857142857142857,0.8666666666666667,0.2,0.18032786885245902,1.0,0.5555555555555556,0.9230769230769231,0.7164179104477612,0.8571428571428571,0.9710144927536232,0.13636363636363635,0.7888888888888889,0.3333333333333333,0.6666666666666666,0.9805825242718447,0.0,1.0,0.35714285714285715,0.0,0.8095238095238095,0.8888888888888888,0.5,0.7123287671232876,0.0,0.6,0.0,0.2571428571428571,0.14583333333333334,0.0,0.918918918918919,0.6161616161616161,0.7093023255813954,0.0,1.0,0.0,0.6,0.8333333333333334,0.7872340425531915,0.0,0.9347826086956522,0.0,0.9767441860465116,1.0
19400,0.7948717948717948,0.85,0.0,0.8571428571428571,0.8666666666666667,0.8,0.18032786885245902,1.0,0.7777777777777778,1.0,0.8059701492537313,0.9107142857142857,0.9710144927536232,0.13636363636363635,0.8888888888888888,0.6666666666666666,0.6666666666666666,1.0,0.0,1.0,0.5238095238095238,0.0,0.8095238095238095,0.8888888888888888,1.0,0.821917808219178,0.0,1.0,0.5,0.42857142857142855,0.16666666666666666,0.0,0.918918918918919,0.7777777777777778,0.8372093023255814,0.0,1.0,1.0,0.2,1.0,0.7021276595744681,0.0,0.9891304347826086,0.14285714285714285,0.9883720930232558,1.0
19500,0.3333333333333333,0.55,0.0,0.19642857142857142,0.8,0.8,0.16393442622950818,0.8333333333333334,0.5555555555555556,0.9230769230769231,0.7014925373134329,0.8928571428571429,0.9710144927536232,0.09090909090909091,0.8333333333333334,0.3333333333333333,0.6666666666666666,0.970873786407767,0.0,1.0,0.07142857142857142,0.0,0.7619047619047619,0.5555555555555556,1.0,0.7808219178082192,0.0,0.6,0.0,0.02857142857142857,0.041666666666666664,0.0,0.9324324324324325,0.2222222222222222,0.7674418604651163,0.0,0.75,0.0,0.0,0.6666666666666666,0.2978723404255319,0.0,0.9782608695652174,0.14285714285714285,0.9651162790697675,1.0
19600,0.07692307692307693,0.25,0.0,0.125,0.8666666666666667,0.4,0.0,0.8333333333333334,0.6666666666666666,1.0,0.6417910447761194,0.9107142857142857,0.9710144927536232,0.0,0.7555555555555555,0.0,0.6666666666666666,0.9514563106796117,0.0,0.5,0.023809523809523808,0.0,0.6666666666666666,0.5555555555555556,1.0,0.2465753424657534,0.0,0.0,0.3333333333333333,0.0,0.0,0.0,0.8918918918918919,0.29292929292929293,0.5930232558139535,0.0,0.75,0.0,1.0,1.0,0.0425531914893617,0.0,0.8913043478260869,0.14285714285714285,0.8604651162790697,1.0
19700,0.358974358974359,0.625,0.0,0.10714285714285714,0.8666666666666667,0.6,0.0,1.0,0.5555555555555556,0.9230769230769231,0.6865671641791045,0.8928571428571429,0.9710144927536232,0.09090909090909091,0.7888888888888889,0.0,0.5,0.9514563106796117,0.0,0.625,0.14285714285714285,0.0,0.8095238095238095,0.5555555555555556,0.5,0.7671232876712328,0.0,0.6,0.0,0.02857142857142857,0.0,0.07142857142857142,0.9594594594594594,0.6868686868686869,0.7674418604651163,0.0,0.0,0.0,0.0,1.0,0.23404255319148937,0.0,0.9456521739130435,0.0,0.9651162790697675,1.0
19800,0.4358974358974359,0.4,0.0,0.5357142857142857,0.8666666666666667,0.4,0.0,0.6666666666666666,0.5555555555555556,1.0,0.7313432835820896,0.8392857142857143,0.9855072463768116,0.22727272727272727,0.8666666666666667,0.0,0.6666666666666666,0.9902912621359223,0.0,1.0,0.6904761904761905,0.0,0.8095238095238095,0.2222222222222222,1.0,0.726027397260274,0.0,1.0,0.0,0.34285714285714286,0.020833333333333332,0.07142857142857142,0.9594594594594594,0.7272727272727273,0.7441860465116279,0.2857142857142857,0.75,0.0,1.0,1.0,0.0425531914893617,0.0,0.9782608695652174,0.42857142857142855,0.9767441860465116,1.0
19900,0.38461538461538464,0.275,0.0,0.375,0.8666666666666667,0.4,0.06557377049180328,0.8333333333333334,0.7777777777777778,0.8461538461538461,0.7164179104477612,0.8928571428571429,0.9855072463768116,0.22727272727272727,0.8,0.6666666666666666,1.0,0.970873786407767,0.0,0.625,0.5714285714285714,0.0,0.7619047619047619,0.7777777777777778,1.0,0.7808219178082192,0.0,1.0,0.16666666666666666,0.45714285714285713,0.0,0.07142857142857142,0.9459459459459459,0.7777777777777778,0.7558139534883721,0.14285714285714285,0.75,0.0,0.6,0.8333333333333334,0.40425531914893614,0.0,0.9239130434782609,0.2857142857142857,0.9534883720930233,1.0
20000,0.4358974358974359,0.775,0.0,0.5535714285714286,0.8666666666666667,0.6,0.14754098360655737,1.0,0.7777777777777778,0.9230769230769231,0.7313432835820896,0.9107142857142857,0.9710144927536232,0.2727272727272727,0.8555555555555555,0.6666666666666666,1.0,0.9805825242718447,0.0,1.0,0.5714285714285714,0.0,0.8095238095238095,0.8888888888888888,1.0,0.8356164383561644,0.0,0.8,0.16666666666666666,0.6285714285714286,0.0,0.5714285714285714,0.972972972972973,0.7777777777777778,0.8255813953488372,0.2857142857142857,1.0,0.0,1.0,0.8333333333333334,0.7659574468085106,0.0,0.967391304347826,0.14285714285714285,0.9767441860465116,1.0
21000,0.1794871794871795,0.15,0.0,0.48214285714285715,0.4666666666666667,0.2,0.18032786885245902,1.0,0.0,0.8461538461538461,0.6567164179104478,0.8214285714285714,0.9565217391304348,0.09090909090909091,0.7888888888888889,0.3333333333333333,0.6666666666666666,0.883495145631068,0.0,0.875,0.047619047619047616,0.0,0.7619047619047619,0.4444444444444444,0.0,0.726027397260274,0.0,0.8,0.0,0.22857142857142856,0.0,0.0,0.8243243243243243,0.16161616161616163,0.7209302325581395,0.0,1.0,0.0,0.0,0.5,0.3404255319148936,0.0,0.9347826086956522,0.0,0.9302325581395349,1.0
22000,0.8461538461538461,0.9,0.0,0.8928571428571429,0.8666666666666667,0.8,0.5573770491803278,1.0,0.7777777777777778,1.0,0.7910447761194029,0.9107142857142857,0.9710144927536232,0.7272727272727273,0.9444444444444444,0.6666666666666666,1.0,1.0,0.0,1.0,0.7857142857142857,0.0,0.8571428571428571,1.0,1.0,0.8493150684931506,0.125,1.0,0.5,0.9142857142857143,0.8541666666666666,0.6428571428571429,0.972972972972973,0.8888888888888888,0.872093023255814,0.7142857142857143,1.0,0.0,1.0,1.0,0.9361702127659575,0.0,0.9891304347826086,0.8571428571428571,1.0,1.0
23000,0.5897435897435898,0.7,0.0,0.5892857142857143,0.8666666666666667,0.8,0.29508196721311475,1.0,0.7777777777777778,1.0,0.7910447761194029,0.9107142857142857,0.9855072463768116,0.5454545454545454,0.9333333333333333,0.6666666666666666,0.6666666666666666,0.9805825242718447,0.0,1.0,0.6666666666666666,0.0,0.8571428571428571,1.0,1.0,0.821917808219178,0.0,1.0,0.5,0.37142857142857144,0.14583333333333334,0.07142857142857142,0.9594594594594594,0.8484848484848485,0.8604651162790697,0.5714285714285714,1.0,0.0,1.0,1.0,0.7872340425531915,0.0,0.9891304347826086,0.8571428571428571,0.9767441860465116,1.0
24000,0.02564102564102564,0.0,0.0,0.05357142857142857,0.8666666666666667,0.2,0.01639344262295082,0.6666666666666666,0.7777777777777778,0.8461538461538461,0.6865671641791045,0.7321428571428571,0.9710144927536232,0.0,0.7666666666666667,0.3333333333333333,0.3333333333333333,0.8058252427184466,0.0,0.25,0.21428571428571427,0.0,0.8095238095238095,0.6666666666666666,0.0,0.3287671232876712,0.0,0.0,0.0,0.0,0.10416666666666667,0.0,0.7837837837837838,0.45454545454545453,0.7209302325581395,0.0,0.0,0.0,0.0,0.5,0.10638297872340426,0.0,0.9456521739130435,0.0,0.4069767441860465,1.0
25000,0.8461538461538461,0.875,0.0,0.7857142857142857,0.8666666666666667,0.2,0.06557377049180328,0.8333333333333334,0.1111111111111111,1.0,0.8208955223880597,0.875,0.9710144927536232,0.045454545454545456,0.8555555555555555,0.0,0.6666666666666666,0.9805825242718447,0.0,0.75,0.16666666666666666,0.0,0.8095238095238095,0.8888888888888888,0.0,0.7671232876712328,0.0,0.6,0.0,0.2857142857142857,0.2916666666666667,0.0,0.972972972972973,0.7171717171717171,0.7906976744186046,0.0,0.75,0.0,0.0,0.8333333333333334,0.6170212765957447,0.0,0.9782608695652174,0.14285714285714285,1.0,1.0
26000,0.6666666666666666,0.35,0.125,0.9107142857142857,0.8666666666666667,0.8,0.6721311475409836,1.0,0.7777777777777778,1.0,0.8208955223880597,0.8928571428571429,0.9710144927536232,0.5909090909090909,0.9111111111111111,1.0,1.0,1.0,0.0,0.875,0.6904761904761905,0.0,0.9523809523809523,1.0,1.0,0.8493150684931506,0.25,1.0,0.16666666666666666,0.8,0.7708333333333334,0.7142857142857143,0.972972972972973,0.8080808080808081,0.8837209302325582,0.0,1.0,0.0,0.8,1.0,0.851063829787234,0.0,0.9782608695652174,0.7142857142857143,0.9883720930232558,1.0
27000,0.7692307692307693,0.675,0.0,0.5178571428571429,0.8666666666666667,0.8,0.3442622950819672,1.0,0.7777777777777778,1.0,0.7611940298507462,0.9107142857142857,0.9855072463768116,0.2727272727272727,0.8444444444444444,0.3333333333333333,0.6666666666666666,0.9902912621359223,0.0,0.625,0.38095238095238093,0.0,0.8571428571428571,0.2222222222222222,0.0,0.821917808219178,0.0,0.8,0.0,0.6,0.125,0.07142857142857142,0.9594594594594594,0.6363636363636364,0.8255813953488372,0.0,0.75,0.0,0.0,0.6666666666666666,0.425531914893617,0.0,0.9782608695652174,0.7142857142857143,0.9767441860465116,1.0
28000,0.4358974358974359,0.925,0.125,0.9464285714285714,1.0,0.8,0.819672131147541,1.0,0.7777777777777778,1.0,0.9253731343283582,0.9107142857142857,0.9855072463768116,0.45454545454545453,0.9555555555555556,1.0,1.0,1.0,0.0,1.0,0.6190476190476191,0.5,0.9523809523809523,1.0,1.0,0.8904109589041096,0.0,1.0,0.6666666666666666,0.8285714285714286,0.9375,0.6428571428571429,0.972972972972973,0.8888888888888888,0.8837209302325582,0.5714285714285714,1.0,0.0,1.0,1.0,0.9361702127659575,0.0,0.9891304347826086,0.8571428571428571,1.0,1.0
29000,0.8205128205128205,0.85,0.125,0.8214285714285714,0.8666666666666667,0.8,0.7213114754098361,0.8333333333333334,0.6666666666666666,1.0,0.9402985074626866,0.9107142857142857,0.9710144927536232,0.5909090909090909,0.9,0.6666666666666666,1.0,1.0,0.0,1.0,0.8095238095238095,0.0,0.9047619047619048,1.0,1.0,0.8356164383561644,0.25,0.8,0.8333333333333334,0.7428571428571429,0.8125,0.5714285714285714,0.972972972972973,0.898989898989899,0.8837209302325582,0.7142857142857143,0.75,0.0,1.0,1.0,0.8085106382978723,0.2857142857142857,0.9782608695652174,0.5714285714285714,0.9883720930232558,1.0
30000,0.7435897435897436,0.925,0.125,0.9285714285714286,0.8666666666666667,0.8,0.6721311475409836,1.0,0.7777777777777778,1.0,0.835820895522388,0.9107142857142857,0.9565217391304348,0.6363636363636364,0.9222222222222223,1.0,1.0,1.0,0.0,1.0,0.7142857142857143,0.0,0.8095238095238095,1.0,1.0,0.821917808219178,0.375,1.0,0.6666666666666666,0.7428571428571429,0.8333333333333334,0.7857142857142857,0.9594594594594594,0.8282828282828283,0.872093023255814,0.7142857142857143,1.0,0.0,1.0,0.6666666666666666,0.8936170212765957,0.0,0.9891304347826086,0.7142857142857143,0.9883720930232558,1.0
31000,0.6666666666666666,0.775,0.125,0.7857142857142857,0.8666666666666667,0.8,0.6229508196721312,1.0,0.7777777777777778,1.0,0.8507462686567164,0.9107142857142857,0.9710144927536232,0.5,0.9,0.6666666666666666,1.0,1.0,0.0,1.0,0.7142857142857143,0.0,0.9047619047619048,0.7777777777777778,1.0,0.8904109589041096,0.375,0.8,0.5,0.4,0.7708333333333334,0.2857142857142857,0.972972972972973,0.8585858585858586,0.872093023255814,0.5714285714285714,1.0,0.0,0.0,1.0,0.7872340425531915,0.0,0.9782608695652174,0.8571428571428571,1.0,1.0
32000,0.6410256410256411,0.825,0.0,0.5535714285714286,0.8666666666666667,0.8,0.2459016393442623,0.8333333333333334,0.5555555555555556,1.0,0.7761194029850746,0.8928571428571429,0.9710144927536232,0.36363636363636365,0.8666666666666667,0.6666666666666666,0.6666666666666666,0.970873786407767,0.0,0.875,0.38095238095238093,0.0,0.8571428571428571,0.6666666666666666,0.5,0.8082191780821918,0.0,0.8,0.0,0.37142857142857144,0.6875,0.6428571428571429,0.9459459459459459,0.6262626262626263,0.813953488372093,0.2857142857142857,0.75,0.0,0.0,0.8333333333333334,0.6170212765957447,0.0,0.9782608695652174,0.2857142857142857,0.9767441860465116,1.0
33000,0.28205128205128205,0.8,0.125,0.35714285714285715,0.8666666666666667,0.8,0.06557377049180328,1.0,0.7777777777777778,0.9230769230769231,0.8059701492537313,0.9107142857142857,0.9855072463768116,0.5454545454545454,0.8666666666666667,1.0,1.0,0.9902912621359223,0.1111111111111111,0.625,0.5238095238095238,0.0,0.8095238095238095,0.8888888888888888,1.0,0.8356164383561644,0.375,1.0,0.0,0.3142857142857143,0.4375,0.8571428571428571,0.972972972972973,0.7878787878787878,0.8488372093023255,0.42857142857142855,1.0,0.0,0.0,0.6666666666666666,0.7872340425531915,0.0,0.9456521739130435,0.14285714285714285,1.0,1.0
34000,0.7948717948717948,0.775,0.0,0.5178571428571429,0.8666666666666667,0.8,0.04918032786885246,0.8333333333333334,0.6666666666666666,0.9230769230769231,0.7611940298507462,0.9107142857142857,0.9710144927536232,0.45454545454545453,0.8555555555555555,0.6666666666666666,1.0,0.9902912621359223,0.0,0.625,0.5714285714285714,0.0,0.8095238095238095,0.5555555555555556,0.0,0.7534246575342466,0.0,1.0,0.0,0.45714285714285713,0.4375,0.07142857142857142,0.9459459459459459,0.7272727272727273,0.8255813953488372,0.14285714285714285,0.5,0.0,0.0,0.5,0.7021276595744681,0.0,0.9456521739130435,0.0,1.0,1.0
35000,0.5897435897435898,0.875,0.125,0.7142857142857143,0.8666666666666667,0.8,0.7049180327868853,1.0,0.7777777777777778,1.0,0.8507462686567164,0.9107142857142857,0.9855072463768116,0.7727272727272727,0.9222222222222223,1.0,1.0,0.9902912621359223,0.0,1.0,0.7380952380952381,0.0,0.8571428571428571,1.0,1.0,0.8767123287671232,0.0,1.0,0.5,0.45714285714285713,0.7083333333333334,0.5714285714285714,0.9594594594594594,0.8484848484848485,0.872093023255814,0.42857142857142855,1.0,1.0,1.0,1.0,0.6595744680851063,0.0,0.9782608695652174,0.5714285714285714,1.0,1.0
36000,0.23076923076923078,0.725,0.0,0.7678571428571429,0.8666666666666667,0.8,0.2786885245901639,1.0,0.6666666666666666,1.0,0.7611940298507462,0.9107142857142857,0.9710144927536232,0.3181818181818182,0.9,1.0,0.6666666666666666,0.9902912621359223,0.0,1.0,0.2857142857142857,0.0,0.9047619047619048,0.5555555555555556,1.0,0.8493150684931506,0.0,1.0,0.0,0.2857142857142857,0.5833333333333334,0.7857142857142857,0.9324324324324325,0.7676767676767676,0.7674418604651163,0.14285714285714285,0.75,0.0,0.6,0.6666666666666666,0.2765957446808511,0.0,0.9782608695652174,0.14285714285714285,0.9883720930232558,1.0
37000,0.8461538461538461,0.875,0.125,0.9285714285714286,0.9333333333333333,0.8,0.6229508196721312,1.0,0.7777777777777778,1.0,0.8507462686567164,0.9107142857142857,1.0,0.7272727272727273,0.9666666666666667,1.0,1.0,1.0,0.0,1.0,0.8095238095238095,0.0,0.9523809523809523,1.0,1.0,0.9178082191780822,0.875,1.0,0.0,0.8285714285714286,0.9791666666666666,0.9285714285714286,0.972972972972973,0.8888888888888888,0.9302325581395349,0.8571428571428571,1.0,1.0,1.0,1.0,0.8936170212765957,0.0,0.9782608695652174,0.42857142857142855,1.0,1.0
38000,0.8974358974358975,0.925,0.25,0.9821428571428571,0.8666666666666667,0.8,0.7377049180327869,1.0,0.8888888888888888,1.0,0.8955223880597015,0.9285714285714286,1.0,0.6818181818181818,0.9333333333333333,1.0,1.0,1.0,0.0,1.0,0.8809523809523809,0.0,0.9523809523809523,1.0,1.0,0.9178082191780822,0.875,1.0,0.16666666666666666,0.9142857142857143,0.8958333333333334,0.8571428571428571,0.972972972972973,0.9090909090909091,0.9069767441860465,0.8571428571428571,1.0,1.0,0.8,1.0,0.8297872340425532,0.0,0.9891304347826086,0.8571428571428571,1.0,1.0
39000,0.8205128205128205,0.925,0.875,0.9642857142857143,0.9333333333333333,0.8,0.8032786885245902,1.0,0.7777777777777778,1.0,0.9402985074626866,0.9642857142857143,1.0,0.8181818181818182,0.9555555555555556,1.0,1.0,1.0,0.1111111111111111,1.0,0.8571428571428571,0.5,0.9523809523809523,1.0,1.0,0.9315068493150684,0.875,1.0,0.5,0.9428571428571428,1.0,0.9285714285714286,0.972972972972973,0.9494949494949495,0.9186046511627907,0.8571428571428571,1.0,1.0,1.0,1.0,0.9574468085106383,0.7142857142857143,0.9891304347826086,0.5714285714285714,1.0,1.0
40000,0.8717948717948718,0.9,0.0,0.875,0.9333333333333333,0.8,0.6721311475409836,1.0,0.7777777777777778,1.0,0.8656716417910447,0.9107142857142857,1.0,0.7272727272727273,0.9444444444444444,1.0,1.0,1.0,0.0,1.0,0.8333333333333334,0.0,0.9523809523809523,0.8888888888888888,1.0,0.8493150684931506,0.125,1.0,0.16666666666666666,0.8285714285714286,0.8333333333333334,0.7857142857142857,0.972972972972973,0.8888888888888888,0.9186046511627907,0.8571428571428571,1.0,0.0,1.0,1.0,0.9574468085106383,0.0,0.9891304347826086,0.2857142857142857,1.0,1.0
41000,0.7948717948717948,0.9,0.875,0.9107142857142857,0.8666666666666667,0.8,0.7704918032786885,1.0,0.7777777777777778,1.0,0.8208955223880597,0.9107142857142857,1.0,0.7272727272727273,0.9333333333333333,1.0,1.0,1.0,0.0,1.0,0.6904761904761905,0.0,0.9523809523809523,1.0,0.5,0.863013698630137,0.75,1.0,0.16666666666666666,0.8571428571428571,1.0,0.7857142857142857,0.9594594594594594,0.8888888888888888,0.9069767441860465,0.7142857142857143,1.0,0.0,1.0,0.8333333333333334,0.8723404255319149,0.0,0.9782608695652174,0.5714285714285714,1.0,1.0
42000,0.8461538461538461,0.9,0.0,0.875,0.8666666666666667,0.8,0.7377049180327869,1.0,0.7777777777777778,1.0,0.835820895522388,0.9107142857142857,1.0,0.6363636363636364,0.9,1.0,0.6666666666666666,0.9902912621359223,0.0,1.0,0.5,0.5,0.9523809523809523,0.7777777777777778,1.0,0.8493150684931506,0.375,1.0,0.6666666666666666,0.8,0.875,0.6428571428571429,0.8648648648648649,0.8484848484848485,0.9069767441860465,0.7142857142857143,0.75,0.0,0.8,1.0,0.7872340425531915,0.0,0.9891304347826086,0.5714285714285714,0.9883720930232558,1.0
43000,0.8461538461538461,0.9,0.125,0.7857142857142857,0.8666666666666667,0.4,0.7868852459016393,0.8333333333333334,0.7777777777777778,1.0,0.9253731343283582,0.9464285714285714,1.0,0.7272727272727273,0.9222222222222223,1.0,1.0,0.9902912621359223,0.0,0.875,0.5714285714285714,0.0,0.9523809523809523,0.6666666666666666,0.5,0.8493150684931506,0.375,1.0,0.16666666666666666,0.11428571428571428,0.5416666666666666,0.2857142857142857,0.9594594594594594,0.8787878787878788,0.9069767441860465,0.0,0.75,0.0,0.0,1.0,0.7872340425531915,0.0,0.9891304347826086,0.2857142857142857,0.9883720930232558,1.0
44000,0.3333333333333333,0.475,0.0,0.23214285714285715,0.8666666666666667,0.8,0.26229508196721313,1.0,0.5555555555555556,1.0,0.7761194029850746,0.9107142857142857,1.0,0.6363636363636364,0.9,1.0,1.0,0.9902912621359223,0.0,0.75,0.38095238095238093,0.0,0.8571428571428571,0.7777777777777778,1.0,0.684931506849315,0.375,1.0,0.0,0.45714285714285713,0.3125,0.2857142857142857,0.8783783783783784,0.797979797979798,0.872093023255814,0.0,1.0,0.0,0.0,1.0,0.7872340425531915,0.0,0.9782608695652174,0.0,0.9767441860465116,1.0
45000,0.7692307692307693,0.775,0.0,0.7321428571428571,0.8666666666666667,0.8,0.39344262295081966,1.0,0.8888888888888888,1.0,0.7910447761194029,0.9285714285714286,1.0,0.6818181818181818,0.9111111111111111,1.0,1.0,1.0,0.0,0.875,0.6428571428571429,0.0,0.9047619047619048,1.0,1.0,0.8082191780821918,0.0,1.0,0.5,0.45714285714285713,0.5625,0.6428571428571429,0.918918918918919,0.8181818181818182,0.8604651162790697,0.7142857142857143,1.0,0.0,0.6,0.8333333333333334,0.7446808510638298,0.0,0.9782608695652174,0.5714285714285714,0.9883720930232558,1.0
46000,0.9230769230769231,0.925,0.375,0.9107142857142857,0.8666666666666667,0.8,0.6885245901639344,1.0,0.7777777777777778,1.0,0.9402985074626866,0.9464285714285714,1.0,0.8181818181818182,0.9666666666666667,1.0,1.0,1.0,0.0,1.0,0.7142857142857143,1.0,0.9523809523809523,0.8888888888888888,1.0,0.8356164383561644,0.75,1.0,0.6666666666666666,0.7428571428571429,0.7708333333333334,0.9285714285714286,0.9594594594594594,0.9090909090909091,0.9302325581395349,1.0,1.0,0.0,0.0,1.0,0.9361702127659575,0.0,0.9891304347826086,0.7142857142857143,1.0,1.0
47000,0.15384615384615385,0.775,0.125,0.6071428571428571,0.8,0.2,0.3442622950819672,1.0,0.7777777777777778,0.9230769230769231,0.8805970149253731,0.8928571428571429,0.9855072463768116,0.5454545454545454,0.9,0.6666666666666666,1.0,1.0,0.0,1.0,0.09523809523809523,0.0,0.8571428571428571,0.7777777777777778,0.5,0.8082191780821918,0.125,1.0,0.0,0.4,0.6458333333333334,0.8571428571428571,0.9594594594594594,0.5151515151515151,0.8837209302325582,0.0,1.0,0.0,0.0,0.16666666666666666,0.7446808510638298,0.0,0.9782608695652174,0.0,0.9534883720930233,1.0
48000,0.7948717948717948,0.875,0.25,0.8928571428571429,0.8666666666666667,1.0,0.7540983606557377,1.0,0.7777777777777778,1.0,0.9253731343283582,0.9464285714285714,1.0,0.8181818181818182,0.9222222222222223,1.0,1.0,1.0,0.0,1.0,0.7380952380952381,0.5,0.9047619047619048,1.0,1.0,0.9178082191780822,0.875,1.0,0.8333333333333334,0.8857142857142857,1.0,0.8571428571428571,0.9594594594594594,0.8585858585858586,0.9302325581395349,0.7142857142857143,1.0,0.0,1.0,1.0,0.9361702127659575,0.2857142857142857,0.9891304347826086,0.8571428571428571,1.0,1.0
49000,0.8205128205128205,0.875,0.0,0.875,0.8666666666666667,0.8,0.18032786885245902,0.8333333333333334,0.5555555555555556,1.0,0.835820895522388,0.9464285714285714,1.0,0.7272727272727273,0.9222222222222223,1.0,1.0,1.0,0.0,1.0,0.047619047619047616,0.5,0.9047619047619048,0.7777777777777778,1.0,0.821917808219178,0.375,1.0,0.6666666666666666,0.5142857142857142,0.75,0.7142857142857143,0.972972972972973,0.7373737373737373,0.8953488372093024,0.42857142857142855,1.0,0.0,0.0,0.8333333333333334,0.851063829787234,0.0,0.9891304347826086,0.7142857142857143,1.0,1.0
50000,0.9487179487179487,0.95,0.875,0.9821428571428571,1.0,1.0,0.9180327868852459,1.0,0.8888888888888888,1.0,0.9402985074626866,0.9821428571428571,1.0,0.9090909090909091,0.9777777777777777,1.0,1.0,1.0,0.0,1.0,0.9047619047619048,0.5,0.9523809523809523,1.0,1.0,0.9452054794520548,0.875,1.0,0.8333333333333334,0.9428571428571428,0.8958333333333334,0.9285714285714286,0.972972972972973,0.9696969696969697,0.9767441860465116,1.0,1.0,1.0,1.0,1.0,1.0,0.2857142857142857,0.9891304347826086,1.0,1.0,1.0
51000,0.8461538461538461,0.9,0.25,0.6785714285714286,0.8666666666666667,0.4,0.6229508196721312,0.8333333333333334,0.5555555555555556,1.0,0.8805970149253731,0.9285714285714286,1.0,0.6818181818181818,0.9333333333333333,0.6666666666666666,0.6666666666666666,0.970873786407767,0.0,1.0,0.09523809523809523,0.0,0.9047619047619048,0.7777777777777778,0.5,0.7397260273972602,0.5,1.0,0.6666666666666666,0.14285714285714285,0.6458333333333334,0.2857142857142857,0.972972972972973,0.8181818181818182,0.8837209302325582,0.14285714285714285,0.75,0.0,0.0,0.5,0.8297872340425532,0.0,0.9782608695652174,0.8571428571428571,0.9418604651162791,1.0
52000,0.8717948717948718,0.85,0.875,0.875,0.9333333333333333,0.8,0.9016393442622951,1.0,0.8888888888888888,1.0,0.9104477611940298,0.9642857142857143,1.0,0.8181818181818182,0.9666666666666667,1.0,1.0,1.0,0.0,1.0,0.7380952380952381,0.5,0.9523809523809523,0.7777777777777778,1.0,0.9726027397260274,0.5,1.0,0.8333333333333334,0.9142857142857143,0.9791666666666666,0.7142857142857143,0.9594594594594594,0.9696969696969697,0.9651162790697675,0.8571428571428571,1.0,1.0,0.0,1.0,0.9361702127659575,0.0,0.9891304347826086,0.8571428571428571,1.0,1.0
53000,0.6153846153846154,0.9,0.0,0.5714285714285714,0.4666666666666667,0.2,0.6721311475409836,1.0,0.7777777777777778,1.0,0.8805970149253731,0.9464285714285714,1.0,0.9090909090909091,0.9555555555555556,1.0,0.6666666666666666,0.970873786407767,0.0,1.0,0.11904761904761904,0.0,0.8571428571428571,0.7777777777777778,1.0,0.9041095890410958,0.625,1.0,0.6666666666666666,0.05714285714285714,0.5416666666666666,0.21428571428571427,0.9459459459459459,0.7272727272727273,0.8604651162790697,0.2857142857142857,0.75,0.0,0.0,0.5,0.7872340425531915,0.0,0.9891304347826086,0.14285714285714285,0.9302325581395349,1.0
54000,0.6666666666666666,0.9,0.0,0.8214285714285714,0.8666666666666667,0.8,0.6229508196721312,1.0,0.7777777777777778,1.0,0.9104477611940298,0.9642857142857143,0.9855072463768116,0.9090909090909091,0.9333333333333333,1.0,1.0,1.0,0.0,1.0,0.38095238095238093,0.0,0.9047619047619048,1.0,1.0,0.9041095890410958,0.25,1.0,0.6666666666666666,0.6,0.2708333333333333,0.7142857142857143,0.9594594594594594,0.9191919191919192,0.8837209302325582,0.7142857142857143,1.0,0.0,0.0,1.0,0.7872340425531915,0.0,0.9891304347826086,1.0,1.0,1.0
55000,0.7948717948717948,0.85,0.125,0.8928571428571429,0.8666666666666667,0.8,0.6229508196721312,1.0,0.7777777777777778,1.0,0.8656716417910447,0.9285714285714286,1.0,0.7727272727272727,0.9555555555555556,1.0,1.0,0.9902912621359223,0.0,0.75,0.47619047619047616,0.0,0.8571428571428571,1.0,1.0,0.9041095890410958,0.75,1.0,0.6666666666666666,0.8571428571428571,0.8125,0.6428571428571429,0.972972972972973,0.9494949494949495,0.9186046511627907,0.7142857142857143,1.0,0.0,0.0,1.0,0.8723404255319149,0.0,0.9891304347826086,0.7142857142857143,1.0,1.0
56000,0.6923076923076923,0.7,0.0,0.30357142857142855,0.13333333333333333,0.2,0.01639344262295082,1.0,0.5555555555555556,0.9230769230769231,0.9104477611940298,0.9285714285714286,0.9855072463768116,0.6818181818181818,0.9222222222222223,0.6666666666666666,0.6666666666666666,0.9902912621359223,0.0,0.625,0.2857142857142857,0.0,0.7142857142857143,0.5555555555555556,0.5,0.7534246575342466,0.0,1.0,0.16666666666666666,0.14285714285714285,0.0,0.0,0.918918918918919,0.797979797979798,0.8255813953488372,0.0,1.0,0.0,0.0,0.0,0.6595744680851063,0.0,0.9782608695652174,0.2857142857142857,0.9767441860465116,1.0
57000,0.7692307692307693,0.9,0.0,0.6071428571428571,0.7333333333333333,0.4,0.5245901639344263,0.6666666666666666,0.7777777777777778,1.0,0.9253731343283582,0.9285714285714286,0.9855072463768116,0.8181818181818182,0.9333333333333333,0.6666666666666666,1.0,0.9902912621359223,0.0,0.875,0.14285714285714285,0.0,0.8571428571428571,0.6666666666666666,1.0,0.8767123287671232,0.25,1.0,0.6666666666666666,0.6,0.3541666666666667,0.6428571428571429,0.9594594594594594,0.8787878787878788,0.8837209302325582,0.5714285714285714,1.0,0.0,0.0,0.8333333333333334,0.7446808510638298,0.0,0.9891304347826086,0.2857142857142857,0.9418604651162791,1.0
58000,0.8205128205128205,0.875,0.375,0.9107142857142857,0.8666666666666667,0.6,0.5737704918032787,1.0,0.7777777777777778,1.0,0.9104477611940298,0.9285714285714286,1.0,0.6818181818181818,0.9666666666666667,1.0,1.0,1.0,0.0,1.0,0.35714285714285715,0.0,0.9523809523809523,0.7777777777777778,1.0,0.8493150684931506,0.375,1.0,0.6666666666666666,0.9428571428571428,0.875,0.9285714285714286,0.9594594594594594,0.898989898989899,0.9302325581395349,0.42857142857142855,1.0,0.0,0.0,0.8333333333333334,0.9148936170212766,0.0,0.9891304347826086,0.8571428571428571,1.0,1.0
59000,0.7435897435897436,0.875,0.0,0.48214285714285715,0.2,0.2,0.3442622950819672,0.8333333333333334,0.7777777777777778,0.9230769230769231,0.9253731343283582,0.9285714285714286,1.0,0.6818181818181818,0.9444444444444444,0.6666666666666666,1.0,1.0,0.0,0.875,0.07142857142857142,0.0,0.8095238095238095,0.7777777777777778,0.5,0.7397260273972602,0.5,1.0,0.6666666666666666,0.08571428571428572,0.5833333333333334,0.14285714285714285,0.972972972972973,0.6060606060606061,0.8953488372093024,0.14285714285714285,1.0,0.0,0.0,1.0,0.7659574468085106,0.0,0.9891304347826086,0.7142857142857143,0.9186046511627907,1.0
60000,0.48717948717948717,0.85,0.0,0.8928571428571429,0.8666666666666667,0.4,0.01639344262295082,1.0,0.7777777777777778,1.0,0.9402985074626866,0.9285714285714286,1.0,0.6818181818181818,0.9444444444444444,1.0,1.0,0.9902912621359223,0.1111111111111111,1.0,0.3333333333333333,0.0,0.9047619047619048,0.7777777777777778,1.0,0.863013698630137,0.0,0.8,0.5,0.0,0.20833333333333334,0.35714285714285715,0.9324324324324325,0.8484848484848485,0.8837209302325582,0.0,1.0,0.0,0.0,1.0,0.723404255319149,0.0,0.9891304347826086,0.7142857142857143,0.9883720930232558,1.0
61000,0.717948717948718,0.9,0.0,0.8214285714285714,0.9333333333333333,0.4,0.01639344262295082,1.0,0.6666666666666666,1.0,0.8955223880597015,0.9285714285714286,1.0,0.6363636363636364,0.9444444444444444,1.0,1.0,1.0,0.1111111111111111,1.0,0.6190476190476191,0.0,0.9047619047619048,0.7777777777777778,0.5,0.8904109589041096,0.25,1.0,0.6666666666666666,0.3142857142857143,0.6458333333333334,0.2857142857142857,0.9459459459459459,0.8686868686868687,0.8837209302325582,0.2857142857142857,1.0,0.0,0.0,1.0,0.8085106382978723,0.0,0.9891304347826086,0.8571428571428571,0.9418604651162791,1.0
62000,0.7948717948717948,0.9,0.0,0.5892857142857143,0.9333333333333333,0.8,0.4918032786885246,0.8333333333333334,0.7777777777777778,1.0,0.9402985074626866,0.9464285714285714,1.0,0.6818181818181818,0.9222222222222223,1.0,1.0,1.0,0.0,0.5,0.5952380952380952,0.0,0.8571428571428571,0.7777777777777778,1.0,0.821917808219178,0.25,1.0,0.5,0.5142857142857142,0.8125,0.7142857142857143,0.972972972972973,0.8686868686868687,0.9069767441860465,0.14285714285714285,1.0,0.0,0.6,0.8333333333333334,0.7021276595744681,0.2857142857142857,0.9782608695652174,0.7142857142857143,0.9418604651162791,1.0
63000,0.8205128205128205,0.9,0.0,0.48214285714285715,0.7333333333333333,0.2,0.5081967213114754,1.0,0.7777777777777778,1.0,0.9402985074626866,0.9285714285714286,1.0,0.6818181818181818,0.9222222222222223,1.0,1.0,1.0,0.0,0.625,0.40476190476190477,0.0,0.9523809523809523,0.6666666666666666,0.5,0.8356164383561644,0.0,1.0,0.6666666666666666,0.05714285714285714,0.08333333333333333,0.7142857142857143,0.9594594594594594,0.8383838383838383,0.9069767441860465,0.0,1.0,0.0,0.0,0.3333333333333333,0.8297872340425532,0.0,0.9891304347826086,0.8571428571428571,0.9767441860465116,1.0
64000,0.8974358974358975,0.9,0.375,0.8928571428571429,0.9333333333333333,0.6,0.8524590163934426,1.0,0.7777777777777778,1.0,0.9402985074626866,0.9464285714285714,1.0,0.9545454545454546,0.9555555555555556,1.0,1.0,1.0,0.0,0.875,0.5476190476190477,0.0,0.9523809523809523,0.8888888888888888,1.0,0.863013698630137,0.375,1.0,0.6666666666666666,0.8285714285714286,0.6458333333333334,0.35714285714285715,0.972972972972973,0.9191919191919192,0.9302325581395349,0.5714285714285714,1.0,0.0,0.2,1.0,0.8297872340425532,0.7142857142857143,0.9891304347826086,0.8571428571428571,1.0,1.0
65000,0.7948717948717948,0.8,0.0,0.44642857142857145,0.4,0.2,0.4426229508196721,0.8333333333333334,0.7777777777777778,0.9230769230769231,0.8805970149253731,0.9107142857142857,0.9710144927536232,0.7727272727272727,0.9222222222222223,0.6666666666666666,0.6666666666666666,0.970873786407767,0.0,1.0,0.3333333333333333,0.0,0.8571428571428571,0.6666666666666666,0.5,0.6986301369863014,0.25,1.0,0.5,0.5714285714285714,0.6875,0.2857142857142857,0.9054054054054054,0.5454545454545454,0.9186046511627907,0.14285714285714285,0.75,0.0,0.0,0.0,0.7021276595744681,0.0,0.9891304347826086,0.2857142857142857,0.9302325581395349,1.0
66000,0.7692307692307693,0.9,0.25,0.7678571428571429,0.8666666666666667,0.8,0.7704918032786885,1.0,0.7777777777777778,1.0,0.9402985074626866,0.9642857142857143,0.9855072463768116,0.8636363636363636,0.9555555555555556,0.6666666666666666,1.0,1.0,0.0,1.0,0.7857142857142857,0.5,0.9523809523809523,0.8888888888888888,0.5,0.9041095890410958,1.0,1.0,0.6666666666666666,0.5428571428571428,0.8125,0.8571428571428571,0.9594594594594594,0.9292929292929293,0.9534883720930233,0.14285714285714285,1.0,0.0,0.2,0.8333333333333334,0.851063829787234,0.0,0.9891304347826086,0.5714285714285714,0.9883720930232558,1.0
67000,0.6410256410256411,0.9,0.375,0.8928571428571429,0.9333333333333333,0.8,0.4918032786885246,1.0,0.8888888888888888,1.0,0.9402985074626866,0.9821428571428571,1.0,0.9545454545454546,0.9555555555555556,1.0,1.0,1.0,0.0,1.0,0.6190476190476191,0.0,0.9523809523809523,0.8888888888888888,1.0,0.958904109589041,1.0,1.0,0.8333333333333334,0.7714285714285715,0.7916666666666666,0.8571428571428571,0.972972972972973,0.898989898989899,0.9651162790697675,0.5714285714285714,1.0,0.0,1.0,0.6666666666666666,0.9361702127659575,0.8571428571428571,0.9891304347826086,0.8571428571428571,1.0,1.0
68000,0.7435897435897436,0.875,0.0,0.5535714285714286,0.8666666666666667,0.2,0.4098360655737705,1.0,0.7777777777777778,1.0,0.9253731343283582,0.9285714285714286,1.0,0.8636363636363636,0.9444444444444444,1.0,1.0,1.0,0.0,0.625,0.40476190476190477,0.0,0.9047619047619048,0.7777777777777778,1.0,0.8904109589041096,0.625,1.0,0.6666666666666666,0.2571428571428571,0.16666666666666666,0.6428571428571429,0.8783783783783784,0.797979797979798,0.9186046511627907,0.14285714285714285,1.0,0.0,0.0,0.0,0.6808510638297872,0.0,0.9782608695652174,0.8571428571428571,0.9767441860465116,1.0
69000,0.8717948717948718,0.85,0.0,0.30357142857142855,0.9333333333333333,0.4,0.22950819672131148,1.0,0.6666666666666666,1.0,0.9253731343283582,0.9642857142857143,1.0,0.7272727272727273,0.9666666666666667,1.0,1.0,1.0,0.1111111111111111,1.0,0.6904761904761905,0.0,0.9523809523809523,0.8888888888888888,1.0,0.8904109589041096,0.375,1.0,0.6666666666666666,0.5714285714285714,0.7916666666666666,0.7142857142857143,0.9594594594594594,0.9292929292929293,0.9186046511627907,0.42857142857142855,1.0,1.0,0.4,0.5,0.8297872340425532,0.7142857142857143,0.9891304347826086,0.8571428571428571,1.0,1.0
70000,0.8205128205128205,0.925,0.0,0.7857142857142857,0.8666666666666667,0.6,0.04918032786885246,0.8333333333333334,0.5555555555555556,1.0,0.9402985074626866,0.9464285714285714,1.0,0.6363636363636364,0.9333333333333333,1.0,1.0,1.0,0.0,0.75,0.21428571428571427,0.0,0.9523809523809523,1.0,1.0,0.863013698630137,0.875,1.0,0.6666666666666666,0.3142857142857143,0.7083333333333334,0.5714285714285714,0.9594594594594594,0.797979797979798,0.8837209302325582,0.2857142857142857,1.0,1.0,0.0,0.5,0.6170212765957447,0.0,0.9891304347826086,0.8571428571428571,0.9418604651162791,1.0
71000,0.8461538461538461,0.925,0.125,0.7857142857142857,1.0,0.6,0.26229508196721313,1.0,0.7777777777777778,1.0,0.9402985074626866,0.9642857142857143,1.0,0.8636363636363636,0.9555555555555556,0.6666666666666666,1.0,1.0,0.0,0.875,0.4523809523809524,0.0,0.9523809523809523,1.0,1.0,0.9041095890410958,1.0,1.0,0.6666666666666666,0.14285714285714285,0.75,0.8571428571428571,0.9594594594594594,0.898989898989899,0.872093023255814,0.0,0.75,0.0,0.0,0.16666666666666666,0.7021276595744681,0.0,0.9891304347826086,0.8571428571428571,1.0,1.0
72000,0.7692307692307693,0.925,0.0,0.8928571428571429,0.8666666666666667,0.6,0.7377049180327869,1.0,0.7777777777777778,1.0,0.9402985074626866,0.9642857142857143,1.0,0.9090909090909091,0.9333333333333333,1.0,1.0,1.0,0.0,1.0,0.2857142857142857,0.0,0.9523809523809523,0.7777777777777778,1.0,0.9041095890410958,0.0,1.0,0.8333333333333334,0.37142857142857144,0.8125,0.6428571428571429,0.972972972972973,0.8383838383838383,0.9069767441860465,0.0,1.0,1.0,0.0,0.6666666666666666,0.7872340425531915,0.0,0.9891304347826086,0.8571428571428571,1.0,1.0
73000,0.6666666666666666,0.8,0.0,0.6071428571428571,0.8,0.2,0.47540983606557374,1.0,0.1111111111111111,1.0,0.8507462686567164,0.9107142857142857,1.0,0.5,0.9444444444444444,0.6666666666666666,0.6666666666666666,1.0,0.0,0.875,0.16666666666666666,0.0,0.9523809523809523,0.7777777777777778,0.0,0.8356164383561644,0.375,1.0,0.5,0.45714285714285713,0.75,0.7142857142857143,0.9324324324324325,0.797979797979798,0.8953488372093024,0.0,1.0,0.0,0.0,0.0,0.7446808510638298,0.0,0.9782608695652174,0.14285714285714285,0.9186046511627907,1.0
74000,0.15384615384615385,0.85,0.0,0.5357142857142857,0.8666666666666667,0.2,0.5409836065573771,1.0,0.2222222222222222,1.0,0.9402985074626866,0.9285714285714286,1.0,0.6363636363636364,0.9333333333333333,1.0,0.6666666666666666,1.0,0.0,1.0,0.047619047619047616,0.0,0.8571428571428571,0.8888888888888888,1.0,0.8904109589041096,0.25,1.0,0.8333333333333334,0.02857142857142857,0.7708333333333334,0.6428571428571429,0.9594594594594594,0.7676767676767676,0.8953488372093024,0.0,1.0,0.0,0.0,0.16666666666666666,0.723404255319149,0.0,0.9891304347826086,0.8571428571428571,0.9651162790697675,1.0
75000,0.9230769230769231,0.9,0.0,0.8928571428571429,0.9333333333333333,0.6,0.4098360655737705,1.0,0.7777777777777778,1.0,0.9402985074626866,0.9464285714285714,1.0,0.8181818181818182,0.9444444444444444,1.0,1.0,1.0,0.0,1.0,0.5476190476190477,0.0,0.9523809523809523,0.8888888888888888,1.0,0.9452054794520548,0.375,1.0,0.8333333333333334,0.42857142857142855,0.9583333333333334,0.8571428571428571,0.9594594594594594,0.8484848484848485,0.9302325581395349,0.14285714285714285,1.0,0.0,0.8,0.8333333333333334,0.7659574468085106,0.0,0.9891304347826086,0.8571428571428571,1.0,1.0
76000,0.7692307692307693,0.85,0.0,0.75,0.8666666666666667,0.4,0.3442622950819672,1.0,0.6666666666666666,1.0,0.9402985074626866,0.9464285714285714,1.0,0.8636363636363636,0.9555555555555556,0.3333333333333333,0.6666666666666666,1.0,0.0,1.0,0.35714285714285715,0.0,0.9523809523809523,0.8888888888888888,1.0,0.8904109589041096,0.625,1.0,0.8333333333333334,0.2857142857142857,0.875,0.8571428571428571,0.972972972972973,0.8686868686868687,0.9302325581395349,0.14285714285714285,1.0,1.0,0.0,0.6666666666666666,0.7872340425531915,0.0,0.9891304347826086,0.8571428571428571,1.0,1.0
77000,0.4358974358974359,0.675,0.0,0.25,0.5333333333333333,0.2,0.13114754098360656,0.8333333333333334,0.6666666666666666,0.9230769230769231,0.9253731343283582,0.9285714285714286,0.9855072463768116,0.5909090909090909,0.9111111111111111,0.6666666666666666,0.6666666666666666,0.970873786407767,0.0,1.0,0.047619047619047616,0.0,0.7142857142857143,0.0,1.0,0.8493150684931506,0.375,1.0,0.6666666666666666,0.08571428571428572,0.625,0.6428571428571429,0.918918918918919,0.5050505050505051,0.8837209302325582,0.0,1.0,0.0,0.0,0.0,0.7872340425531915,0.0,0.9891304347826086,0.7142857142857143,0.872093023255814,1.0
78000,0.6666666666666666,0.8,0.0,0.30357142857142855,0.9333333333333333,0.4,0.16393442622950818,1.0,0.2222222222222222,1.0,0.9253731343283582,0.9464285714285714,0.9855072463768116,0.5,0.9222222222222223,1.0,0.6666666666666666,1.0,0.1111111111111111,0.875,0.6428571428571429,0.0,0.9523809523809523,0.8888888888888888,0.5,0.9178082191780822,0.25,1.0,0.8333333333333334,0.6857142857142857,0.8333333333333334,0.2857142857142857,0.9594594594594594,0.9292929292929293,0.9186046511627907,0.14285714285714285,1.0,0.0,0.0,1.0,0.723404255319149,0.0,0.9891304347826086,0.8571428571428571,1.0,1.0
79000,0.8461538461538461,0.9,0.0,0.8392857142857143,0.8666666666666667,0.2,0.01639344262295082,1.0,0.7777777777777778,1.0,0.9402985074626866,0.9464285714285714,0.9855072463768116,0.7272727272727273,0.9555555555555556,0.6666666666666666,0.6666666666666666,1.0,0.0,1.0,0.14285714285714285,0.0,0.9523809523809523,0.8888888888888888,1.0,0.9178082191780822,0.125,1.0,0.8333333333333334,0.6571428571428571,0.8125,0.42857142857142855,0.9324324324324325,0.9090909090909091,0.8837209302325582,0.0,1.0,1.0,0.0,0.5,0.7446808510638298,0.0,0.9891304347826086,0.8571428571428571,1.0,1.0
80000,0.7948717948717948,0.825,0.25,0.375,0.6,0.6,0.29508196721311475,0.8333333333333334,0.6666666666666666,1.0,0.8955223880597015,0.9107142857142857,1.0,0.5,0.9444444444444444,0.6666666666666666,0.6666666666666666,1.0,0.0,0.875,0.38095238095238093,0.0,0.9047619047619048,0.6666666666666666,0.5,0.8904109589041096,0.0,1.0,0.6666666666666666,0.4,0.8125,0.7857142857142857,0.9594594594594594,0.898989898989899,0.8837209302325582,0.14285714285714285,0.75,1.0,0.0,0.0,0.851063829787234,0.0,0.9891304347826086,0.5714285714285714,1.0,1.0
81000,0.8205128205128205,0.9,0.5,0.8928571428571429,1.0,1.0,0.7540983606557377,1.0,0.8888888888888888,1.0,0.9402985074626866,0.9642857142857143,1.0,0.9090909090909091,0.9777777777777777,1.0,1.0,1.0,0.0,1.0,0.6666666666666666,0.0,0.9523809523809523,0.8888888888888888,1.0,0.9726027397260274,0.25,1.0,0.8333333333333334,0.6571428571428571,1.0,0.8571428571428571,0.9459459459459459,0.9393939393939394,0.9651162790697675,0.2857142857142857,1.0,1.0,0.0,1.0,0.9361702127659575,0.0,0.9891304347826086,0.8571428571428571,1.0,1.0
82000,0.7948717948717948,0.925,0.375,0.9464285714285714,0.9333333333333333,1.0,0.32786885245901637,1.0,0.7777777777777778,1.0,0.9402985074626866,0.9285714285714286,1.0,0.9545454545454546,0.9555555555555556,1.0,1.0,1.0,0.0,1.0,0.6904761904761905,0.0,0.9523809523809523,0.8888888888888888,1.0,0.958904109589041,0.875,1.0,0.6666666666666666,0.8857142857142857,1.0,0.8571428571428571,0.972972972972973,0.9595959595959596,0.9418604651162791,0.0,1.0,1.0,0.8,0.8333333333333334,1.0,0.0,0.9891304347826086,0.8571428571428571,1.0,1.0
83000,0.6410256410256411,0.875,0.0,0.625,0.8666666666666667,1.0,0.03278688524590164,1.0,0.1111111111111111,1.0,0.9253731343283582,0.9285714285714286,1.0,0.7727272727272727,0.9444444444444444,1.0,0.6666666666666666,1.0,0.0,0.875,0.09523809523809523,0.0,0.9523809523809523,0.8888888888888888,0.0,0.863013698630137,0.0,1.0,0.6666666666666666,0.4,0.7291666666666666,0.7142857142857143,0.9594594594594594,0.8686868686868687,0.9186046511627907,0.0,1.0,0.0,0.0,0.0,0.6382978723404256,0.0,0.9891304347826086,0.8571428571428571,0.9883720930232558,1.0
84000,0.1794871794871795,0.675,0.125,0.5714285714285714,0.8666666666666667,0.2,0.13114754098360656,0.8333333333333334,0.3333333333333333,1.0,0.9402985074626866,0.9285714285714286,1.0,0.7727272727272727,0.9444444444444444,0.6666666666666666,0.6666666666666666,0.9902912621359223,0.0,0.75,0.0,0.0,0.9523809523809523,0.7777777777777778,0.5,0.9452054794520548,0.0,1.0,0.8333333333333334,0.0,0.3958333333333333,0.35714285714285715,0.6081081081081081,0.36363636363636365,0.872093023255814,0.0,1.0,0.0,0.0,0.0,0.7446808510638298,0.0,0.9891304347826086,0.8571428571428571,0.9418604651162791,1.0
85000,0.6410256410256411,0.875,0.0,0.7678571428571429,0.8666666666666667,0.4,0.4262295081967213,1.0,0.8888888888888888,1.0,0.9104477611940298,0.9464285714285714,1.0,0.6818181818181818,0.9444444444444444,1.0,0.6666666666666666,1.0,0.1111111111111111,1.0,0.38095238095238093,0.0,0.9047619047619048,0.5555555555555556,1.0,0.9726027397260274,0.25,1.0,0.6666666666666666,0.05714285714285714,0.8958333333333334,0.35714285714285715,0.9594594594594594,0.8282828282828283,0.8837209302325582,0.0,1.0,1.0,0.0,0.0,0.5957446808510638,0.0,0.9782608695652174,0.8571428571428571,0.9767441860465116,1.0
86000,0.7435897435897436,0.35,0.125,0.2857142857142857,0.9333333333333333,0.4,0.4426229508196721,1.0,0.7777777777777778,1.0,0.8805970149253731,0.9285714285714286,1.0,0.8181818181818182,0.9222222222222223,1.0,0.6666666666666666,1.0,0.0,0.75,0.23809523809523808,0.0,0.8571428571428571,0.8888888888888888,0.5,0.9452054794520548,0.25,1.0,0.6666666666666666,0.14285714285714285,0.875,0.35714285714285715,0.9594594594594594,0.696969696969697,0.9069767441860465,0.0,1.0,1.0,0.6,0.3333333333333333,0.9148936170212766,0.0,0.9891304347826086,0.7142857142857143,1.0,1.0
87000,0.3076923076923077,0.9,0.125,0.375,0.7333333333333333,0.2,0.13114754098360656,0.8333333333333334,0.8888888888888888,1.0,0.9402985074626866,0.9107142857142857,1.0,0.7727272727272727,0.9222222222222223,1.0,1.0,1.0,0.0,0.75,0.40476190476190477,0.0,0.9047619047619048,0.6666666666666666,0.5,0.9041095890410958,0.25,1.0,0.8333333333333334,0.0,0.8125,0.42857142857142855,0.9594594594594594,0.8383838383838383,0.9186046511627907,0.0,0.25,1.0,0.0,0.16666666666666666,0.5531914893617021,0.2857142857142857,0.9891304347826086,0.8571428571428571,0.9767441860465116,1.0
88000,0.7692307692307693,0.85,0.0,0.6964285714285714,0.9333333333333333,1.0,0.639344262295082,1.0,0.6666666666666666,1.0,0.9402985074626866,0.9642857142857143,1.0,0.8636363636363636,0.9222222222222223,1.0,1.0,1.0,0.0,1.0,0.7857142857142857,0.0,0.9523809523809523,1.0,1.0,0.9178082191780822,0.5,1.0,0.8333333333333334,0.22857142857142856,0.9166666666666666,0.8571428571428571,0.972972972972973,0.9292929292929293,0.9069767441860465,0.0,1.0,1.0,0.0,0.8333333333333334,0.9148936170212766,0.7142857142857143,0.9891304347826086,0.8571428571428571,1.0,1.0
89000,0.8205128205128205,0.9,0.0,0.21428571428571427,0.9333333333333333,0.6,0.08196721311475409,1.0,0.2222222222222222,1.0,0.9402985074626866,0.9464285714285714,1.0,0.5454545454545454,0.9666666666666667,1.0,1.0,1.0,0.0,0.875,0.023809523809523808,0.0,0.9523809523809523,1.0,1.0,0.9452054794520548,0.25,1.0,0.8333333333333334,0.05714285714285714,0.7916666666666666,0.7142857142857143,0.9324324324324325,0.12121212121212122,0.9069767441860465,0.0,1.0,0.0,0.0,1.0,0.8297872340425532,0.7142857142857143,0.9891304347826086,0.8571428571428571,0.9069767441860465,1.0
90000,0.717948717948718,0.875,0.0,0.75,0.8666666666666667,0.6,0.3442622950819672,1.0,0.7777777777777778,1.0,0.9402985074626866,0.9285714285714286,1.0,0.8636363636363636,0.9222222222222223,1.0,1.0,1.0,0.0,1.0,0.23809523809523808,0.0,0.9047619047619048,1.0,0.5,0.8904109589041096,0.625,1.0,0.8333333333333334,0.45714285714285713,0.8333333333333334,0.5,0.972972972972973,0.8787878787878788,0.9186046511627907,0.0,1.0,1.0,0.0,1.0,0.8085106382978723,0.7142857142857143,0.9891304347826086,0.8571428571428571,0.9883720930232558,1.0
91000,0.9230769230769231,0.925,0.0,0.7857142857142857,0.9333333333333333,0.6,0.03278688524590164,1.0,0.7777777777777778,1.0,0.9402985074626866,0.9464285714285714,1.0,0.8181818181818182,0.9555555555555556,1.0,1.0,1.0,0.1111111111111111,1.0,0.16666666666666666,0.0,0.9523809523809523,1.0,1.0,0.9178082191780822,0.375,1.0,0.8333333333333334,0.8285714285714286,0.9791666666666666,0.9285714285714286,0.972972972972973,0.898989898989899,0.9186046511627907,0.0,1.0,1.0,0.0,0.3333333333333333,0.9361702127659575,0.7142857142857143,0.9891304347826086,0.8571428571428571,1.0,1.0
92000,0.9487179487179487,0.775,0.125,0.8035714285714286,1.0,1.0,0.18032786885245902,1.0,0.8888888888888888,1.0,0.9402985074626866,0.9464285714285714,1.0,0.7272727272727273,0.9777777777777777,1.0,1.0,1.0,0.0,1.0,0.4523809523809524,0.0,0.9523809523809523,1.0,1.0,0.9315068493150684,0.875,1.0,0.8333333333333334,0.7142857142857143,0.9583333333333334,0.9285714285714286,0.972972972972973,0.898989898989899,0.8953488372093024,0.42857142857142855,1.0,0.0,0.6,1.0,0.9361702127659575,0.42857142857142855,0.9891304347826086,0.8571428571428571,1.0,1.0
93000,0.8461538461538461,0.9,0.0,0.6428571428571429,0.6,0.6,0.22950819672131148,1.0,0.6666666666666666,1.0,0.9104477611940298,0.9464285714285714,1.0,0.7272727272727273,0.9333333333333333,0.6666666666666666,1.0,1.0,0.0,0.75,0.023809523809523808,0.0,0.9523809523809523,0.8888888888888888,1.0,0.9178082191780822,0.375,1.0,0.8333333333333334,0.6285714285714286,0.875,0.21428571428571427,0.9594594594594594,0.5252525252525253,0.9186046511627907,0.0,1.0,0.0,0.0,0.0,0.8085106382978723,0.0,0.9891304347826086,0.8571428571428571,0.9069767441860465,1.0
94000,0.6153846153846154,0.925,0.125,0.9107142857142857,1.0,1.0,0.11475409836065574,1.0,0.8888888888888888,1.0,0.9402985074626866,0.9642857142857143,1.0,0.8181818181818182,0.9555555555555556,1.0,1.0,1.0,0.0,0.75,0.07142857142857142,0.0,0.9523809523809523,1.0,1.0,0.9726027397260274,0.25,1.0,0.8333333333333334,0.2571428571428571,0.8958333333333334,0.5,0.9594594594594594,0.6666666666666666,0.9418604651162791,0.0,1.0,0.0,0.0,1.0,0.9574468085106383,0.7142857142857143,0.9891304347826086,1.0,1.0,1.0
95000,0.5128205128205128,0.5,0.125,0.23214285714285715,0.8666666666666667,0.4,0.01639344262295082,0.8333333333333334,0.1111111111111111,1.0,0.9104477611940298,0.9285714285714286,1.0,0.6363636363636364,0.9333333333333333,0.6666666666666666,0.3333333333333333,1.0,0.0,0.75,0.5,0.0,0.9523809523809523,0.1111111111111111,0.5,0.8767123287671232,0.25,1.0,0.6666666666666666,0.0,0.3958333333333333,0.42857142857142855,0.9459459459459459,0.7676767676767676,0.8837209302325582,0.0,0.75,0.0,0.0,0.0,0.7872340425531915,0.0,0.9891304347826086,0.8571428571428571,0.9186046511627907,1.0
96000,0.9230769230769231,0.925,0.875,0.9821428571428571,1.0,1.0,0.8688524590163934,1.0,0.8888888888888888,1.0,0.9402985074626866,0.9464285714285714,1.0,0.9090909090909091,0.9777777777777777,1.0,1.0,1.0,0.1111111111111111,1.0,0.9285714285714286,0.0,1.0,1.0,1.0,0.9863013698630136,0.5,1.0,0.8333333333333334,0.8857142857142857,0.9791666666666666,0.8571428571428571,0.972972972972973,0.9696969696969697,0.9302325581395349,0.8571428571428571,1.0,1.0,0.6,1.0,1.0,0.7142857142857143,0.9891304347826086,0.8571428571428571,1.0,1.0
97000,0.02564102564102564,0.65,0.0,0.23214285714285715,0.5333333333333333,0.2,0.0,0.8333333333333334,0.1111111111111111,0.8461538461538461,0.8208955223880597,0.7142857142857143,1.0,0.45454545454545453,0.9111111111111111,0.0,0.3333333333333333,0.9805825242718447,0.0,1.0,0.0,0.0,0.7619047619047619,0.2222222222222222,0.0,0.8356164383561644,0.0,0.2,0.16666666666666666,0.0,0.3958333333333333,0.07142857142857142,0.9054054054054054,0.46464646464646464,0.7790697674418605,0.0,0.25,0.0,0.0,0.0,0.3617021276595745,0.0,0.9782608695652174,0.5714285714285714,0.8372093023255814,1.0
98000,0.6666666666666666,0.825,0.0,0.25,1.0,1.0,0.5245901639344263,1.0,0.6666666666666666,1.0,0.9402985074626866,0.9285714285714286,1.0,0.7272727272727273,0.9555555555555556,1.0,1.0,1.0,0.0,0.875,0.047619047619047616,0.0,0.9523809523809523,1.0,1.0,0.9315068493150684,0.0,1.0,0.6666666666666666,0.2,0.8125,0.35714285714285715,0.9594594594594594,0.8888888888888888,0.9069767441860465,0.0,1.0,0.0,0.0,0.16666666666666666,0.8723404255319149,0.8571428571428571,0.9891304347826086,0.8571428571428571,0.9767441860465116,1.0
99000,0.7692307692307693,0.775,0.25,0.3392857142857143,1.0,0.6,0.6229508196721312,1.0,0.8888888888888888,1.0,0.9402985074626866,0.9464285714285714,1.0,0.7727272727272727,0.9555555555555556,0.6666666666666666,1.0,1.0,0.0,0.875,0.07142857142857142,0.0,0.9523809523809523,1.0,1.0,0.9726027397260274,0.25,1.0,0.8333333333333334,0.37142857142857144,0.9166666666666666,0.8571428571428571,0.972972972972973,0.9393939393939394,0.9069767441860465,0.0,1.0,1.0,0.0,1.0,0.9787234042553191,0.7142857142857143,0.9891304347826086,1.0,1.0,1.0
100000,0.8461538461538461,0.925,0.125,0.9107142857142857,0.9333333333333333,0.8,0.45901639344262296,1.0,0.8888888888888888,1.0,0.9402985074626866,0.9464285714285714,1.0,0.8181818181818182,0.9666666666666667,1.0,1.0,1.0,0.1111111111111111,0.875,0.42857142857142855,0.0,0.9523809523809523,1.0,1.0,0.9726027397260274,0.875,1.0,0.8333333333333334,0.14285714285714285,0.875,0.9285714285714286,0.9594594594594594,0.9292929292929293,0.9186046511627907,0.0,1.0,1.0,0.0,1.0,0.9787234042553191,0.7142857142857143,0.9891304347826086,0.8571428571428571,1.0,1.0
101000,0.7692307692307693,0.925,0.125,0.4642857142857143,1.0,1.0,0.45901639344262296,1.0,0.8888888888888888,1.0,0.9402985074626866,0.9642857142857143,1.0,0.7727272727272727,0.9666666666666667,1.0,1.0,1.0,0.0,1.0,0.38095238095238093,0.0,0.9523809523809523,1.0,1.0,0.9452054794520548,0.625,1.0,0.8333333333333334,0.2571428571428571,0.7708333333333334,0.7857142857142857,0.972972972972973,0.9090909090909091,0.9418604651162791,0.0,1.0,1.0,0.0,0.3333333333333333,0.8936170212765957,0.2857142857142857,0.9891304347826086,0.8571428571428571,0.9767441860465116,1.0
102000,0.8974358974358975,0.95,0.125,0.8928571428571429,0.9333333333333333,0.6,0.45901639344262296,1.0,0.8888888888888888,1.0,0.9402985074626866,0.9464285714285714,1.0,0.8636363636363636,0.9777777777777777,1.0,1.0,1.0,0.1111111111111111,1.0,0.8095238095238095,0.0,0.9523809523809523,1.0,1.0,0.9452054794520548,0.25,1.0,0.8333333333333334,0.8285714285714286,0.9583333333333334,0.8571428571428571,0.972972972972973,0.9494949494949495,0.9418604651162791,0.0,1.0,1.0,0.6,1.0,0.9148936170212766,0.2857142857142857,0.9891304347826086,0.8571428571428571,1.0,1.0
103000,0.8205128205128205,0.925,0.0,0.35714285714285715,0.9333333333333333,0.6,0.5573770491803278,1.0,0.8888888888888888,1.0,0.9402985074626866,0.9642857142857143,1.0,0.8181818181818182,0.9666666666666667,1.0,1.0,0.9902912621359223,0.1111111111111111,0.875,0.8809523809523809,0.0,0.9523809523809523,0.8888888888888888,1.0,0.9452054794520548,0.0,1.0,0.8333333333333334,0.17142857142857143,0.75,0.2857142857142857,0.972972972972973,0.9393939393939394,0.9302325581395349,0.14285714285714285,0.75,1.0,0.0,1.0,0.8723404255319149,0.7142857142857143,0.9891304347826086,0.8571428571428571,0.9767441860465116,1.0
104000,0.717948717948718,0.85,0.0,0.30357142857142855,1.0,0.6,0.6885245901639344,1.0,0.8888888888888888,1.0,0.9402985074626866,0.9464285714285714,1.0,0.8181818181818182,0.9555555555555556,0.6666666666666666,1.0,1.0,0.0,1.0,0.023809523809523808,0.5,0.9523809523809523,1.0,1.0,0.958904109589041,0.375,1.0,0.8333333333333334,0.7714285714285715,0.8958333333333334,0.7857142857142857,0.9594594594594594,0.5757575757575758,0.9186046511627907,0.0,1.0,1.0,0.0,1.0,0.9574468085106383,0.7142857142857143,0.9891304347826086,0.8571428571428571,1.0,1.0
105000,0.7692307692307693,0.7,0.0,0.2857142857142857,1.0,0.6,0.19672131147540983,1.0,0.8888888888888888,1.0,0.9253731343283582,0.9464285714285714,1.0,0.5909090909090909,0.9777777777777777,1.0,1.0,1.0,0.0,1.0,0.3333333333333333,0.0,0.9523809523809523,1.0,0.5,0.9178082191780822,0.25,1.0,0.5,0.0,0.7083333333333334,0.42857142857142855,0.9459459459459459,0.9090909090909091,0.9651162790697675,0.0,1.0,1.0,0.6,1.0,0.9148936170212766,0.0,0.9891304347826086,0.8571428571428571,0.9651162790697675,1.0
106000,0.7948717948717948,0.775,0.0,0.5535714285714286,0.8666666666666667,0.4,0.36065573770491804,0.8333333333333334,0.6666666666666666,1.0,0.9402985074626866,0.9464285714285714,0.9855072463768116,0.6818181818181818,0.9333333333333333,0.3333333333333333,0.6666666666666666,1.0,0.0,1.0,0.35714285714285715,0.0,0.9523809523809523,0.3333333333333333,0.5,0.9178082191780822,0.0,0.2,0.8333333333333334,0.11428571428571428,0.7083333333333334,0.6428571428571429,0.7972972972972973,0.5050505050505051,0.9069767441860465,0.0,1.0,1.0,0.0,0.5,0.8297872340425532,0.7142857142857143,0.9891304347826086,0.8571428571428571,0.9651162790697675,1.0
107000,0.717948717948718,0.75,0.0,0.4642857142857143,0.8666666666666667,0.4,0.4262295081967213,1.0,0.7777777777777778,1.0,0.9253731343283582,0.9464285714285714,1.0,0.6818181818181818,0.9444444444444444,0.0,1.0,1.0,0.0,0.75,0.2857142857142857,0.0,0.8095238095238095,0.2222222222222222,1.0,0.8767123287671232,0.0,0.6,0.8333333333333334,0.0,0.14583333333333334,0.7142857142857143,0.9594594594594594,0.6464646464646465,0.8953488372093024,0.0,0.25,1.0,0.0,0.0,0.8085106382978723,0.2857142857142857,0.9891304347826086,0.8571428571428571,0.9069767441860465,1.0
108000,0.7948717948717948,0.9,0.0,0.26785714285714285,0.3333333333333333,0.4,0.36065573770491804,1.0,0.8888888888888888,1.0,0.9253731343283582,0.9285714285714286,1.0,0.5,0.9333333333333333,0.6666666666666666,1.0,1.0,0.1111111111111111,0.75,0.11904761904761904,0.0,0.9047619047619048,0.8888888888888888,1.0,0.8767123287671232,0.25,1.0,0.8333333333333334,0.17142857142857143,0.375,0.42857142857142855,0.9594594594594594,0.6868686868686869,0.8837209302325582,0.0,1.0,1.0,0.0,0.3333333333333333,0.7659574468085106,0.7142857142857143,0.9891304347826086,0.8571428571428571,0.8953488372093024,1.0
109000,0.7692307692307693,0.875,0.25,0.25,0.9333333333333333,0.8,0.7540983606557377,1.0,0.8888888888888888,1.0,0.9402985074626866,0.9642857142857143,1.0,0.7727272727272727,0.9333333333333333,0.6666666666666666,1.0,1.0,0.0,1.0,0.5952380952380952,0.0,0.9523809523809523,1.0,1.0,0.958904109589041,0.375,1.0,0.8333333333333334,0.4857142857142857,0.7916666666666666,0.7142857142857143,0.972972972972973,0.9494949494949495,0.8953488372093024,0.0,0.5,1.0,0.0,1.0,0.9148936170212766,0.7142857142857143,0.9891304347826086,0.8571428571428571,0.9534883720930233,1.0
110000,0.7692307692307693,0.9,0.0,0.6071428571428571,0.9333333333333333,1.0,0.19672131147540983,1.0,0.7777777777777778,1.0,0.9253731343283582,0.9285714285714286,0.9855072463768116,0.8636363636363636,0.9111111111111111,1.0,1.0,0.9902912621359223,0.1111111111111111,0.875,0.5476190476190477,0.0,0.9523809523809523,0.8888888888888888,1.0,0.8767123287671232,0.625,1.0,0.8333333333333334,0.6,0.6041666666666666,0.8571428571428571,0.9324324324324325,0.9393939393939394,0.9186046511627907,0.14285714285714285,1.0,1.0,0.8,1.0,0.8297872340425532,0.7142857142857143,0.9891304347826086,0.8571428571428571,0.9534883720930233,1.0
111000,0.8205128205128205,0.9,0.0,0.5892857142857143,0.8,0.4,0.36065573770491804,1.0,0.7777777777777778,1.0,0.9253731343283582,0.9464285714285714,1.0,0.7272727272727273,0.9666666666666667,0.6666666666666666,1.0,1.0,0.0,1.0,0.047619047619047616,0.0,0.9047619047619048,0.1111111111111111,0.0,0.9315068493150684,0.25,1.0,0.8333333333333334,0.17142857142857143,0.75,0.21428571428571427,0.972972972972973,0.8484848484848485,0.8953488372093024,0.0,1.0,1.0,0.0,0.16666666666666666,0.7446808510638298,0.7142857142857143,0.9891304347826086,0.8571428571428571,0.9767441860465116,1.0
112000,0.7692307692307693,0.875,0.25,0.42857142857142855,1.0,0.6,0.6065573770491803,1.0,0.7777777777777778,1.0,0.9402985074626866,0.9642857142857143,1.0,0.6818181818181818,0.9666666666666667,1.0,1.0,1.0,0.0,1.0,0.6190476190476191,0.0,0.9523809523809523,0.6666666666666666,1.0,0.9315068493150684,0.25,1.0,0.8333333333333334,0.8285714285714286,0.8333333333333334,0.7857142857142857,0.972972972972973,0.8888888888888888,0.9186046511627907,0.0,1.0,1.0,0.0,0.8333333333333334,0.6595744680851063,0.7142857142857143,0.9891304347826086,0.8571428571428571,0.9186046511627907,1.0
113000,0.7692307692307693,0.925,0.0,0.625,0.8,0.4,0.08196721311475409,1.0,0.8888888888888888,1.0,0.9402985074626866,0.9285714285714286,1.0,0.45454545454545453,0.9444444444444444,0.3333333333333333,1.0,1.0,0.0,1.0,0.09523809523809523,0.0,0.9523809523809523,0.6666666666666666,1.0,0.863013698630137,0.25,1.0,0.8333333333333334,0.22857142857142856,0.2708333333333333,0.21428571428571427,0.9594594594594594,0.35353535353535354,0.9069767441860465,0.0,0.5,1.0,0.0,0.0,0.46808510638297873,0.7142857142857143,0.9891304347826086,0.8571428571428571,0.9534883720930233,1.0
114000,0.7948717948717948,0.95,0.125,0.26785714285714285,1.0,0.8,0.09836065573770492,1.0,0.8888888888888888,1.0,0.9253731343283582,0.9464285714285714,1.0,0.8636363636363636,0.9666666666666667,0.6666666666666666,1.0,1.0,0.0,0.875,0.5,0.5,0.9523809523809523,0.8888888888888888,1.0,0.8356164383561644,0.0,1.0,0.8333333333333334,0.2,0.16666666666666666,0.7142857142857143,0.9594594594594594,0.898989898989899,0.9069767441860465,0.0,1.0,1.0,0.6,1.0,0.8723404255319149,0.7142857142857143,0.9891304347826086,0.8571428571428571,0.9302325581395349,1.0
115000,0.8461538461538461,0.9,0.125,0.6785714285714286,0.8666666666666667,0.6,0.4098360655737705,1.0,0.8888888888888888,1.0,0.8805970149253731,0.9642857142857143,1.0,0.6818181818181818,0.9666666666666667,0.6666666666666666,1.0,1.0,0.0,0.875,0.07142857142857142,0.0,0.9523809523809523,1.0,1.0,0.9726027397260274,0.5,1.0,0.6666666666666666,0.14285714285714285,0.7916666666666666,0.35714285714285715,0.972972972972973,0.7272727272727273,0.9418604651162791,0.0,1.0,1.0,0.0,0.8333333333333334,0.6595744680851063,0.2857142857142857,0.9891304347826086,0.42857142857142855,1.0,1.0
116000,0.9743589743589743,0.95,0.25,0.9642857142857143,1.0,1.0,0.8524590163934426,1.0,0.8888888888888888,1.0,0.9402985074626866,0.9642857142857143,1.0,0.9090909090909091,0.9666666666666667,1.0,1.0,1.0,0.0,1.0,0.5,0.0,0.9523809523809523,1.0,1.0,0.9863013698630136,0.25,1.0,0.8333333333333334,0.8571428571428571,0.9583333333333334,0.9285714285714286,0.972972972972973,0.9393939393939394,0.9651162790697675,0.42857142857142855,1.0,1.0,0.0,1.0,1.0,0.7142857142857143,0.9891304347826086,0.8571428571428571,0.9883720930232558,1.0
117000,0.8461538461538461,0.95,0.125,0.9285714285714286,1.0,0.8,0.7868852459016393,1.0,0.8888888888888888,1.0,0.9253731343283582,0.9464285714285714,1.0,0.8636363636363636,0.9666666666666667,1.0,1.0,1.0,0.0,1.0,0.6428571428571429,0.5,0.9523809523809523,1.0,1.0,0.958904109589041,0.375,1.0,0.8333333333333334,0.8571428571428571,0.875,0.7857142857142857,0.972972972972973,0.9595959595959596,0.9186046511627907,0.0,1.0,1.0,0.0,0.8333333333333334,0.9361702127659575,0.7142857142857143,0.9891304347826086,0.8571428571428571,1.0,1.0
118000,0.9487179487179487,0.925,0.125,0.5,1.0,1.0,0.5573770491803278,1.0,0.8888888888888888,1.0,0.9402985074626866,0.9642857142857143,1.0,0.8636363636363636,0.9333333333333333,1.0,1.0,1.0,0.0,0.875,0.5,0.5,0.9523809523809523,1.0,1.0,0.9726027397260274,0.5,0.8,0.8333333333333334,0.8285714285714286,0.8333333333333334,0.7857142857142857,0.972972972972973,0.9292929292929293,0.9418604651162791,0.2857142857142857,1.0,1.0,0.0,1.0,0.9148936170212766,0.7142857142857143,0.9891304347826086,0.8571428571428571,1.0,1.0
119000,0.7692307692307693,0.75,0.125,0.39285714285714285,0.9333333333333333,0.6,0.39344262295081966,1.0,0.7777777777777778,1.0,0.9402985074626866,0.9642857142857143,0.9855072463768116,0.8181818181818182,0.9555555555555556,1.0,1.0,1.0,0.0,0.75,0.09523809523809523,0.5,0.9523809523809523,1.0,1.0,0.863013698630137,0.25,1.0,0.8333333333333334,0.02857142857142857,0.625,0.5,0.972972972972973,0.7777777777777778,0.8837209302325582,0.0,0.75,1.0,0.0,1.0,0.9787234042553191,0.7142857142857143,0.9891304347826086,0.8571428571428571,0.9883720930232558,1.0
120000,0.15384615384615385,0.725,0.0,0.19642857142857142,0.4666666666666667,0.8,0.06557377049180328,0.8333333333333334,0.1111111111111111,1.0,0.9402985074626866,0.9285714285714286,1.0,0.8181818181818182,0.9111111111111111,1.0,1.0,1.0,0.0,0.75,0.047619047619047616,0.0,0.9523809523809523,0.6666666666666666,0.5,0.821917808219178,0.625,0.8,0.8333333333333334,0.0,0.6041666666666666,0.14285714285714285,0.972972972972973,0.7171717171717171,0.8488372093023255,0.0,0.5,1.0,0.0,0.16666666666666666,0.7659574468085106,0.2857142857142857,0.9891304347826086,0.8571428571428571,0.9651162790697675,1.0
121000,0.8205128205128205,0.9,0.5,0.7857142857142857,1.0,1.0,0.6229508196721312,1.0,0.8888888888888888,1.0,0.9402985074626866,0.9464285714285714,1.0,0.8636363636363636,0.9777777777777777,1.0,1.0,1.0,0.0,1.0,0.4523809523809524,0.0,0.9523809523809523,1.0,1.0,0.9863013698630136,0.75,1.0,0.8333333333333334,0.8857142857142857,0.9375,0.8571428571428571,0.972972972972973,0.9393939393939394,0.9418604651162791,0.2857142857142857,1.0,1.0,0.8,1.0,1.0,0.8571428571428571,0.9891304347826086,0.8571428571428571,1.0,1.0
122000,0.5384615384615384,0.925,0.0,0.5892857142857143,1.0,0.8,0.14754098360655737,1.0,0.7777777777777778,1.0,0.8955223880597015,0.9642857142857143,1.0,0.7272727272727273,0.9555555555555556,1.0,1.0,1.0,0.0,1.0,0.023809523809523808,0.0,0.9523809523809523,0.8888888888888888,1.0,0.9315068493150684,0.625,0.8,0.8333333333333334,0.37142857142857144,0.7916666666666666,0.7142857142857143,0.972972972972973,0.5252525252525253,0.9186046511627907,0.0,1.0,1.0,0.0,1.0,0.8723404255319149,0.8571428571428571,0.9891304347826086,0.8571428571428571,1.0,1.0
123000,0.8205128205128205,0.9,0.375,0.6428571428571429,1.0,1.0,0.7049180327868853,1.0,0.8888888888888888,1.0,0.9402985074626866,0.9642857142857143,1.0,0.8636363636363636,0.9666666666666667,1.0,1.0,1.0,0.0,1.0,0.09523809523809523,0.0,0.9523809523809523,1.0,1.0,0.9041095890410958,0.5,1.0,0.8333333333333334,0.34285714285714286,0.875,0.7142857142857143,0.972972972972973,0.7474747474747475,0.9186046511627907,0.0,1.0,1.0,0.0,1.0,0.8936170212765957,0.8571428571428571,0.9891304347826086,0.8571428571428571,1.0,1.0
124000,0.7948717948717948,0.9,0.25,0.625,0.8666666666666667,0.6,0.8360655737704918,1.0,0.8888888888888888,1.0,0.8656716417910447,0.9285714285714286,1.0,0.7727272727272727,0.9444444444444444,1.0,1.0,1.0,0.0,1.0,0.19047619047619047,0.0,0.9523809523809523,1.0,0.5,0.9041095890410958,0.25,0.8,0.5,0.37142857142857144,0.4166666666666667,0.9285714285714286,0.972972972972973,0.8787878787878788,0.9302325581395349,0.0,1.0,1.0,0.8,1.0,0.8723404255319149,0.8571428571428571,0.9891304347826086,0.8571428571428571,1.0,1.0
125000,0.8205128205128205,0.875,0.0,0.5,1.0,0.6,0.5245901639344263,1.0,0.7777777777777778,1.0,0.9402985074626866,0.9464285714285714,1.0,0.8181818181818182,0.9666666666666667,1.0,1.0,1.0,0.0,1.0,0.0,0.5,0.8571428571428571,0.1111111111111111,0.0,0.9041095890410958,0.25,0.8,0.8333333333333334,0.08571428571428572,0.375,0.7857142857142857,0.972972972972973,0.7777777777777778,0.8837209302325582,0.0,0.75,1.0,0.0,1.0,0.8936170212765957,0.7142857142857143,0.9891304347826086,0.8571428571428571,0.9418604651162791,1.0
126000,0.8717948717948718,0.9,0.125,0.3392857142857143,0.9333333333333333,0.8,0.819672131147541,1.0,0.7777777777777778,1.0,0.9850746268656716,0.9464285714285714,1.0,0.8181818181818182,0.9111111111111111,1.0,1.0,1.0,0.0,0.875,0.09523809523809523,0.0,0.9523809523809523,0.8888888888888888,0.5,0.8767123287671232,0.25,0.8,0.8333333333333334,0.05714285714285714,0.25,0.7857142857142857,0.9324324324324325,0.8787878787878788,0.9069767441860465,0.0,1.0,1.0,0.0,1.0,0.8936170212765957,0.7142857142857143,0.9891304347826086,0.8571428571428571,0.9767441860465116,1.0
127000,0.7692307692307693,0.85,0.25,0.44642857142857145,0.9333333333333333,0.4,0.7540983606557377,1.0,0.7777777777777778,1.0,0.9253731343283582,0.9464285714285714,1.0,0.7727272727272727,0.9333333333333333,0.6666666666666666,0.6666666666666666,1.0,0.0,1.0,0.047619047619047616,0.0,0.9523809523809523,0.1111111111111111,1.0,0.821917808219178,0.375,1.0,0.0,0.6857142857142857,0.7708333333333334,0.42857142857142855,0.9324324324324325,0.3434343434343434,0.9069767441860465,0.0,0.25,1.0,0.0,1.0,0.7021276595744681,0.8571428571428571,0.9891304347826086,0.2857142857142857,0.9186046511627907,1.0
128000,0.9230769230769231,0.95,0.125,0.9107142857142857,1.0,1.0,0.8688524590163934,1.0,0.8888888888888888,1.0,0.9402985074626866,0.9642857142857143,1.0,0.9090909090909091,0.9555555555555556,1.0,1.0,1.0,0.0,1.0,0.7142857142857143,1.0,0.9523809523809523,1.0,1.0,0.9041095890410958,1.0,0.8,0.8333333333333334,0.8285714285714286,0.8541666666666666,0.7857142857142857,0.972972972972973,0.9292929292929293,0.9069767441860465,0.14285714285714285,1.0,1.0,1.0,1.0,0.9574468085106383,0.8571428571428571,0.9891304347826086,0.8571428571428571,1.0,1.0
129000,0.9230769230769231,0.925,0.0,0.5,0.9333333333333333,0.8,0.7377049180327869,1.0,0.8888888888888888,1.0,0.9402985074626866,0.9464285714285714,1.0,0.8636363636363636,0.9444444444444444,0.3333333333333333,0.6666666666666666,1.0,0.0,0.875,0.07142857142857142,0.0,0.9523809523809523,0.8888888888888888,1.0,0.8356164383561644,0.25,0.2,0.8333333333333334,0.0,0.20833333333333334,0.7142857142857143,0.972972972972973,0.8888888888888888,0.9069767441860465,0.0,0.75,1.0,0.0,1.0,0.8936170212765957,0.8571428571428571,0.9891304347826086,0.8571428571428571,0.9883720930232558,1.0
130000,0.7948717948717948,0.95,0.0,0.6607142857142857,1.0,1.0,0.3442622950819672,1.0,0.8888888888888888,1.0,0.9402985074626866,0.9642857142857143,1.0,0.9090909090909091,0.9666666666666667,1.0,1.0,1.0,0.0,0.75,0.047619047619047616,0.0,0.9523809523809523,0.8888888888888888,1.0,0.9041095890410958,1.0,0.8,0.8333333333333334,0.5142857142857142,0.3125,0.7142857142857143,0.972972972972973,0.8080808080808081,0.9418604651162791,0.0,1.0,1.0,1.0,1.0,0.8723404255319149,0.7142857142857143,0.9891304347826086,0.8571428571428571,1.0,1.0
131000,0.717948717948718,0.9,0.0,0.375,0.9333333333333333,0.2,0.21311475409836064,0.8333333333333334,0.7777777777777778,0.9230769230769231,0.9104477611940298,0.9285714285714286,1.0,0.4090909090909091,0.9333333333333333,0.0,0.6666666666666666,1.0,0.0,1.0,0.0,0.0,0.8571428571428571,0.6666666666666666,0.0,0.7397260273972602,0.25,0.2,0.8333333333333334,0.0,0.0625,0.0,0.918918918918919,0.31313131313131315,0.8837209302325582,0.0,0.0,0.0,0.0,0.0,0.574468085106383,0.42857142857142855,0.9891304347826086,0.8571428571428571,0.9418604651162791,1.0
132000,0.7948717948717948,0.9,0.0,0.4642857142857143,0.9333333333333333,0.8,0.32786885245901637,1.0,0.7777777777777778,1.0,0.8955223880597015,0.9464285714285714,1.0,0.7272727272727273,0.9444444444444444,1.0,1.0,1.0,0.0,0.75,0.09523809523809523,0.0,0.9523809523809523,0.8888888888888888,1.0,0.9041095890410958,0.625,0.8,0.8333333333333334,0.22857142857142856,0.625,0.8571428571428571,0.9459459459459459,0.898989898989899,0.9186046511627907,0.0,1.0,1.0,1.0,0.6666666666666666,0.9574468085106383,0.7142857142857143,0.9891304347826086,0.8571428571428571,0.9767441860465116,1.0
133000,0.8205128205128205,0.9,0.0,0.32142857142857145,0.9333333333333333,0.4,0.06557377049180328,1.0,0.8888888888888888,1.0,0.9104477611940298,0.9464285714285714,1.0,0.5909090909090909,0.9111111111111111,1.0,1.0,1.0,0.1111111111111111,0.625,0.09523809523809523,0.0,0.9047619047619048,0.7777777777777778,1.0,0.8493150684931506,0.25,1.0,0.8333333333333334,0.2,0.14583333333333334,0.2857142857142857,0.9459459459459459,0.8383838383838383,0.8953488372093024,0.0,1.0,1.0,0.6,1.0,0.9787234042553191,0.7142857142857143,0.9891304347826086,0.8571428571428571,0.9418604651162791,1.0
134000,0.8205128205128205,0.875,0.0,0.44642857142857145,0.8666666666666667,0.6,0.16393442622950818,1.0,0.7777777777777778,1.0,0.8208955223880597,0.9107142857142857,0.9855072463768116,0.7727272727272727,0.9111111111111111,0.6666666666666666,1.0,1.0,0.0,0.875,0.38095238095238093,0.0,0.9523809523809523,0.5555555555555556,0.0,0.821917808219178,0.375,0.8,0.6666666666666666,0.2857142857142857,0.5625,0.7142857142857143,0.9324324324324325,0.7676767676767676,0.9186046511627907,0.0,0.75,1.0,0.0,0.6666666666666666,0.8723404255319149,0.7142857142857143,0.9782608695652174,0.7142857142857143,0.813953488372093,1.0
135000,0.8461538461538461,0.925,0.0,0.5714285714285714,0.9333333333333333,0.8,0.06557377049180328,1.0,0.7777777777777778,1.0,0.8805970149253731,0.9464285714285714,1.0,0.8181818181818182,0.9111111111111111,0.6666666666666666,1.0,1.0,0.0,1.0,0.047619047619047616,0.0,0.9523809523809523,0.8888888888888888,1.0,0.8493150684931506,0.375,1.0,0.8333333333333334,0.5142857142857142,0.625,0.8571428571428571,0.9324324324324325,0.37373737373737376,0.8953488372093024,0.0,1.0,1.0,0.0,1.0,0.9361702127659575,0.8571428571428571,0.9782608695652174,0.8571428571428571,0.9302325581395349,1.0
136000,0.7692307692307693,0.9,0.125,0.9107142857142857,1.0,0.6,0.08196721311475409,1.0,0.7777777777777778,1.0,0.8656716417910447,0.9464285714285714,1.0,0.6818181818181818,0.9111111111111111,1.0,1.0,1.0,0.0,0.875,0.047619047619047616,0.5,0.9047619047619048,0.8888888888888888,1.0,0.8493150684931506,0.625,0.8,0.8333333333333334,0.02857142857142857,0.3333333333333333,0.35714285714285715,0.972972972972973,0.4444444444444444,0.9069767441860465,0.0,1.0,1.0,0.6,1.0,0.9361702127659575,0.7142857142857143,0.9891304347826086,0.8571428571428571,0.9418604651162791,1.0
137000,0.8205128205128205,0.95,0.0,0.875,0.8666666666666667,0.4,0.5409836065573771,1.0,0.7777777777777778,1.0,0.8955223880597015,0.9285714285714286,0.9855072463768116,0.6363636363636364,0.9333333333333333,1.0,1.0,1.0,0.0,1.0,0.0,0.0,0.9523809523809523,0.7777777777777778,1.0,0.821917808219178,0.625,1.0,0.8333333333333334,0.05714285714285714,0.75,0.7142857142857143,0.972972972972973,0.6464646464646465,0.9069767441860465,0.0,0.75,1.0,0.0,0.6666666666666666,0.851063829787234,1.0,0.9891304347826086,0.8571428571428571,0.8604651162790697,1.0
138000,0.7435897435897436,0.9,0.25,0.48214285714285715,1.0,0.4,0.3442622950819672,1.0,0.7777777777777778,1.0,0.9104477611940298,0.9464285714285714,0.9855072463768116,0.6363636363636364,0.9111111111111111,0.6666666666666666,1.0,1.0,0.1111111111111111,1.0,0.07142857142857142,0.0,0.9047619047619048,0.7777777777777778,0.0,0.863013698630137,0.0,0.8,0.8333333333333334,0.0,0.16666666666666666,0.8571428571428571,0.972972972972973,0.46464646464646464,0.8837209302325582,0.0,0.75,1.0,0.0,0.8333333333333334,0.8723404255319149,0.2857142857142857,0.9891304347826086,0.8571428571428571,0.8953488372093024,1.0
139000,0.7948717948717948,0.95,0.125,0.9464285714285714,1.0,0.6,0.06557377049180328,1.0,0.8888888888888888,1.0,0.9402985074626866,0.9642857142857143,1.0,0.8636363636363636,0.9555555555555556,1.0,1.0,1.0,0.1111111111111111,1.0,0.5476190476190477,1.0,0.9047619047619048,1.0,1.0,0.9041095890410958,0.375,0.8,0.8333333333333334,0.42857142857142855,0.5833333333333334,0.9285714285714286,0.972972972972973,0.9393939393939394,0.9186046511627907,0.8571428571428571,0.75,1.0,0.8,1.0,0.9787234042553191,0.8571428571428571,0.9891304347826086,0.8571428571428571,1.0,1.0
140000,0.8974358974358975,0.95,0.125,0.6071428571428571,0.9333333333333333,0.8,0.47540983606557374,1.0,0.7777777777777778,1.0,0.9104477611940298,0.9642857142857143,1.0,0.9090909090909091,0.9777777777777777,1.0,1.0,1.0,0.0,1.0,0.7857142857142857,0.5,0.9523809523809523,1.0,1.0,0.958904109589041,0.75,0.8,0.8333333333333334,0.4857142857142857,0.8125,1.0,0.972972972972973,0.9393939393939394,0.9302325581395349,0.0,1.0,1.0,0.6,1.0,0.9574468085106383,0.8571428571428571,0.9891304347826086,0.8571428571428571,0.9418604651162791,1.0
141000,0.8205128205128205,0.925,0.0,0.6785714285714286,0.8666666666666667,0.4,0.4426229508196721,1.0,0.6666666666666666,0.9230769230769231,0.9104477611940298,0.9285714285714286,0.9710144927536232,0.7272727272727273,0.9222222222222223,0.6666666666666666,0.6666666666666666,1.0,0.0,0.875,0.14285714285714285,0.0,0.9047619047619048,0.7777777777777778,1.0,0.8356164383561644,0.25,0.8,0.8333333333333334,0.11428571428571428,0.20833333333333334,0.7857142857142857,0.9459459459459459,0.8787878787878788,0.9069767441860465,0.0,1.0,1.0,0.6,1.0,0.851063829787234,0.8571428571428571,0.9891304347826086,0.8571428571428571,0.9069767441860465,1.0
142000,0.8205128205128205,0.925,0.125,0.42857142857142855,0.9333333333333333,0.4,0.3442622950819672,1.0,0.6666666666666666,1.0,1.0,0.9642857142857143,1.0,0.9090909090909091,0.9444444444444444,1.0,1.0,1.0,0.0,0.75,0.4523809523809524,0.5,0.9523809523809523,0.8888888888888888,1.0,0.9041095890410958,0.625,0.8,0.8333333333333334,0.14285714285714285,0.22916666666666666,0.7142857142857143,1.0,0.9292929292929293,0.9302325581395349,0.0,1.0,1.0,0.0,0.3333333333333333,0.9148936170212766,1.0,0.9891304347826086,0.8571428571428571,0.9069767441860465,1.0
143000,0.8205128205128205,0.95,0.0,0.32142857142857145,0.9333333333333333,0.4,0.0,1.0,0.6666666666666666,0.9230769230769231,0.9253731343283582,0.9285714285714286,1.0,0.6363636363636364,0.9,1.0,1.0,1.0,0.0,0.5,0.11904761904761904,0.5,0.9047619047619048,1.0,1.0,0.8356164383561644,0.0,0.0,0.8333333333333334,0.11428571428571428,0.2916666666666667,0.21428571428571427,0.9324324324324325,0.6363636363636364,0.9069767441860465,0.0,0.5,1.0,0.0,0.8333333333333334,0.8085106382978723,0.7142857142857143,0.9891304347826086,0.8571428571428571,0.12790697674418605,1.0
144000,0.8205128205128205,0.95,0.0,0.9107142857142857,0.9333333333333333,0.6,0.03278688524590164,1.0,0.6666666666666666,0.9230769230769231,0.9253731343283582,0.9464285714285714,0.9855072463768116,0.6818181818181818,0.9333333333333333,1.0,0.6666666666666666,1.0,0.0,0.875,0.3333333333333333,0.5,0.9523809523809523,0.7777777777777778,1.0,0.8082191780821918,0.25,0.2,0.8333333333333334,0.02857142857142857,0.0,0.6428571428571429,0.9459459459459459,0.8383838383838383,0.8604651162790697,0.0,1.0,1.0,0.0,1.0,0.9148936170212766,0.8571428571428571,0.9782608695652174,0.8571428571428571,0.8372093023255814,1.0
145000,0.8461538461538461,0.95,0.125,0.8392857142857143,1.0,1.0,0.4098360655737705,1.0,0.7777777777777778,1.0,1.0,0.9642857142857143,1.0,0.8181818181818182,0.9888888888888889,1.0,1.0,1.0,0.0,0.875,0.35714285714285715,0.5,0.9523809523809523,1.0,1.0,0.8904109589041096,0.625,0.8,0.8333333333333334,0.4857142857142857,0.20833333333333334,0.8571428571428571,0.972972972972973,0.8484848484848485,0.9302325581395349,0.0,1.0,1.0,0.6,1.0,0.9787234042553191,1.0,0.9891304347826086,0.8571428571428571,0.9418604651162791,1.0
146000,0.8974358974358975,0.95,0.125,0.9821428571428571,1.0,1.0,0.8032786885245902,1.0,0.8888888888888888,1.0,0.9402985074626866,0.9642857142857143,1.0,0.8636363636363636,0.9444444444444444,1.0,1.0,1.0,0.0,1.0,0.5952380952380952,1.0,1.0,1.0,1.0,0.9726027397260274,0.625,0.8,0.8333333333333334,0.7714285714285715,0.8958333333333334,0.9285714285714286,0.972972972972973,0.9494949494949495,0.9302325581395349,0.0,1.0,1.0,0.6,1.0,0.9574468085106383,1.0,0.9891304347826086,0.8571428571428571,1.0,1.0
147000,0.7948717948717948,0.925,0.0,0.8392857142857143,0.8666666666666667,0.8,0.11475409836065574,1.0,0.7777777777777778,0.9230769230769231,0.9253731343283582,0.9285714285714286,0.9710144927536232,0.7727272727272727,0.9,1.0,0.6666666666666666,1.0,0.0,1.0,0.14285714285714285,0.0,0.9047619047619048,0.8888888888888888,1.0,0.8356164383561644,0.25,0.6,0.6666666666666666,0.0,0.125,0.7857142857142857,0.9324324324324325,0.7474747474747475,0.8953488372093024,0.0,0.75,1.0,0.0,0.6666666666666666,0.8936170212765957,1.0,0.9891304347826086,0.8571428571428571,0.872093023255814,1.0
148000,0.7692307692307693,1.0,0.0,0.5178571428571429,0.8666666666666667,0.2,0.03278688524590164,1.0,0.7777777777777778,1.0,1.0,0.9464285714285714,1.0,0.5,0.9333333333333333,0.6666666666666666,0.6666666666666666,1.0,0.0,0.5,0.023809523809523808,0.0,0.9047619047619048,0.6666666666666666,1.0,0.7397260273972602,0.0,0.6,0.3333333333333333,0.0,0.1875,0.6428571428571429,1.0,0.5555555555555556,0.9186046511627907,0.14285714285714285,0.5,1.0,0.0,0.8333333333333334,0.8085106382978723,0.8571428571428571,0.9891304347826086,0.7142857142857143,0.5581395348837209,1.0
149000,0.7692307692307693,0.45,0.0,0.19642857142857142,0.6,0.2,0.0,1.0,0.5555555555555556,0.8461538461538461,0.8208955223880597,0.9107142857142857,1.0,0.6363636363636364,0.8777777777777778,0.3333333333333333,0.16666666666666666,1.0,0.0,0.75,0.0,0.0,0.9523809523809523,0.0,0.0,0.726027397260274,0.0,0.0,0.0,0.0,0.0,0.7142857142857143,0.9324324324324325,0.2222222222222222,0.872093023255814,0.0,0.25,0.0,0.0,0.5,0.44680851063829785,0.8571428571428571,0.9782608695652174,0.7142857142857143,0.22093023255813954,1.0
150000,0.8717948717948718,0.875,0.375,0.35714285714285715,0.8666666666666667,0.6,0.6885245901639344,0.8333333333333334,0.7777777777777778,1.0,0.8955223880597015,0.9285714285714286,1.0,0.8181818181818182,0.9333333333333333,0.6666666666666666,1.0,1.0,0.0,1.0,0.6428571428571429,0.0,0.9523809523809523,0.8888888888888888,1.0,0.8904109589041096,0.0,0.6,0.3333333333333333,0.37142857142857144,0.4166666666666667,0.42857142857142855,0.9324324324324325,0.9292929292929293,0.9069767441860465,0.0,0.75,1.0,0.8,1.0,0.8723404255319149,1.0,0.9891304347826086,0.8571428571428571,0.9883720930232558,1.0
151000,0.8461538461538461,0.95,0.0,0.42857142857142855,0.8666666666666667,0.8,0.2459016393442623,1.0,0.7777777777777778,1.0,1.0,0.9642857142857143,1.0,0.8181818181818182,0.9222222222222223,0.6666666666666666,0.6666666666666666,1.0,0.0,1.0,0.047619047619047616,0.0,0.9047619047619048,0.6666666666666666,1.0,0.8493150684931506,0.5,0.6,0.3333333333333333,0.14285714285714285,0.3958333333333333,0.21428571428571427,0.9459459459459459,0.6868686868686869,0.9069767441860465,0.0,1.0,1.0,1.0,1.0,0.8723404255319149,0.8571428571428571,0.9782608695652174,0.8571428571428571,0.5813953488372093,1.0
152000,0.8461538461538461,0.95,0.0,0.9107142857142857,1.0,1.0,0.14754098360655737,1.0,0.8888888888888888,1.0,0.9253731343283582,0.9285714285714286,1.0,0.8636363636363636,0.9222222222222223,1.0,1.0,1.0,0.1111111111111111,1.0,0.47619047619047616,1.0,0.9523809523809523,1.0,1.0,0.9041095890410958,0.625,1.0,0.8333333333333334,0.6,0.9166666666666666,0.9285714285714286,0.9459459459459459,0.9090909090909091,0.9069767441860465,0.14285714285714285,1.0,1.0,1.0,0.8333333333333334,0.9361702127659575,1.0,0.9891304347826086,0.8571428571428571,0.9883720930232558,1.0
153000,0.7692307692307693,0.875,0.0,0.35714285714285715,1.0,1.0,0.4262295081967213,1.0,0.7777777777777778,1.0,0.9253731343283582,0.9285714285714286,1.0,0.7272727272727273,0.9555555555555556,1.0,1.0,1.0,0.1111111111111111,1.0,0.09523809523809523,0.5,0.9523809523809523,0.7777777777777778,0.5,0.8082191780821918,0.25,0.8,0.5,0.08571428571428572,0.5833333333333334,0.7142857142857143,0.972972972972973,0.6666666666666666,0.9186046511627907,0.0,0.75,1.0,0.0,0.6666666666666666,0.851063829787234,1.0,0.9891304347826086,0.8571428571428571,0.9767441860465116,1.0
154000,0.8461538461538461,0.95,0.125,0.5,1.0,0.8,0.06557377049180328,1.0,0.6666666666666666,0.9230769230769231,0.9402985074626866,0.9642857142857143,1.0,0.8181818181818182,0.9333333333333333,1.0,0.3333333333333333,1.0,0.0,0.75,0.47619047619047616,0.0,0.9523809523809523,0.8888888888888888,1.0,0.9041095890410958,0.375,0.8,0.8333333333333334,0.0,0.1875,0.8571428571428571,0.9459459459459459,0.8484848484848485,0.9069767441860465,0.0,0.5,1.0,0.0,0.8333333333333334,0.9148936170212766,0.7142857142857143,0.9891304347826086,0.8571428571428571,1.0,1.0
155000,0.8205128205128205,0.95,0.0,0.39285714285714285,0.8666666666666667,1.0,0.13114754098360656,1.0,0.7777777777777778,1.0,0.9253731343283582,0.9285714285714286,1.0,0.7272727272727273,0.9,0.6666666666666666,0.3333333333333333,1.0,0.0,0.375,0.0,0.0,0.9047619047619048,0.5555555555555556,1.0,0.821917808219178,0.25,0.0,0.8333333333333334,0.0,0.041666666666666664,0.35714285714285715,0.972972972972973,0.37373737373737376,0.813953488372093,0.0,0.25,1.0,0.0,0.8333333333333334,0.7021276595744681,0.7142857142857143,0.9891304347826086,0.5714285714285714,0.6976744186046512,1.0
156000,0.8461538461538461,1.0,0.0,0.6071428571428571,1.0,0.8,0.16393442622950818,1.0,0.8888888888888888,1.0,1.0,0.9464285714285714,1.0,0.6818181818181818,0.9555555555555556,1.0,1.0,1.0,0.0,1.0,0.07142857142857142,0.5,1.0,1.0,1.0,0.9452054794520548,0.5,1.0,0.8333333333333334,0.4857142857142857,0.8125,0.5714285714285714,0.972972972972973,0.6868686868686869,0.9418604651162791,0.0,1.0,1.0,0.6,1.0,0.9574468085106383,0.8571428571428571,0.9891304347826086,0.8571428571428571,1.0,1.0
157000,0.6410256410256411,0.875,0.0,0.48214285714285715,1.0,0.6,0.14754098360655737,1.0,0.7777777777777778,1.0,0.9552238805970149,0.9642857142857143,0.9855072463768116,0.7272727272727273,0.9444444444444444,0.6666666666666666,0.3333333333333333,1.0,0.0,0.875,0.047619047619047616,0.5,0.9523809523809523,0.7777777777777778,1.0,0.8767123287671232,0.125,0.4,0.0,0.08571428571428572,0.22916666666666666,0.7857142857142857,1.0,0.3434343434343434,0.872093023255814,0.0,1.0,1.0,0.0,0.5,0.9361702127659575,0.8571428571428571,0.9891304347826086,0.8571428571428571,0.9418604651162791,1.0
158000,0.8205128205128205,0.925,0.125,0.9285714285714286,0.9333333333333333,1.0,0.7540983606557377,1.0,0.7777777777777778,1.0,0.9402985074626866,0.9642857142857143,0.9855072463768116,0.8636363636363636,0.9555555555555556,1.0,1.0,1.0,0.1111111111111111,1.0,0.6190476190476191,1.0,0.9047619047619048,1.0,1.0,0.8904109589041096,0.5,0.8,0.8333333333333334,0.5428571428571428,0.875,0.8571428571428571,0.9459459459459459,0.8686868686868687,0.9302325581395349,0.0,0.75,1.0,1.0,1.0,1.0,1.0,0.9891304347826086,0.8571428571428571,0.9883720930232558,1.0
159000,0.8205128205128205,0.925,0.0,0.6071428571428571,0.9333333333333333,1.0,0.8688524590163934,1.0,0.7777777777777778,1.0,0.9253731343283582,0.9642857142857143,0.9855072463768116,0.7272727272727273,0.9555555555555556,1.0,1.0,1.0,0.0,1.0,0.19047619047619047,0.0,0.9523809523809523,1.0,1.0,0.9315068493150684,0.75,0.8,0.8333333333333334,0.42857142857142855,0.6875,0.8571428571428571,0.9324324324324325,0.8888888888888888,0.9186046511627907,0.0,1.0,1.0,0.2,1.0,0.851063829787234,0.8571428571428571,0.9891304347826086,0.8571428571428571,1.0,1.0
160000,0.7948717948717948,0.95,0.125,0.9642857142857143,1.0,1.0,0.5737704918032787,1.0,0.8888888888888888,1.0,1.0,0.9464285714285714,1.0,0.7727272727272727,0.9444444444444444,1.0,1.0,1.0,0.1111111111111111,1.0,0.14285714285714285,1.0,0.9523809523809523,1.0,1.0,0.8767123287671232,0.75,0.8,0.8333333333333334,0.5142857142857142,0.875,1.0,0.972972972972973,0.9494949494949495,0.9069767441860465,0.42857142857142855,1.0,1.0,0.8,1.0,0.9361702127659575,0.8571428571428571,0.9891304347826086,0.8571428571428571,0.9534883720930233,1.0
161000,0.7948717948717948,1.0,0.125,0.9821428571428571,1.0,0.8,0.639344262295082,1.0,0.8888888888888888,1.0,1.0,0.9821428571428571,1.0,0.8636363636363636,0.9777777777777777,1.0,1.0,1.0,0.0,0.75,0.11904761904761904,1.0,1.0,0.8888888888888888,1.0,0.9041095890410958,0.875,0.8,0.8333333333333334,0.6571428571428571,0.5625,0.8571428571428571,1.0,0.9393939393939394,0.9302325581395349,0.5714285714285714,1.0,1.0,1.0,1.0,0.8723404255319149,1.0,0.9891304347826086,0.8571428571428571,0.8488372093023255,1.0
162000,0.9487179487179487,0.95,0.125,0.9821428571428571,1.0,1.0,0.8524590163934426,1.0,0.8888888888888888,1.0,1.0,0.9642857142857143,1.0,0.8636363636363636,0.9777777777777777,1.0,1.0,1.0,0.0,1.0,0.8571428571428571,1.0,0.9523809523809523,1.0,1.0,0.9726027397260274,0.625,0.8,0.8333333333333334,0.6285714285714286,0.8541666666666666,1.0,0.972972972972973,0.9797979797979798,0.9418604651162791,0.5714285714285714,1.0,1.0,1.0,1.0,0.9574468085106383,1.0,0.9891304347826086,1.0,0.9883720930232558,1.0
163000,0.8205128205128205,0.925,0.0,0.7678571428571429,0.9333333333333333,0.8,0.5737704918032787,1.0,0.7777777777777778,1.0,0.9701492537313433,0.9285714285714286,0.9855072463768116,0.6818181818181818,0.9333333333333333,1.0,1.0,1.0,0.0,0.875,0.07142857142857142,1.0,0.9523809523809523,1.0,1.0,0.821917808219178,0.625,0.0,0.8333333333333334,0.05714285714285714,0.1875,0.8571428571428571,0.972972972972973,0.898989898989899,0.9302325581395349,0.0,0.25,1.0,0.2,1.0,0.7872340425531915,0.8571428571428571,0.9891304347826086,0.8571428571428571,0.9069767441860465,1.0
164000,0.7435897435897436,0.95,0.0,0.9464285714285714,1.0,0.8,0.5409836065573771,1.0,0.8888888888888888,1.0,1.0,0.9464285714285714,1.0,0.7727272727272727,0.9333333333333333,1.0,1.0,1.0,0.0,0.875,0.11904761904761904,1.0,0.9523809523809523,1.0,1.0,0.821917808219178,0.125,0.0,0.8333333333333334,0.17142857142857143,0.16666666666666666,0.8571428571428571,0.9459459459459459,0.8484848484848485,0.9186046511627907,0.0,1.0,1.0,1.0,1.0,0.7872340425531915,0.8571428571428571,0.9891304347826086,0.8571428571428571,0.9651162790697675,1.0
165000,0.7948717948717948,0.95,0.0,0.9642857142857143,1.0,1.0,0.45901639344262296,1.0,0.8888888888888888,1.0,1.0,0.9642857142857143,1.0,0.8181818181818182,0.9111111111111111,1.0,1.0,1.0,0.1111111111111111,1.0,0.2857142857142857,1.0,0.9523809523809523,1.0,1.0,0.9863013698630136,0.5,0.8,0.8333333333333334,0.7428571428571429,0.8125,0.9285714285714286,0.9459459459459459,0.9393939393939394,0.9302325581395349,0.14285714285714285,1.0,1.0,1.0,1.0,0.9361702127659575,0.8571428571428571,0.9891304347826086,0.8571428571428571,1.0,1.0
166000,0.6666666666666666,0.925,0.0,0.35714285714285715,0.8,0.4,0.19672131147540983,1.0,0.7777777777777778,1.0,0.8805970149253731,0.9285714285714286,1.0,0.8181818181818182,0.9333333333333333,0.3333333333333333,0.3333333333333333,1.0,0.0,0.625,0.023809523809523808,1.0,0.9047619047619048,0.6666666666666666,1.0,0.7945205479452054,0.25,0.0,0.3333333333333333,0.02857142857142857,0.2916666666666667,0.6428571428571429,0.9324324324324325,0.3434343434343434,0.9186046511627907,0.0,0.0,1.0,0.0,0.3333333333333333,0.48936170212765956,0.8571428571428571,0.9782608695652174,0.8571428571428571,0.5697674418604651,1.0
167000,0.28205128205128205,0.3,0.0,0.21428571428571427,0.8,0.2,0.06557377049180328,0.6666666666666666,0.6666666666666666,1.0,0.8507462686567164,0.9285714285714286,1.0,0.6363636363636364,0.8888888888888888,0.0,0.0,1.0,0.0,0.25,0.07142857142857142,0.0,0.8571428571428571,0.5555555555555556,1.0,0.4520547945205479,0.0,0.0,0.0,0.0,0.0,0.0,0.5675675675675675,0.2828282828282828,0.8023255813953488,0.0,0.0,0.0,0.0,0.3333333333333333,0.6808510638297872,0.8571428571428571,0.967391304347826,0.0,0.06976744186046512,1.0
168000,0.6923076923076923,1.0,0.0,0.6071428571428571,0.9333333333333333,0.6,0.13114754098360656,1.0,0.7777777777777778,1.0,0.9701492537313433,0.9642857142857143,1.0,0.8181818181818182,0.9222222222222223,0.3333333333333333,0.6666666666666666,1.0,0.0,0.5,0.047619047619047616,0.5,0.9047619047619048,0.7777777777777778,1.0,0.7808219178082192,0.25,0.6,0.3333333333333333,0.0,0.020833333333333332,0.5,1.0,0.7373737373737373,0.9069767441860465,0.0,0.0,1.0,0.0,1.0,0.6382978723404256,0.8571428571428571,0.9782608695652174,0.8571428571428571,0.8372093023255814,1.0
169000,0.8461538461538461,1.0,0.0,0.8928571428571429,0.9333333333333333,1.0,0.6229508196721312,1.0,0.7777777777777778,1.0,0.9850746268656716,0.9642857142857143,1.0,0.8636363636363636,0.9555555555555556,1.0,1.0,1.0,0.0,0.875,0.11904761904761904,0.5,0.9523809523809523,1.0,1.0,0.9178082191780822,0.375,0.6,0.6666666666666666,0.2571428571428571,0.6875,0.8571428571428571,1.0,0.8383838383838383,0.9186046511627907,0.14285714285714285,0.75,1.0,1.0,1.0,0.8723404255319149,1.0,0.9891304347826086,0.8571428571428571,1.0,1.0
170000,0.7435897435897436,0.925,0.0,0.8928571428571429,0.8666666666666667,0.2,0.11475409836065574,1.0,0.6666666666666666,1.0,0.8955223880597015,0.9285714285714286,1.0,0.7272727272727273,0.9222222222222223,0.6666666666666666,1.0,1.0,0.0,0.5,0.0,0.0,0.9523809523809523,1.0,1.0,0.7945205479452054,0.75,0.0,0.16666666666666666,0.0,0.16666666666666666,0.9285714285714286,0.9459459459459459,0.4444444444444444,0.9069767441860465,0.0,0.75,1.0,0.0,0.16666666666666666,0.8085106382978723,1.0,0.9891304347826086,0.8571428571428571,0.872093023255814,1.0
171000,0.717948717948718,1.0,0.0,0.5714285714285714,0.4,0.6,0.14754098360655737,0.16666666666666666,0.7777777777777778,1.0,0.9402985074626866,0.9464285714285714,1.0,0.6818181818181818,0.9333333333333333,0.3333333333333333,0.6666666666666666,1.0,0.0,0.625,0.07142857142857142,0.5,0.9047619047619048,0.8888888888888888,0.0,0.7397260273972602,0.25,0.0,0.5,0.0,0.10416666666666667,0.2857142857142857,0.972972972972973,0.8585858585858586,0.9302325581395349,0.0,0.75,0.0,0.0,0.16666666666666666,0.8297872340425532,0.7142857142857143,0.9891304347826086,0.8571428571428571,0.5813953488372093,1.0
172000,0.8205128205128205,1.0,0.0,0.5714285714285714,0.8,0.6,0.3114754098360656,1.0,0.7777777777777778,1.0,0.9701492537313433,0.9285714285714286,1.0,0.6818181818181818,0.9444444444444444,0.6666666666666666,0.6666666666666666,1.0,0.0,0.5,0.40476190476190477,0.5,0.9523809523809523,0.7777777777777778,1.0,0.6986301369863014,0.375,0.0,0.0,0.02857142857142857,0.125,0.2857142857142857,1.0,0.8686868686868687,0.9186046511627907,0.0,0.25,1.0,0.0,0.8333333333333334,0.5531914893617021,1.0,0.9891304347826086,0.7142857142857143,0.5348837209302325,1.0
173000,0.6666666666666666,0.925,0.125,0.6428571428571429,0.9333333333333333,0.2,0.01639344262295082,1.0,0.6666666666666666,1.0,0.9104477611940298,0.9285714285714286,1.0,0.6363636363636364,0.9222222222222223,0.6666666666666666,0.3333333333333333,1.0,0.0,0.5,0.21428571428571427,0.0,0.9523809523809523,0.2222222222222222,1.0,0.6986301369863014,0.125,0.0,0.5,0.02857142857142857,0.020833333333333332,0.7142857142857143,0.9324324324324325,0.8686868686868687,0.872093023255814,0.0,0.75,0.0,0.0,1.0,0.6808510638297872,1.0,0.9782608695652174,0.8571428571428571,0.3372093023255814,1.0
174000,0.717948717948718,0.925,0.0,0.9642857142857143,1.0,0.8,0.5245901639344263,1.0,0.6666666666666666,1.0,0.9253731343283582,0.9642857142857143,1.0,0.5454545454545454,0.9444444444444444,0.6666666666666666,0.6666666666666666,1.0,0.0,0.75,0.11904761904761904,0.0,1.0,0.7777777777777778,1.0,0.8356164383561644,0.5,1.0,0.8333333333333334,0.17142857142857143,0.7083333333333334,0.8571428571428571,0.9459459459459459,0.8484848484848485,0.9186046511627907,0.0,0.0,1.0,0.0,1.0,0.8936170212765957,1.0,0.9891304347826086,0.8571428571428571,0.9883720930232558,1.0
175000,0.6923076923076923,1.0,0.0,0.8214285714285714,0.9333333333333333,0.8,0.21311475409836064,1.0,0.5555555555555556,1.0,1.0,0.9642857142857143,1.0,0.7272727272727273,0.9111111111111111,0.6666666666666666,1.0,1.0,0.0,0.875,0.30952380952380953,0.0,0.9047619047619048,0.8888888888888888,1.0,0.7534246575342466,0.0,0.6,0.5,0.2571428571428571,0.10416666666666667,0.7857142857142857,0.9054054054054054,0.5555555555555556,0.8953488372093024,0.0,0.25,1.0,0.0,1.0,0.6808510638297872,0.8571428571428571,0.9782608695652174,0.8571428571428571,0.7790697674418605,1.0
176000,0.6410256410256411,0.975,0.0,0.5178571428571429,1.0,0.8,0.11475409836065574,1.0,0.7777777777777778,1.0,1.0,0.9642857142857143,1.0,0.6818181818181818,0.9222222222222223,0.6666666666666666,1.0,1.0,0.0,0.75,0.19047619047619047,0.5,0.9523809523809523,0.8888888888888888,1.0,0.9178082191780822,0.375,0.0,0.8333333333333334,0.02857142857142857,0.020833333333333332,0.9285714285714286,0.7027027027027027,0.8686868686868687,0.9186046511627907,0.0,0.25,1.0,0.0,0.5,0.7021276595744681,1.0,0.9782608695652174,0.8571428571428571,0.7093023255813954,1.0
177000,0.6153846153846154,1.0,0.0,0.6607142857142857,1.0,0.6,0.5573770491803278,1.0,0.7777777777777778,1.0,1.0,0.9464285714285714,1.0,0.7727272727272727,0.9666666666666667,0.6666666666666666,1.0,1.0,0.0,1.0,0.0,1.0,0.9523809523809523,1.0,1.0,0.8493150684931506,0.375,0.2,0.8333333333333334,0.02857142857142857,0.22916666666666666,0.7857142857142857,0.9594594594594594,0.7474747474747475,0.9302325581395349,0.0,0.25,1.0,0.0,1.0,0.851063829787234,0.8571428571428571,0.9891304347826086,0.8571428571428571,0.7441860465116279,1.0
178000,0.8205128205128205,0.95,0.0,0.5357142857142857,0.9333333333333333,0.8,0.4426229508196721,1.0,0.8888888888888888,1.0,1.0,0.9821428571428571,1.0,0.7272727272727273,0.9555555555555556,0.3333333333333333,1.0,1.0,0.0,1.0,0.11904761904761904,0.5,0.9523809523809523,0.8888888888888888,1.0,0.8767123287671232,0.25,0.6,0.6666666666666666,0.02857142857142857,0.22916666666666666,0.9285714285714286,1.0,0.5555555555555556,0.9302325581395349,0.0,0.5,1.0,0.0,0.16666666666666666,0.8085106382978723,0.7142857142857143,0.9891304347826086,0.8571428571428571,0.9302325581395349,1.0
179000,0.6923076923076923,1.0,0.0,0.875,0.9333333333333333,0.8,0.6229508196721312,1.0,0.8888888888888888,1.0,1.0,0.9464285714285714,1.0,0.8181818181818182,0.9555555555555556,0.6666666666666666,1.0,1.0,0.0,0.875,0.047619047619047616,0.0,0.9523809523809523,0.7777777777777778,1.0,0.8767123287671232,0.625,0.2,0.5,0.02857142857142857,0.4375,0.7857142857142857,0.972972972972973,0.9292929292929293,0.9418604651162791,0.0,0.75,1.0,0.0,0.8333333333333334,0.7659574468085106,1.0,0.9891304347826086,0.8571428571428571,0.9418604651162791,1.0
180000,0.7692307692307693,0.9,0.125,0.8928571428571429,0.9333333333333333,1.0,0.2786885245901639,1.0,0.7777777777777778,1.0,0.9701492537313433,0.9464285714285714,1.0,0.7272727272727273,0.9444444444444444,0.6666666666666666,1.0,1.0,0.0,0.75,0.19047619047619047,0.0,0.9523809523809523,0.7777777777777778,1.0,0.958904109589041,0.5,0.8,0.8333333333333334,0.02857142857142857,0.20833333333333334,0.8571428571428571,0.972972972972973,0.7171717171717171,0.9186046511627907,0.0,0.5,0.0,0.0,1.0,0.6170212765957447,1.0,0.9891304347826086,0.8571428571428571,0.9883720930232558,1.0
181000,0.8205128205128205,0.95,0.0,0.6964285714285714,1.0,1.0,0.5081967213114754,1.0,0.8888888888888888,1.0,0.9850746268656716,0.9464285714285714,1.0,0.7272727272727273,0.9444444444444444,0.6666666666666666,1.0,1.0,0.0,0.375,0.16666666666666666,1.0,0.9523809523809523,1.0,1.0,0.863013698630137,0.125,0.8,0.8333333333333334,0.2,0.08333333333333333,0.8571428571428571,0.972972972972973,0.9191919191919192,0.9302325581395349,0.0,0.5,1.0,1.0,1.0,0.8723404255319149,1.0,0.9891304347826086,0.8571428571428571,0.9651162790697675,1.0
182000,0.8461538461538461,1.0,0.125,1.0,0.9333333333333333,1.0,0.8852459016393442,1.0,0.8888888888888888,1.0,1.0,0.9642857142857143,1.0,0.8636363636363636,0.9777777777777777,1.0,1.0,1.0,0.0,1.0,0.2619047619047619,1.0,0.9523809523809523,1.0,1.0,0.9315068493150684,0.875,0.8,0.8333333333333334,0.2,0.25,0.9285714285714286,0.972972972972973,0.9595959595959596,0.9302325581395349,0.0,1.0,1.0,0.2,1.0,0.9148936170212766,1.0,0.9891304347826086,0.8571428571428571,1.0,1.0
183000,0.6923076923076923,0.9,0.0,0.5178571428571429,0.9333333333333333,1.0,0.09836065573770492,1.0,0.7777777777777778,0.9230769230769231,0.8955223880597015,0.9464285714285714,1.0,0.5909090909090909,0.9222222222222223,0.6666666666666666,1.0,1.0,0.0,0.5,0.2619047619047619,0.0,0.9523809523809523,1.0,1.0,0.7945205479452054,0.625,0.6,0.0,0.17142857142857143,0.2708333333333333,0.6428571428571429,0.9594594594594594,0.8585858585858586,0.8953488372093024,0.0,0.5,1.0,0.0,1.0,0.8297872340425532,1.0,0.9891304347826086,0.8571428571428571,0.8953488372093024,1.0
184000,0.5641025641025641,1.0,0.0,0.9464285714285714,1.0,1.0,0.45901639344262296,1.0,0.6666666666666666,0.9230769230769231,1.0,0.9642857142857143,1.0,0.7272727272727273,0.9222222222222223,1.0,1.0,1.0,0.0,1.0,0.16666666666666666,1.0,0.9523809523809523,0.8888888888888888,1.0,0.7808219178082192,0.625,0.4,0.5,0.17142857142857143,0.10416666666666667,0.42857142857142855,0.972972972972973,0.7272727272727273,0.8953488372093024,0.0,0.0,1.0,0.0,0.6666666666666666,0.40425531914893614,1.0,0.9782608695652174,0.8571428571428571,0.7093023255813954,1.0
185000,0.6153846153846154,0.925,0.0,0.48214285714285715,0.9333333333333333,1.0,0.5081967213114754,1.0,0.6666666666666666,1.0,0.9701492537313433,0.9285714285714286,1.0,0.7727272727272727,0.9333333333333333,0.6666666666666666,1.0,1.0,0.0,0.5,0.047619047619047616,0.5,0.9523809523809523,0.4444444444444444,1.0,0.821917808219178,0.5,0.0,0.5,0.0,0.0625,0.5714285714285714,0.972972972972973,0.6767676767676768,0.8953488372093024,0.0,0.25,1.0,0.0,0.5,0.7659574468085106,1.0,0.9782608695652174,0.8571428571428571,0.8488372093023255,1.0
186000,0.717948717948718,0.825,0.0,0.5892857142857143,1.0,0.8,0.4426229508196721,1.0,0.6666666666666666,1.0,0.9701492537313433,0.9285714285714286,1.0,0.7727272727272727,0.9222222222222223,1.0,1.0,1.0,0.0,1.0,0.4523809523809524,0.0,0.9523809523809523,1.0,1.0,0.863013698630137,0.75,0.8,0.16666666666666666,0.2,0.0625,0.9285714285714286,0.972972972972973,0.9292929292929293,0.9069767441860465,0.14285714285714285,0.75,1.0,0.6,1.0,0.8936170212765957,1.0,0.9782608695652174,0.5714285714285714,1.0,1.0
187000,0.6923076923076923,0.925,0.0,0.9285714285714286,1.0,1.0,0.4262295081967213,1.0,0.8888888888888888,1.0,0.9850746268656716,0.9464285714285714,1.0,0.7727272727272727,0.9444444444444444,1.0,1.0,1.0,0.1111111111111111,0.75,0.30952380952380953,1.0,0.9523809523809523,1.0,1.0,0.8767123287671232,0.5,0.8,0.6666666666666666,0.14285714285714285,0.8333333333333334,0.9285714285714286,0.9459459459459459,0.8181818181818182,0.9302325581395349,0.0,1.0,1.0,0.0,1.0,0.9148936170212766,1.0,0.9891304347826086,0.8571428571428571,1.0,1.0
188000,0.6153846153846154,0.975,0.0,0.9642857142857143,1.0,1.0,0.45901639344262296,1.0,0.8888888888888888,1.0,1.0,0.9642857142857143,1.0,0.7727272727272727,0.9555555555555556,1.0,1.0,1.0,0.0,0.75,0.30952380952380953,0.5,0.9523809523809523,1.0,1.0,0.8767123287671232,0.75,0.8,0.8333333333333334,0.22857142857142856,0.3958333333333333,0.8571428571428571,0.972972972972973,0.8686868686868687,0.9302325581395349,0.0,1.0,1.0,0.0,1.0,0.8085106382978723,1.0,0.9782608695652174,0.8571428571428571,0.9186046511627907,1.0
189000,0.6410256410256411,1.0,0.0,0.9642857142857143,0.9333333333333333,1.0,0.01639344262295082,1.0,0.8888888888888888,1.0,0.9850746268656716,0.9642857142857143,1.0,0.7272727272727273,0.9333333333333333,1.0,1.0,1.0,0.0,1.0,0.6904761904761905,0.5,0.9523809523809523,1.0,1.0,0.8356164383561644,0.625,0.8,0.8333333333333334,0.7714285714285715,0.8958333333333334,1.0,0.972972972972973,0.9090909090909091,0.9302325581395349,0.42857142857142855,1.0,1.0,1.0,1.0,0.8936170212765957,1.0,0.9782608695652174,0.8571428571428571,0.9883720930232558,1.0
190000,0.4358974358974359,1.0,0.0,0.9642857142857143,1.0,1.0,0.13114754098360656,1.0,0.7777777777777778,1.0,0.9850746268656716,0.9464285714285714,1.0,0.7272727272727273,0.9555555555555556,1.0,1.0,1.0,0.1111111111111111,1.0,0.6190476190476191,0.5,0.9523809523809523,1.0,1.0,0.9315068493150684,0.625,0.8,0.8333333333333334,0.22857142857142856,0.8541666666666666,0.9285714285714286,1.0,0.9090909090909091,0.9302325581395349,0.0,1.0,1.0,1.0,1.0,0.9574468085106383,1.0,0.9891304347826086,0.8571428571428571,1.0,1.0
191000,0.8461538461538461,1.0,0.0,0.9642857142857143,1.0,1.0,0.21311475409836064,1.0,0.7777777777777778,1.0,1.0,0.9642857142857143,1.0,0.7272727272727273,0.9444444444444444,1.0,1.0,1.0,0.0,1.0,0.2857142857142857,1.0,0.9523809523809523,1.0,1.0,0.863013698630137,0.5,0.8,0.8333333333333334,0.6,0.7083333333333334,0.9285714285714286,0.972972972972973,0.8282828282828283,0.9302325581395349,0.0,0.75,1.0,0.2,1.0,0.8723404255319149,1.0,0.9782608695652174,0.8571428571428571,0.8953488372093024,1.0
192000,0.8461538461538461,0.95,0.0,0.9821428571428571,1.0,1.0,0.3114754098360656,1.0,0.8888888888888888,1.0,1.0,0.9821428571428571,1.0,0.8636363636363636,0.9555555555555556,1.0,1.0,1.0,0.0,1.0,0.8095238095238095,1.0,0.9523809523809523,1.0,1.0,0.9315068493150684,0.875,0.8,0.8333333333333334,0.5714285714285714,0.7916666666666666,1.0,0.972972972972973,0.9595959595959596,0.9302325581395349,0.2857142857142857,1.0,1.0,1.0,1.0,0.9148936170212766,1.0,0.9891304347826086,0.8571428571428571,1.0,1.0
193000,0.6923076923076923,1.0,0.0,0.9464285714285714,1.0,1.0,0.7540983606557377,1.0,0.8888888888888888,1.0,1.0,0.9642857142857143,1.0,0.7727272727272727,0.9555555555555556,1.0,1.0,1.0,0.0,0.875,0.7619047619047619,1.0,0.9523809523809523,1.0,1.0,0.8493150684931506,0.875,0.8,0.8333333333333334,0.08571428571428572,0.22916666666666666,0.8571428571428571,1.0,0.8787878787878788,0.9418604651162791,0.14285714285714285,0.5,1.0,1.0,1.0,0.9148936170212766,1.0,0.9891304347826086,0.8571428571428571,0.9883720930232558,1.0
194000,0.7692307692307693,1.0,0.0,0.9464285714285714,1.0,1.0,0.5901639344262295,1.0,0.7777777777777778,1.0,1.0,0.9642857142857143,1.0,0.7727272727272727,0.9555555555555556,1.0,1.0,1.0,0.0,0.625,0.047619047619047616,1.0,0.9523809523809523,1.0,1.0,0.8082191780821918,0.25,0.8,0.8333333333333334,0.42857142857142855,0.7916666666666666,0.7857142857142857,1.0,0.8282828282828283,0.9069767441860465,0.0,1.0,1.0,1.0,1.0,0.7872340425531915,1.0,0.9891304347826086,0.8571428571428571,0.9651162790697675,1.0
195000,0.7435897435897436,1.0,0.0,0.875,0.9333333333333333,1.0,0.32786885245901637,1.0,0.8888888888888888,1.0,1.0,0.9642857142857143,1.0,0.8181818181818182,0.9444444444444444,1.0,1.0,1.0,0.0,0.5,0.30952380952380953,1.0,0.9523809523809523,1.0,1.0,0.7945205479452054,0.5,0.8,0.8333333333333334,0.6,0.2708333333333333,0.7857142857142857,0.972972972972973,0.8383838383838383,0.8953488372093024,0.0,0.5,1.0,1.0,1.0,0.6382978723404256,0.8571428571428571,0.9891304347826086,0.8571428571428571,0.9883720930232558,1.0
196000,0.7435897435897436,1.0,0.125,0.8571428571428571,1.0,1.0,0.47540983606557374,1.0,0.7777777777777778,1.0,1.0,0.9642857142857143,1.0,0.8636363636363636,0.9777777777777777,0.6666666666666666,1.0,1.0,0.0,1.0,0.5,0.5,0.9523809523809523,1.0,1.0,0.9315068493150684,0.625,0.6,0.8333333333333334,0.6571428571428571,0.7708333333333334,0.9285714285714286,0.972972972972973,0.8484848484848485,0.9418604651162791,0.14285714285714285,0.75,1.0,0.6,1.0,0.7872340425531915,1.0,0.9891304347826086,0.8571428571428571,0.9883720930232558,1.0
197000,0.5128205128205128,0.95,0.0,0.7678571428571429,1.0,0.8,0.11475409836065574,1.0,0.8888888888888888,1.0,0.9701492537313433,0.9642857142857143,1.0,0.7272727272727273,0.9555555555555556,0.6666666666666666,1.0,1.0,0.0,0.375,0.21428571428571427,0.0,0.9523809523809523,0.6666666666666666,1.0,0.821917808219178,0.625,0.0,0.6666666666666666,0.08571428571428572,0.10416666666666667,0.8571428571428571,0.9594594594594594,0.8888888888888888,0.9418604651162791,0.0,0.5,0.0,0.0,0.8333333333333334,0.8085106382978723,1.0,0.9891304347826086,0.8571428571428571,0.9302325581395349,1.0
198000,0.41025641025641024,0.95,0.0,0.9107142857142857,1.0,1.0,0.6065573770491803,1.0,0.8888888888888888,1.0,1.0,0.9821428571428571,1.0,0.8636363636363636,0.9444444444444444,1.0,1.0,1.0,0.0,0.375,0.14285714285714285,1.0,0.9523809523809523,1.0,1.0,0.821917808219178,0.5,0.2,0.8333333333333334,0.22857142857142856,0.2708333333333333,0.7857142857142857,0.972972972972973,0.8080808080808081,0.9418604651162791,0.14285714285714285,0.75,1.0,1.0,1.0,0.9148936170212766,1.0,0.9891304347826086,0.8571428571428571,0.9651162790697675,1.0
199000,0.4358974358974359,0.95,0.0,0.9821428571428571,1.0,0.8,0.39344262295081966,1.0,0.8888888888888888,1.0,0.9701492537313433,0.9642857142857143,1.0,0.7727272727272727,0.9777777777777777,0.6666666666666666,1.0,1.0,0.0,0.875,0.0,0.0,0.9523809523809523,1.0,1.0,0.8767123287671232,0.375,0.8,0.6666666666666666,0.14285714285714285,0.08333333333333333,0.7857142857142857,1.0,0.8181818181818182,0.9418604651162791,0.14285714285714285,0.0,1.0,0.0,1.0,0.8085106382978723,1.0,0.9891304347826086,0.8571428571428571,0.9767441860465116,1.0
200000,0.8205128205128205,1.0,0.0,0.9642857142857143,1.0,1.0,0.7049180327868853,1.0,0.8888888888888888,1.0,1.0,0.9821428571428571,1.0,0.7727272727272727,0.9777777777777777,1.0,1.0,1.0,0.0,1.0,0.30952380952380953,1.0,1.0,1.0,1.0,0.9315068493150684,1.0,0.8,0.8333333333333334,0.5714285714285714,0.75,0.9285714285714286,0.972972972972973,0.9090909090909091,0.9418604651162791,0.42857142857142855,0.75,1.0,0.8,1.0,1.0,1.0,0.9891304347826086,0.8571428571428571,1.0,1.0
201000,0.8205128205128205,1.0,0.0,0.9464285714285714,0.8666666666666667,1.0,0.7868852459016393,1.0,0.8888888888888888,1.0,1.0,0.9821428571428571,1.0,0.7272727272727273,0.9333333333333333,0.6666666666666666,1.0,1.0,0.0,1.0,0.11904761904761904,0.5,0.9523809523809523,1.0,1.0,0.8904109589041096,0.875,0.6,0.8333333333333334,0.37142857142857144,0.25,0.8571428571428571,0.972972972972973,0.8686868686868687,0.9069767441860465,0.0,0.5,1.0,0.8,1.0,0.7021276595744681,1.0,0.9891304347826086,0.8571428571428571,0.9418604651162791,1.0
202000,0.717948717948718,0.95,0.0,0.9464285714285714,0.8666666666666667,0.8,0.18032786885245902,1.0,0.6666666666666666,0.9230769230769231,0.9701492537313433,0.9107142857142857,0.9855072463768116,0.7272727272727273,0.9222222222222223,0.6666666666666666,1.0,1.0,0.0,0.75,0.07142857142857142,0.5,0.9523809523809523,1.0,1.0,0.863013698630137,0.375,0.8,0.3333333333333333,0.14285714285714285,0.08333333333333333,0.8571428571428571,0.9594594594594594,0.6565656565656566,0.8953488372093024,0.0,1.0,1.0,0.0,1.0,0.8297872340425532,1.0,0.9782608695652174,0.7142857142857143,0.9883720930232558,1.0
203000,0.7435897435897436,1.0,0.125,0.9821428571428571,1.0,0.8,0.5737704918032787,1.0,0.8888888888888888,1.0,1.0,0.9642857142857143,1.0,0.8636363636363636,0.9666666666666667,0.6666666666666666,1.0,1.0,0.0,0.5,0.30952380952380953,1.0,0.9523809523809523,1.0,1.0,0.9726027397260274,0.75,0.8,0.8333333333333334,0.6,0.25,1.0,1.0,0.8484848484848485,0.9418604651162791,0.7142857142857143,1.0,1.0,0.8,1.0,0.9787234042553191,1.0,0.9782608695652174,0.8571428571428571,0.9883720930232558,1.0
204000,0.7692307692307693,1.0,0.125,1.0,1.0,0.8,0.7377049180327869,1.0,0.8888888888888888,1.0,1.0,0.9821428571428571,1.0,0.9090909090909091,0.9777777777777777,0.6666666666666666,1.0,1.0,0.0,0.875,0.14285714285714285,1.0,0.9523809523809523,1.0,1.0,0.9315068493150684,0.625,0.8,0.8333333333333334,0.42857142857142855,0.8958333333333334,0.9285714285714286,1.0,0.9292929292929293,0.9302325581395349,0.2857142857142857,1.0,1.0,1.0,1.0,0.8936170212765957,1.0,0.9891304347826086,0.8571428571428571,0.9767441860465116,1.0
205000,0.358974358974359,0.975,0.0,0.9464285714285714,1.0,0.2,0.06557377049180328,1.0,0.8888888888888888,1.0,0.9850746268656716,0.9464285714285714,1.0,0.5909090909090909,0.9666666666666667,0.6666666666666666,1.0,1.0,0.1111111111111111,0.375,0.21428571428571427,0.5,0.9523809523809523,0.7777777777777778,1.0,0.8356164383561644,0.25,0.6,0.16666666666666666,0.2,0.14583333333333334,0.7142857142857143,0.972972972972973,0.8686868686868687,0.8953488372093024,0.0,0.25,1.0,0.0,1.0,0.8297872340425532,1.0,0.9782608695652174,0.8571428571428571,0.9651162790697675,1.0
206000,0.8205128205128205,0.95,0.0,0.9642857142857143,0.9333333333333333,1.0,0.7049180327868853,1.0,0.7777777777777778,1.0,1.0,0.9821428571428571,1.0,0.6818181818181818,0.9555555555555556,0.6666666666666666,1.0,1.0,0.1111111111111111,1.0,0.21428571428571427,0.0,0.9523809523809523,0.8888888888888888,1.0,0.8904109589041096,0.875,0.8,0.8333333333333334,0.5428571428571428,0.7916666666666666,0.9285714285714286,1.0,0.898989898989899,0.9186046511627907,0.0,1.0,1.0,0.6,1.0,0.8297872340425532,0.8571428571428571,0.9782608695652174,0.8571428571428571,0.9883720930232558,1.0
207000,0.8461538461538461,0.95,0.25,0.9821428571428571,1.0,1.0,0.7213114754098361,1.0,0.6666666666666666,1.0,1.0,0.9642857142857143,1.0,0.8636363636363636,0.9555555555555556,1.0,1.0,1.0,0.0,1.0,0.2857142857142857,1.0,0.9523809523809523,1.0,1.0,0.9452054794520548,0.875,1.0,0.8333333333333334,0.7428571428571429,0.8958333333333334,0.9285714285714286,0.972972972972973,0.9191919191919192,0.9186046511627907,0.0,1.0,1.0,0.2,1.0,0.9574468085106383,1.0,0.9891304347826086,0.8571428571428571,0.9883720930232558,1.0
208000,0.8974358974358975,0.95,0.75,0.9821428571428571,1.0,1.0,0.8032786885245902,1.0,0.8888888888888888,1.0,1.0,0.9642857142857143,1.0,0.8636363636363636,0.9777777777777777,1.0,1.0,1.0,0.1111111111111111,1.0,0.21428571428571427,1.0,0.9523809523809523,1.0,1.0,0.9726027397260274,0.875,1.0,0.8333333333333334,0.9142857142857143,0.75,1.0,1.0,0.9595959595959596,0.9302325581395349,0.0,1.0,1.0,0.6,1.0,0.9787234042553191,1.0,0.9891304347826086,0.8571428571428571,1.0,1.0
209000,0.7948717948717948,0.925,0.0,0.9107142857142857,0.9333333333333333,1.0,0.5901639344262295,1.0,0.7777777777777778,1.0,1.0,0.9642857142857143,1.0,0.7272727272727273,0.9444444444444444,0.6666666666666666,1.0,1.0,0.1111111111111111,0.875,0.14285714285714285,0.0,0.9523809523809523,0.8888888888888888,1.0,0.8356164383561644,0.625,0.8,0.8333333333333334,0.5714285714285714,0.125,0.7857142857142857,0.972972972972973,0.7878787878787878,0.9302325581395349,0.0,0.75,1.0,0.0,1.0,0.8723404255319149,1.0,0.9891304347826086,0.8571428571428571,0.9418604651162791,1.0
210000,0.8461538461538461,0.925,0.0,0.9107142857142857,1.0,0.8,0.29508196721311475,1.0,0.8888888888888888,1.0,1.0,0.9821428571428571,1.0,0.7727272727272727,0.9444444444444444,0.6666666666666666,1.0,1.0,0.1111111111111111,1.0,0.40476190476190477,0.0,0.9523809523809523,1.0,1.0,0.9178082191780822,0.625,0.8,0.6666666666666666,0.8857142857142857,0.5625,1.0,0.972972972972973,0.9595959595959596,0.9069767441860465,0.42857142857142855,1.0,1.0,1.0,1.0,0.8936170212765957,0.8571428571428571,0.9891304347826086,0.8571428571428571,0.9534883720930233,1.0
211000,0.8205128205128205,0.9,0.0,0.9642857142857143,1.0,1.0,0.6065573770491803,1.0,0.8888888888888888,1.0,0.9402985074626866,0.9821428571428571,1.0,0.8181818181818182,0.9444444444444444,0.6666666666666666,1.0,1.0,0.1111111111111111,0.875,0.6666666666666666,1.0,0.9523809523809523,1.0,1.0,0.9315068493150684,0.875,0.8,0.6666666666666666,0.5714285714285714,0.75,0.9285714285714286,0.972972972972973,0.9090909090909091,0.9302325581395349,0.2857142857142857,0.75,1.0,0.8,0.8333333333333334,0.9574468085106383,1.0,0.9891304347826086,0.8571428571428571,0.9883720930232558,1.0
212000,0.8205128205128205,0.95,0.0,0.9107142857142857,1.0,1.0,0.39344262295081966,1.0,0.8888888888888888,1.0,0.9850746268656716,0.9464285714285714,1.0,0.6818181818181818,0.9333333333333333,0.6666666666666666,1.0,1.0,0.0,0.75,0.7619047619047619,0.0,0.9523809523809523,1.0,1.0,0.863013698630137,0.875,1.0,0.6666666666666666,0.6857142857142857,0.5625,0.9285714285714286,0.972972972972973,0.898989898989899,0.9302325581395349,0.2857142857142857,1.0,1.0,1.0,1.0,0.8936170212765957,1.0,0.9891304347826086,0.8571428571428571,1.0,1.0
213000,0.5641025641025641,0.925,0.0,0.6785714285714286,1.0,0.4,0.04918032786885246,1.0,0.8888888888888888,1.0,0.9253731343283582,0.9464285714285714,1.0,0.6818181818181818,0.9444444444444444,0.6666666666666666,1.0,1.0,0.0,0.625,0.023809523809523808,0.0,0.9523809523809523,0.8888888888888888,1.0,0.8082191780821918,0.875,0.8,0.3333333333333333,0.2571428571428571,0.5208333333333334,0.8571428571428571,0.972972972972973,0.7171717171717171,0.9302325581395349,0.5714285714285714,0.75,1.0,0.0,1.0,0.8723404255319149,1.0,0.9891304347826086,0.8571428571428571,0.9069767441860465,1.0
214000,0.6153846153846154,0.95,0.0,0.9285714285714286,0.9333333333333333,0.8,0.639344262295082,1.0,0.8888888888888888,1.0,0.9850746268656716,0.9642857142857143,1.0,0.7272727272727273,0.9333333333333333,0.6666666666666666,1.0,0.9902912621359223,0.0,0.25,0.16666666666666666,0.0,0.9523809523809523,0.6666666666666666,1.0,0.7671232876712328,1.0,0.8,0.8333333333333334,0.2857142857142857,0.20833333333333334,0.9285714285714286,0.9594594594594594,0.6565656565656566,0.9302325581395349,0.0,0.5,1.0,0.0,1.0,0.723404255319149,1.0,0.967391304347826,0.5714285714285714,0.872093023255814,1.0
215000,0.8205128205128205,0.925,0.125,0.9642857142857143,1.0,1.0,0.16393442622950818,1.0,0.7777777777777778,1.0,1.0,0.9642857142857143,1.0,0.7272727272727273,0.9,0.6666666666666666,1.0,1.0,0.0,0.375,0.35714285714285715,1.0,0.9523809523809523,1.0,1.0,0.8082191780821918,0.875,0.8,0.8333333333333334,0.2,0.14583333333333334,0.9285714285714286,0.9594594594594594,0.8181818181818182,0.8953488372093024,0.42857142857142855,0.5,1.0,1.0,1.0,0.9148936170212766,1.0,0.9456521739130435,0.8571428571428571,1.0,1.0
216000,0.7948717948717948,1.0,0.25,0.9464285714285714,1.0,1.0,0.4918032786885246,1.0,0.8888888888888888,1.0,1.0,0.9642857142857143,1.0,0.7727272727272727,0.9777777777777777,1.0,1.0,1.0,0.0,1.0,0.23809523809523808,0.0,0.9523809523809523,1.0,1.0,0.8356164383561644,0.75,0.8,0.3333333333333333,0.42857142857142855,0.375,1.0,0.972972972972973,0.8787878787878788,0.9418604651162791,0.14285714285714285,0.5,1.0,1.0,1.0,0.8723404255319149,1.0,0.9891304347826086,0.8571428571428571,1.0,1.0
217000,0.8205128205128205,1.0,0.25,0.9821428571428571,1.0,1.0,0.5081967213114754,1.0,0.8888888888888888,1.0,1.0,0.9642857142857143,1.0,0.8181818181818182,0.9555555555555556,0.6666666666666666,1.0,1.0,0.0,0.875,0.7380952380952381,0.5,0.9523809523809523,1.0,1.0,0.8767123287671232,1.0,0.8,0.8333333333333334,0.6285714285714286,0.20833333333333334,0.9285714285714286,0.972972972972973,0.9393939393939394,0.9186046511627907,0.7142857142857143,0.5,1.0,0.6,1.0,0.851063829787234,1.0,0.9891304347826086,0.8571428571428571,1.0,1.0
218000,0.7435897435897436,0.95,0.375,0.9821428571428571,1.0,1.0,0.5737704918032787,1.0,0.8888888888888888,1.0,1.0,0.9464285714285714,1.0,0.6818181818181818,0.9777777777777777,0.6666666666666666,1.0,1.0,0.0,0.875,0.23809523809523808,0.0,1.0,1.0,1.0,0.8493150684931506,0.75,0.8,0.16666666666666666,0.5714285714285714,0.4375,0.9285714285714286,0.972972972972973,0.8383838383838383,0.9418604651162791,0.0,0.5,1.0,0.0,1.0,0.6595744680851063,0.8571428571428571,0.9891304347826086,0.7142857142857143,1.0,1.0
219000,0.8461538461538461,0.925,0.25,0.9464285714285714,1.0,1.0,0.5901639344262295,1.0,0.7777777777777778,1.0,0.9701492537313433,0.9821428571428571,1.0,0.6818181818181818,0.9777777777777777,1.0,1.0,1.0,0.1111111111111111,1.0,0.7619047619047619,0.0,0.9523809523809523,1.0,1.0,0.9452054794520548,1.0,0.4,0.0,0.8571428571428571,0.1875,1.0,0.9594594594594594,0.9595959595959596,0.9418604651162791,0.2857142857142857,0.75,1.0,0.6,1.0,0.8936170212765957,1.0,0.9891304347826086,0.7142857142857143,1.0,1.0
220000,0.8205128205128205,1.0,0.0,0.9464285714285714,1.0,1.0,0.7704918032786885,1.0,0.8888888888888888,1.0,1.0,0.9642857142857143,1.0,0.8636363636363636,0.9555555555555556,1.0,1.0,1.0,0.0,1.0,0.5,0.5,0.9523809523809523,1.0,1.0,0.8904109589041096,1.0,0.8,0.8333333333333334,0.7428571428571429,0.8333333333333334,0.9285714285714286,0.972972972972973,0.8282828282828283,0.9302325581395349,0.5714285714285714,1.0,1.0,1.0,1.0,0.8723404255319149,1.0,0.9891304347826086,0.8571428571428571,1.0,1.0
221000,0.8205128205128205,0.975,0.0,0.9464285714285714,1.0,1.0,0.6885245901639344,1.0,0.7777777777777778,1.0,0.9850746268656716,0.9464285714285714,1.0,0.7727272727272727,0.9555555555555556,1.0,1.0,1.0,0.0,0.375,0.07142857142857142,0.5,1.0,1.0,1.0,0.8493150684931506,0.75,0.2,0.8333333333333334,0.11428571428571428,0.020833333333333332,0.6428571428571429,0.972972972972973,0.7575757575757576,0.8953488372093024,0.14285714285714285,0.0,1.0,0.0,1.0,0.7021276595744681,1.0,0.9891304347826086,0.8571428571428571,0.9069767441860465,1.0
222000,0.7948717948717948,0.925,0.0,0.9464285714285714,1.0,1.0,0.45901639344262296,1.0,0.7777777777777778,1.0,0.9850746268656716,0.9642857142857143,1.0,0.6818181818181818,0.9555555555555556,1.0,1.0,1.0,0.0,0.25,0.19047619047619047,0.0,0.9523809523809523,1.0,1.0,0.8356164383561644,0.75,0.8,0.5,0.37142857142857144,0.14583333333333334,0.8571428571428571,0.972972972972973,0.7777777777777778,0.9534883720930233,0.14285714285714285,1.0,1.0,0.6,1.0,0.7872340425531915,1.0,0.9891304347826086,0.8571428571428571,0.9534883720930233,1.0
223000,0.8205128205128205,1.0,0.125,1.0,1.0,1.0,0.6065573770491803,1.0,0.8888888888888888,1.0,1.0,0.9642857142857143,1.0,0.9090909090909091,0.9555555555555556,1.0,1.0,1.0,0.1111111111111111,1.0,0.6190476190476191,1.0,0.9523809523809523,1.0,1.0,0.958904109589041,1.0,0.8,0.6666666666666666,0.8571428571428571,0.7916666666666666,0.9285714285714286,0.972972972972973,0.9595959595959596,0.9418604651162791,0.7142857142857143,0.75,1.0,1.0,1.0,0.8723404255319149,1.0,0.9891304347826086,0.8571428571428571,1.0,1.0
224000,0.8205128205128205,0.875,0.0,0.7142857142857143,0.9333333333333333,1.0,0.5081967213114754,1.0,0.6666666666666666,1.0,1.0,0.9285714285714286,1.0,0.6818181818181818,0.9333333333333333,0.3333333333333333,1.0,0.9902912621359223,0.0,0.625,0.023809523809523808,0.0,0.9523809523809523,0.7777777777777778,1.0,0.7945205479452054,0.625,0.8,0.6666666666666666,0.2571428571428571,0.0625,0.8571428571428571,0.972972972972973,0.494949494949495,0.9186046511627907,0.0,0.0,1.0,0.0,1.0,0.8936170212765957,1.0,0.9782608695652174,0.8571428571428571,0.9651162790697675,1.0
225000,0.8717948717948718,1.0,0.125,1.0,1.0,1.0,0.8360655737704918,1.0,0.8888888888888888,1.0,1.0,0.9821428571428571,1.0,0.8636363636363636,0.9777777777777777,1.0,1.0,1.0,0.1111111111111111,1.0,0.8333333333333334,1.0,0.9523809523809523,1.0,1.0,0.9315068493150684,1.0,1.0,0.8333333333333334,0.8285714285714286,0.9166666666666666,1.0,0.972972972972973,0.9595959595959596,0.9302325581395349,0.14285714285714285,1.0,1.0,1.0,1.0,0.9574468085106383,1.0,0.9891304347826086,0.8571428571428571,1.0,1.0
226000,0.8205128205128205,1.0,0.125,1.0,1.0,1.0,0.6229508196721312,1.0,0.8888888888888888,1.0,1.0,0.9642857142857143,1.0,0.9090909090909091,0.9777777777777777,1.0,1.0,1.0,0.1111111111111111,1.0,0.5476190476190477,1.0,1.0,1.0,1.0,0.958904109589041,1.0,0.8,0.8333333333333334,0.9142857142857143,0.8958333333333334,0.9285714285714286,0.972972972972973,0.9494949494949495,0.9534883720930233,0.7142857142857143,0.75,1.0,0.6,1.0,0.9787234042553191,1.0,0.9891304347826086,0.8571428571428571,1.0,1.0
227000,0.7692307692307693,0.825,0.0,0.6607142857142857,0.8666666666666667,0.8,0.6229508196721312,1.0,0.6666666666666666,1.0,0.8955223880597015,0.9464285714285714,0.9855072463768116,0.7272727272727273,0.9333333333333333,0.6666666666666666,1.0,1.0,0.0,0.625,0.0,0.0,0.9523809523809523,1.0,1.0,0.863013698630137,0.625,0.8,0.5,0.2857142857142857,0.7291666666666666,0.8571428571428571,0.918918918918919,0.8585858585858586,0.9418604651162791,0.0,0.75,1.0,0.0,0.5,0.8723404255319149,1.0,0.9891304347826086,0.5714285714285714,0.9883720930232558,1.0
228000,0.7948717948717948,1.0,0.0,0.9821428571428571,1.0,1.0,0.639344262295082,1.0,0.8888888888888888,1.0,1.0,0.9642857142857143,1.0,0.9090909090909091,0.9555555555555556,1.0,1.0,1.0,0.0,1.0,0.19047619047619047,1.0,0.9523809523809523,1.0,1.0,0.958904109589041,1.0,0.8,0.8333333333333334,0.5428571428571428,0.8333333333333334,1.0,0.972972972972973,0.9191919191919192,0.9651162790697675,0.0,0.75,1.0,0.2,1.0,0.9148936170212766,1.0,0.9891304347826086,0.8571428571428571,1.0,1.0
229000,0.8461538461538461,0.925,0.0,0.9285714285714286,1.0,1.0,0.5573770491803278,1.0,0.7777777777777778,1.0,1.0,0.9464285714285714,1.0,0.6818181818181818,0.9555555555555556,1.0,1.0,1.0,0.0,0.875,0.14285714285714285,1.0,0.9523809523809523,1.0,1.0,0.8082191780821918,0.875,0.8,0.6666666666666666,0.5714285714285714,0.7916666666666666,0.9285714285714286,0.972972972972973,0.9090909090909091,0.9302325581395349,0.0,1.0,1.0,0.8,1.0,0.851063829787234,1.0,0.9782608695652174,0.8571428571428571,1.0,1.0
230000,0.8461538461538461,0.95,0.125,0.9821428571428571,1.0,1.0,0.5901639344262295,1.0,0.7777777777777778,1.0,0.9850746268656716,0.9642857142857143,0.9855072463768116,0.7272727272727273,0.9444444444444444,1.0,1.0,1.0,0.0,1.0,0.5714285714285714,1.0,0.9523809523809523,1.0,1.0,0.9041095890410958,1.0,0.8,0.3333333333333333,0.7142857142857143,0.9375,1.0,0.972972972972973,0.8585858585858586,0.9534883720930233,0.14285714285714285,1.0,1.0,0.6,1.0,0.8723404255319149,1.0,0.9891304347826086,0.7142857142857143,1.0,1.0
231000,0.8461538461538461,0.925,0.25,0.9642857142857143,0.9333333333333333,1.0,0.6065573770491803,1.0,0.8888888888888888,1.0,1.0,0.9642857142857143,1.0,0.7272727272727273,0.9444444444444444,1.0,1.0,1.0,0.1111111111111111,1.0,0.6904761904761905,0.5,0.9523809523809523,1.0,1.0,0.9041095890410958,1.0,1.0,0.8333333333333334,0.8285714285714286,0.6458333333333334,1.0,0.972972972972973,0.9494949494949495,0.9302325581395349,0.2857142857142857,1.0,1.0,1.0,1.0,0.8936170212765957,1.0,0.9891304347826086,0.8571428571428571,1.0,1.0
232000,0.8461538461538461,0.925,0.5,0.9821428571428571,1.0,0.8,0.819672131147541,1.0,0.7777777777777778,1.0,1.0,0.9642857142857143,1.0,0.8636363636363636,0.9666666666666667,1.0,1.0,1.0,0.1111111111111111,1.0,0.5,1.0,0.9523809523809523,1.0,1.0,0.9452054794520548,1.0,1.0,0.8333333333333334,0.8571428571428571,0.8333333333333334,1.0,0.9594594594594594,0.9696969696969697,0.9418604651162791,0.8571428571428571,1.0,1.0,1.0,1.0,0.9574468085106383,1.0,0.9891304347826086,0.8571428571428571,1.0,1.0
233000,0.8461538461538461,0.925,0.0,0.9642857142857143,1.0,1.0,0.47540983606557374,1.0,0.7777777777777778,1.0,0.9850746268656716,0.9642857142857143,1.0,0.7727272727272727,0.9444444444444444,1.0,1.0,1.0,0.0,0.75,0.6428571428571429,1.0,0.9523809523809523,1.0,1.0,0.9452054794520548,0.875,1.0,0.8333333333333334,0.8285714285714286,0.875,0.9285714285714286,0.972972972972973,0.9595959595959596,0.9418604651162791,0.5714285714285714,1.0,1.0,0.8,1.0,0.8936170212765957,1.0,0.9891304347826086,0.8571428571428571,1.0,1.0
234000,0.8461538461538461,0.9,0.125,0.9285714285714286,1.0,1.0,0.2786885245901639,1.0,0.7777777777777778,1.0,1.0,0.9464285714285714,0.9855072463768116,0.6818181818181818,0.9333333333333333,0.6666666666666666,1.0,1.0,0.1111111111111111,0.625,0.6428571428571429,0.5,0.9523809523809523,1.0,1.0,0.863013698630137,0.75,0.8,0.6666666666666666,0.7428571428571429,0.6041666666666666,0.7857142857142857,0.972972972972973,0.9090909090909091,0.9069767441860465,0.42857142857142855,0.75,1.0,1.0,1.0,0.9361702127659575,1.0,0.9891304347826086,0.8571428571428571,0.9883720930232558,1.0
235000,0.8461538461538461,0.85,0.0,0.9642857142857143,0.8666666666666667,1.0,0.3114754098360656,1.0,0.7777777777777778,1.0,0.8955223880597015,0.9464285714285714,0.9855072463768116,0.6818181818181818,0.9333333333333333,1.0,1.0,1.0,0.0,0.875,0.5952380952380952,0.5,0.9523809523809523,1.0,1.0,0.8082191780821918,0.75,0.8,0.3333333333333333,0.6,0.3125,0.9285714285714286,0.972972972972973,0.898989898989899,0.9302325581395349,0.42857142857142855,0.25,1.0,1.0,1.0,0.851063829787234,1.0,0.9891304347826086,0.8571428571428571,0.9883720930232558,1.0
236000,0.8461538461538461,0.825,0.125,0.8214285714285714,1.0,1.0,0.2786885245901639,1.0,0.7777777777777778,1.0,0.9552238805970149,0.9821428571428571,1.0,0.7272727272727273,0.9333333333333333,0.6666666666666666,1.0,1.0,0.0,0.375,0.30952380952380953,0.0,0.9523809523809523,1.0,1.0,0.8356164383561644,1.0,0.8,0.3333333333333333,0.6571428571428571,0.08333333333333333,0.7857142857142857,0.972972972972973,0.8888888888888888,0.9302325581395349,0.2857142857142857,0.5,1.0,0.6,1.0,0.8936170212765957,1.0,0.967391304347826,0.7142857142857143,0.9883720930232558,1.0
237000,0.8205128205128205,0.775,0.0,0.32142857142857145,0.9333333333333333,0.8,0.14754098360655737,1.0,0.8888888888888888,1.0,0.9850746268656716,0.9285714285714286,1.0,0.6818181818181818,0.8888888888888888,0.3333333333333333,0.6666666666666666,1.0,0.0,0.25,0.023809523809523808,0.0,0.9523809523809523,0.0,1.0,0.7945205479452054,0.375,0.2,0.16666666666666666,0.0,0.020833333333333332,0.21428571428571427,0.9324324324324325,0.6060606060606061,0.8953488372093024,0.0,0.0,1.0,0.0,0.3333333333333333,0.2978723404255319,1.0,0.9782608695652174,0.5714285714285714,0.9302325581395349,1.0
238000,0.7435897435897436,0.925,0.0,0.9464285714285714,1.0,0.8,0.5737704918032787,1.0,0.7777777777777778,1.0,1.0,0.9464285714285714,1.0,0.7272727272727273,0.9333333333333333,0.6666666666666666,1.0,1.0,0.1111111111111111,0.75,0.3333333333333333,0.5,0.9523809523809523,0.7777777777777778,1.0,0.821917808219178,0.875,0.8,0.8333333333333334,0.37142857142857144,0.2916666666666667,0.9285714285714286,0.972972972972973,0.8484848484848485,0.9302325581395349,0.42857142857142855,0.5,1.0,0.0,1.0,0.8297872340425532,1.0,0.9891304347826086,0.8571428571428571,0.9883720930232558,1.0
239000,0.8717948717948718,0.9,0.0,0.9285714285714286,1.0,1.0,0.3770491803278688,1.0,0.7777777777777778,1.0,1.0,0.9642857142857143,1.0,0.8181818181818182,0.9555555555555556,1.0,1.0,1.0,0.0,1.0,0.21428571428571427,1.0,0.9523809523809523,0.6666666666666666,1.0,0.9041095890410958,0.75,0.8,0.5,0.42857142857142855,0.625,0.9285714285714286,0.972972972972973,0.9292929292929293,0.9302325581395349,0.14285714285714285,1.0,1.0,1.0,1.0,0.8085106382978723,1.0,0.9891304347826086,0.14285714285714285,0.9883720930232558,1.0
240000,0.7435897435897436,0.825,0.0,0.8928571428571429,0.8666666666666667,0.8,0.4098360655737705,1.0,0.6666666666666666,1.0,0.9850746268656716,0.9464285714285714,1.0,0.7272727272727273,0.9333333333333333,1.0,1.0,1.0,0.0,0.75,0.14285714285714285,0.0,0.9523809523809523,1.0,1.0,0.8493150684931506,1.0,0.8,0.5,0.6571428571428571,0.5625,0.9285714285714286,0.9594594594594594,0.6767676767676768,0.9069767441860465,0.0,0.75,1.0,0.6,0.8333333333333334,0.8297872340425532,1.0,0.9891304347826086,0.7142857142857143,0.9883720930232558,1.0
241000,0.8717948717948718,0.95,0.0,0.9285714285714286,1.0,1.0,0.639344262295082,1.0,0.7777777777777778,1.0,1.0,0.9642857142857143,1.0,0.7727272727272727,0.9777777777777777,1.0,1.0,1.0,0.1111111111111111,1.0,0.6904761904761905,0.5,0.9523809523809523,1.0,1.0,0.8493150684931506,0.875,0.8,0.8333333333333334,0.6571428571428571,0.4166666666666667,0.7857142857142857,0.972972972972973,0.9393939393939394,0.9302325581395349,0.0,0.25,1.0,0.0,1.0,0.8297872340425532,1.0,0.9782608695652174,0.7142857142857143,0.9883720930232558,1.0
242000,0.8205128205128205,0.95,0.125,0.9107142857142857,0.9333333333333333,1.0,0.45901639344262296,1.0,0.7777777777777778,1.0,0.9850746268656716,0.9464285714285714,1.0,0.7272727272727273,0.9555555555555556,1.0,1.0,1.0,0.0,1.0,0.21428571428571427,1.0,0.9523809523809523,0.7777777777777778,1.0,0.8493150684931506,0.625,0.8,0.3333333333333333,0.37142857142857144,0.3333333333333333,0.8571428571428571,0.918918918918919,0.8686868686868687,0.9302325581395349,0.0,0.25,1.0,1.0,1.0,0.851063829787234,1.0,0.9565217391304348,0.7142857142857143,0.9883720930232558,1.0
243000,0.5384615384615384,0.875,0.0,0.7857142857142857,0.9333333333333333,1.0,0.13114754098360656,1.0,0.7777777777777778,1.0,0.9701492537313433,0.9464285714285714,1.0,0.6818181818181818,0.9555555555555556,0.6666666666666666,1.0,1.0,0.0,0.375,0.047619047619047616,0.5,0.9523809523809523,1.0,1.0,0.8082191780821918,0.625,0.8,0.16666666666666666,0.3142857142857143,0.16666666666666666,0.7142857142857143,0.972972972972973,0.8888888888888888,0.9418604651162791,0.0,0.25,1.0,0.0,1.0,0.8085106382978723,1.0,0.9782608695652174,0.8571428571428571,1.0,1.0
244000,0.8461538461538461,0.95,0.125,0.9642857142857143,1.0,1.0,0.6229508196721312,1.0,0.8888888888888888,1.0,0.9850746268656716,0.9642857142857143,1.0,0.7272727272727273,0.9666666666666667,1.0,1.0,1.0,0.1111111111111111,1.0,0.6428571428571429,1.0,0.9523809523809523,1.0,1.0,0.9178082191780822,1.0,1.0,0.8333333333333334,0.8857142857142857,0.8333333333333334,1.0,0.972972972972973,0.9494949494949495,0.9534883720930233,0.42857142857142855,0.5,1.0,1.0,1.0,0.9361702127659575,1.0,0.9891304347826086,0.8571428571428571,1.0,1.0
245000,0.8461538461538461,0.95,0.0,0.9821428571428571,0.9333333333333333,1.0,0.5901639344262295,1.0,0.8888888888888888,1.0,1.0,0.9642857142857143,1.0,0.8181818181818182,0.9333333333333333,1.0,1.0,1.0,0.1111111111111111,0.5,0.6904761904761905,1.0,0.9523809523809523,1.0,1.0,0.9315068493150684,0.625,0.8,0.5,0.4,0.5833333333333334,0.8571428571428571,0.972972972972973,0.9292929292929293,0.9418604651162791,0.0,0.75,1.0,0.0,1.0,0.8936170212765957,1.0,0.9891304347826086,0.5714285714285714,1.0,1.0
246000,0.8461538461538461,0.925,0.125,0.875,1.0,1.0,0.7868852459016393,1.0,0.7777777777777778,1.0,1.0,0.9642857142857143,1.0,0.8181818181818182,0.9333333333333333,1.0,1.0,1.0,0.0,0.625,0.35714285714285715,0.5,0.9523809523809523,1.0,1.0,0.9315068493150684,1.0,0.8,0.6666666666666666,0.4,0.5833333333333334,0.9285714285714286,0.9459459459459459,0.8686868686868687,0.9186046511627907,0.14285714285714285,0.5,1.0,0.8,1.0,0.851063829787234,1.0,0.9891304347826086,0.8571428571428571,1.0,1.0
247000,0.8205128205128205,0.9,0.125,0.9285714285714286,0.9333333333333333,1.0,0.4098360655737705,1.0,0.6666666666666666,1.0,1.0,0.9821428571428571,1.0,0.7727272727272727,0.9444444444444444,1.0,1.0,1.0,0.0,0.75,0.7380952380952381,0.5,0.9523809523809523,1.0,1.0,0.958904109589041,1.0,0.8,0.3333333333333333,0.6,0.8958333333333334,0.9285714285714286,0.9459459459459459,0.9292929292929293,0.9418604651162791,0.42857142857142855,0.5,1.0,0.8,1.0,0.8723404255319149,1.0,0.9891304347826086,0.42857142857142855,1.0,1.0
248000,0.9230769230769231,0.95,0.125,0.9642857142857143,0.9333333333333333,1.0,0.6065573770491803,1.0,0.8888888888888888,1.0,1.0,0.9642857142857143,1.0,0.8181818181818182,0.9222222222222223,1.0,1.0,1.0,0.2222222222222222,1.0,0.8809523809523809,1.0,0.9523809523809523,1.0,1.0,0.9315068493150684,1.0,0.8,0.8333333333333334,0.6571428571428571,0.7916666666666666,0.9285714285714286,0.972972972972973,0.9191919191919192,0.9418604651162791,0.8571428571428571,0.5,1.0,1.0,1.0,0.9361702127659575,1.0,0.9891304347826086,0.8571428571428571,1.0,1.0
249000,0.9230769230769231,0.925,0.25,0.9642857142857143,1.0,1.0,0.7049180327868853,1.0,0.8888888888888888,1.0,0.9850746268656716,0.9821428571428571,1.0,0.7727272727272727,0.9666666666666667,1.0,1.0,1.0,0.0,0.625,0.5714285714285714,1.0,0.9523809523809523,1.0,1.0,0.9452054794520548,0.75,1.0,0.8333333333333334,0.7714285714285715,0.375,0.9285714285714286,0.972972972972973,0.9292929292929293,0.9418604651162791,0.7142857142857143,1.0,1.0,1.0,1.0,0.9574468085106383,1.0,0.9891304347826086,0.8571428571428571,1.0,1.0
250000,0.8461538461538461,0.925,0.5,0.9464285714285714,0.9333333333333333,0.8,0.7049180327868853,1.0,0.7777777777777778,1.0,0.9850746268656716,0.9821428571428571,1.0,0.7272727272727273,0.9444444444444444,1.0,1.0,1.0,0.0,0.875,0.023809523809523808,0.5,0.9523809523809523,1.0,1.0,0.9178082191780822,0.875,1.0,0.3333333333333333,0.37142857142857144,0.625,0.9285714285714286,0.972972972972973,0.8080808080808081,0.9186046511627907,0.0,0.5,1.0,0.8,1.0,0.851063829787234,1.0,0.9782608695652174,0.5714285714285714,0.9883720930232558,1.0
251000,0.8461538461538461,0.925,0.125,0.9285714285714286,0.9333333333333333,0.8,0.5245901639344263,1.0,0.6666666666666666,1.0,1.0,0.9642857142857143,1.0,0.6818181818181818,0.9555555555555556,0.6666666666666666,1.0,1.0,0.0,0.625,0.14285714285714285,0.0,0.9523809523809523,1.0,1.0,0.9178082191780822,0.5,0.8,0.0,0.6285714285714286,0.8958333333333334,0.9285714285714286,0.972972972972973,0.9191919191919192,0.9302325581395349,0.14285714285714285,0.5,1.0,0.6,1.0,0.8297872340425532,1.0,0.9891304347826086,0.2857142857142857,1.0,1.0
252000,0.8974358974358975,1.0,0.375,1.0,1.0,1.0,0.8852459016393442,1.0,0.8888888888888888,1.0,1.0,0.9821428571428571,1.0,0.9090909090909091,0.9777777777777777,1.0,1.0,1.0,0.0,1.0,0.6666666666666666,1.0,0.9523809523809523,1.0,1.0,0.958904109589041,1.0,1.0,0.8333333333333334,0.8571428571428571,0.9583333333333334,0.9285714285714286,0.972972972972973,0.9595959595959596,0.9651162790697675,0.42857142857142855,1.0,1.0,1.0,1.0,0.9787234042553191,1.0,0.9891304347826086,0.8571428571428571,1.0,1.0
253000,0.8974358974358975,0.95,0.875,1.0,1.0,1.0,0.9016393442622951,1.0,0.8888888888888888,1.0,1.0,0.9642857142857143,1.0,0.8636363636363636,0.9555555555555556,1.0,1.0,1.0,0.2222222222222222,1.0,0.2619047619047619,1.0,0.9523809523809523,1.0,1.0,0.958904109589041,1.0,1.0,0.6666666666666666,0.9428571428571428,0.9583333333333334,0.9285714285714286,0.972972972972973,0.9393939393939394,0.9418604651162791,0.7142857142857143,1.0,1.0,1.0,1.0,0.9787234042553191,1.0,0.9891304347826086,0.8571428571428571,1.0,1.0
254000,0.8461538461538461,1.0,0.375,0.9821428571428571,0.9333333333333333,1.0,0.5409836065573771,1.0,0.8888888888888888,1.0,1.0,0.9642857142857143,1.0,0.9090909090909091,0.9666666666666667,1.0,1.0,1.0,0.0,1.0,0.6904761904761905,0.5,0.9523809523809523,1.0,1.0,0.9726027397260274,1.0,1.0,0.6666666666666666,0.8285714285714286,0.9166666666666666,1.0,0.972972972972973,0.9696969696969697,0.9534883720930233,0.7142857142857143,1.0,1.0,1.0,1.0,0.9787234042553191,1.0,0.9891304347826086,0.8571428571428571,1.0,1.0
255000,0.8461538461538461,1.0,0.125,0.9821428571428571,1.0,1.0,0.5245901639344263,1.0,0.7777777777777778,1.0,1.0,0.9642857142857143,1.0,0.9090909090909091,0.9666666666666667,1.0,1.0,1.0,0.5555555555555556,0.875,0.5476190476190477,1.0,0.9523809523809523,1.0,1.0,0.9452054794520548,1.0,0.8,0.8333333333333334,0.6857142857142857,0.7916666666666666,1.0,0.972972972972973,0.9090909090909091,0.9534883720930233,0.5714285714285714,0.75,1.0,1.0,1.0,0.9574468085106383,1.0,0.9782608695652174,0.8571428571428571,1.0,1.0
256000,0.8717948717948718,0.925,0.125,0.9285714285714286,1.0,1.0,0.45901639344262296,1.0,0.6666666666666666,1.0,1.0,0.9821428571428571,1.0,0.7272727272727273,0.9777777777777777,0.6666666666666666,1.0,1.0,0.0,0.625,0.14285714285714285,0.0,0.9523809523809523,1.0,1.0,0.9315068493150684,0.875,0.8,0.3333333333333333,0.45714285714285713,0.7291666666666666,0.9285714285714286,0.972972972972973,0.8383838383838383,0.9534883720930233,0.0,0.5,1.0,0.8,1.0,0.8936170212765957,1.0,0.9891304347826086,0.7142857142857143,0.9767441860465116,1.0
257000,0.7948717948717948,1.0,0.25,0.8928571428571429,1.0,1.0,0.2459016393442623,1.0,0.7777777777777778,1.0,1.0,0.9642857142857143,1.0,0.7727272727272727,0.9555555555555556,1.0,1.0,1.0,0.0,0.75,0.30952380952380953,1.0,0.9523809523809523,1.0,1.0,0.8493150684931506,0.875,1.0,0.16666666666666666,0.6857142857142857,0.75,0.9285714285714286,0.972972972972973,0.8181818181818182,0.9302325581395349,0.14285714285714285,0.5,1.0,0.8,1.0,0.9148936170212766,1.0,0.9782608695652174,0.5714285714285714,0.9883720930232558,1.0
258000,0.8461538461538461,0.975,0.0,0.9464285714285714,0.9333333333333333,1.0,0.5901639344262295,1.0,0.6666666666666666,1.0,1.0,0.9642857142857143,1.0,0.8636363636363636,0.9666666666666667,1.0,1.0,1.0,0.0,0.875,0.16666666666666666,0.0,0.9523809523809523,1.0,1.0,0.8904109589041096,1.0,0.8,0.3333333333333333,0.6571428571428571,0.8541666666666666,0.9285714285714286,0.9594594594594594,0.8585858585858586,0.9418604651162791,0.14285714285714285,0.5,1.0,1.0,1.0,0.9148936170212766,1.0,0.9891304347826086,0.8571428571428571,1.0,1.0
259000,0.8461538461538461,1.0,0.25,0.9642857142857143,1.0,1.0,0.32786885245901637,1.0,0.8888888888888888,1.0,1.0,0.9642857142857143,1.0,0.8181818181818182,0.9555555555555556,1.0,1.0,1.0,0.1111111111111111,0.875,0.8333333333333334,1.0,0.9523809523809523,1.0,1.0,0.9452054794520548,1.0,1.0,0.6666666666666666,0.8857142857142857,0.9166666666666666,0.9285714285714286,0.972972972972973,0.9292929292929293,0.9302325581395349,0.7142857142857143,1.0,1.0,1.0,1.0,0.9574468085106383,1.0,0.9891304347826086,0.7142857142857143,1.0,1.0
260000,0.8461538461538461,0.95,0.625,1.0,1.0,1.0,0.09836065573770492,1.0,0.8888888888888888,1.0,1.0,0.9642857142857143,1.0,0.8181818181818182,0.9777777777777777,1.0,1.0,1.0,0.6666666666666666,1.0,0.9285714285714286,1.0,0.9523809523809523,1.0,1.0,0.958904109589041,1.0,1.0,0.8333333333333334,0.9428571428571428,0.9166666666666666,0.9285714285714286,0.972972972972973,0.9696969696969697,0.9767441860465116,0.8571428571428571,1.0,1.0,1.0,1.0,0.9787234042553191,1.0,0.9891304347826086,0.8571428571428571,1.0,1.0
261000,0.8717948717948718,0.95,0.0,0.9821428571428571,0.9333333333333333,1.0,0.6557377049180327,1.0,0.8888888888888888,1.0,1.0,0.9642857142857143,1.0,0.7727272727272727,0.9555555555555556,1.0,1.0,1.0,0.1111111111111111,1.0,0.7142857142857143,0.5,0.9523809523809523,1.0,1.0,0.9315068493150684,1.0,1.0,0.6666666666666666,0.7428571428571429,0.8541666666666666,0.9285714285714286,0.972972972972973,0.9292929292929293,0.9302325581395349,0.8571428571428571,0.75,1.0,1.0,1.0,0.9148936170212766,1.0,0.9891304347826086,0.8571428571428571,0.9883720930232558,1.0
262000,0.8205128205128205,0.925,0.25,0.9642857142857143,1.0,1.0,0.4098360655737705,1.0,0.8888888888888888,1.0,0.9850746268656716,0.9642857142857143,1.0,0.9090909090909091,0.9555555555555556,1.0,1.0,1.0,0.0,0.875,0.2857142857142857,0.5,0.9523809523809523,1.0,1.0,0.9315068493150684,1.0,1.0,0.6666666666666666,0.8285714285714286,0.8958333333333334,0.9285714285714286,0.9594594594594594,0.8787878787878788,0.9418604651162791,0.8571428571428571,0.75,1.0,1.0,1.0,0.9574468085106383,1.0,0.9891304347826086,0.8571428571428571,0.9883720930232558,1.0
263000,0.8205128205128205,0.9,0.125,0.9285714285714286,0.9333333333333333,1.0,0.26229508196721313,1.0,0.8888888888888888,1.0,1.0,0.9642857142857143,1.0,0.8636363636363636,0.9444444444444444,1.0,1.0,1.0,0.1111111111111111,0.375,0.38095238095238093,0.0,0.9523809523809523,1.0,1.0,0.8904109589041096,0.75,0.8,0.3333333333333333,0.4857142857142857,0.6875,0.7142857142857143,0.972972972972973,0.9090909090909091,0.9418604651162791,0.5714285714285714,0.0,1.0,0.0,1.0,0.8936170212765957,1.0,0.9891304347826086,0.8571428571428571,0.9883720930232558,1.0
264000,0.7948717948717948,0.925,0.0,0.9107142857142857,1.0,1.0,0.5573770491803278,1.0,0.7777777777777778,1.0,1.0,0.9464285714285714,1.0,0.7727272727272727,0.9333333333333333,1.0,1.0,1.0,0.0,0.875,0.42857142857142855,0.0,0.9523809523809523,0.8888888888888888,1.0,0.863013698630137,0.25,0.8,0.3333333333333333,0.5142857142857142,0.7083333333333334,0.9285714285714286,0.9594594594594594,0.8585858585858586,0.9302325581395349,0.7142857142857143,0.75,1.0,0.8,1.0,0.8936170212765957,1.0,0.9891304347826086,0.8571428571428571,0.9883720930232558,1.0
265000,0.7948717948717948,0.875,0.125,0.9285714285714286,1.0,1.0,0.45901639344262296,1.0,0.7777777777777778,1.0,1.0,0.9464285714285714,1.0,0.7272727272727273,0.9333333333333333,1.0,1.0,1.0,0.0,0.5,0.40476190476190477,0.5,0.9523809523809523,0.7777777777777778,1.0,0.9041095890410958,1.0,1.0,0.6666666666666666,0.5428571428571428,0.7083333333333334,0.8571428571428571,0.9594594594594594,0.8686868686868687,0.9418604651162791,0.2857142857142857,1.0,1.0,1.0,1.0,0.8936170212765957,1.0,0.967391304347826,0.8571428571428571,0.9883720930232558,1.0
266000,0.8717948717948718,0.95,0.125,0.9821428571428571,1.0,1.0,0.4918032786885246,1.0,0.6666666666666666,1.0,1.0,0.9642857142857143,1.0,0.8636363636363636,0.9555555555555556,1.0,1.0,1.0,0.0,0.875,0.5952380952380952,0.0,0.9523809523809523,1.0,1.0,0.9452054794520548,1.0,0.8,0.16666666666666666,0.8857142857142857,0.875,0.9285714285714286,0.972972972972973,0.9090909090909091,0.9651162790697675,0.5714285714285714,1.0,1.0,1.0,1.0,0.8723404255319149,1.0,0.9891304347826086,0.8571428571428571,1.0,1.0
267000,0.8974358974358975,0.925,0.25,0.9642857142857143,0.9333333333333333,1.0,0.8524590163934426,1.0,0.8888888888888888,1.0,1.0,0.9464285714285714,1.0,0.8636363636363636,0.9555555555555556,1.0,1.0,1.0,0.0,1.0,0.21428571428571427,0.5,0.9523809523809523,1.0,1.0,0.9178082191780822,0.875,1.0,0.5,0.8857142857142857,0.8541666666666666,0.9285714285714286,0.9594594594594594,0.9292929292929293,0.9418604651162791,0.0,1.0,1.0,0.8,1.0,0.9787234042553191,1.0,0.9891304347826086,0.8571428571428571,1.0,1.0
268000,0.8205128205128205,0.925,0.375,0.9642857142857143,1.0,1.0,0.7213114754098361,1.0,0.8888888888888888,1.0,0.9850746268656716,0.9285714285714286,1.0,0.7727272727272727,0.9333333333333333,1.0,1.0,1.0,0.1111111111111111,1.0,0.16666666666666666,0.0,0.9523809523809523,1.0,1.0,0.863013698630137,1.0,1.0,0.16666666666666666,0.8857142857142857,0.875,0.9285714285714286,0.9594594594594594,0.8686868686868687,0.9302325581395349,0.0,1.0,1.0,0.8,1.0,0.9148936170212766,1.0,0.9891304347826086,0.7142857142857143,1.0,1.0
269000,0.8461538461538461,0.925,0.125,0.9642857142857143,0.9333333333333333,1.0,0.5573770491803278,1.0,0.8888888888888888,1.0,1.0,0.9642857142857143,1.0,0.7272727272727273,0.9333333333333333,1.0,1.0,1.0,0.0,1.0,0.40476190476190477,0.0,0.9523809523809523,1.0,1.0,0.8904109589041096,1.0,0.8,0.16666666666666666,0.6571428571428571,0.8541666666666666,0.9285714285714286,0.972972972972973,0.8383838383838383,0.9302325581395349,0.0,1.0,1.0,0.0,1.0,0.8085106382978723,1.0,0.9891304347826086,0.8571428571428571,0.9883720930232558,1.0
270000,0.8717948717948718,0.925,0.125,0.9642857142857143,0.9333333333333333,1.0,0.5409836065573771,1.0,0.7777777777777778,1.0,0.9850746268656716,0.9642857142857143,1.0,0.8181818181818182,0.9444444444444444,1.0,1.0,1.0,0.0,0.875,0.38095238095238093,0.5,0.9523809523809523,1.0,1.0,0.9041095890410958,0.75,0.8,0.3333333333333333,0.8,0.7708333333333334,0.9285714285714286,0.9459459459459459,0.8787878787878788,0.9302325581395349,0.0,0.5,1.0,0.8,1.0,0.8723404255319149,1.0,0.9891304347826086,0.7142857142857143,0.9883720930232558,1.0
271000,0.8205128205128205,0.925,0.0,0.9464285714285714,0.9333333333333333,1.0,0.06557377049180328,1.0,0.8888888888888888,0.9230769230769231,0.8955223880597015,0.9464285714285714,1.0,0.7727272727272727,0.9555555555555556,1.0,1.0,1.0,0.1111111111111111,0.75,0.47619047619047616,0.5,0.9523809523809523,1.0,1.0,0.8767123287671232,1.0,0.8,0.3333333333333333,0.8,0.7708333333333334,0.8571428571428571,0.972972972972973,0.8787878787878788,0.9069767441860465,0.14285714285714285,0.5,1.0,0.8,1.0,0.851063829787234,0.8571428571428571,0.967391304347826,0.8571428571428571,0.9883720930232558,1.0
272000,0.8717948717948718,0.925,0.0,1.0,1.0,1.0,0.6065573770491803,1.0,0.8888888888888888,1.0,0.9850746268656716,0.9821428571428571,1.0,0.8181818181818182,0.9777777777777777,1.0,1.0,1.0,0.0,0.875,0.5476190476190477,0.5,0.9523809523809523,1.0,1.0,0.958904109589041,1.0,1.0,0.5,0.6,0.8541666666666666,0.9285714285714286,0.972972972972973,0.9191919191919192,0.9534883720930233,0.7142857142857143,0.5,1.0,1.0,1.0,0.9148936170212766,1.0,0.9782608695652174,0.7142857142857143,1.0,1.0
273000,0.8461538461538461,0.925,0.125,0.9464285714285714,0.9333333333333333,1.0,0.7704918032786885,1.0,0.6666666666666666,1.0,1.0,0.9642857142857143,1.0,0.7727272727272727,0.9555555555555556,0.6666666666666666,1.0,1.0,0.0,0.875,0.14285714285714285,0.0,0.9523809523809523,0.7777777777777778,1.0,0.9452054794520548,1.0,0.8,0.6666666666666666,0.45714285714285713,0.7291666666666666,0.8571428571428571,0.972972972972973,0.8888888888888888,0.9534883720930233,0.14285714285714285,0.5,1.0,0.0,1.0,0.851063829787234,0.8571428571428571,0.9891304347826086,0.8571428571428571,1.0,1.0
274000,0.8205128205128205,0.9,0.0,0.8928571428571429,0.9333333333333333,0.8,0.3770491803278688,1.0,0.7777777777777778,1.0,1.0,0.9642857142857143,1.0,0.8181818181818182,0.9333333333333333,0.6666666666666666,1.0,1.0,0.0,1.0,0.19047619047619047,0.0,0.9523809523809523,0.8888888888888888,1.0,0.9178082191780822,1.0,0.8,0.3333333333333333,0.4857142857142857,0.6875,0.7857142857142857,0.9594594594594594,0.7575757575757576,0.9186046511627907,0.0,0.5,1.0,0.6,1.0,0.8723404255319149,1.0,0.9891304347826086,0.7142857142857143,0.9883720930232558,1.0
275000,0.8205128205128205,0.9,0.125,0.9285714285714286,1.0,1.0,0.5737704918032787,1.0,0.8888888888888888,1.0,0.9701492537313433,0.9821428571428571,1.0,0.8181818181818182,0.9666666666666667,1.0,1.0,1.0,0.1111111111111111,1.0,0.5714285714285714,0.5,1.0,1.0,1.0,0.9452054794520548,1.0,1.0,0.0,0.8285714285714286,0.9375,1.0,0.972972972972973,0.898989898989899,0.9651162790697675,0.2857142857142857,0.75,1.0,1.0,1.0,0.9148936170212766,1.0,0.9891304347826086,0.42857142857142855,1.0,1.0
276000,0.8461538461538461,0.875,0.0,0.9285714285714286,1.0,1.0,0.4098360655737705,1.0,0.6666666666666666,1.0,1.0,0.9464285714285714,1.0,0.7272727272727273,0.9333333333333333,1.0,1.0,1.0,0.0,1.0,0.2619047619047619,0.0,0.9523809523809523,1.0,1.0,0.9315068493150684,0.625,0.8,0.0,0.4857142857142857,0.875,0.9285714285714286,0.9459459459459459,0.8282828282828283,0.9302325581395349,0.14285714285714285,0.25,1.0,0.8,1.0,0.8085106382978723,0.8571428571428571,0.9891304347826086,0.7142857142857143,1.0,1.0
277000,0.8461538461538461,0.95,0.75,1.0,1.0,1.0,0.6557377049180327,1.0,0.8888888888888888,1.0,1.0,0.9642857142857143,1.0,0.9090909090909091,0.9555555555555556,1.0,1.0,1.0,0.1111111111111111,1.0,0.6428571428571429,1.0,0.9523809523809523,1.0,1.0,0.9863013698630136,1.0,1.0,0.8333333333333334,0.8571428571428571,0.9375,1.0,0.972972972972973,0.9494949494949495,0.9418604651162791,0.5714285714285714,0.75,1.0,1.0,1.0,0.9787234042553191,1.0,0.9891304347826086,0.8571428571428571,1.0,1.0
278000,0.8974358974358975,1.0,0.625,1.0,1.0,1.0,0.6885245901639344,1.0,0.8888888888888888,1.0,1.0,0.9642857142857143,1.0,0.9090909090909091,0.9666666666666667,1.0,1.0,1.0,0.2222222222222222,1.0,0.8095238095238095,1.0,0.9523809523809523,1.0,1.0,0.9452054794520548,1.0,1.0,1.0,0.9428571428571428,0.9583333333333334,1.0,0.972972972972973,0.9696969696969697,0.9534883720930233,0.7142857142857143,1.0,1.0,1.0,1.0,0.9787234042553191,1.0,0.9891304347826086,0.8571428571428571,1.0,1.0
279000,0.8461538461538461,0.925,0.125,0.9642857142857143,1.0,1.0,0.3442622950819672,1.0,0.7777777777777778,1.0,1.0,0.9464285714285714,0.9710144927536232,0.8181818181818182,0.9444444444444444,1.0,1.0,1.0,0.0,1.0,0.30952380952380953,0.5,0.9523809523809523,1.0,1.0,0.863013698630137,0.875,1.0,0.3333333333333333,0.6571428571428571,0.8125,0.9285714285714286,0.972972972972973,0.8686868686868687,0.9069767441860465,0.14285714285714285,1.0,1.0,0.8,1.0,0.8723404255319149,1.0,0.9891304347826086,0.7142857142857143,0.9883720930232558,1.0
280000,0.8461538461538461,0.95,0.5,1.0,1.0,1.0,0.639344262295082,1.0,0.8888888888888888,1.0,1.0,0.9821428571428571,1.0,0.8636363636363636,0.9555555555555556,1.0,1.0,1.0,0.2222222222222222,1.0,0.5238095238095238,1.0,0.9523809523809523,1.0,1.0,0.9178082191780822,0.875,0.8,0.5,0.8857142857142857,0.875,0.9285714285714286,0.9594594594594594,0.898989898989899,0.9418604651162791,0.5714285714285714,0.75,1.0,1.0,1.0,0.8936170212765957,1.0,0.9891304347826086,0.8571428571428571,1.0,1.0
281000,0.8461538461538461,0.95,0.0,1.0,1.0,1.0,0.4426229508196721,1.0,0.8888888888888888,1.0,1.0,0.9642857142857143,1.0,0.7727272727272727,0.9666666666666667,1.0,1.0,1.0,0.0,0.5,0.7142857142857143,0.5,0.9523809523809523,1.0,1.0,0.9315068493150684,1.0,0.8,0.8333333333333334,0.7714285714285715,0.8958333333333334,0.9285714285714286,0.972972972972973,0.898989898989899,0.9302325581395349,0.42857142857142855,0.25,1.0,0.8,1.0,0.9148936170212766,0.8571428571428571,0.9891304347826086,0.8571428571428571,1.0,1.0
282000,0.8461538461538461,0.95,0.0,1.0,1.0,1.0,0.26229508196721313,1.0,0.8888888888888888,1.0,1.0,0.9642857142857143,1.0,0.8636363636363636,0.9666666666666667,1.0,1.0,1.0,0.1111111111111111,1.0,0.21428571428571427,0.5,0.9523809523809523,1.0,1.0,0.9726027397260274,1.0,1.0,0.3333333333333333,0.8,0.8958333333333334,0.9285714285714286,0.972972972972973,0.8888888888888888,0.9651162790697675,0.14285714285714285,1.0,1.0,0.0,1.0,0.9361702127659575,0.7142857142857143,0.9891304347826086,0.7142857142857143,1.0,1.0
283000,0.9230769230769231,0.9,0.0,0.9642857142857143,1.0,1.0,0.6557377049180327,1.0,0.8888888888888888,1.0,1.0,0.9642857142857143,1.0,0.8636363636363636,0.9444444444444444,1.0,1.0,1.0,0.0,0.75,0.38095238095238093,0.0,0.9523809523809523,1.0,1.0,0.9315068493150684,1.0,0.8,0.0,0.8571428571428571,0.8541666666666666,0.9285714285714286,0.972972972972973,0.9090909090909091,0.9302325581395349,0.8571428571428571,0.75,1.0,0.8,1.0,0.9574468085106383,0.7142857142857143,0.9891304347826086,0.8571428571428571,0.9883720930232558,1.0
284000,0.9230769230769231,0.925,0.125,0.9821428571428571,1.0,1.0,0.5245901639344263,1.0,0.8888888888888888,1.0,1.0,0.9464285714285714,1.0,0.8181818181818182,0.9444444444444444,1.0,1.0,1.0,0.4444444444444444,0.5,0.3333333333333333,0.5,0.9523809523809523,1.0,1.0,0.9178082191780822,1.0,1.0,0.3333333333333333,0.6857142857142857,0.8333333333333334,0.9285714285714286,0.972972972972973,0.9191919191919192,0.9418604651162791,0.42857142857142855,1.0,1.0,1.0,1.0,0.9574468085106383,1.0,0.9891304347826086,0.8571428571428571,0.9883720930232558,1.0
285000,0.9230769230769231,0.95,0.5,0.9821428571428571,0.9333333333333333,1.0,0.6885245901639344,1.0,0.8888888888888888,1.0,1.0,0.9464285714285714,1.0,0.8636363636363636,0.9333333333333333,1.0,1.0,1.0,0.5555555555555556,1.0,0.7142857142857143,0.5,0.9523809523809523,1.0,1.0,0.8904109589041096,1.0,1.0,0.8333333333333334,0.8571428571428571,0.9583333333333334,0.9285714285714286,0.972972972972973,0.9494949494949495,0.9418604651162791,0.8571428571428571,1.0,1.0,1.0,1.0,0.9787234042553191,1.0,0.9891304347826086,0.8571428571428571,0.9883720930232558,1.0
286000,0.8717948717948718,0.925,0.125,0.9821428571428571,0.9333333333333333,1.0,0.29508196721311475,1.0,0.8888888888888888,1.0,1.0,0.9642857142857143,1.0,0.8181818181818182,0.9555555555555556,1.0,1.0,1.0,0.1111111111111111,0.875,0.6904761904761905,0.0,0.9523809523809523,1.0,1.0,0.8356164383561644,1.0,1.0,0.5,0.7714285714285715,0.7291666666666666,0.9285714285714286,0.9594594594594594,0.9090909090909091,0.9302325581395349,0.5714285714285714,0.75,1.0,1.0,1.0,0.8723404255319149,1.0,0.9891304347826086,0.8571428571428571,0.9883720930232558,1.0
287000,0.8461538461538461,0.925,0.125,0.9821428571428571,1.0,1.0,0.01639344262295082,1.0,0.7777777777777778,1.0,1.0,0.9464285714285714,1.0,0.7727272727272727,0.9333333333333333,0.6666666666666666,1.0,1.0,0.0,0.875,0.07142857142857142,0.0,0.9523809523809523,1.0,1.0,0.8767123287671232,0.875,1.0,0.0,0.6857142857142857,0.8958333333333334,0.8571428571428571,0.972972972972973,0.8181818181818182,0.9302325581395349,0.14285714285714285,1.0,1.0,0.8,1.0,0.8723404255319149,1.0,0.9891304347826086,0.5714285714285714,0.9883720930232558,1.0
288000,0.8205128205128205,0.925,0.5,0.9821428571428571,1.0,0.8,0.5081967213114754,1.0,0.8888888888888888,1.0,1.0,0.9642857142857143,1.0,0.8181818181818182,0.9777777777777777,0.6666666666666666,1.0,1.0,0.1111111111111111,1.0,0.6428571428571429,0.0,0.9523809523809523,1.0,1.0,0.9315068493150684,1.0,1.0,0.3333333333333333,0.7142857142857143,0.875,1.0,0.972972972972973,0.9090909090909091,0.9651162790697675,0.42857142857142855,1.0,1.0,0.8,1.0,0.9148936170212766,1.0,0.9891304347826086,0.7142857142857143,1.0,1.0
289000,0.8461538461538461,0.95,0.0,1.0,1.0,1.0,0.4426229508196721,1.0,0.7777777777777778,1.0,1.0,0.9464285714285714,0.9855072463768116,0.8181818181818182,0.9666666666666667,1.0,1.0,1.0,0.0,1.0,0.5238095238095238,1.0,0.9523809523809523,1.0,1.0,0.9178082191780822,1.0,1.0,0.3333333333333333,0.8571428571428571,0.8958333333333334,0.9285714285714286,0.972972972972973,0.9393939393939394,0.9418604651162791,0.7142857142857143,0.75,1.0,1.0,1.0,0.9787234042553191,1.0,0.9891304347826086,0.8571428571428571,1.0,1.0
290000,0.8717948717948718,0.925,0.125,0.9642857142857143,1.0,0.8,0.5409836065573771,1.0,0.7777777777777778,1.0,1.0,0.9642857142857143,1.0,0.7727272727272727,0.9444444444444444,1.0,1.0,1.0,0.0,1.0,0.35714285714285715,1.0,0.9523809523809523,1.0,1.0,0.8493150684931506,0.875,1.0,0.16666666666666666,0.8,0.8958333333333334,0.9285714285714286,0.972972972972973,0.9090909090909091,0.9418604651162791,0.5714285714285714,1.0,1.0,1.0,1.0,0.9361702127659575,1.0,0.9891304347826086,0.8571428571428571,1.0,1.0
291000,0.8205128205128205,0.925,0.125,0.9642857142857143,1.0,0.8,0.5737704918032787,1.0,0.6666666666666666,1.0,0.9701492537313433,0.9642857142857143,1.0,0.8181818181818182,0.9666666666666667,1.0,1.0,1.0,0.1111111111111111,0.75,0.19047619047619047,1.0,0.9523809523809523,1.0,1.0,0.8767123287671232,0.5,0.8,0.16666666666666666,0.5714285714285714,0.7916666666666666,0.8571428571428571,0.972972972972973,0.8888888888888888,0.9534883720930233,0.42857142857142855,0.5,1.0,0.8,1.0,0.8936170212765957,0.8571428571428571,0.9891304347826086,0.8571428571428571,1.0,1.0
292000,0.8974358974358975,0.925,0.625,0.9642857142857143,1.0,1.0,0.5573770491803278,1.0,0.8888888888888888,1.0,1.0,0.9821428571428571,1.0,0.9090909090909091,0.9777777777777777,1.0,1.0,1.0,0.0,0.875,0.6428571428571429,1.0,0.9523809523809523,0.7777777777777778,1.0,0.9452054794520548,0.875,1.0,0.3333333333333333,0.8,0.9583333333333334,0.9285714285714286,0.972972972972973,0.9393939393939394,0.9767441860465116,0.7142857142857143,0.75,1.0,0.8,1.0,0.9787234042553191,1.0,0.9891304347826086,0.8571428571428571,1.0,1.0
293000,0.8717948717948718,0.95,0.0,0.9821428571428571,1.0,1.0,0.4918032786885246,1.0,0.8888888888888888,1.0,1.0,0.9642857142857143,1.0,0.7727272727272727,0.9666666666666667,1.0,1.0,1.0,0.1111111111111111,1.0,0.7380952380952381,1.0,0.9523809523809523,1.0,1.0,0.9315068493150684,1.0,1.0,0.8333333333333334,0.9428571428571428,0.8958333333333334,0.9285714285714286,0.972972972972973,0.9393939393939394,0.9418604651162791,0.8571428571428571,1.0,1.0,0.8,1.0,0.9787234042553191,1.0,0.9891304347826086,0.8571428571428571,1.0,1.0
294000,0.8205128205128205,0.925,0.125,0.9285714285714286,0.9333333333333333,1.0,0.4098360655737705,1.0,0.6666666666666666,1.0,0.9701492537313433,0.9642857142857143,1.0,0.6818181818181818,0.9555555555555556,0.6666666666666666,1.0,1.0,0.1111111111111111,0.875,0.23809523809523808,1.0,0.9523809523809523,1.0,1.0,0.9178082191780822,0.875,1.0,0.3333333333333333,0.7714285714285715,0.8541666666666666,0.9285714285714286,0.9594594594594594,0.8787878787878788,0.9534883720930233,0.42857142857142855,0.75,1.0,0.8,1.0,0.9361702127659575,1.0,0.9782608695652174,0.8571428571428571,1.0,1.0
295000,0.8461538461538461,0.925,0.0,0.9285714285714286,0.8666666666666667,1.0,0.4426229508196721,1.0,0.6666666666666666,1.0,0.9701492537313433,0.9464285714285714,1.0,0.7727272727272727,0.9222222222222223,1.0,1.0,1.0,0.0,0.625,0.23809523809523808,0.5,0.9523809523809523,1.0,1.0,0.8082191780821918,0.75,1.0,0.3333333333333333,0.8285714285714286,0.8333333333333334,0.9285714285714286,0.9594594594594594,0.8787878787878788,0.9302325581395349,0.2857142857142857,0.5,1.0,0.8,1.0,0.851063829787234,1.0,0.9891304347826086,0.7142857142857143,0.9883720930232558,1.0
296000,0.8461538461538461,0.9,0.125,0.9107142857142857,0.9333333333333333,0.8,0.03278688524590164,1.0,0.7777777777777778,1.0,0.9701492537313433,0.9642857142857143,1.0,0.7727272727272727,0.9444444444444444,1.0,1.0,1.0,0.0,0.75,0.047619047619047616,0.0,0.9523809523809523,0.8888888888888888,1.0,0.9178082191780822,0.25,0.8,0.16666666666666666,0.6857142857142857,0.7083333333333334,0.8571428571428571,0.9594594594594594,0.7171717171717171,0.9418604651162791,0.5714285714285714,0.5,1.0,1.0,1.0,0.9148936170212766,0.7142857142857143,0.9891304347826086,0.42857142857142855,0.9883720930232558,1.0
297000,0.8461538461538461,0.925,0.125,0.9285714285714286,0.9333333333333333,1.0,0.4918032786885246,1.0,0.8888888888888888,1.0,0.9253731343283582,0.9642857142857143,1.0,0.7727272727272727,0.9666666666666667,0.6666666666666666,1.0,1.0,0.0,1.0,0.21428571428571427,0.0,0.9523809523809523,1.0,1.0,0.9041095890410958,0.75,1.0,0.3333333333333333,0.7714285714285715,0.9583333333333334,0.9285714285714286,0.972972972972973,0.8282828282828283,0.9418604651162791,0.42857142857142855,0.75,1.0,0.8,1.0,0.9361702127659575,1.0,0.9891304347826086,0.2857142857142857,1.0,1.0
298000,0.8461538461538461,0.95,0.75,0.9464285714285714,1.0,1.0,0.36065573770491804,1.0,0.8888888888888888,1.0,1.0,0.9642857142857143,1.0,0.8181818181818182,0.9555555555555556,1.0,1.0,1.0,0.1111111111111111,1.0,0.6190476190476191,1.0,0.9523809523809523,1.0,1.0,0.9041095890410958,0.875,1.0,0.5,0.8,0.9583333333333334,0.9285714285714286,0.972972972972973,0.9393939393939394,0.9418604651162791,0.7142857142857143,0.5,1.0,1.0,1.0,0.9574468085106383,1.0,0.9891304347826086,0.8571428571428571,1.0,1.0
299000,0.8461538461538461,0.925,0.5,0.9464285714285714,1.0,1.0,0.16393442622950818,1.0,0.7777777777777778,1.0,0.9850746268656716,0.9642857142857143,1.0,0.7727272727272727,0.9444444444444444,1.0,1.0,1.0,0.1111111111111111,1.0,0.6904761904761905,0.5,0.9523809523809523,1.0,1.0,0.9178082191780822,1.0,1.0,0.16666666666666666,0.9428571428571428,0.8958333333333334,0.9285714285714286,0.972972972972973,0.9292929292929293,0.9302325581395349,0.7142857142857143,1.0,1.0,1.0,1.0,0.9787234042553191,1.0,0.9891304347826086,0.7142857142857143,1.0,1.0
300000,0.8205128205128205,0.925,0.125,0.9821428571428571,1.0,1.0,0.3114754098360656,1.0,0.8888888888888888,1.0,1.0,0.9464285714285714,1.0,0.7727272727272727,0.9666666666666667,1.0,1.0,1.0,0.1111111111111111,1.0,0.5,0.0,0.9523809523809523,0.8888888888888888,1.0,0.9178082191780822,1.0,1.0,0.5,0.9142857142857143,0.8541666666666666,0.9285714285714286,0.972972972972973,0.898989898989899,0.9418604651162791,0.5714285714285714,0.75,1.0,0.8,1.0,0.9574468085106383,1.0,0.9891304347826086,0.8571428571428571,0.9883720930232558,1.0
301000,0.8205128205128205,0.9,0.125,0.9642857142857143,0.9333333333333333,1.0,0.39344262295081966,1.0,0.8888888888888888,1.0,0.9850746268656716,0.9642857142857143,1.0,0.8181818181818182,0.9555555555555556,1.0,1.0,1.0,0.2222222222222222,1.0,0.40476190476190477,1.0,0.9523809523809523,1.0,1.0,0.9178082191780822,0.875,1.0,0.3333333333333333,0.6571428571428571,0.875,0.8571428571428571,0.972972972972973,0.8787878787878788,0.9534883720930233,0.5714285714285714,0.5,1.0,1.0,1.0,0.9574468085106383,1.0,0.9782608695652174,0.8571428571428571,1.0,1.0
302000,0.8717948717948718,0.925,0.25,0.9464285714285714,1.0,1.0,0.6557377049180327,1.0,0.8888888888888888,1.0,1.0,0.9642857142857143,1.0,0.8636363636363636,0.9444444444444444,1.0,1.0,1.0,0.1111111111111111,1.0,0.7380952380952381,0.0,0.9523809523809523,1.0,1.0,0.9178082191780822,1.0,1.0,0.16666666666666666,0.8857142857142857,0.9166666666666666,0.9285714285714286,0.972972972972973,0.9595959595959596,0.9651162790697675,0.5714285714285714,0.5,1.0,0.8,1.0,0.9787234042553191,1.0,0.9891304347826086,0.8571428571428571,1.0,1.0
303000,0.8205128205128205,0.9,0.0,0.9285714285714286,1.0,0.8,0.36065573770491804,1.0,0.7777777777777778,1.0,1.0,0.9642857142857143,1.0,0.7727272727272727,0.9444444444444444,1.0,1.0,1.0,0.0,0.875,0.30952380952380953,0.0,0.9523809523809523,0.8888888888888888,1.0,0.863013698630137,1.0,1.0,0.3333333333333333,0.6857142857142857,0.7291666666666666,0.9285714285714286,0.972972972972973,0.898989898989899,0.9534883720930233,0.14285714285714285,0.5,1.0,0.8,1.0,0.9787234042553191,1.0,0.9891304347826086,0.7142857142857143,1.0,1.0
304000,0.8461538461538461,0.95,0.75,0.9642857142857143,1.0,1.0,0.5409836065573771,1.0,0.7777777777777778,1.0,1.0,0.9642857142857143,1.0,0.8636363636363636,0.9444444444444444,1.0,1.0,1.0,0.1111111111111111,1.0,0.7380952380952381,1.0,0.9523809523809523,1.0,1.0,0.9178082191780822,1.0,1.0,0.6666666666666666,0.9428571428571428,0.9583333333333334,0.9285714285714286,0.972972972972973,0.9595959595959596,0.9651162790697675,0.7142857142857143,0.75,1.0,1.0,1.0,0.9787234042553191,1.0,0.9891304347826086,0.8571428571428571,0.9883720930232558,1.0
305000,0.8205128205128205,0.9,0.0,0.9821428571428571,0.9333333333333333,1.0,0.4918032786885246,1.0,0.6666666666666666,1.0,1.0,0.9642857142857143,1.0,0.8636363636363636,0.9666666666666667,1.0,1.0,1.0,0.0,1.0,0.23809523809523808,0.0,0.9523809523809523,1.0,1.0,0.821917808219178,1.0,1.0,0.3333333333333333,0.6,0.8958333333333334,0.9285714285714286,0.972972972972973,0.8888888888888888,0.9534883720930233,0.14285714285714285,0.5,1.0,1.0,1.0,0.9148936170212766,1.0,0.9891304347826086,0.7142857142857143,1.0,1.0
306000,0.8461538461538461,0.9,0.25,0.9821428571428571,0.9333333333333333,1.0,0.2786885245901639,1.0,0.7777777777777778,1.0,1.0,0.9642857142857143,1.0,0.7727272727272727,0.9555555555555556,1.0,1.0,1.0,0.1111111111111111,1.0,0.30952380952380953,0.0,0.9523809523809523,1.0,1.0,0.8493150684931506,0.25,1.0,0.0,0.7142857142857143,0.8541666666666666,0.9285714285714286,0.972972972972973,0.898989898989899,0.9302325581395349,0.5714285714285714,0.75,1.0,0.8,1.0,0.9574468085106383,1.0,0.9782608695652174,0.5714285714285714,1.0,1.0
307000,0.8717948717948718,0.925,0.0,1.0,1.0,1.0,0.5245901639344263,1.0,0.8888888888888888,1.0,1.0,0.9642857142857143,1.0,0.8636363636363636,0.9666666666666667,1.0,1.0,1.0,0.1111111111111111,1.0,0.38095238095238093,0.5,0.9523809523809523,1.0,1.0,0.9452054794520548,1.0,1.0,0.16666666666666666,0.8571428571428571,0.9166666666666666,0.9285714285714286,0.972972972972973,0.9393939393939394,0.9651162790697675,0.42857142857142855,1.0,1.0,1.0,1.0,0.9787234042553191,1.0,0.9891304347826086,0.8571428571428571,1.0,1.0
308000,0.8461538461538461,0.875,0.25,0.9464285714285714,1.0,1.0,0.32786885245901637,1.0,0.8888888888888888,1.0,0.9701492537313433,0.9464285714285714,1.0,0.8636363636363636,0.9444444444444444,1.0,1.0,1.0,0.1111111111111111,0.875,0.7619047619047619,0.5,0.9523809523809523,1.0,1.0,0.9315068493150684,0.75,1.0,0.16666666666666666,0.9142857142857143,0.8958333333333334,0.9285714285714286,0.972972972972973,0.9696969696969697,0.9186046511627907,0.7142857142857143,0.75,1.0,1.0,1.0,0.9787234042553191,1.0,0.9891304347826086,0.5714285714285714,1.0,1.0
309000,0.8205128205128205,0.925,0.125,0.9642857142857143,0.9333333333333333,0.8,0.3114754098360656,1.0,0.8888888888888888,1.0,0.9850746268656716,0.9642857142857143,1.0,0.7727272727272727,0.9666666666666667,1.0,1.0,1.0,0.1111111111111111,0.875,0.3333333333333333,0.0,0.9523809523809523,0.7777777777777778,1.0,0.9041095890410958,1.0,0.8,0.5,0.7142857142857143,0.8541666666666666,0.9285714285714286,0.972972972972973,0.8888888888888888,0.9186046511627907,0.14285714285714285,0.5,1.0,1.0,1.0,0.9148936170212766,1.0,0.9782608695652174,0.7142857142857143,0.9883720930232558,1.0
310000,0.8717948717948718,0.925,0.25,0.9821428571428571,1.0,1.0,0.2786885245901639,1.0,0.7777777777777778,1.0,1.0,0.9642857142857143,1.0,0.8181818181818182,0.9555555555555556,1.0,1.0,1.0,0.0,1.0,0.30952380952380953,1.0,0.9523809523809523,1.0,1.0,0.9452054794520548,1.0,1.0,0.3333333333333333,0.8,0.7708333333333334,0.9285714285714286,0.972972972972973,0.8888888888888888,0.9534883720930233,0.0,1.0,1.0,1.0,1.0,0.9787234042553191,1.0,0.9891304347826086,0.8571428571428571,1.0,1.0
311000,0.8205128205128205,0.925,0.125,1.0,1.0,1.0,0.19672131147540983,1.0,0.8888888888888888,1.0,0.9850746268656716,0.9642857142857143,1.0,0.8636363636363636,0.9555555555555556,1.0,1.0,1.0,0.1111111111111111,1.0,0.21428571428571427,0.5,0.9523809523809523,1.0,1.0,0.9041095890410958,1.0,1.0,0.0,0.7714285714285715,0.8958333333333334,0.9285714285714286,1.0,0.8787878787878788,0.9302325581395349,0.2857142857142857,1.0,1.0,0.8,1.0,0.9787234042553191,1.0,0.9891304347826086,0.8571428571428571,1.0,1.0
312000,0.8717948717948718,0.925,0.125,1.0,1.0,1.0,0.4426229508196721,1.0,0.8888888888888888,1.0,1.0,0.9642857142857143,1.0,0.8636363636363636,0.9666666666666667,1.0,1.0,1.0,0.1111111111111111,1.0,0.5238095238095238,1.0,1.0,1.0,1.0,0.9452054794520548,1.0,1.0,0.3333333333333333,0.8857142857142857,0.8333333333333334,0.9285714285714286,0.972972972972973,0.9393939393939394,0.9767441860465116,0.7142857142857143,0.75,1.0,0.8,1.0,0.9787234042553191,1.0,0.9891304347826086,0.8571428571428571,1.0,1.0
313000,0.8717948717948718,1.0,0.625,0.9821428571428571,1.0,1.0,0.4098360655737705,1.0,0.7777777777777778,1.0,0.9850746268656716,0.9464285714285714,1.0,0.9090909090909091,0.9444444444444444,1.0,1.0,1.0,0.1111111111111111,1.0,0.6904761904761905,1.0,0.9523809523809523,1.0,1.0,0.9041095890410958,1.0,1.0,0.16666666666666666,0.8285714285714286,0.8333333333333334,0.9285714285714286,0.972972972972973,0.9494949494949495,0.9302325581395349,0.8571428571428571,1.0,1.0,1.0,1.0,0.9361702127659575,1.0,0.9891304347826086,0.8571428571428571,1.0,1.0
314000,0.8717948717948718,0.95,0.25,0.9285714285714286,1.0,0.8,0.5409836065573771,1.0,0.7777777777777778,1.0,0.9850746268656716,0.9464285714285714,1.0,0.8181818181818182,0.9444444444444444,1.0,1.0,1.0,0.1111111111111111,0.875,0.5714285714285714,1.0,0.9523809523809523,1.0,1.0,0.8767123287671232,1.0,1.0,0.3333333333333333,0.8857142857142857,0.75,0.9285714285714286,0.972972972972973,0.898989898989899,0.9418604651162791,0.5714285714285714,1.0,1.0,1.0,1.0,0.9574468085106383,1.0,0.9891304347826086,0.8571428571428571,1.0,1.0
315000,0.8205128205128205,0.9,0.0,0.8392857142857143,0.9333333333333333,0.8,0.36065573770491804,1.0,0.7777777777777778,1.0,0.9850746268656716,0.9464285714285714,1.0,0.7727272727272727,0.9333333333333333,0.6666666666666666,1.0,1.0,0.2222222222222222,0.5,0.5,0.5,0.9523809523809523,1.0,1.0,0.9041095890410958,1.0,1.0,0.3333333333333333,0.7142857142857143,0.6875,0.7857142857142857,0.972972972972973,0.8787878787878788,0.9418604651162791,0.14285714285714285,1.0,1.0,0.8,1.0,0.8936170212765957,1.0,0.9782608695652174,0.8571428571428571,1.0,1.0
316000,0.8717948717948718,0.9,0.875,0.9464285714285714,0.9333333333333333,0.8,0.5573770491803278,1.0,0.8888888888888888,1.0,1.0,0.9642857142857143,1.0,0.8181818181818182,0.9444444444444444,0.6666666666666666,1.0,1.0,0.2222222222222222,0.75,0.7142857142857143,0.5,0.9523809523809523,1.0,1.0,0.9315068493150684,1.0,1.0,0.3333333333333333,0.8857142857142857,0.9375,0.9285714285714286,0.972972972972973,0.9191919191919192,0.9534883720930233,0.42857142857142855,1.0,1.0,0.8,1.0,0.9787234042553191,1.0,0.9891304347826086,0.7142857142857143,1.0,1.0
317000,0.8461538461538461,0.925,0.375,0.9464285714285714,0.9333333333333333,0.8,0.3442622950819672,1.0,0.8888888888888888,1.0,1.0,0.9642857142857143,1.0,0.8181818181818182,0.9555555555555556,0.6666666666666666,1.0,1.0,0.1111111111111111,1.0,0.4523809523809524,0.5,0.9523809523809523,0.8888888888888888,1.0,0.9178082191780822,0.875,1.0,0.3333333333333333,0.7428571428571429,0.8125,0.9285714285714286,0.972972972972973,0.8686868686868687,0.9418604651162791,0.14285714285714285,0.75,1.0,1.0,1.0,0.9574468085106383,1.0,0.9891304347826086,0.5714285714285714,1.0,1.0
318000,0.7948717948717948,0.925,0.5,0.9642857142857143,1.0,0.8,0.4426229508196721,1.0,0.8888888888888888,1.0,0.9402985074626866,0.9464285714285714,1.0,0.8181818181818182,0.9444444444444444,0.6666666666666666,1.0,1.0,0.1111111111111111,0.875,0.5476190476190477,0.0,0.9523809523809523,0.8888888888888888,1.0,0.8904109589041096,0.875,1.0,0.16666666666666666,0.7428571428571429,0.8541666666666666,0.7142857142857143,0.972972972972973,0.9292929292929293,0.9302325581395349,0.14285714285714285,0.5,1.0,0.8,1.0,0.8723404255319149,1.0,0.9891304347826086,0.5714285714285714,1.0,1.0
319000,0.9230769230769231,0.925,0.125,0.9821428571428571,1.0,1.0,0.3442622950819672,1.0,0.8888888888888888,1.0,0.9850746268656716,0.9642857142857143,1.0,0.8181818181818182,0.9555555555555556,1.0,1.0,1.0,0.1111111111111111,1.0,0.8095238095238095,0.5,1.0,1.0,1.0,0.9315068493150684,0.875,1.0,0.16666666666666666,0.8571428571428571,0.875,0.9285714285714286,0.972972972972973,0.898989898989899,0.9534883720930233,0.7142857142857143,1.0,1.0,1.0,1.0,0.9787234042553191,1.0,0.9891304347826086,0.7142857142857143,1.0,1.0
320000,0.8461538461538461,0.9,0.0,0.875,1.0,0.8,0.21311475409836064,1.0,0.7777777777777778,1.0,0.9850746268656716,0.9642857142857143,1.0,0.7272727272727273,0.9666666666666667,0.6666666666666666,1.0,1.0,0.0,0.5,0.14285714285714285,0.5,0.9523809523809523,0.4444444444444444,1.0,0.9041095890410958,1.0,0.8,0.3333333333333333,0.5428571428571428,0.7083333333333334,0.7142857142857143,0.972972972972973,0.8787878787878788,0.9534883720930233,0.0,0.25,1.0,0.0,1.0,0.8936170212765957,1.0,0.9891304347826086,0.5714285714285714,0.9883720930232558,1.0
321000,0.8461538461538461,0.9,0.25,0.9642857142857143,1.0,0.8,0.3770491803278688,1.0,0.8888888888888888,1.0,0.9701492537313433,0.9642857142857143,1.0,0.7272727272727273,0.9555555555555556,1.0,1.0,1.0,0.1111111111111111,1.0,0.6190476190476191,0.5,0.9523809523809523,1.0,1.0,0.9041095890410958,0.75,1.0,0.0,0.7142857142857143,0.875,0.9285714285714286,0.972972972972973,0.9090909090909091,0.9534883720930233,0.14285714285714285,0.5,1.0,0.6,1.0,0.9148936170212766,1.0,0.9782608695652174,0.8571428571428571,1.0,1.0
322000,0.8717948717948718,0.9,0.25,0.9642857142857143,1.0,1.0,0.3442622950819672,1.0,0.8888888888888888,1.0,1.0,0.9642857142857143,1.0,0.8181818181818182,0.9777777777777777,0.6666666666666666,1.0,1.0,0.1111111111111111,1.0,0.14285714285714285,0.5,0.9523809523809523,0.8888888888888888,1.0,0.9041095890410958,0.875,0.8,0.0,0.5428571428571428,0.7291666666666666,0.7857142857142857,0.972972972972973,0.8282828282828283,0.9651162790697675,0.0,0.5,1.0,0.6,1.0,0.9361702127659575,1.0,0.9891304347826086,0.8571428571428571,1.0,1.0
323000,0.9230769230769231,0.925,0.0,1.0,0.9333333333333333,1.0,0.5737704918032787,1.0,0.8888888888888888,1.0,1.0,0.9642857142857143,1.0,0.8181818181818182,0.9777777777777777,1.0,1.0,1.0,0.1111111111111111,1.0,0.5476190476190477,0.5,0.9523809523809523,1.0,1.0,0.9178082191780822,0.625,1.0,0.16666666666666666,0.8571428571428571,0.8958333333333334,0.9285714285714286,0.972972972972973,0.9191919191919192,0.9534883720930233,0.5714285714285714,0.5,1.0,1.0,1.0,0.9787234042553191,1.0,0.9891304347826086,0.8571428571428571,1.0,1.0
324000,0.8717948717948718,0.925,0.0,0.9821428571428571,1.0,1.0,0.639344262295082,1.0,0.8888888888888888,1.0,1.0,0.9642857142857143,1.0,0.8636363636363636,0.9777777777777777,1.0,1.0,1.0,0.1111111111111111,1.0,0.7619047619047619,1.0,1.0,1.0,1.0,0.958904109589041,1.0,1.0,0.3333333333333333,0.8571428571428571,0.8958333333333334,0.9285714285714286,0.972972972972973,0.9494949494949495,0.9651162790697675,0.7142857142857143,1.0,1.0,1.0,1.0,0.9787234042553191,1.0,0.9891304347826086,0.8571428571428571,1.0,1.0
325000,0.8461538461538461,0.875,0.0,0.9285714285714286,0.9333333333333333,0.8,0.5081967213114754,1.0,0.6666666666666666,1.0,0.9701492537313433,0.9642857142857143,1.0,0.7727272727272727,0.9444444444444444,0.6666666666666666,1.0,1.0,0.1111111111111111,1.0,0.19047619047619047,0.0,1.0,0.6666666666666666,1.0,0.8356164383561644,0.75,1.0,0.0,0.6857142857142857,0.8333333333333334,0.9285714285714286,1.0,0.8484848484848485,0.9534883720930233,0.2857142857142857,0.25,1.0,0.6,1.0,0.9148936170212766,1.0,0.9891304347826086,0.5714285714285714,1.0,1.0
326000,0.9230769230769231,0.925,0.5,0.9642857142857143,1.0,1.0,0.4426229508196721,1.0,0.8888888888888888,1.0,1.0,0.9642857142857143,1.0,0.8636363636363636,0.9666666666666667,1.0,1.0,1.0,0.2222222222222222,1.0,0.38095238095238093,0.0,1.0,1.0,1.0,0.9452054794520548,1.0,1.0,0.3333333333333333,0.8,0.8958333333333334,0.9285714285714286,0.972972972972973,0.898989898989899,0.9651162790697675,0.8571428571428571,1.0,1.0,1.0,1.0,0.9787234042553191,1.0,0.9891304347826086,0.8571428571428571,1.0,1.0
327000,0.8974358974358975,0.925,0.125,0.9821428571428571,1.0,1.0,0.47540983606557374,1.0,0.7777777777777778,1.0,0.9850746268656716,0.9464285714285714,1.0,0.8636363636363636,0.9555555555555556,0.6666666666666666,1.0,1.0,0.1111111111111111,1.0,0.42857142857142855,0.0,0.9523809523809523,0.8888888888888888,1.0,0.9041095890410958,0.75,0.8,0.0,0.8,0.7708333333333334,0.8571428571428571,0.972972972972973,0.8888888888888888,0.9651162790697675,0.5714285714285714,0.5,1.0,1.0,1.0,0.9574468085106383,0.8571428571428571,0.9891304347826086,0.5714285714285714,1.0,1.0
328000,0.8717948717948718,0.9,0.0,0.9464285714285714,0.9333333333333333,1.0,0.16393442622950818,1.0,0.8888888888888888,1.0,0.9850746268656716,0.9464285714285714,1.0,0.7272727272727273,0.9333333333333333,0.6666666666666666,1.0,1.0,0.1111111111111111,0.875,0.21428571428571427,0.5,0.9523809523809523,0.8888888888888888,1.0,0.8493150684931506,0.875,0.8,0.16666666666666666,0.6,0.7083333333333334,0.6428571428571429,0.9459459459459459,0.8888888888888888,0.9302325581395349,0.2857142857142857,0.25,1.0,0.8,1.0,0.8936170212765957,1.0,0.9891304347826086,0.7142857142857143,1.0,1.0
329000,0.8974358974358975,0.925,0.125,0.9642857142857143,1.0,1.0,0.5409836065573771,1.0,0.8888888888888888,1.0,0.9850746268656716,0.9642857142857143,1.0,0.8636363636363636,0.9444444444444444,1.0,1.0,1.0,0.1111111111111111,1.0,0.47619047619047616,0.0,0.9523809523809523,1.0,1.0,0.9041095890410958,0.875,1.0,0.0,0.7428571428571429,0.7916666666666666,0.8571428571428571,0.972972972972973,0.9191919191919192,0.9418604651162791,0.7142857142857143,0.5,1.0,1.0,1.0,0.9787234042553191,1.0,0.9891304347826086,0.8571428571428571,1.0,1.0
330000,0.8974358974358975,0.9,0.0,0.875,1.0,0.8,0.29508196721311475,1.0,0.7777777777777778,1.0,0.9552238805970149,0.9464285714285714,1.0,0.8181818181818182,0.9444444444444444,0.6666666666666666,1.0,1.0,0.0,0.875,0.023809523809523808,0.0,0.9523809523809523,0.8888888888888888,1.0,0.8493150684931506,0.25,0.8,0.0,0.6,0.5416666666666666,0.7857142857142857,0.9594594594594594,0.8585858585858586,0.9302325581395349,0.0,0.0,1.0,0.8,1.0,0.9148936170212766,1.0,0.9891304347826086,0.5714285714285714,0.9883720930232558,1.0
331000,0.9230769230769231,0.925,0.0,0.9821428571428571,1.0,1.0,0.3770491803278688,1.0,0.7777777777777778,1.0,1.0,0.9642857142857143,1.0,0.8636363636363636,0.9777777777777777,1.0,1.0,1.0,0.1111111111111111,0.875,0.6666666666666666,1.0,1.0,1.0,1.0,0.9315068493150684,0.875,1.0,0.16666666666666666,0.8857142857142857,0.875,0.9285714285714286,0.972972972972973,0.9595959595959596,0.9651162790697675,0.8571428571428571,1.0,1.0,1.0,1.0,0.9787234042553191,1.0,0.9891304347826086,0.8571428571428571,1.0,1.0
332000,0.8717948717948718,0.925,0.5,0.9821428571428571,0.9333333333333333,1.0,0.8032786885245902,1.0,0.7777777777777778,1.0,0.9701492537313433,0.9464285714285714,1.0,0.8181818181818182,0.9555555555555556,1.0,1.0,1.0,0.0,1.0,0.4523809523809524,0.5,0.9523809523809523,1.0,1.0,0.9178082191780822,0.25,1.0,0.3333333333333333,0.8,0.8958333333333334,0.8571428571428571,0.972972972972973,0.898989898989899,0.9302325581395349,0.5714285714285714,0.75,1.0,0.8,1.0,0.9787234042553191,1.0,0.9891304347826086,0.7142857142857143,0.9883720930232558,1.0
333000,0.8717948717948718,0.925,0.5,0.9821428571428571,1.0,0.8,0.4262295081967213,1.0,0.8888888888888888,1.0,1.0,0.9642857142857143,1.0,0.8636363636363636,0.9555555555555556,1.0,1.0,1.0,0.3333333333333333,0.875,0.7380952380952381,1.0,0.9523809523809523,1.0,1.0,0.9452054794520548,1.0,1.0,0.16666666666666666,0.8857142857142857,0.875,0.8571428571428571,0.972972972972973,0.9393939393939394,0.9651162790697675,0.8571428571428571,0.5,1.0,1.0,1.0,0.9574468085106383,1.0,0.9891304347826086,0.8571428571428571,1.0,1.0
334000,0.8717948717948718,0.925,0.5,0.9642857142857143,1.0,0.8,0.47540983606557374,1.0,0.7777777777777778,1.0,0.9850746268656716,0.9464285714285714,1.0,0.8181818181818182,0.9555555555555556,1.0,1.0,1.0,0.0,1.0,0.40476190476190477,1.0,0.9523809523809523,0.8888888888888888,1.0,0.9315068493150684,1.0,1.0,0.0,0.8,0.875,0.9285714285714286,0.972972972972973,0.8888888888888888,0.9534883720930233,0.7142857142857143,0.75,1.0,1.0,1.0,0.9787234042553191,1.0,0.9891304347826086,0.8571428571428571,1.0,1.0
335000,0.8717948717948718,0.925,0.0,0.9464285714285714,1.0,0.8,0.4918032786885246,1.0,0.8888888888888888,1.0,1.0,0.9464285714285714,1.0,0.8636363636363636,0.9333333333333333,1.0,1.0,1.0,0.0,0.875,0.2619047619047619,0.5,0.9523809523809523,0.7777777777777778,1.0,0.9315068493150684,1.0,0.8,0.3333333333333333,0.6571428571428571,0.8125,0.9285714285714286,0.972972972972973,0.8787878787878788,0.9418604651162791,0.5714285714285714,0.75,1.0,0.8,1.0,0.9574468085106383,1.0,0.9891304347826086,0.7142857142857143,1.0,1.0
336000,0.8461538461538461,0.925,0.0,0.9464285714285714,1.0,0.8,0.4098360655737705,1.0,0.8888888888888888,1.0,1.0,0.9464285714285714,1.0,0.8181818181818182,0.9444444444444444,0.6666666666666666,1.0,1.0,0.0,1.0,0.23809523809523808,1.0,0.9523809523809523,0.8888888888888888,1.0,0.9315068493150684,0.25,0.8,0.16666666666666666,0.6857142857142857,0.6875,0.7142857142857143,0.972972972972973,0.8787878787878788,0.9418604651162791,0.5714285714285714,0.75,1.0,0.8,1.0,0.9574468085106383,1.0,0.9891304347826086,0.7142857142857143,0.9883720930232558,1.0
337000,0.8717948717948718,0.9,0.25,0.9821428571428571,1.0,1.0,0.4918032786885246,1.0,0.7777777777777778,1.0,0.9552238805970149,0.9642857142857143,1.0,0.8181818181818182,0.9777777777777777,1.0,1.0,1.0,0.4444444444444444,1.0,0.35714285714285715,0.5,1.0,0.8888888888888888,1.0,0.958904109589041,0.875,1.0,0.0,0.8,0.875,0.9285714285714286,0.972972972972973,0.898989898989899,0.9651162790697675,0.5714285714285714,0.75,1.0,1.0,1.0,0.9574468085106383,1.0,0.9891304347826086,0.42857142857142855,1.0,1.0
338000,0.8717948717948718,0.9,0.0,0.9464285714285714,1.0,1.0,0.16393442622950818,1.0,0.8888888888888888,1.0,1.0,0.9642857142857143,1.0,0.8181818181818182,0.9777777777777777,1.0,1.0,1.0,0.1111111111111111,0.5,0.23809523809523808,1.0,0.9523809523809523,0.8888888888888888,1.0,0.9178082191780822,0.625,0.8,0.0,0.7714285714285715,0.7916666666666666,0.7142857142857143,0.972972972972973,0.898989898989899,0.9651162790697675,0.42857142857142855,0.75,1.0,0.8,1.0,0.9574468085106383,1.0,0.9891304347826086,0.2857142857142857,1.0,1.0
339000,0.9230769230769231,0.925,0.125,0.9642857142857143,1.0,1.0,0.5245901639344263,1.0,0.8888888888888888,1.0,1.0,0.9642857142857143,1.0,0.9090909090909091,0.9555555555555556,1.0,1.0,1.0,0.1111111111111111,0.875,0.5238095238095238,1.0,0.9523809523809523,1.0,1.0,0.9315068493150684,1.0,1.0,0.3333333333333333,0.7428571428571429,0.9583333333333334,0.7857142857142857,0.972972972972973,0.898989898989899,0.9302325581395349,0.7142857142857143,1.0,1.0,0.8,1.0,0.9787234042553191,1.0,0.9891304347826086,0.7142857142857143,1.0,1.0
340000,0.8717948717948718,0.925,0.0,1.0,0.9333333333333333,1.0,0.21311475409836064,1.0,0.7777777777777778,1.0,0.9552238805970149,0.9642857142857143,1.0,0.8636363636363636,0.9666666666666667,0.6666666666666666,1.0,1.0,0.1111111111111111,1.0,0.2857142857142857,1.0,1.0,1.0,1.0,0.9452054794520548,1.0,0.8,0.0,0.8,0.8125,0.8571428571428571,0.972972972972973,0.9191919191919192,0.9651162790697675,0.7142857142857143,0.5,1.0,0.2,1.0,0.9574468085106383,1.0,0.9891304347826086,0.42857142857142855,1.0,1.0
341000,0.8717948717948718,0.925,0.0,0.9821428571428571,1.0,1.0,0.3442622950819672,1.0,0.8888888888888888,1.0,1.0,0.9642857142857143,1.0,0.8181818181818182,0.9777777777777777,0.6666666666666666,1.0,1.0,0.0,1.0,0.2857142857142857,0.5,0.9523809523809523,0.8888888888888888,1.0,0.958904109589041,0.875,1.0,0.16666666666666666,0.7428571428571429,0.8541666666666666,0.9285714285714286,0.972972972972973,0.898989898989899,0.9651162790697675,0.0,0.5,1.0,0.0,1.0,0.9574468085106383,1.0,0.9891304347826086,0.7142857142857143,1.0,1.0
342000,0.8205128205128205,0.875,0.0,0.9107142857142857,1.0,0.6,0.08196721311475409,1.0,0.6666666666666666,1.0,0.9402985074626866,0.9464285714285714,1.0,0.7272727272727273,0.9555555555555556,0.6666666666666666,1.0,1.0,0.1111111111111111,0.75,0.2857142857142857,0.0,0.9523809523809523,0.8888888888888888,1.0,0.8493150684931506,0.875,0.8,0.0,0.5428571428571428,0.7916666666666666,0.9285714285714286,0.972972972972973,0.8686868686868687,0.9534883720930233,0.14285714285714285,0.25,1.0,0.8,1.0,0.9574468085106383,0.8571428571428571,0.9891304347826086,0.42857142857142855,1.0,1.0
343000,0.8717948717948718,0.875,0.25,0.9285714285714286,0.9333333333333333,0.8,0.19672131147540983,1.0,0.7777777777777778,1.0,0.9850746268656716,0.9285714285714286,1.0,0.6818181818181818,0.9444444444444444,0.6666666666666666,1.0,1.0,0.0,1.0,0.2619047619047619,0.5,0.9523809523809523,0.8888888888888888,1.0,0.8767123287671232,1.0,1.0,0.0,0.7142857142857143,0.8125,0.9285714285714286,0.972972972972973,0.8585858585858586,0.9302325581395349,0.5714285714285714,0.5,1.0,1.0,1.0,0.9574468085106383,1.0,0.9891304347826086,0.2857142857142857,0.9883720930232558,1.0
344000,0.8717948717948718,0.95,0.375,1.0,1.0,1.0,0.5901639344262295,1.0,0.8888888888888888,1.0,1.0,0.9642857142857143,1.0,0.7727272727272727,0.9777777777777777,1.0,1.0,1.0,0.1111111111111111,1.0,0.47619047619047616,0.0,0.9523809523809523,1.0,1.0,0.958904109589041,1.0,1.0,0.16666666666666666,0.8,0.9166666666666666,0.9285714285714286,1.0,0.9090909090909091,0.9651162790697675,0.8571428571428571,1.0,1.0,1.0,1.0,0.9574468085106383,1.0,0.9891304347826086,0.5714285714285714,1.0,1.0
345000,0.9230769230769231,0.925,0.25,0.9464285714285714,1.0,1.0,0.6557377049180327,1.0,0.7777777777777778,1.0,1.0,0.9642857142857143,0.9855072463768116,0.8181818181818182,0.9555555555555556,1.0,1.0,1.0,0.0,1.0,0.2857142857142857,0.0,0.9523809523809523,0.8888888888888888,1.0,0.9178082191780822,0.875,1.0,0.5,0.7428571428571429,0.9375,0.9285714285714286,1.0,0.8888888888888888,0.9534883720930233,0.7142857142857143,1.0,1.0,1.0,1.0,0.9574468085106383,1.0,0.9891304347826086,0.7142857142857143,1.0,1.0
346000,0.8717948717948718,0.9,0.0,0.9464285714285714,1.0,1.0,0.45901639344262296,1.0,0.7777777777777778,1.0,0.9850746268656716,0.9464285714285714,1.0,0.7727272727272727,0.9555555555555556,1.0,1.0,1.0,0.1111111111111111,0.875,0.30952380952380953,1.0,1.0,1.0,1.0,0.9178082191780822,1.0,1.0,0.3333333333333333,0.7142857142857143,0.75,0.7857142857142857,0.972972972972973,0.8787878787878788,0.9651162790697675,0.2857142857142857,0.75,1.0,1.0,1.0,0.9148936170212766,1.0,0.9891304347826086,0.7142857142857143,1.0,1.0
347000,0.8974358974358975,0.9,0.25,0.9821428571428571,1.0,1.0,0.5573770491803278,1.0,0.8888888888888888,1.0,1.0,0.9642857142857143,1.0,0.8181818181818182,0.9444444444444444,1.0,1.0,1.0,0.0,1.0,0.23809523809523808,0.0,0.9523809523809523,0.8888888888888888,1.0,0.9315068493150684,1.0,1.0,0.3333333333333333,0.7428571428571429,0.8541666666666666,0.9285714285714286,0.972972972972973,0.898989898989899,0.9534883720930233,0.8571428571428571,0.5,1.0,0.8,1.0,0.9787234042553191,1.0,0.9891304347826086,0.7142857142857143,1.0,1.0
348000,0.8717948717948718,0.925,0.125,0.9642857142857143,1.0,1.0,0.06557377049180328,1.0,0.7777777777777778,1.0,0.9850746268656716,0.9464285714285714,0.9855072463768116,0.7727272727272727,0.9555555555555556,1.0,1.0,1.0,0.1111111111111111,0.875,0.40476190476190477,1.0,0.9523809523809523,1.0,1.0,0.8493150684931506,1.0,1.0,0.3333333333333333,0.8,0.75,0.7857142857142857,0.972972972972973,0.8888888888888888,0.9302325581395349,0.7142857142857143,0.5,1.0,0.8,1.0,0.8936170212765957,1.0,0.9891304347826086,0.7142857142857143,0.9883720930232558,1.0
349000,0.8717948717948718,0.925,0.0,0.9464285714285714,1.0,1.0,0.3770491803278688,1.0,0.7777777777777778,1.0,1.0,0.9642857142857143,1.0,0.8181818181818182,0.9777777777777777,1.0,1.0,1.0,0.1111111111111111,0.75,0.4523809523809524,1.0,1.0,1.0,1.0,0.958904109589041,0.625,0.8,0.5,0.8,0.75,0.7142857142857143,0.972972972972973,0.8888888888888888,0.9534883720930233,0.7142857142857143,0.75,1.0,1.0,1.0,0.9574468085106383,1.0,0.9891304347826086,0.8571428571428571,1.0,1.0
350000,0.8461538461538461,0.9,0.0,0.9107142857142857,1.0,1.0,0.4098360655737705,1.0,0.7777777777777778,1.0,0.9253731343283582,0.9642857142857143,1.0,0.7727272727272727,0.9444444444444444,1.0,1.0,1.0,0.1111111111111111,0.625,0.30952380952380953,0.5,0.9523809523809523,0.8888888888888888,1.0,0.8904109589041096,1.0,1.0,0.0,0.8,0.75,0.9285714285714286,0.972972972972973,0.8888888888888888,0.9418604651162791,0.5714285714285714,0.75,1.0,0.8,1.0,0.9361702127659575,1.0,0.9891304347826086,0.42857142857142855,1.0,1.0
351000,0.8461538461538461,0.9,0.125,0.9285714285714286,1.0,1.0,0.5081967213114754,1.0,0.7777777777777778,1.0,0.9850746268656716,0.9642857142857143,1.0,0.7727272727272727,0.9666666666666667,1.0,1.0,1.0,0.1111111111111111,1.0,0.30952380952380953,1.0,0.9523809523809523,1.0,1.0,0.9315068493150684,1.0,1.0,0.16666666666666666,0.7428571428571429,0.7708333333333334,0.7857142857142857,0.972972972972973,0.8888888888888888,0.9418604651162791,0.5714285714285714,1.0,1.0,0.8,1.0,0.9574468085106383,1.0,0.9891304347826086,0.7142857142857143,1.0,1.0
352000,0.8717948717948718,0.925,0.0,0.9464285714285714,1.0,1.0,0.5245901639344263,1.0,0.7777777777777778,1.0,0.9850746268656716,0.9642857142857143,1.0,0.8181818181818182,0.9555555555555556,1.0,1.0,1.0,0.0,1.0,0.2619047619047619,1.0,0.9523809523809523,0.6666666666666666,1.0,0.8493150684931506,0.875,0.8,0.0,0.5714285714285714,0.7708333333333334,0.9285714285714286,0.9459459459459459,0.8181818181818182,0.9186046511627907,0.2857142857142857,0.75,1.0,0.8,1.0,0.9148936170212766,1.0,0.9782608695652174,0.7142857142857143,1.0,1.0
353000,0.8205128205128205,0.875,0.125,0.9642857142857143,0.9333333333333333,1.0,0.5081967213114754,1.0,0.7777777777777778,1.0,0.9104477611940298,0.9642857142857143,0.9855072463768116,0.7727272727272727,0.9444444444444444,1.0,1.0,1.0,0.0,1.0,0.30952380952380953,0.0,1.0,0.7777777777777778,1.0,0.8767123287671232,0.625,1.0,0.16666666666666666,0.7428571428571429,0.875,0.9285714285714286,0.9594594594594594,0.8787878787878788,0.9418604651162791,0.5714285714285714,0.75,1.0,0.8,1.0,0.9361702127659575,1.0,0.9782608695652174,0.42857142857142855,1.0,1.0
354000,0.8717948717948718,0.925,0.125,0.9821428571428571,1.0,1.0,0.26229508196721313,1.0,0.8888888888888888,1.0,0.9253731343283582,0.9642857142857143,1.0,0.8181818181818182,0.9777777777777777,1.0,1.0,1.0,0.1111111111111111,1.0,0.42857142857142855,0.5,0.9523809523809523,0.8888888888888888,1.0,0.9315068493150684,1.0,1.0,0.16666666666666666,0.7428571428571429,0.8958333333333334,0.8571428571428571,0.972972972972973,0.8686868686868687,0.9651162790697675,0.7142857142857143,0.5,1.0,1.0,1.0,0.9787234042553191,1.0,0.9891304347826086,0.7142857142857143,1.0,1.0
355000,0.8461538461538461,0.875,0.125,0.9285714285714286,1.0,1.0,0.19672131147540983,1.0,0.8888888888888888,1.0,0.9253731343283582,0.9642857142857143,1.0,0.7727272727272727,0.9444444444444444,1.0,1.0,1.0,0.1111111111111111,1.0,0.40476190476190477,0.0,0.9523809523809523,0.7777777777777778,1.0,0.9041095890410958,0.875,1.0,0.0,0.7714285714285715,0.875,0.7857142857142857,0.9459459459459459,0.8585858585858586,0.9418604651162791,0.7142857142857143,0.5,1.0,0.8,1.0,0.9148936170212766,1.0,0.9782608695652174,0.42857142857142855,0.9883720930232558,1.0
356000,0.8717948717948718,0.9,0.125,0.9821428571428571,1.0,1.0,0.5245901639344263,1.0,0.7777777777777778,1.0,0.9850746268656716,0.9464285714285714,1.0,0.7727272727272727,0.9444444444444444,1.0,1.0,1.0,0.1111111111111111,1.0,0.5238095238095238,1.0,0.9523809523809523,1.0,1.0,0.9178082191780822,0.875,1.0,0.3333333333333333,0.7142857142857143,0.8541666666666666,0.9285714285714286,0.972972972972973,0.898989898989899,0.9418604651162791,0.8571428571428571,1.0,1.0,0.8,1.0,0.9787234042553191,1.0,0.9891304347826086,0.7142857142857143,0.9883720930232558,1.0
357000,0.9230769230769231,0.925,0.125,0.9821428571428571,1.0,1.0,0.4262295081967213,1.0,0.8888888888888888,1.0,0.9850746268656716,0.9464285714285714,1.0,0.8181818181818182,0.9444444444444444,1.0,1.0,1.0,0.1111111111111111,0.875,0.35714285714285715,1.0,1.0,0.8888888888888888,1.0,0.9178082191780822,1.0,1.0,0.0,0.7428571428571429,0.8541666666666666,0.9285714285714286,0.972972972972973,0.898989898989899,0.9534883720930233,0.7142857142857143,0.75,1.0,0.8,1.0,0.9787234042553191,1.0,0.9891304347826086,0.5714285714285714,1.0,1.0
358000,0.8717948717948718,0.925,0.375,0.9821428571428571,1.0,0.8,0.36065573770491804,1.0,0.7777777777777778,1.0,1.0,0.9464285714285714,1.0,0.8181818181818182,0.9555555555555556,0.6666666666666666,1.0,1.0,0.0,0.875,0.30952380952380953,0.5,0.9523809523809523,0.7777777777777778,1.0,0.9041095890410958,0.875,1.0,0.0,0.6571428571428571,0.8333333333333334,0.9285714285714286,0.972972972972973,0.8787878787878788,0.9418604651162791,0.14285714285714285,0.5,1.0,0.8,1.0,0.9574468085106383,1.0,0.9891304347826086,0.5714285714285714,0.9883720930232558,1.0
359000,0.8717948717948718,0.95,0.5,1.0,1.0,1.0,0.7868852459016393,1.0,0.8888888888888888,1.0,1.0,0.9642857142857143,1.0,0.8181818181818182,0.9666666666666667,1.0,1.0,1.0,0.1111111111111111,1.0,0.40476190476190477,1.0,0.9523809523809523,1.0,1.0,0.9315068493150684,1.0,1.0,0.3333333333333333,0.8,0.875,0.9285714285714286,0.972972972972973,0.9191919191919192,0.9418604651162791,0.5714285714285714,0.75,1.0,1.0,1.0,0.9787234042553191,1.0,0.9891304347826086,0.7142857142857143,1.0,1.0
360000,0.8461538461538461,0.9,0.0,0.9107142857142857,1.0,0.8,0.4262295081967213,1.0,0.7777777777777778,1.0,0.9104477611940298,0.9464285714285714,1.0,0.7727272727272727,0.9555555555555556,1.0,1.0,1.0,0.1111111111111111,0.625,0.23809523809523808,0.0,0.9523809523809523,0.8888888888888888,1.0,0.9041095890410958,1.0,1.0,0.0,0.6857142857142857,0.8541666666666666,0.9285714285714286,0.9459459459459459,0.8787878787878788,0.9534883720930233,0.2857142857142857,0.5,1.0,0.8,1.0,0.9574468085106383,1.0,0.9891304347826086,0.42857142857142855,0.9883720930232558,1.0
361000,0.8461538461538461,0.925,0.25,0.9642857142857143,1.0,1.0,0.4098360655737705,1.0,0.7777777777777778,1.0,0.9701492537313433,0.9464285714285714,1.0,0.7727272727272727,0.9444444444444444,1.0,1.0,1.0,0.1111111111111111,0.875,0.2857142857142857,0.5,0.9523809523809523,1.0,1.0,0.8493150684931506,0.875,1.0,0.0,0.6571428571428571,0.75,0.7857142857142857,0.972972972972973,0.8686868686868687,0.9302325581395349,0.2857142857142857,0.5,1.0,1.0,1.0,0.9361702127659575,1.0,0.9891304347826086,0.2857142857142857,1.0,1.0
362000,0.8974358974358975,0.925,0.375,0.9642857142857143,1.0,1.0,0.2786885245901639,1.0,0.8888888888888888,1.0,0.9253731343283582,0.9464285714285714,1.0,0.8181818181818182,0.9444444444444444,1.0,0.6666666666666666,1.0,0.1111111111111111,0.875,0.5952380952380952,0.0,0.9523809523809523,1.0,1.0,0.9178082191780822,1.0,1.0,0.16666666666666666,0.7714285714285715,0.8958333333333334,0.9285714285714286,0.972972972972973,0.898989898989899,0.9534883720930233,0.42857142857142855,0.75,1.0,1.0,1.0,0.9574468085106383,1.0,0.9891304347826086,0.2857142857142857,1.0,1.0
363000,0.8717948717948718,0.925,0.25,0.9821428571428571,1.0,1.0,0.2786885245901639,1.0,0.8888888888888888,1.0,0.9850746268656716,0.9464285714285714,1.0,0.8181818181818182,0.9555555555555556,1.0,1.0,1.0,0.1111111111111111,1.0,0.2857142857142857,1.0,0.9523809523809523,1.0,1.0,0.9452054794520548,1.0,1.0,0.3333333333333333,0.8571428571428571,0.8958333333333334,0.9285714285714286,0.972972972972973,0.898989898989899,0.9651162790697675,0.7142857142857143,1.0,1.0,1.0,1.0,0.9787234042553191,1.0,0.9891304347826086,0.2857142857142857,1.0,1.0
364000,0.8974358974358975,0.925,0.0,0.9642857142857143,1.0,1.0,0.29508196721311475,1.0,0.7777777777777778,1.0,0.9253731343283582,0.9464285714285714,1.0,0.7727272727272727,0.9444444444444444,1.0,1.0,1.0,0.1111111111111111,0.75,0.40476190476190477,0.5,0.9523809523809523,1.0,1.0,0.8904109589041096,1.0,1.0,0.0,0.7142857142857143,0.7916666666666666,0.9285714285714286,0.972972972972973,0.8888888888888888,0.9534883720930233,0.5714285714285714,0.5,1.0,0.8,1.0,0.9787234042553191,1.0,0.9891304347826086,0.2857142857142857,1.0,1.0
365000,0.8717948717948718,0.925,0.75,0.9821428571428571,1.0,1.0,0.5737704918032787,1.0,0.8888888888888888,1.0,1.0,0.9464285714285714,1.0,0.8636363636363636,0.9444444444444444,1.0,1.0,1.0,0.1111111111111111,1.0,0.38095238095238093,1.0,0.9523809523809523,1.0,1.0,0.9178082191780822,1.0,1.0,0.0,0.7428571428571429,0.8333333333333334,0.8571428571428571,0.972972972972973,0.8888888888888888,0.9651162790697675,0.8571428571428571,0.5,1.0,1.0,1.0,0.9787234042553191,1.0,0.9891304347826086,0.7142857142857143,1.0,1.0
366000,0.8461538461538461,0.925,0.125,0.9464285714285714,1.0,0.8,0.2786885245901639,1.0,0.7777777777777778,1.0,0.8955223880597015,0.9464285714285714,1.0,0.7727272727272727,0.9555555555555556,0.6666666666666666,1.0,1.0,0.1111111111111111,0.875,0.35714285714285715,0.5,0.9523809523809523,1.0,1.0,0.863013698630137,0.875,1.0,0.0,0.7428571428571429,0.8125,0.7857142857142857,0.9459459459459459,0.8888888888888888,0.9418604651162791,0.7142857142857143,0.5,1.0,1.0,1.0,0.9574468085106383,1.0,0.9891304347826086,0.2857142857142857,1.0,1.0
367000,0.8717948717948718,0.925,0.0,0.9642857142857143,1.0,0.8,0.2786885245901639,1.0,0.7777777777777778,1.0,0.9402985074626866,0.9464285714285714,1.0,0.7727272727272727,0.9444444444444444,1.0,1.0,1.0,0.1111111111111111,1.0,0.35714285714285715,0.0,0.9523809523809523,1.0,1.0,0.8904109589041096,0.875,1.0,0.0,0.7428571428571429,0.75,0.9285714285714286,0.972972972972973,0.8888888888888888,0.9418604651162791,0.7142857142857143,0.5,1.0,1.0,1.0,0.9574468085106383,1.0,0.9891304347826086,0.2857142857142857,0.9883720930232558,1.0
368000,0.8461538461538461,0.9,0.0,0.9642857142857143,0.9333333333333333,0.8,0.26229508196721313,1.0,0.7777777777777778,1.0,0.9253731343283582,0.9464285714285714,1.0,0.7727272727272727,0.9222222222222223,0.6666666666666666,1.0,1.0,0.0,0.75,0.23809523809523808,0.0,0.9523809523809523,0.7777777777777778,1.0,0.8356164383561644,0.875,1.0,0.0,0.6857142857142857,0.7083333333333334,0.9285714285714286,0.9594594594594594,0.8484848484848485,0.9186046511627907,0.42857142857142855,0.5,1.0,0.8,1.0,0.8723404255319149,1.0,0.9891304347826086,0.42857142857142855,0.9883720930232558,1.0
369000,0.8461538461538461,0.85,0.0,0.9285714285714286,0.9333333333333333,0.8,0.22950819672131148,1.0,0.7777777777777778,1.0,0.8955223880597015,0.9464285714285714,1.0,0.8181818181818182,0.9333333333333333,1.0,1.0,1.0,0.1111111111111111,0.75,0.30952380952380953,0.0,0.9523809523809523,0.8888888888888888,1.0,0.8767123287671232,0.75,1.0,0.0,0.7714285714285715,0.7916666666666666,0.9285714285714286,0.972972972972973,0.898989898989899,0.9418604651162791,0.7142857142857143,0.5,1.0,1.0,1.0,0.9148936170212766,1.0,0.9891304347826086,0.5714285714285714,1.0,1.0
370000,0.8974358974358975,0.925,0.125,0.9821428571428571,1.0,1.0,0.4918032786885246,1.0,0.8888888888888888,1.0,0.9701492537313433,0.9642857142857143,1.0,0.8181818181818182,0.9555555555555556,0.6666666666666666,1.0,1.0,0.1111111111111111,0.75,0.30952380952380953,0.5,1.0,0.8888888888888888,1.0,0.8904109589041096,0.875,1.0,0.0,0.7142857142857143,0.875,0.9285714285714286,0.972972972972973,0.9191919191919192,0.9651162790697675,0.5714285714285714,0.5,1.0,1.0,1.0,0.9787234042553191,1.0,0.9891304347826086,0.5714285714285714,1.0,1.0
371000,0.8717948717948718,0.925,0.125,0.9642857142857143,0.9333333333333333,1.0,0.4098360655737705,1.0,0.7777777777777778,1.0,0.9104477611940298,0.9642857142857143,1.0,0.8181818181818182,0.9777777777777777,1.0,1.0,1.0,0.0,1.0,0.35714285714285715,0.0,0.9523809523809523,1.0,1.0,0.9041095890410958,0.75,1.0,0.0,0.7428571428571429,0.875,0.9285714285714286,0.972972972972973,0.9191919191919192,0.9534883720930233,0.7142857142857143,0.75,1.0,1.0,1.0,0.9574468085106383,1.0,0.9891304347826086,0.42857142857142855,1.0,1.0
372000,0.8461538461538461,0.925,0.125,0.9821428571428571,0.9333333333333333,0.8,0.2459016393442623,1.0,0.8888888888888888,1.0,0.8805970149253731,0.9464285714285714,1.0,0.7727272727272727,0.9555555555555556,1.0,1.0,1.0,0.0,0.875,0.40476190476190477,0.0,0.9523809523809523,1.0,1.0,0.863013698630137,0.875,1.0,0.0,0.7142857142857143,0.75,0.7857142857142857,0.972972972972973,0.8888888888888888,0.9534883720930233,0.5714285714285714,0.5,1.0,1.0,1.0,0.9361702127659575,1.0,0.9782608695652174,0.2857142857142857,1.0,1.0
373000,0.8717948717948718,0.925,0.25,0.9821428571428571,0.9333333333333333,1.0,0.22950819672131148,1.0,0.7777777777777778,1.0,0.8805970149253731,0.9464285714285714,1.0,0.7727272727272727,0.9555555555555556,0.6666666666666666,1.0,1.0,0.1111111111111111,0.75,0.38095238095238093,0.0,0.9523809523809523,1.0,1.0,0.8767123287671232,0.875,1.0,0.0,0.7714285714285715,0.7291666666666666,0.8571428571428571,0.972972972972973,0.898989898989899,0.9418604651162791,0.7142857142857143,0.5,1.0,1.0,1.0,0.9148936170212766,1.0,0.9891304347826086,0.2857142857142857,1.0,1.0
374000,0.8717948717948718,0.925,0.0,0.9821428571428571,1.0,1.0,0.5081967213114754,1.0,0.8888888888888888,1.0,0.9104477611940298,0.9464285714285714,1.0,0.7727272727272727,0.9555555555555556,1.0,1.0,1.0,0.1111111111111111,1.0,0.3333333333333333,0.0,0.9523809523809523,1.0,1.0,0.9041095890410958,0.875,1.0,0.0,0.7428571428571429,0.8541666666666666,0.9285714285714286,0.972972972972973,0.8888888888888888,0.9534883720930233,0.7142857142857143,0.5,1.0,1.0,1.0,0.9361702127659575,1.0,0.9782608695652174,0.7142857142857143,1.0,1.0
375000,0.8974358974358975,0.925,0.5,0.9821428571428571,1.0,1.0,0.45901639344262296,1.0,0.8888888888888888,1.0,0.9701492537313433,0.9464285714285714,1.0,0.8636363636363636,0.9666666666666667,1.0,1.0,1.0,0.1111111111111111,1.0,0.42857142857142855,0.5,0.9523809523809523,1.0,1.0,0.9178082191780822,1.0,1.0,0.16666666666666666,0.8285714285714286,0.875,0.9285714285714286,0.972972972972973,0.898989898989899,0.9534883720930233,0.7142857142857143,1.0,1.0,1.0,1.0,0.9574468085106383,1.0,0.9891304347826086,0.5714285714285714,1.0,1.0
376000,0.8974358974358975,0.925,0.125,0.9821428571428571,1.0,1.0,0.22950819672131148,1.0,0.8888888888888888,1.0,0.9850746268656716,0.9642857142857143,1.0,0.8181818181818182,0.9444444444444444,1.0,1.0,1.0,0.0,1.0,0.2857142857142857,0.5,1.0,1.0,1.0,0.9178082191780822,0.875,1.0,0.0,0.7428571428571429,0.8125,0.9285714285714286,0.972972972972973,0.8787878787878788,0.9534883720930233,0.5714285714285714,0.75,1.0,1.0,1.0,0.9787234042553191,1.0,0.9891304347826086,0.5714285714285714,1.0,1.0
377000,0.8974358974358975,0.925,0.0,0.9821428571428571,1.0,1.0,0.47540983606557374,1.0,0.7777777777777778,1.0,0.9253731343283582,0.9642857142857143,1.0,0.8636363636363636,0.9555555555555556,1.0,1.0,1.0,0.1111111111111111,1.0,0.5952380952380952,1.0,0.9523809523809523,1.0,1.0,0.9315068493150684,1.0,1.0,0.3333333333333333,0.8,0.8958333333333334,0.9285714285714286,0.972972972972973,0.8888888888888888,0.9534883720930233,0.7142857142857143,1.0,1.0,1.0,1.0,0.9787234042553191,1.0,0.9891304347826086,0.5714285714285714,1.0,1.0
378000,0.8717948717948718,0.925,0.0,0.9821428571428571,1.0,0.8,0.21311475409836064,1.0,0.7777777777777778,1.0,1.0,0.9642857142857143,1.0,0.7727272727272727,0.9666666666666667,1.0,1.0,1.0,0.0,0.875,0.2857142857142857,0.0,1.0,0.8888888888888888,1.0,0.9178082191780822,0.875,1.0,0.0,0.6857142857142857,0.8958333333333334,0.7857142857142857,0.972972972972973,0.8686868686868687,0.9418604651162791,0.5714285714285714,0.5,1.0,1.0,1.0,0.9361702127659575,1.0,0.9891304347826086,0.42857142857142855,1.0,1.0
379000,0.8974358974358975,0.925,0.125,0.9821428571428571,1.0,1.0,0.6229508196721312,1.0,0.8888888888888888,1.0,1.0,0.9642857142857143,1.0,0.8181818181818182,0.9777777777777777,1.0,1.0,1.0,0.0,1.0,0.6428571428571429,1.0,1.0,1.0,1.0,0.958904109589041,1.0,1.0,0.16666666666666666,0.7428571428571429,0.9166666666666666,0.9285714285714286,0.972972972972973,0.898989898989899,0.9651162790697675,0.7142857142857143,1.0,1.0,1.0,1.0,0.9787234042553191,1.0,0.9891304347826086,0.7142857142857143,1.0,1.0
380000,0.8717948717948718,0.925,0.0,0.9821428571428571,1.0,0.8,0.29508196721311475,1.0,0.8888888888888888,1.0,0.9104477611940298,0.9464285714285714,1.0,0.8181818181818182,0.9444444444444444,1.0,1.0,1.0,0.0,0.75,0.38095238095238093,0.0,0.9523809523809523,1.0,1.0,0.9178082191780822,0.875,1.0,0.0,0.7142857142857143,0.8541666666666666,0.7857142857142857,0.972972972972973,0.898989898989899,0.9651162790697675,0.7142857142857143,0.75,1.0,1.0,1.0,0.9574468085106383,1.0,0.9891304347826086,0.2857142857142857,1.0,1.0
381000,0.8461538461538461,0.925,0.0,0.9464285714285714,0.9333333333333333,1.0,0.18032786885245902,1.0,0.7777777777777778,1.0,0.9104477611940298,0.9464285714285714,0.9855072463768116,0.7727272727272727,0.9444444444444444,1.0,1.0,1.0,0.1111111111111111,0.875,0.6428571428571429,0.0,0.9523809523809523,1.0,1.0,0.9041095890410958,1.0,1.0,0.16666666666666666,0.7428571428571429,0.875,0.9285714285714286,0.972972972972973,0.898989898989899,0.9302325581395349,0.5714285714285714,1.0,1.0,1.0,1.0,0.9787234042553191,1.0,0.9891304347826086,0.7142857142857143,1.0,1.0
382000,0.8717948717948718,0.925,0.0,0.9821428571428571,1.0,1.0,0.4262295081967213,1.0,0.7777777777777778,1.0,0.8955223880597015,0.9464285714285714,1.0,0.7727272727272727,0.9444444444444444,1.0,1.0,1.0,0.1111111111111111,1.0,0.6190476190476191,0.5,0.9523809523809523,1.0,1.0,0.9178082191780822,0.875,1.0,0.0,0.8,0.8958333333333334,0.9285714285714286,0.972972972972973,0.898989898989899,0.9418604651162791,0.8571428571428571,1.0,1.0,1.0,1.0,0.9787234042553191,1.0,0.9891304347826086,0.42857142857142855,1.0,1.0
383000,0.8461538461538461,0.9,0.0,0.9642857142857143,1.0,0.8,0.19672131147540983,1.0,0.8888888888888888,1.0,0.8955223880597015,0.9464285714285714,1.0,0.8181818181818182,0.9444444444444444,1.0,1.0,1.0,0.0,0.75,0.3333333333333333,1.0,0.9523809523809523,0.8888888888888888,1.0,0.9315068493150684,0.875,1.0,0.0,0.7142857142857143,0.8333333333333334,0.9285714285714286,0.972972972972973,0.8787878787878788,0.9418604651162791,0.5714285714285714,0.75,1.0,1.0,1.0,0.9787234042553191,1.0,0.9891304347826086,0.14285714285714285,1.0,1.0
384000,0.8461538461538461,0.925,0.375,0.9821428571428571,1.0,1.0,0.4918032786885246,1.0,0.8888888888888888,1.0,0.9104477611940298,0.9464285714285714,1.0,0.8181818181818182,0.9555555555555556,1.0,1.0,1.0,0.0,1.0,0.3333333333333333,0.0,0.9523809523809523,1.0,1.0,0.9315068493150684,0.875,1.0,0.0,0.7714285714285715,0.8958333333333334,0.9285714285714286,0.972972972972973,0.898989898989899,0.9534883720930233,0.5714285714285714,0.75,1.0,1.0,1.0,0.9787234042553191,1.0,0.9891304347826086,0.42857142857142855,1.0,1.0
385000,0.8717948717948718,0.925,0.5,0.9821428571428571,1.0,0.8,0.5081967213114754,1.0,0.7777777777777778,1.0,1.0,0.9464285714285714,1.0,0.8181818181818182,0.9555555555555556,1.0,1.0,1.0,0.1111111111111111,1.0,0.4523809523809524,0.5,0.9523809523809523,1.0,1.0,0.9178082191780822,0.875,1.0,0.0,0.7714285714285715,0.8958333333333334,0.9285714285714286,0.972972972972973,0.9090909090909091,0.9534883720930233,0.7142857142857143,0.75,1.0,1.0,1.0,0.9787234042553191,1.0,0.9891304347826086,0.42857142857142855,1.0,1.0
386000,0.8461538461538461,0.925,0.375,0.9821428571428571,0.9333333333333333,0.8,0.29508196721311475,1.0,0.7777777777777778,1.0,0.9253731343283582,0.9464285714285714,1.0,0.8181818181818182,0.9555555555555556,1.0,1.0,1.0,0.1111111111111111,1.0,0.6190476190476191,0.5,0.9523809523809523,1.0,1.0,0.9178082191780822,1.0,1.0,0.0,0.7714285714285715,0.8333333333333334,0.8571428571428571,0.972972972972973,0.898989898989899,0.9534883720930233,0.7142857142857143,0.75,1.0,1.0,1.0,0.9787234042553191,1.0,0.9891304347826086,0.42857142857142855,1.0,1.0
387000,0.8461538461538461,0.925,0.125,0.9464285714285714,0.9333333333333333,0.8,0.3770491803278688,1.0,0.7777777777777778,1.0,0.8955223880597015,0.9464285714285714,1.0,0.7727272727272727,0.9444444444444444,1.0,1.0,1.0,0.0,0.875,0.2619047619047619,0.5,0.9523809523809523,0.7777777777777778,1.0,0.8767123287671232,0.75,1.0,0.0,0.5714285714285714,0.6875,0.7857142857142857,0.972972972972973,0.8787878787878788,0.9534883720930233,0.42857142857142855,0.5,1.0,1.0,1.0,0.8936170212765957,1.0,0.9891304347826086,0.42857142857142855,1.0,1.0
388000,0.8717948717948718,0.925,0.125,0.9821428571428571,0.9333333333333333,0.8,0.2459016393442623,1.0,0.7777777777777778,1.0,0.9253731343283582,0.9464285714285714,1.0,0.7727272727272727,0.9444444444444444,1.0,1.0,1.0,0.0,0.75,0.23809523809523808,0.0,0.9523809523809523,0.8888888888888888,1.0,0.9041095890410958,0.875,1.0,0.0,0.6571428571428571,0.7708333333333334,0.9285714285714286,0.972972972972973,0.8787878787878788,0.9302325581395349,0.42857142857142855,0.5,1.0,1.0,1.0,0.9148936170212766,1.0,0.9891304347826086,0.2857142857142857,1.0,1.0
389000,0.8717948717948718,0.925,0.375,0.9821428571428571,1.0,0.8,0.29508196721311475,1.0,0.7777777777777778,1.0,0.9253731343283582,0.9464285714285714,1.0,0.7727272727272727,0.9444444444444444,1.0,1.0,1.0,0.0,0.75,0.23809523809523808,0.0,0.9523809523809523,0.8888888888888888,1.0,0.9041095890410958,0.875,1.0,0.0,0.6857142857142857,0.7916666666666666,0.9285714285714286,0.972972972972973,0.8686868686868687,0.9534883720930233,0.5714285714285714,0.75,1.0,1.0,1.0,0.9787234042553191,1.0,0.9891304347826086,0.2857142857142857,1.0,1.0
390000,0.8717948717948718,0.925,0.5,0.9642857142857143,1.0,1.0,0.4262295081967213,1.0,0.8888888888888888,1.0,0.9104477611940298,0.9464285714285714,1.0,0.7727272727272727,0.9444444444444444,1.0,1.0,1.0,0.1111111111111111,0.875,0.42857142857142855,0.5,0.9523809523809523,1.0,1.0,0.9178082191780822,0.875,1.0,0.0,0.7714285714285715,0.875,0.9285714285714286,0.972972972972973,0.9090909090909091,0.9418604651162791,0.5714285714285714,0.75,1.0,1.0,1.0,0.9787234042553191,1.0,0.9891304347826086,0.42857142857142855,1.0,1.0
391000,0.8974358974358975,0.925,0.5,0.9821428571428571,1.0,1.0,0.47540983606557374,1.0,0.8888888888888888,1.0,0.9253731343283582,0.9464285714285714,1.0,0.8181818181818182,0.9555555555555556,1.0,1.0,1.0,0.1111111111111111,1.0,0.42857142857142855,0.5,0.9523809523809523,1.0,1.0,0.9178082191780822,0.875,1.0,0.16666666666666666,0.7714285714285715,0.875,0.8571428571428571,0.972972972972973,0.898989898989899,0.9534883720930233,0.8571428571428571,1.0,1.0,1.0,1.0,0.9787234042553191,1.0,0.9891304347826086,0.5714285714285714,1.0,1.0
392000,0.8974358974358975,0.925,0.25,0.9821428571428571,1.0,1.0,0.4098360655737705,1.0,0.8888888888888888,1.0,0.9850746268656716,0.9642857142857143,1.0,0.8181818181818182,0.9555555555555556,1.0,1.0,1.0,0.1111111111111111,1.0,0.38095238095238093,1.0,0.9523809523809523,1.0,1.0,0.9315068493150684,1.0,1.0,0.0,0.7714285714285715,0.875,0.9285714285714286,0.972972972972973,0.9090909090909091,0.9534883720930233,0.5714285714285714,1.0,1.0,1.0,1.0,0.9787234042553191,1.0,0.9891304347826086,0.7142857142857143,1.0,1.0
393000,0.8974358974358975,0.925,0.5,0.9821428571428571,1.0,1.0,0.4426229508196721,1.0,0.8888888888888888,1.0,1.0,0.9642857142857143,1.0,0.8636363636363636,0.9666666666666667,1.0,1.0,1.0,0.1111111111111111,1.0,0.40476190476190477,1.0,0.9523809523809523,1.0,1.0,0.9315068493150684,1.0,1.0,0.16666666666666666,0.8571428571428571,0.8958333333333334,0.9285714285714286,0.972972972972973,0.9090909090909091,0.9651162790697675,0.8571428571428571,1.0,1.0,1.0,1.0,0.9787234042553191,1.0,0.9891304347826086,0.7142857142857143,1.0,1.0
394000,0.8717948717948718,0.925,0.5,0.9821428571428571,1.0,0.8,0.4426229508196721,1.0,0.7777777777777778,1.0,0.9253731343283582,0.9642857142857143,1.0,0.8181818181818182,0.9555555555555556,1.0,1.0,1.0,0.1111111111111111,1.0,0.3333333333333333,0.0,0.9523809523809523,1.0,1.0,0.9178082191780822,1.0,1.0,0.0,0.7428571428571429,0.875,0.9285714285714286,0.972972972972973,0.898989898989899,0.9534883720930233,0.5714285714285714,0.75,1.0,1.0,1.0,0.9787234042553191,1.0,0.9891304347826086,0.42857142857142855,1.0,1.0
395000,0.8974358974358975,0.925,0.375,0.9821428571428571,1.0,0.8,0.4262295081967213,1.0,0.7777777777777778,1.0,0.9253731343283582,0.9464285714285714,1.0,0.7727272727272727,0.9444444444444444,1.0,1.0,1.0,0.0,1.0,0.30952380952380953,0.0,0.9523809523809523,0.8888888888888888,1.0,0.9178082191780822,0.875,1.0,0.0,0.7142857142857143,0.8541666666666666,0.9285714285714286,0.972972972972973,0.8787878787878788,0.9534883720930233,0.5714285714285714,0.75,1.0,1.0,1.0,0.9787234042553191,1.0,0.9891304347826086,0.2857142857142857,1.0,1.0
396000,0.8974358974358975,0.925,0.375,0.9821428571428571,1.0,0.8,0.4098360655737705,1.0,0.7777777777777778,1.0,0.9253731343283582,0.9642857142857143,1.0,0.8636363636363636,0.9555555555555556,1.0,1.0,1.0,0.1111111111111111,1.0,0.40476190476190477,0.0,1.0,0.8888888888888888,1.0,0.9315068493150684,0.875,1.0,0.0,0.7428571428571429,0.8541666666666666,0.9285714285714286,0.972972972972973,0.9090909090909091,0.9651162790697675,0.5714285714285714,0.75,1.0,1.0,1.0,0.9787234042553191,1.0,0.9891304347826086,0.42857142857142855,1.0,1.0
397000,0.8974358974358975,0.925,0.375,0.9821428571428571,1.0,0.8,0.4426229508196721,1.0,0.8888888888888888,1.0,0.9253731343283582,0.9464285714285714,1.0,0.7727272727272727,0.9555555555555556,1.0,1.0,1.0,0.1111111111111111,0.875,0.42857142857142855,0.0,0.9523809523809523,1.0,1.0,0.9178082191780822,1.0,1.0,0.0,0.7428571428571429,0.8333333333333334,0.9285714285714286,0.972972972972973,0.9090909090909091,0.9534883720930233,0.7142857142857143,0.75,1.0,1.0,1.0,0.9787234042553191,1.0,0.9891304347826086,0.5714285714285714,1.0,1.0
398000,0.8974358974358975,0.925,0.375,0.9821428571428571,1.0,0.8,0.4262295081967213,1.0,0.8888888888888888,1.0,0.9253731343283582,0.9642857142857143,1.0,0.8181818181818182,0.9555555555555556,1.0,1.0,1.0,0.1111111111111111,1.0,0.40476190476190477,0.5,0.9523809523809523,1.0,1.0,0.9178082191780822,1.0,1.0,0.0,0.7428571428571429,0.875,0.9285714285714286,0.972972972972973,0.9090909090909091,0.9534883720930233,0.7142857142857143,0.75,1.0,1.0,1.0,0.9787234042553191,1.0,0.9891304347826086,0.42857142857142855,1.0,1.0
399000,0.8974358974358975,0.925,0.125,0.9821428571428571,1.0,0.8,0.2786885245901639,1.0,0.7777777777777778,1.0,0.9253731343283582,0.9642857142857143,1.0,0.7727272727272727,0.9555555555555556,1.0,1.0,1.0,0.1111111111111111,0.875,0.3333333333333333,0.0,0.9523809523809523,0.8888888888888888,1.0,0.9178082191780822,0.875,1.0,0.0,0.7428571428571429,0.8333333333333334,0.9285714285714286,0.972972972972973,0.8787878787878788,0.9534883720930233,0.5714285714285714,0.75,1.0,1.0,1.0,0.9787234042553191,1.0,0.9891304347826086,0.42857142857142855,1.0,1.0
400000,0.8974358974358975,0.925,0.25,0.9821428571428571,1.0,0.8,0.32786885245901637,1.0,0.7777777777777778,1.0,0.9253731343283582,0.9464285714285714,1.0,0.8181818181818182,0.9555555555555556,1.0,1.0,1.0,0.1111111111111111,1.0,0.35714285714285715,0.0,0.9523809523809523,1.0,1.0,0.9178082191780822,0.875,1.0,0.0,0.7428571428571429,0.8541666666666666,0.9285714285714286,0.972972972972973,0.8787878787878788,0.9534883720930233,0.5714285714285714,0.75,1.0,1.0,1.0,0.9787234042553191,1.0,0.9891304347826086,0.42857142857142855,1.0,1.0
